instance_id,model_name,perturbation_type,linguistic_category,mean_lexical_change_magnitude,n_variants,n_clusters,cluster_distribution,semantic_entropy,normalised_semantic_entropy,mean_accuracy
mm_0000101,BERT-base,back_translation,mixed,0.23461538461538461,3,1,"{""C0282597"": 3}",-0.0,-0.0,0.0
mm_0000101,BioBERT,back_translation,mixed,0.23461538461538461,3,1,"{""UMLS:C1257990"": 3}",-0.0,-0.0,0.0
mm_0000101,PubMedBERT,back_translation,mixed,0.23461538461538461,3,1,"{""C1447749"": 3}",-0.0,-0.0,0.0
mm_0001412,BERT-base,back_translation,mixed,0.1576923076923077,3,1,"{""C1447749"": 3}",-0.0,-0.0,0.0
mm_0001412,BERT-base,controlled_paraphrase,mixed,0.36923076923076925,3,1,"{""C1447749"": 3}",-0.0,-0.0,0.0
mm_0001412,BERT-base,synonym_substitution,verb,0.05384615384615385,2,1,"{""C1447749"": 2}",-0.0,-0.0,0.0
mm_0001412,BioBERT,back_translation,mixed,0.1576923076923077,3,1,"{""C1447749"": 3}",-0.0,-0.0,0.0
mm_0001412,BioBERT,controlled_paraphrase,mixed,0.36923076923076925,3,1,"{""C1447749"": 3}",-0.0,-0.0,0.0
mm_0001412,BioBERT,synonym_substitution,verb,0.05384615384615385,2,1,"{""C1447749"": 2}",-0.0,-0.0,0.0
mm_0001412,PubMedBERT,back_translation,mixed,0.1576923076923077,3,1,"{""C1839576"": 3}",-0.0,-0.0,0.0
mm_0001412,PubMedBERT,controlled_paraphrase,mixed,0.36923076923076925,3,1,"{""C1839576"": 3}",-0.0,-0.0,0.0
mm_0001412,PubMedBERT,synonym_substitution,verb,0.05384615384615385,2,2,"{""C1839576"": 1, ""C1447749"": 1}",1.0,1.0,0.0
mm_0001903,BERT-base,back_translation,mixed,0.1347517730496454,3,1,"{""C0597336"": 3}",-0.0,-0.0,0.0
mm_0001903,BERT-base,controlled_paraphrase,mixed,0.3310344827586207,2,1,"{""C0597336"": 2}",-0.0,-0.0,0.0
mm_0001903,BERT-base,synonym_substitution,verb,0.08797881568734876,3,2,"{""C0597336"": 1, ""UMLS:C0358514"": 2}",0.9182958340544896,0.579380164285695,0.0
mm_0001903,BioBERT,back_translation,mixed,0.1347517730496454,3,2,"{""C1312419"": 1, ""UMLS:C1257990"": 2}",0.9182958340544896,0.579380164285695,0.0
mm_0001903,BioBERT,controlled_paraphrase,mixed,0.3310344827586207,2,2,"{""C1312419"": 1, ""UMLS:C1707887"": 1}",1.0,1.0,0.0
mm_0001903,BioBERT,synonym_substitution,verb,0.08797881568734876,3,2,"{""C1312419"": 1, ""UMLS:C1257990"": 2}",0.9182958340544896,0.579380164285695,0.0
mm_0001903,PubMedBERT,back_translation,mixed,0.1347517730496454,3,1,"{""C1839576"": 3}",-0.0,-0.0,0.0
mm_0001903,PubMedBERT,controlled_paraphrase,mixed,0.3310344827586207,2,1,"{""C1839576"": 2}",-0.0,-0.0,0.0
mm_0001903,PubMedBERT,synonym_substitution,verb,0.08797881568734876,3,1,"{""C1839576"": 3}",-0.0,-0.0,0.0
mm_0001924,BERT-base,back_translation,mixed,0.22043010752688172,3,1,"{""C3850091"": 3}",-0.0,-0.0,0.0
mm_0001924,BERT-base,controlled_paraphrase,mixed,0.5806451612903226,2,2,"{""C3850091"": 1, ""UMLS:C0242193"": 1}",1.0,1.0,0.0
mm_0001924,BERT-base,synonym_substitution,noun,0.06842105263157895,2,1,"{""C3850091"": 2}",-0.0,-0.0,0.0
mm_0001924,BioBERT,back_translation,mixed,0.22043010752688172,3,1,"{""UMLS:C1257990"": 3}",-0.0,-0.0,0.0
mm_0001924,BioBERT,controlled_paraphrase,mixed,0.5806451612903226,2,1,"{""UMLS:C1257990"": 2}",-0.0,-0.0,0.0
mm_0001924,BioBERT,synonym_substitution,noun,0.06842105263157895,2,1,"{""UMLS:C1257990"": 2}",-0.0,-0.0,0.0
mm_0001924,PubMedBERT,back_translation,mixed,0.22043010752688172,3,1,"{""C1839576"": 3}",-0.0,-0.0,0.0
mm_0001924,PubMedBERT,controlled_paraphrase,mixed,0.5806451612903226,2,1,"{""C1839576"": 2}",-0.0,-0.0,0.0
mm_0001924,PubMedBERT,synonym_substitution,noun,0.06842105263157895,2,1,"{""C1839576"": 2}",-0.0,-0.0,0.0
mm_0002001,BERT-base,back_translation,mixed,0.2962962962962963,3,1,"{""C1839576"": 3}",-0.0,-0.0,0.0
mm_0002001,BERT-base,controlled_paraphrase,mixed,0.5838509316770186,3,1,"{""C1839576"": 3}",-0.0,-0.0,0.0
mm_0002001,BERT-base,synonym_substitution,modifier,0.08092485549132948,2,1,"{""C1839576"": 2}",-0.0,-0.0,0.0
mm_0002001,BERT-base,synonym_substitution,noun,0.09826589595375723,2,1,"{""C1839576"": 2}",-0.0,-0.0,0.0
mm_0002001,BioBERT,back_translation,mixed,0.2962962962962963,3,1,"{""UMLS:C1707887"": 3}",-0.0,-0.0,0.0
mm_0002001,BioBERT,controlled_paraphrase,mixed,0.5838509316770186,3,1,"{""UMLS:C1707887"": 3}",-0.0,-0.0,0.0
mm_0002001,BioBERT,synonym_substitution,modifier,0.08092485549132948,2,1,"{""UMLS:C1707887"": 2}",-0.0,-0.0,0.0
mm_0002001,BioBERT,synonym_substitution,noun,0.09826589595375723,2,1,"{""UMLS:C1707887"": 2}",-0.0,-0.0,0.0
mm_0002001,PubMedBERT,back_translation,mixed,0.2962962962962963,3,1,"{""C1839576"": 3}",-0.0,-0.0,0.0
mm_0002001,PubMedBERT,controlled_paraphrase,mixed,0.5838509316770186,3,1,"{""C1839576"": 3}",-0.0,-0.0,0.0
mm_0002001,PubMedBERT,synonym_substitution,modifier,0.08092485549132948,2,1,"{""C1839576"": 2}",-0.0,-0.0,0.0
mm_0002001,PubMedBERT,synonym_substitution,noun,0.09826589595375723,2,1,"{""C1839576"": 2}",-0.0,-0.0,0.0
mm_0002381,BERT-base,controlled_paraphrase,mixed,0.5848214285714286,3,2,"{""UMLS:C1257990"": 1, ""C1739108"": 2}",0.9182958340544896,0.579380164285695,0.0
mm_0002381,BERT-base,synonym_substitution,noun,0.07053941908713693,2,2,"{""UMLS:C1257990"": 1, ""C1739108"": 1}",1.0,1.0,0.0
mm_0002381,BERT-base,synonym_substitution,verb,0.07692307692307693,2,1,"{""UMLS:C1257990"": 2}",-0.0,-0.0,0.0
mm_0002381,BioBERT,controlled_paraphrase,mixed,0.5848214285714286,3,1,"{""C5392105"": 3}",-0.0,-0.0,0.0
mm_0002381,BioBERT,synonym_substitution,noun,0.07053941908713693,2,1,"{""C5392105"": 2}",-0.0,-0.0,0.0
mm_0002381,BioBERT,synonym_substitution,verb,0.07692307692307693,2,1,"{""C5392105"": 2}",-0.0,-0.0,0.0
mm_0002381,PubMedBERT,controlled_paraphrase,mixed,0.5848214285714286,3,1,"{""C1839576"": 3}",-0.0,-0.0,0.0
mm_0002381,PubMedBERT,synonym_substitution,noun,0.07053941908713693,2,1,"{""C1839576"": 2}",-0.0,-0.0,0.0
mm_0002381,PubMedBERT,synonym_substitution,verb,0.07692307692307693,2,1,"{""C1839576"": 2}",-0.0,-0.0,0.0
mm_0003169,BERT-base,back_translation,mixed,0.23300970873786409,3,1,"{""C1447749"": 3}",-0.0,-0.0,0.0
mm_0003169,BERT-base,controlled_paraphrase,mixed,0.3106796116504854,3,1,"{""C1447749"": 3}",-0.0,-0.0,0.0
mm_0003169,BioBERT,back_translation,mixed,0.23300970873786409,3,1,"{""C1447749"": 3}",-0.0,-0.0,0.0
mm_0003169,BioBERT,controlled_paraphrase,mixed,0.3106796116504854,3,1,"{""C1447749"": 3}",-0.0,-0.0,0.0
mm_0003169,PubMedBERT,back_translation,mixed,0.23300970873786409,3,1,"{""C1447749"": 3}",-0.0,-0.0,0.0
mm_0003169,PubMedBERT,controlled_paraphrase,mixed,0.3106796116504854,3,1,"{""C1447749"": 3}",-0.0,-0.0,0.0
mm_0004408,BERT-base,back_translation,mixed,0.14285714285714285,3,1,"{""UMLS:C1257990"": 3}",-0.0,-0.0,0.0
mm_0004408,BERT-base,controlled_paraphrase,mixed,0.2963709677419355,3,1,"{""UMLS:C1257990"": 3}",-0.0,-0.0,0.0
mm_0004408,BioBERT,back_translation,mixed,0.14285714285714285,3,1,"{""UMLS:C1257990"": 3}",-0.0,-0.0,0.0
mm_0004408,BioBERT,controlled_paraphrase,mixed,0.2963709677419355,3,1,"{""UMLS:C1257990"": 3}",-0.0,-0.0,0.0
mm_0004408,PubMedBERT,back_translation,mixed,0.14285714285714285,3,1,"{""C1447749"": 3}",-0.0,-0.0,0.0
mm_0004408,PubMedBERT,controlled_paraphrase,mixed,0.2963709677419355,3,1,"{""C1447749"": 3}",-0.0,-0.0,0.0
mm_0004613,BERT-base,back_translation,mixed,0.13541666666666666,3,1,"{""C3714500"": 3}",-0.0,-0.0,0.0
mm_0004613,BERT-base,synonym_substitution,modifier,0.08602150537634409,2,1,"{""C3714500"": 2}",-0.0,-0.0,0.0
mm_0004613,BERT-base,synonym_substitution,noun,0.07526881720430108,2,1,"{""C3714500"": 2}",-0.0,-0.0,0.0
mm_0004613,BioBERT,back_translation,mixed,0.13541666666666666,3,2,"{""UMLS:C1257990"": 1, ""UMLS:C1707887"": 2}",0.9182958340544896,0.579380164285695,0.0
mm_0004613,BioBERT,synonym_substitution,modifier,0.08602150537634409,2,1,"{""UMLS:C1257990"": 2}",-0.0,-0.0,0.0
mm_0004613,BioBERT,synonym_substitution,noun,0.07526881720430108,2,2,"{""UMLS:C1257990"": 1, ""UMLS:C1707887"": 1}",1.0,1.0,0.0
mm_0004613,PubMedBERT,back_translation,mixed,0.13541666666666666,3,1,"{""C1839576"": 3}",-0.0,-0.0,0.0
mm_0004613,PubMedBERT,synonym_substitution,modifier,0.08602150537634409,2,2,"{""C1839576"": 1, ""C1447749"": 1}",1.0,1.0,0.0
mm_0004613,PubMedBERT,synonym_substitution,noun,0.07526881720430108,2,1,"{""C1839576"": 2}",-0.0,-0.0,0.0
mm_0007063,BERT-base,synonym_substitution,noun,0.06412621359223301,3,2,"{""UMLS:C3808257"": 2, ""C1739108"": 1}",0.9182958340544896,0.579380164285695,0.0
mm_0007063,BioBERT,synonym_substitution,noun,0.06412621359223301,3,1,"{""C0149678"": 3}",-0.0,-0.0,0.0
mm_0007063,PubMedBERT,synonym_substitution,noun,0.06412621359223301,3,2,"{""C1839576"": 2, ""C1447749"": 1}",0.9182958340544896,0.579380164285695,0.0
mm_0007146,BERT-base,back_translation,mixed,0.3779527559055118,3,1,"{""UMLS:C1257990"": 3}",-0.0,-0.0,0.0
mm_0007146,BERT-base,synonym_substitution,modifier,0.05982905982905983,2,1,"{""UMLS:C1257990"": 2}",-0.0,-0.0,0.0
mm_0007146,BERT-base,synonym_substitution,verb,0.11764705882352941,2,1,"{""UMLS:C1257990"": 2}",-0.0,-0.0,0.0
mm_0007146,BioBERT,back_translation,mixed,0.3779527559055118,3,1,"{""UMLS:C1257990"": 3}",-0.0,-0.0,0.0
mm_0007146,BioBERT,synonym_substitution,modifier,0.05982905982905983,2,1,"{""UMLS:C1257990"": 2}",-0.0,-0.0,0.0
mm_0007146,BioBERT,synonym_substitution,verb,0.11764705882352941,2,1,"{""UMLS:C1257990"": 2}",-0.0,-0.0,0.0
mm_0007146,PubMedBERT,back_translation,mixed,0.3779527559055118,3,2,"{""C1447749"": 1, ""C1839576"": 2}",0.9182958340544896,0.579380164285695,0.0
mm_0007146,PubMedBERT,synonym_substitution,modifier,0.05982905982905983,2,1,"{""C1447749"": 2}",-0.0,-0.0,0.0
mm_0007146,PubMedBERT,synonym_substitution,verb,0.11764705882352941,2,1,"{""C1447749"": 2}",-0.0,-0.0,0.0
mm_0007303,BERT-base,back_translation,mixed,0.3401015228426396,3,1,"{""UMLS:C1257990"": 3}",-0.0,-0.0,0.0
mm_0007303,BERT-base,controlled_paraphrase,mixed,0.3737864077669903,3,1,"{""UMLS:C1257990"": 3}",-0.0,-0.0,0.0
mm_0007303,BERT-base,synonym_substitution,noun,0.08785455929944794,3,1,"{""UMLS:C1257990"": 3}",-0.0,-0.0,0.0
mm_0007303,BioBERT,back_translation,mixed,0.3401015228426396,3,1,"{""C2935436"": 3}",-0.0,-0.0,0.0
mm_0007303,BioBERT,controlled_paraphrase,mixed,0.3737864077669903,3,1,"{""C2935436"": 3}",-0.0,-0.0,0.0
mm_0007303,BioBERT,synonym_substitution,noun,0.08785455929944794,3,1,"{""C2935436"": 3}",-0.0,-0.0,0.0
mm_0007303,PubMedBERT,back_translation,mixed,0.3401015228426396,3,1,"{""C1839576"": 3}",-0.0,-0.0,0.0
mm_0007303,PubMedBERT,controlled_paraphrase,mixed,0.3737864077669903,3,1,"{""C1839576"": 3}",-0.0,-0.0,0.0
mm_0007303,PubMedBERT,synonym_substitution,noun,0.08785455929944794,3,1,"{""C1839576"": 3}",-0.0,-0.0,0.0
mm_0007332,BERT-base,back_translation,noun,0.08547008547008547,3,2,"{""C1839576"": 1, ""C1739108"": 2}",0.9182958340544896,0.579380164285695,0.0
mm_0007332,BERT-base,synonym_substitution,modifier,0.11023622047244094,2,1,"{""C1839576"": 2}",-0.0,-0.0,0.0
mm_0007332,BERT-base,synonym_substitution,noun,0.12,2,1,"{""C1839576"": 2}",-0.0,-0.0,0.0
mm_0007332,BioBERT,back_translation,noun,0.08547008547008547,3,1,"{""C5392105"": 3}",-0.0,-0.0,0.0
mm_0007332,BioBERT,synonym_substitution,modifier,0.11023622047244094,2,1,"{""C5392105"": 2}",-0.0,-0.0,0.0
mm_0007332,BioBERT,synonym_substitution,noun,0.12,2,1,"{""C5392105"": 2}",-0.0,-0.0,0.0
mm_0007332,PubMedBERT,back_translation,noun,0.08547008547008547,3,1,"{""C1839576"": 3}",-0.0,-0.0,0.0
mm_0007332,PubMedBERT,synonym_substitution,modifier,0.11023622047244094,2,1,"{""C1839576"": 2}",-0.0,-0.0,0.0
mm_0007332,PubMedBERT,synonym_substitution,noun,0.12,2,1,"{""C1839576"": 2}",-0.0,-0.0,0.0
mm_0007533,BERT-base,back_translation,mixed,0.1974921630094044,3,1,"{""C1431519"": 3}",-0.0,-0.0,0.0
mm_0007533,BERT-base,controlled_paraphrase,mixed,0.5893416927899686,3,2,"{""C1431519"": 1, ""UMLS:C1283169"": 2}",0.9182958340544896,0.579380164285695,0.0
mm_0007533,BioBERT,back_translation,mixed,0.1974921630094044,3,2,"{""C0265267"": 1, ""C1447749"": 2}",0.9182958340544896,0.579380164285695,0.0
mm_0007533,BioBERT,controlled_paraphrase,mixed,0.5893416927899686,3,2,"{""C0265267"": 1, ""C1447749"": 2}",0.9182958340544896,0.579380164285695,0.0
mm_0007533,PubMedBERT,back_translation,mixed,0.1974921630094044,3,1,"{""C1447749"": 3}",-0.0,-0.0,0.0
mm_0007533,PubMedBERT,controlled_paraphrase,mixed,0.5893416927899686,3,2,"{""C1447749"": 1, ""C1839576"": 2}",0.9182958340544896,0.579380164285695,0.0
mm_0007731,BERT-base,back_translation,mixed,0.1542056074766355,3,1,"{""C1447749"": 3}",-0.0,-0.0,0.0
mm_0007731,BERT-base,controlled_paraphrase,mixed,0.5607476635514018,3,1,"{""C1447749"": 3}",-0.0,-0.0,0.0
mm_0007731,BERT-base,synonym_substitution,verb,0.06074766355140187,2,1,"{""C1447749"": 2}",-0.0,-0.0,0.0
mm_0007731,BioBERT,back_translation,mixed,0.1542056074766355,3,1,"{""C1868801"": 3}",-0.0,-0.0,0.0
mm_0007731,BioBERT,controlled_paraphrase,mixed,0.5607476635514018,3,1,"{""C1868801"": 3}",-0.0,-0.0,0.0
mm_0007731,BioBERT,synonym_substitution,verb,0.06074766355140187,2,1,"{""C1868801"": 2}",-0.0,-0.0,0.0
mm_0007731,PubMedBERT,back_translation,mixed,0.1542056074766355,3,1,"{""C1839576"": 3}",-0.0,-0.0,0.0
mm_0007731,PubMedBERT,controlled_paraphrase,mixed,0.5607476635514018,3,1,"{""C1839576"": 3}",-0.0,-0.0,0.0
mm_0007731,PubMedBERT,synonym_substitution,verb,0.06074766355140187,2,1,"{""C1839576"": 2}",-0.0,-0.0,0.0
mm_0007841,BERT-base,back_translation,mixed,0.2403846153846154,3,1,"{""C0027609"": 3}",-0.0,-0.0,0.0
mm_0007841,BERT-base,controlled_paraphrase,mixed,0.5192307692307693,3,1,"{""C0027609"": 3}",-0.0,-0.0,0.0
mm_0007841,BERT-base,synonym_substitution,noun,0.06944444444444445,3,1,"{""C0027609"": 3}",-0.0,-0.0,0.0
mm_0007841,BioBERT,back_translation,mixed,0.2403846153846154,3,1,"{""UMLS:C1257990"": 3}",-0.0,-0.0,0.0
mm_0007841,BioBERT,controlled_paraphrase,mixed,0.5192307692307693,3,1,"{""UMLS:C1257990"": 3}",-0.0,-0.0,0.0
mm_0007841,BioBERT,synonym_substitution,noun,0.06944444444444445,3,1,"{""UMLS:C1257990"": 3}",-0.0,-0.0,0.0
mm_0007841,PubMedBERT,back_translation,mixed,0.2403846153846154,3,1,"{""C1839576"": 3}",-0.0,-0.0,0.0
mm_0007841,PubMedBERT,controlled_paraphrase,mixed,0.5192307692307693,3,2,"{""C1839576"": 1, ""C1447749"": 2}",0.9182958340544896,0.579380164285695,0.0
mm_0007841,PubMedBERT,synonym_substitution,noun,0.06944444444444445,3,1,"{""C1839576"": 3}",-0.0,-0.0,0.0
mm_0008028,BERT-base,back_translation,function_word,0.08598726114649681,3,1,"{""C0203379"": 3}",-0.0,-0.0,0.0
mm_0008028,BERT-base,controlled_paraphrase,mixed,0.4745222929936306,3,1,"{""C0203379"": 3}",-0.0,-0.0,0.0
mm_0008028,BERT-base,synonym_substitution,verb,0.050156739811912224,2,1,"{""C0203379"": 2}",-0.0,-0.0,0.0
mm_0008028,BioBERT,back_translation,function_word,0.08598726114649681,3,1,"{""UMLS:C1707887"": 3}",-0.0,-0.0,0.0
mm_0008028,BioBERT,controlled_paraphrase,mixed,0.4745222929936306,3,1,"{""UMLS:C1707887"": 3}",-0.0,-0.0,0.0
mm_0008028,BioBERT,synonym_substitution,verb,0.050156739811912224,2,1,"{""UMLS:C1707887"": 2}",-0.0,-0.0,0.0
mm_0008028,PubMedBERT,back_translation,function_word,0.08598726114649681,3,1,"{""C1447749"": 3}",-0.0,-0.0,0.0
mm_0008028,PubMedBERT,controlled_paraphrase,mixed,0.4745222929936306,3,1,"{""C1447749"": 3}",-0.0,-0.0,0.0
mm_0008028,PubMedBERT,synonym_substitution,verb,0.050156739811912224,2,1,"{""C1447749"": 2}",-0.0,-0.0,0.0
mm_0008123,BERT-base,back_translation,verb,0.23076923076923078,3,2,"{""UMLS:C0444254"": 1, ""UMLS:C0243095"": 2}",0.9182958340544896,0.579380164285695,0.0
mm_0008123,BERT-base,controlled_paraphrase,mixed,0.5042735042735043,3,2,"{""UMLS:C0444254"": 1, ""UMLS:C0243095"": 2}",0.9182958340544896,0.579380164285695,0.0
mm_0008123,BERT-base,synonym_substitution,noun,0.07876969242310577,3,2,"{""UMLS:C0444254"": 1, ""UMLS:C0243095"": 2}",0.9182958340544896,0.579380164285695,0.0
mm_0008123,BioBERT,back_translation,verb,0.23076923076923078,3,1,"{""UMLS:C1257990"": 3}",-0.0,-0.0,0.0
mm_0008123,BioBERT,controlled_paraphrase,mixed,0.5042735042735043,3,1,"{""UMLS:C1257990"": 3}",-0.0,-0.0,0.0
mm_0008123,BioBERT,synonym_substitution,noun,0.07876969242310577,3,2,"{""UMLS:C1257990"": 2, ""UMLS:C1707887"": 1}",0.9182958340544896,0.579380164285695,0.0
mm_0008123,PubMedBERT,back_translation,verb,0.23076923076923078,3,1,"{""C1839576"": 3}",-0.0,-0.0,0.0
mm_0008123,PubMedBERT,controlled_paraphrase,mixed,0.5042735042735043,3,1,"{""C1839576"": 3}",-0.0,-0.0,0.0
mm_0008123,PubMedBERT,synonym_substitution,noun,0.07876969242310577,3,1,"{""C1839576"": 3}",-0.0,-0.0,0.0
mm_0008783,BERT-base,back_translation,mixed,0.20562130177514792,3,1,"{""C0059563"": 3}",-0.0,-0.0,0.0
mm_0008783,BERT-base,synonym_substitution,noun,0.150219651717708,3,1,"{""C0059563"": 3}",-0.0,-0.0,0.0
mm_0008783,BioBERT,back_translation,mixed,0.20562130177514792,3,1,"{""C0018966"": 3}",-0.0,-0.0,0.0
mm_0008783,BioBERT,synonym_substitution,noun,0.150219651717708,3,1,"{""C0018966"": 3}",-0.0,-0.0,0.0
mm_0008783,PubMedBERT,back_translation,mixed,0.20562130177514792,3,1,"{""C0015131"": 3}",-0.0,-0.0,0.0
mm_0008783,PubMedBERT,synonym_substitution,noun,0.150219651717708,3,1,"{""C0015131"": 3}",-0.0,-0.0,0.0
mm_0008874,BERT-base,back_translation,mixed,0.14181818181818182,3,1,"{""C0282597"": 3}",-0.0,-0.0,0.0
mm_0008874,BERT-base,controlled_paraphrase,mixed,0.5745454545454546,3,1,"{""C0282597"": 3}",-0.0,-0.0,0.0
mm_0008874,BERT-base,synonym_substitution,verb,0.05574912891986063,2,1,"{""C0282597"": 2}",-0.0,-0.0,0.0
mm_0008874,BioBERT,back_translation,mixed,0.14181818181818182,3,1,"{""UMLS:C1257990"": 3}",-0.0,-0.0,0.0
mm_0008874,BioBERT,controlled_paraphrase,mixed,0.5745454545454546,3,1,"{""UMLS:C1257990"": 3}",-0.0,-0.0,0.0
mm_0008874,BioBERT,synonym_substitution,verb,0.05574912891986063,2,2,"{""UMLS:C1257990"": 1, ""UMLS:C1707887"": 1}",1.0,1.0,0.0
mm_0008874,PubMedBERT,back_translation,mixed,0.14181818181818182,3,1,"{""C1839576"": 3}",-0.0,-0.0,0.0
mm_0008874,PubMedBERT,controlled_paraphrase,mixed,0.5745454545454546,3,2,"{""C1839576"": 1, ""C1447749"": 2}",0.9182958340544896,0.579380164285695,0.0
mm_0008874,PubMedBERT,synonym_substitution,verb,0.05574912891986063,2,2,"{""C1839576"": 1, ""C1447749"": 1}",1.0,1.0,0.0
mm_0008935,BERT-base,back_translation,mixed,0.1824561403508772,3,1,"{""UMLS:C1257990"": 3}",-0.0,-0.0,0.0
mm_0008935,BERT-base,controlled_paraphrase,mixed,0.5441696113074205,3,1,"{""UMLS:C1257990"": 3}",-0.0,-0.0,0.0
mm_0008935,BERT-base,synonym_substitution,noun,0.05670103092783505,3,1,"{""UMLS:C1257990"": 3}",-0.0,-0.0,0.0
mm_0008935,BioBERT,back_translation,mixed,0.1824561403508772,3,1,"{""C0752615"": 3}",-0.0,-0.0,0.0
mm_0008935,BioBERT,controlled_paraphrase,mixed,0.5441696113074205,3,1,"{""C0752615"": 3}",-0.0,-0.0,0.0
mm_0008935,BioBERT,synonym_substitution,noun,0.05670103092783505,3,1,"{""C0752615"": 3}",-0.0,-0.0,0.0
mm_0008935,PubMedBERT,back_translation,mixed,0.1824561403508772,3,1,"{""C1839576"": 3}",-0.0,-0.0,0.0
mm_0008935,PubMedBERT,controlled_paraphrase,mixed,0.5441696113074205,3,1,"{""C1839576"": 3}",-0.0,-0.0,0.0
mm_0008935,PubMedBERT,synonym_substitution,noun,0.05670103092783505,3,2,"{""C1839576"": 2, ""C1447749"": 1}",0.9182958340544896,0.579380164285695,0.0
mm_0009136,BERT-base,back_translation,mixed,0.24475524475524477,3,1,"{""UMLS:C1257990"": 3}",-0.0,-0.0,0.0
mm_0009136,BERT-base,controlled_paraphrase,mixed,0.5099337748344371,3,1,"{""UMLS:C1257990"": 3}",-0.0,-0.0,0.0
mm_0009136,BioBERT,back_translation,mixed,0.24475524475524477,3,2,"{""UMLS:C1257990"": 1, ""C0258846"": 2}",0.9182958340544896,0.579380164285695,0.0
mm_0009136,BioBERT,controlled_paraphrase,mixed,0.5099337748344371,3,1,"{""UMLS:C1257990"": 3}",-0.0,-0.0,0.0
mm_0009136,PubMedBERT,back_translation,mixed,0.24475524475524477,3,1,"{""C1447749"": 3}",-0.0,-0.0,0.0
mm_0009136,PubMedBERT,controlled_paraphrase,mixed,0.5099337748344371,3,1,"{""C1447749"": 3}",-0.0,-0.0,0.0
mm_0009327,BERT-base,back_translation,mixed,0.19066147859922178,3,1,"{""C1447749"": 3}",-0.0,-0.0,0.0
mm_0009327,BERT-base,controlled_paraphrase,mixed,0.5622568093385214,3,2,"{""C1447749"": 1, ""C4277543"": 2}",0.9182958340544896,0.579380164285695,0.0
mm_0009327,BERT-base,synonym_substitution,modifier,0.05904059040590406,2,1,"{""C1447749"": 2}",-0.0,-0.0,0.0
mm_0009327,BERT-base,synonym_substitution,verb,0.06060606060606061,2,1,"{""C1447749"": 2}",-0.0,-0.0,0.0
mm_0009327,BioBERT,back_translation,mixed,0.19066147859922178,3,1,"{""UMLS:C1257990"": 3}",-0.0,-0.0,0.0
mm_0009327,BioBERT,controlled_paraphrase,mixed,0.5622568093385214,3,1,"{""UMLS:C1257990"": 3}",-0.0,-0.0,0.0
mm_0009327,BioBERT,synonym_substitution,modifier,0.05904059040590406,2,1,"{""UMLS:C1257990"": 2}",-0.0,-0.0,0.0
mm_0009327,BioBERT,synonym_substitution,verb,0.06060606060606061,2,1,"{""UMLS:C1257990"": 2}",-0.0,-0.0,0.0
mm_0009327,PubMedBERT,back_translation,mixed,0.19066147859922178,3,1,"{""C1447749"": 3}",-0.0,-0.0,0.0
mm_0009327,PubMedBERT,controlled_paraphrase,mixed,0.5622568093385214,3,1,"{""C1447749"": 3}",-0.0,-0.0,0.0
mm_0009327,PubMedBERT,synonym_substitution,modifier,0.05904059040590406,2,1,"{""C1447749"": 2}",-0.0,-0.0,0.0
mm_0009327,PubMedBERT,synonym_substitution,verb,0.06060606060606061,2,1,"{""C1447749"": 2}",-0.0,-0.0,0.0
mm_0009884,BERT-base,back_translation,mixed,0.2150170648464164,3,1,"{""C0169661"": 3}",-0.0,-0.0,0.0
mm_0009884,BERT-base,controlled_paraphrase,mixed,0.3462897526501767,3,1,"{""C0169661"": 3}",-0.0,-0.0,0.0
mm_0009884,BERT-base,synonym_substitution,noun,0.060522688240079545,3,1,"{""C0169661"": 3}",-0.0,-0.0,0.0
mm_0009884,BioBERT,back_translation,mixed,0.2150170648464164,3,2,"{""C0008396"": 1, ""UMLS:C1257990"": 2}",0.9182958340544896,0.579380164285695,0.0
mm_0009884,BioBERT,controlled_paraphrase,mixed,0.3462897526501767,3,1,"{""C0008396"": 3}",-0.0,-0.0,0.0
mm_0009884,BioBERT,synonym_substitution,noun,0.060522688240079545,3,2,"{""C0008396"": 2, ""C1447749"": 1}",0.9182958340544896,0.579380164285695,0.0
mm_0009884,PubMedBERT,back_translation,mixed,0.2150170648464164,3,2,"{""C1839576"": 1, ""C1447749"": 2}",0.9182958340544896,0.579380164285695,0.0
mm_0009884,PubMedBERT,controlled_paraphrase,mixed,0.3462897526501767,3,2,"{""C1839576"": 1, ""C1447749"": 2}",0.9182958340544896,0.579380164285695,0.0
mm_0009884,PubMedBERT,synonym_substitution,noun,0.060522688240079545,3,2,"{""C1839576"": 1, ""C1447749"": 2}",0.9182958340544896,0.579380164285695,0.0
mm_0010371,BERT-base,controlled_paraphrase,mixed,0.27848101265822783,3,2,"{""C1312419"": 1, ""UMLS:C1257990"": 2}",0.9182958340544896,0.579380164285695,0.0
mm_0010371,BERT-base,synonym_substitution,noun,0.059375000000000004,3,1,"{""C1312419"": 3}",-0.0,-0.0,0.0
mm_0010371,BioBERT,controlled_paraphrase,mixed,0.27848101265822783,3,1,"{""C0008396"": 3}",-0.0,-0.0,0.0
mm_0010371,BioBERT,synonym_substitution,noun,0.059375000000000004,3,3,"{""C0008396"": 1, ""C0059563"": 1, ""UMLS:C1707887"": 1}",1.584962500721156,1.0,0.0
mm_0010371,PubMedBERT,controlled_paraphrase,mixed,0.27848101265822783,3,1,"{""C1447749"": 3}",-0.0,-0.0,0.0
mm_0010371,PubMedBERT,synonym_substitution,noun,0.059375000000000004,3,1,"{""C1447749"": 3}",-0.0,-0.0,0.0
mm_0011144,BERT-base,back_translation,mixed,0.1588785046728972,3,1,"{""UMLS:C0919821"": 3}",-0.0,-0.0,0.0
mm_0011144,BERT-base,controlled_paraphrase,mixed,0.2838709677419355,3,2,"{""UMLS:C0919821"": 1, ""C1447749"": 2}",0.9182958340544896,0.579380164285695,0.0
mm_0011144,BERT-base,synonym_substitution,modifier,0.09309309309309309,2,1,"{""UMLS:C0919821"": 2}",-0.0,-0.0,0.0
mm_0011144,BERT-base,synonym_substitution,noun,0.0783132530120482,2,1,"{""UMLS:C0919821"": 2}",-0.0,-0.0,0.0
mm_0011144,BioBERT,back_translation,mixed,0.1588785046728972,3,1,"{""UMLS:C0919821"": 3}",-0.0,-0.0,0.0
mm_0011144,BioBERT,controlled_paraphrase,mixed,0.2838709677419355,3,1,"{""UMLS:C0919821"": 3}",-0.0,-0.0,0.0
mm_0011144,BioBERT,synonym_substitution,modifier,0.09309309309309309,2,1,"{""UMLS:C0919821"": 2}",-0.0,-0.0,0.0
mm_0011144,BioBERT,synonym_substitution,noun,0.0783132530120482,2,1,"{""UMLS:C0919821"": 2}",-0.0,-0.0,0.0
mm_0011144,PubMedBERT,back_translation,mixed,0.1588785046728972,3,1,"{""C1447749"": 3}",-0.0,-0.0,0.0
mm_0011144,PubMedBERT,controlled_paraphrase,mixed,0.2838709677419355,3,1,"{""C1447749"": 3}",-0.0,-0.0,0.0
mm_0011144,PubMedBERT,synonym_substitution,modifier,0.09309309309309309,2,1,"{""C1447749"": 2}",-0.0,-0.0,0.0
mm_0011144,PubMedBERT,synonym_substitution,noun,0.0783132530120482,2,1,"{""C1447749"": 2}",-0.0,-0.0,0.0
mm_0011490,BERT-base,controlled_paraphrase,mixed,0.296875,3,1,"{""C0018966"": 3}",-0.0,-0.0,0.0
mm_0011490,BERT-base,synonym_substitution,noun,0.08,3,1,"{""C0018966"": 3}",-0.0,-0.0,0.0
mm_0011490,BioBERT,controlled_paraphrase,mixed,0.296875,3,1,"{""UMLS:C1100347"": 3}",-0.0,-0.0,1.0
mm_0011490,BioBERT,synonym_substitution,noun,0.08,3,1,"{""UMLS:C1100347"": 3}",-0.0,-0.0,1.0
mm_0011490,PubMedBERT,controlled_paraphrase,mixed,0.296875,3,1,"{""C0018966"": 3}",-0.0,-0.0,0.0
mm_0011490,PubMedBERT,synonym_substitution,noun,0.08,3,1,"{""C0018966"": 3}",-0.0,-0.0,0.0
mm_0011728,BERT-base,back_translation,mixed,0.10071942446043165,3,1,"{""UMLS:C1257990"": 3}",-0.0,-0.0,0.0
mm_0011728,BERT-base,controlled_paraphrase,mixed,0.1881797111784632,3,1,"{""UMLS:C1257990"": 3}",-0.0,-0.0,0.0
mm_0011728,BERT-base,synonym_substitution,modifier,0.12080536912751678,2,1,"{""UMLS:C1257990"": 2}",-0.0,-0.0,0.0
mm_0011728,BERT-base,synonym_substitution,verb,0.1527777777777778,2,1,"{""UMLS:C1257990"": 2}",-0.0,-0.0,0.0
mm_0011728,BioBERT,back_translation,mixed,0.10071942446043165,3,1,"{""UMLS:C1257990"": 3}",-0.0,-0.0,0.0
mm_0011728,BioBERT,controlled_paraphrase,mixed,0.1881797111784632,3,1,"{""UMLS:C1257990"": 3}",-0.0,-0.0,0.0
mm_0011728,BioBERT,synonym_substitution,modifier,0.12080536912751678,2,1,"{""UMLS:C1257990"": 2}",-0.0,-0.0,0.0
mm_0011728,BioBERT,synonym_substitution,verb,0.1527777777777778,2,1,"{""UMLS:C1257990"": 2}",-0.0,-0.0,0.0
mm_0011728,PubMedBERT,back_translation,mixed,0.10071942446043165,3,1,"{""C1431322"": 3}",-0.0,-0.0,0.0
mm_0011728,PubMedBERT,controlled_paraphrase,mixed,0.1881797111784632,3,1,"{""C1431322"": 3}",-0.0,-0.0,0.0
mm_0011728,PubMedBERT,synonym_substitution,modifier,0.12080536912751678,2,1,"{""C1431322"": 2}",-0.0,-0.0,0.0
mm_0011728,PubMedBERT,synonym_substitution,verb,0.1527777777777778,2,1,"{""C1431322"": 2}",-0.0,-0.0,0.0
mm_0013400,BERT-base,back_translation,mixed,0.06615776081424936,3,1,"{""C1447749"": 3}",-0.0,-0.0,0.0
mm_0013400,BERT-base,controlled_paraphrase,mixed,0.3104325699745547,3,1,"{""C1447749"": 3}",-0.0,-0.0,0.0
mm_0013400,BERT-base,synonym_substitution,modifier,0.16274089935760172,2,1,"{""C1447749"": 2}",-0.0,-0.0,0.0
mm_0013400,BERT-base,synonym_substitution,verb,0.1630901287553648,2,1,"{""C1447749"": 2}",-0.0,-0.0,0.0
mm_0013400,BioBERT,back_translation,mixed,0.06615776081424936,3,1,"{""C1999375"": 3}",-0.0,-0.0,0.0
mm_0013400,BioBERT,controlled_paraphrase,mixed,0.3104325699745547,3,1,"{""C1999375"": 3}",-0.0,-0.0,0.0
mm_0013400,BioBERT,synonym_substitution,modifier,0.16274089935760172,2,1,"{""C1999375"": 2}",-0.0,-0.0,0.0
mm_0013400,BioBERT,synonym_substitution,verb,0.1630901287553648,2,1,"{""C1999375"": 2}",-0.0,-0.0,0.0
mm_0013400,PubMedBERT,back_translation,mixed,0.06615776081424936,3,1,"{""C1999375"": 3}",-0.0,-0.0,0.0
mm_0013400,PubMedBERT,controlled_paraphrase,mixed,0.3104325699745547,3,1,"{""C1999375"": 3}",-0.0,-0.0,0.0
mm_0013400,PubMedBERT,synonym_substitution,modifier,0.16274089935760172,2,1,"{""C1999375"": 2}",-0.0,-0.0,0.0
mm_0013400,PubMedBERT,synonym_substitution,verb,0.1630901287553648,2,1,"{""C1999375"": 2}",-0.0,-0.0,0.0
mm_0013465,BERT-base,back_translation,mixed,0.07317073170731707,3,1,"{""C1447749"": 3}",-0.0,-0.0,0.0
mm_0013465,BERT-base,controlled_paraphrase,mixed,0.4159891598915989,3,1,"{""C1447749"": 3}",-0.0,-0.0,0.0
mm_0013465,BioBERT,back_translation,mixed,0.07317073170731707,3,1,"{""C1447749"": 3}",-0.0,-0.0,0.0
mm_0013465,BioBERT,controlled_paraphrase,mixed,0.4159891598915989,3,1,"{""C1447749"": 3}",-0.0,-0.0,0.0
mm_0013465,PubMedBERT,back_translation,mixed,0.07317073170731707,3,2,"{""C1839576"": 1, ""C1447749"": 2}",0.9182958340544896,0.579380164285695,0.0
mm_0013465,PubMedBERT,controlled_paraphrase,mixed,0.4159891598915989,3,2,"{""C1839576"": 2, ""C1447749"": 1}",0.9182958340544896,0.579380164285695,0.0
mm_0014062,BERT-base,back_translation,mixed,0.2125984251968504,3,1,"{""C1739108"": 3}",-0.0,-0.0,0.0
mm_0014062,BERT-base,controlled_paraphrase,mixed,0.5275590551181102,3,1,"{""C1739108"": 3}",-0.0,-0.0,0.0
mm_0014062,BERT-base,synonym_substitution,noun,0.05384615384615385,2,1,"{""C1739108"": 2}",-0.0,-0.0,0.0
mm_0014062,BERT-base,synonym_substitution,verb,0.05511811023622047,2,1,"{""C1739108"": 2}",-0.0,-0.0,0.0
mm_0014062,BioBERT,back_translation,mixed,0.2125984251968504,3,1,"{""C1839576"": 3}",-0.0,-0.0,0.0
mm_0014062,BioBERT,controlled_paraphrase,mixed,0.5275590551181102,3,1,"{""C1839576"": 3}",-0.0,-0.0,0.0
mm_0014062,BioBERT,synonym_substitution,noun,0.05384615384615385,2,1,"{""C1839576"": 2}",-0.0,-0.0,0.0
mm_0014062,BioBERT,synonym_substitution,verb,0.05511811023622047,2,1,"{""C1839576"": 2}",-0.0,-0.0,0.0
mm_0014062,PubMedBERT,back_translation,mixed,0.2125984251968504,3,1,"{""C1839576"": 3}",-0.0,-0.0,0.0
mm_0014062,PubMedBERT,controlled_paraphrase,mixed,0.5275590551181102,3,1,"{""C1839576"": 3}",-0.0,-0.0,0.0
mm_0014062,PubMedBERT,synonym_substitution,noun,0.05384615384615385,2,1,"{""C1839576"": 2}",-0.0,-0.0,0.0
mm_0014062,PubMedBERT,synonym_substitution,verb,0.05511811023622047,2,1,"{""C1839576"": 2}",-0.0,-0.0,0.0
mm_0014155,BERT-base,back_translation,mixed,0.05357142857142857,3,1,"{""UMLS:C1257990"": 3}",-0.0,-0.0,0.0
mm_0014155,BERT-base,controlled_paraphrase,mixed,0.38353998203054807,3,1,"{""UMLS:C1257990"": 3}",-0.0,-0.0,0.0
mm_0014155,BERT-base,synonym_substitution,noun,0.09984299693296333,3,1,"{""UMLS:C1257990"": 3}",-0.0,-0.0,0.0
mm_0014155,BioBERT,back_translation,mixed,0.05357142857142857,3,1,"{""UMLS:C1257990"": 3}",-0.0,-0.0,0.0
mm_0014155,BioBERT,controlled_paraphrase,mixed,0.38353998203054807,3,1,"{""UMLS:C1257990"": 3}",-0.0,-0.0,0.0
mm_0014155,BioBERT,synonym_substitution,noun,0.09984299693296333,3,1,"{""UMLS:C1257990"": 3}",-0.0,-0.0,0.0
mm_0014155,PubMedBERT,back_translation,mixed,0.05357142857142857,3,1,"{""UMLS:C1423931"": 3}",-0.0,-0.0,0.0
mm_0014155,PubMedBERT,controlled_paraphrase,mixed,0.38353998203054807,3,2,"{""UMLS:C1423931"": 1, ""UMLS:C1257990"": 2}",0.9182958340544896,0.579380164285695,0.0
mm_0014155,PubMedBERT,synonym_substitution,noun,0.09984299693296333,3,1,"{""UMLS:C1423931"": 3}",-0.0,-0.0,0.0
mm_0014726,BERT-base,back_translation,mixed,0.14184397163120568,3,1,"{""C1447749"": 3}",-0.0,-0.0,0.0
mm_0014726,BERT-base,controlled_paraphrase,mixed,0.41843971631205673,3,1,"{""C1447749"": 3}",-0.0,-0.0,0.0
mm_0014726,BERT-base,synonym_substitution,noun,0.12914409856556158,3,1,"{""C1447749"": 3}",-0.0,-0.0,0.0
mm_0014726,BioBERT,back_translation,mixed,0.14184397163120568,3,1,"{""UMLS:C1257990"": 3}",-0.0,-0.0,0.0
mm_0014726,BioBERT,controlled_paraphrase,mixed,0.41843971631205673,3,1,"{""UMLS:C1257990"": 3}",-0.0,-0.0,0.0
mm_0014726,BioBERT,synonym_substitution,noun,0.12914409856556158,3,1,"{""UMLS:C1257990"": 3}",-0.0,-0.0,0.0
mm_0014726,PubMedBERT,back_translation,mixed,0.14184397163120568,3,1,"{""C1839576"": 3}",-0.0,-0.0,0.0
mm_0014726,PubMedBERT,controlled_paraphrase,mixed,0.41843971631205673,3,1,"{""C1839576"": 3}",-0.0,-0.0,0.0
mm_0014726,PubMedBERT,synonym_substitution,noun,0.12914409856556158,3,1,"{""C1839576"": 3}",-0.0,-0.0,0.0
mm_0015061,BERT-base,synonym_substitution,modifier,0.08333333333333333,2,1,"{""UMLS:C1257990"": 2}",-0.0,-0.0,0.0
mm_0015061,BERT-base,synonym_substitution,noun,0.07738095238095238,2,1,"{""UMLS:C1257990"": 2}",-0.0,-0.0,0.0
mm_0015061,BioBERT,synonym_substitution,modifier,0.08333333333333333,2,1,"{""C0075128"": 2}",-0.0,-0.0,0.0
mm_0015061,BioBERT,synonym_substitution,noun,0.07738095238095238,2,1,"{""C0075128"": 2}",-0.0,-0.0,0.0
mm_0015061,PubMedBERT,synonym_substitution,modifier,0.08333333333333333,2,1,"{""C1839576"": 2}",-0.0,-0.0,0.0
mm_0015061,PubMedBERT,synonym_substitution,noun,0.07738095238095238,2,1,"{""C1839576"": 2}",-0.0,-0.0,0.0
mm_0015627,BERT-base,back_translation,mixed,0.13541666666666666,3,2,"{""C0242264"": 1, ""C3178916"": 2}",0.9182958340544896,0.579380164285695,0.0
mm_0015627,BERT-base,controlled_paraphrase,mixed,0.5416666666666666,3,2,"{""C0242264"": 1, ""UMLS:C2347609"": 2}",0.9182958340544896,0.579380164285695,0.0
mm_0015627,BERT-base,synonym_substitution,modifier,0.10416666666666667,2,1,"{""C0242264"": 2}",-0.0,-0.0,0.0
mm_0015627,BERT-base,synonym_substitution,noun,0.07,2,1,"{""C0242264"": 2}",-0.0,-0.0,0.0
mm_0015627,BioBERT,back_translation,mixed,0.13541666666666666,3,1,"{""UMLS:C1257990"": 3}",-0.0,-0.0,0.0
mm_0015627,BioBERT,controlled_paraphrase,mixed,0.5416666666666666,3,1,"{""UMLS:C1257990"": 3}",-0.0,-0.0,0.0
mm_0015627,BioBERT,synonym_substitution,modifier,0.10416666666666667,2,1,"{""UMLS:C1257990"": 2}",-0.0,-0.0,0.0
mm_0015627,BioBERT,synonym_substitution,noun,0.07,2,1,"{""UMLS:C1257990"": 2}",-0.0,-0.0,0.0
mm_0015627,PubMedBERT,back_translation,mixed,0.13541666666666666,3,2,"{""C1839576"": 1, ""UMLS:C1257990"": 2}",0.9182958340544896,0.579380164285695,0.0
mm_0015627,PubMedBERT,controlled_paraphrase,mixed,0.5416666666666666,3,1,"{""C1839576"": 3}",-0.0,-0.0,0.0
mm_0015627,PubMedBERT,synonym_substitution,modifier,0.10416666666666667,2,2,"{""C1839576"": 1, ""UMLS:C1257990"": 1}",1.0,1.0,0.0
mm_0015627,PubMedBERT,synonym_substitution,noun,0.07,2,1,"{""C1839576"": 2}",-0.0,-0.0,0.0
mm_0015640,BERT-base,back_translation,verb,0.13253012048192772,3,1,"{""C1431519"": 3}",-0.0,-0.0,0.0
mm_0015640,BERT-base,synonym_substitution,modifier,0.056818181818181816,2,1,"{""C1431519"": 2}",-0.0,-0.0,0.0
mm_0015640,BERT-base,synonym_substitution,verb,0.0963855421686747,2,2,"{""C1431519"": 1, ""UMLS:C1257990"": 1}",1.0,1.0,0.0
mm_0015640,BioBERT,back_translation,verb,0.13253012048192772,3,1,"{""UMLS:C1257990"": 3}",-0.0,-0.0,0.0
mm_0015640,BioBERT,synonym_substitution,modifier,0.056818181818181816,2,1,"{""UMLS:C1257990"": 2}",-0.0,-0.0,0.0
mm_0015640,BioBERT,synonym_substitution,verb,0.0963855421686747,2,1,"{""UMLS:C1257990"": 2}",-0.0,-0.0,0.0
mm_0015640,PubMedBERT,back_translation,verb,0.13253012048192772,3,1,"{""UMLS:C1257990"": 3}",-0.0,-0.0,0.0
mm_0015640,PubMedBERT,synonym_substitution,modifier,0.056818181818181816,2,1,"{""UMLS:C1257990"": 2}",-0.0,-0.0,0.0
mm_0015640,PubMedBERT,synonym_substitution,verb,0.0963855421686747,2,1,"{""UMLS:C1257990"": 2}",-0.0,-0.0,0.0
mm_0015817,BERT-base,synonym_substitution,modifier,0.1794871794871795,2,1,"{""C1839576"": 2}",-0.0,-0.0,0.0
mm_0015817,BERT-base,synonym_substitution,verb,0.17258883248730963,2,1,"{""C1839576"": 2}",-0.0,-0.0,0.0
mm_0015817,BioBERT,synonym_substitution,modifier,0.1794871794871795,2,1,"{""C1839576"": 2}",-0.0,-0.0,0.0
mm_0015817,BioBERT,synonym_substitution,verb,0.17258883248730963,2,1,"{""C1839576"": 2}",-0.0,-0.0,0.0
mm_0015817,PubMedBERT,synonym_substitution,modifier,0.1794871794871795,2,1,"{""C1839576"": 2}",-0.0,-0.0,0.0
mm_0015817,PubMedBERT,synonym_substitution,verb,0.17258883248730963,2,1,"{""C1839576"": 2}",-0.0,-0.0,0.0
mm_0016164,BERT-base,back_translation,mixed,0.26732673267326734,3,1,"{""C4042892"": 3}",-0.0,-0.0,0.0
mm_0016164,BERT-base,controlled_paraphrase,mixed,0.32,3,1,"{""C4042892"": 3}",-0.0,-0.0,0.0
mm_0016164,BERT-base,synonym_substitution,noun,0.05651898064925452,3,1,"{""C4042892"": 3}",-0.0,-0.0,0.0
mm_0016164,BERT-base,syntactic_reordering,mixed,0.48704663212435234,2,2,"{""C4042892"": 1, ""UMLS:C1283169"": 1}",1.0,1.0,0.0
mm_0016164,BioBERT,back_translation,mixed,0.26732673267326734,3,1,"{""UMLS:C1707887"": 3}",-0.0,-0.0,0.0
mm_0016164,BioBERT,controlled_paraphrase,mixed,0.32,3,1,"{""UMLS:C1707887"": 3}",-0.0,-0.0,0.0
mm_0016164,BioBERT,synonym_substitution,noun,0.05651898064925452,3,1,"{""UMLS:C1707887"": 3}",-0.0,-0.0,0.0
mm_0016164,BioBERT,syntactic_reordering,mixed,0.48704663212435234,2,1,"{""UMLS:C1707887"": 2}",-0.0,-0.0,0.0
mm_0016164,PubMedBERT,back_translation,mixed,0.26732673267326734,3,1,"{""C1447749"": 3}",-0.0,-0.0,0.0
mm_0016164,PubMedBERT,controlled_paraphrase,mixed,0.32,3,1,"{""C1447749"": 3}",-0.0,-0.0,0.0
mm_0016164,PubMedBERT,synonym_substitution,noun,0.05651898064925452,3,1,"{""C1447749"": 3}",-0.0,-0.0,0.0
mm_0016164,PubMedBERT,syntactic_reordering,mixed,0.48704663212435234,2,1,"{""C1447749"": 2}",-0.0,-0.0,0.0
mm_0016721,BERT-base,back_translation,mixed,0.1935483870967742,3,1,"{""UMLS:C0242193"": 3}",-0.0,-0.0,0.0
mm_0016721,BERT-base,synonym_substitution,verb,0.06451612903225806,2,1,"{""UMLS:C0242193"": 2}",-0.0,-0.0,0.0
mm_0016721,BioBERT,back_translation,mixed,0.1935483870967742,3,1,"{""C1447749"": 3}",-0.0,-0.0,0.0
mm_0016721,BioBERT,synonym_substitution,verb,0.06451612903225806,2,1,"{""C1447749"": 2}",-0.0,-0.0,0.0
mm_0016721,PubMedBERT,back_translation,mixed,0.1935483870967742,3,1,"{""C1447749"": 3}",-0.0,-0.0,0.0
mm_0016721,PubMedBERT,synonym_substitution,verb,0.06451612903225806,2,2,"{""C1447749"": 1, ""C1839576"": 1}",1.0,1.0,0.0
mm_0017862,BERT-base,back_translation,mixed,0.23703703703703705,3,1,"{""UMLS:C1257990"": 3}",-0.0,-0.0,0.0
mm_0017862,BERT-base,controlled_paraphrase,mixed,0.5538461538461539,3,1,"{""UMLS:C1257990"": 3}",-0.0,-0.0,0.0
mm_0017862,BERT-base,synonym_substitution,noun,0.1056338028169014,2,2,"{""UMLS:C1257990"": 1, ""UMLS:C0358514"": 1}",1.0,1.0,0.0
mm_0017862,BERT-base,synonym_substitution,verb,0.10071942446043165,2,2,"{""UMLS:C1257990"": 1, ""UMLS:C0358514"": 1}",1.0,1.0,0.0
mm_0017862,BERT-base,syntactic_reordering,mixed,0.31007751937984496,3,1,"{""UMLS:C1257990"": 3}",-0.0,-0.0,0.0
mm_0017862,BioBERT,back_translation,mixed,0.23703703703703705,3,1,"{""UMLS:C1257990"": 3}",-0.0,-0.0,0.0
mm_0017862,BioBERT,controlled_paraphrase,mixed,0.5538461538461539,3,1,"{""UMLS:C1257990"": 3}",-0.0,-0.0,0.0
mm_0017862,BioBERT,synonym_substitution,noun,0.1056338028169014,2,1,"{""UMLS:C1257990"": 2}",-0.0,-0.0,0.0
mm_0017862,BioBERT,synonym_substitution,verb,0.10071942446043165,2,1,"{""UMLS:C1257990"": 2}",-0.0,-0.0,0.0
mm_0017862,BioBERT,syntactic_reordering,mixed,0.31007751937984496,3,1,"{""UMLS:C1257990"": 3}",-0.0,-0.0,0.0
mm_0017862,PubMedBERT,back_translation,mixed,0.23703703703703705,3,2,"{""UMLS:C1824675"": 1, ""UMLS:C1257990"": 2}",0.9182958340544896,0.579380164285695,0.0
mm_0017862,PubMedBERT,controlled_paraphrase,mixed,0.5538461538461539,3,2,"{""UMLS:C1824675"": 1, ""C1839576"": 2}",0.9182958340544896,0.579380164285695,0.0
mm_0017862,PubMedBERT,synonym_substitution,noun,0.1056338028169014,2,1,"{""UMLS:C1824675"": 2}",-0.0,-0.0,0.0
mm_0017862,PubMedBERT,synonym_substitution,verb,0.10071942446043165,2,1,"{""UMLS:C1824675"": 2}",-0.0,-0.0,0.0
mm_0017862,PubMedBERT,syntactic_reordering,mixed,0.31007751937984496,3,2,"{""UMLS:C1824675"": 1, ""UMLS:C1257990"": 2}",0.9182958340544896,0.579380164285695,0.0
mm_0018144,BERT-base,back_translation,mixed,0.09795918367346938,3,1,"{""C1447749"": 3}",-0.0,-0.0,0.0
mm_0018144,BERT-base,controlled_paraphrase,mixed,0.27755102040816326,3,1,"{""C1447749"": 3}",-0.0,-0.0,0.0
mm_0018144,BERT-base,syntactic_reordering,mixed,0.5142857142857142,3,1,"{""C1447749"": 3}",-0.0,-0.0,0.0
mm_0018144,BioBERT,back_translation,mixed,0.09795918367346938,3,1,"{""C1447749"": 3}",-0.0,-0.0,0.0
mm_0018144,BioBERT,controlled_paraphrase,mixed,0.27755102040816326,3,1,"{""C1447749"": 3}",-0.0,-0.0,0.0
mm_0018144,BioBERT,syntactic_reordering,mixed,0.5142857142857142,3,2,"{""C1447749"": 1, ""C0753253"": 2}",0.9182958340544896,0.579380164285695,0.0
mm_0018144,PubMedBERT,back_translation,mixed,0.09795918367346938,3,1,"{""C1839576"": 3}",-0.0,-0.0,0.0
mm_0018144,PubMedBERT,controlled_paraphrase,mixed,0.27755102040816326,3,1,"{""C1839576"": 3}",-0.0,-0.0,0.0
mm_0018144,PubMedBERT,syntactic_reordering,mixed,0.5142857142857142,3,2,"{""C1839576"": 1, ""C1447749"": 2}",0.9182958340544896,0.579380164285695,0.0
mm_0018948,BERT-base,back_translation,mixed,0.08552631578947369,3,1,"{""C1312419"": 3}",-0.0,-0.0,0.0
mm_0018948,BERT-base,controlled_paraphrase,mixed,0.42901234567901236,2,1,"{""C1312419"": 2}",-0.0,-0.0,0.0
mm_0018948,BioBERT,back_translation,mixed,0.08552631578947369,3,1,"{""C0265267"": 3}",-0.0,-0.0,0.0
mm_0018948,BioBERT,controlled_paraphrase,mixed,0.42901234567901236,2,2,"{""C0265267"": 1, ""C1312419"": 1}",1.0,1.0,0.0
mm_0018948,PubMedBERT,back_translation,mixed,0.08552631578947369,3,1,"{""C1447749"": 3}",-0.0,-0.0,0.0
mm_0018948,PubMedBERT,controlled_paraphrase,mixed,0.42901234567901236,2,1,"{""C1447749"": 2}",-0.0,-0.0,0.0
mm_0019627,BERT-base,back_translation,mixed,0.24861878453038674,3,1,"{""C1447749"": 3}",-0.0,-0.0,0.0
mm_0019627,BERT-base,controlled_paraphrase,mixed,0.13793103448275862,3,1,"{""C1447749"": 3}",-0.0,-0.0,0.0
mm_0019627,BERT-base,synonym_substitution,verb,0.05413961038961039,3,1,"{""C1447749"": 3}",-0.0,-0.0,0.0
mm_0019627,BioBERT,back_translation,mixed,0.24861878453038674,3,1,"{""C1447749"": 3}",-0.0,-0.0,0.0
mm_0019627,BioBERT,controlled_paraphrase,mixed,0.13793103448275862,3,1,"{""C1447749"": 3}",-0.0,-0.0,0.0
mm_0019627,BioBERT,synonym_substitution,verb,0.05413961038961039,3,1,"{""C1447749"": 3}",-0.0,-0.0,0.0
mm_0019627,PubMedBERT,back_translation,mixed,0.24861878453038674,3,1,"{""C1447749"": 3}",-0.0,-0.0,0.0
mm_0019627,PubMedBERT,controlled_paraphrase,mixed,0.13793103448275862,3,2,"{""C1447749"": 2, ""C1839576"": 1}",0.9182958340544896,0.579380164285695,0.0
mm_0019627,PubMedBERT,synonym_substitution,verb,0.05413961038961039,3,1,"{""C1447749"": 3}",-0.0,-0.0,0.0
mm_0020635,BERT-base,back_translation,mixed,0.0898876404494382,3,2,"{""C0069676"": 1, ""C0059563"": 2}",0.9182958340544896,0.579380164285695,0.0
mm_0020635,BERT-base,controlled_paraphrase,mixed,0.3333333333333333,3,2,"{""C0069676"": 1, ""C0059563"": 2}",0.9182958340544896,0.579380164285695,0.0
mm_0020635,BERT-base,synonym_substitution,verb,0.06949210706932052,3,2,"{""C0069676"": 2, ""C0059563"": 1}",0.9182958340544896,0.579380164285695,0.0
mm_0020635,BioBERT,back_translation,mixed,0.0898876404494382,3,1,"{""C0061751"": 3}",-0.0,-0.0,0.0
mm_0020635,BioBERT,controlled_paraphrase,mixed,0.3333333333333333,3,1,"{""C0061751"": 3}",-0.0,-0.0,0.0
mm_0020635,BioBERT,synonym_substitution,verb,0.06949210706932052,3,1,"{""C0061751"": 3}",-0.0,-0.0,0.0
mm_0020635,PubMedBERT,back_translation,mixed,0.0898876404494382,3,1,"{""C0018966"": 3}",-0.0,-0.0,0.0
mm_0020635,PubMedBERT,controlled_paraphrase,mixed,0.3333333333333333,3,1,"{""C0018966"": 3}",-0.0,-0.0,0.0
mm_0020635,PubMedBERT,synonym_substitution,verb,0.06949210706932052,3,1,"{""C0018966"": 3}",-0.0,-0.0,0.0
mm_0020797,BERT-base,back_translation,mixed,0.12396694214876033,3,1,"{""UMLS:C1257990"": 3}",-0.0,-0.0,0.0
mm_0020797,BERT-base,controlled_paraphrase,mixed,0.4400826446280992,3,1,"{""UMLS:C1257990"": 3}",-0.0,-0.0,0.0
mm_0020797,BERT-base,synonym_substitution,noun,0.07632242180557378,3,1,"{""UMLS:C1257990"": 3}",-0.0,-0.0,0.0
mm_0020797,BioBERT,back_translation,mixed,0.12396694214876033,3,1,"{""C1868801"": 3}",-0.0,-0.0,0.0
mm_0020797,BioBERT,controlled_paraphrase,mixed,0.4400826446280992,3,1,"{""C1868801"": 3}",-0.0,-0.0,0.0
mm_0020797,BioBERT,synonym_substitution,noun,0.07632242180557378,3,1,"{""C1868801"": 3}",-0.0,-0.0,0.0
mm_0020797,PubMedBERT,back_translation,mixed,0.12396694214876033,3,1,"{""C1839576"": 3}",-0.0,-0.0,0.0
mm_0020797,PubMedBERT,controlled_paraphrase,mixed,0.4400826446280992,3,1,"{""C1839576"": 3}",-0.0,-0.0,0.0
mm_0020797,PubMedBERT,synonym_substitution,noun,0.07632242180557378,3,1,"{""C1839576"": 3}",-0.0,-0.0,0.0
mm_0020876,BERT-base,back_translation,mixed,0.25296442687747034,3,1,"{""C1312419"": 3}",-0.0,-0.0,0.0
mm_0020876,BioBERT,back_translation,mixed,0.25296442687747034,3,2,"{""C1447749"": 1, ""C0265267"": 2}",0.9182958340544896,0.579380164285695,0.0
mm_0020876,PubMedBERT,back_translation,mixed,0.25296442687747034,3,1,"{""C1447749"": 3}",-0.0,-0.0,0.0
mm_0021148,BERT-base,back_translation,mixed,0.07650273224043716,3,1,"{""C1447749"": 3}",-0.0,-0.0,0.0
mm_0021148,BERT-base,synonym_substitution,verb,0.07103825136612021,3,1,"{""C1447749"": 3}",-0.0,-0.0,0.0
mm_0021148,BioBERT,back_translation,mixed,0.07650273224043716,3,1,"{""C1839576"": 3}",-0.0,-0.0,0.0
mm_0021148,BioBERT,synonym_substitution,verb,0.07103825136612021,3,1,"{""C1839576"": 3}",-0.0,-0.0,0.0
mm_0021148,PubMedBERT,back_translation,mixed,0.07650273224043716,3,1,"{""C1839576"": 3}",-0.0,-0.0,0.0
mm_0021148,PubMedBERT,synonym_substitution,verb,0.07103825136612021,3,1,"{""C1839576"": 3}",-0.0,-0.0,0.0
mm_0021420,BERT-base,back_translation,mixed,0.08588957055214724,3,1,"{""C1447749"": 3}",-0.0,-0.0,0.0
mm_0021420,BERT-base,controlled_paraphrase,mixed,0.17484662576687116,3,2,"{""C1447749"": 1, ""C1739108"": 2}",0.9182958340544896,0.579380164285695,0.0
mm_0021420,BERT-base,synonym_substitution,noun,0.11864406779661017,3,1,"{""C1447749"": 3}",-0.0,-0.0,0.0
mm_0021420,BioBERT,back_translation,mixed,0.08588957055214724,3,1,"{""C1861172"": 3}",-0.0,-0.0,0.0
mm_0021420,BioBERT,controlled_paraphrase,mixed,0.17484662576687116,3,1,"{""C1861172"": 3}",-0.0,-0.0,0.0
mm_0021420,BioBERT,synonym_substitution,noun,0.11864406779661017,3,1,"{""C1861172"": 3}",-0.0,-0.0,0.0
mm_0021420,PubMedBERT,back_translation,mixed,0.08588957055214724,3,1,"{""C0015131"": 3}",-0.0,-0.0,0.0
mm_0021420,PubMedBERT,controlled_paraphrase,mixed,0.17484662576687116,3,1,"{""C0015131"": 3}",-0.0,-0.0,0.0
mm_0021420,PubMedBERT,synonym_substitution,noun,0.11864406779661017,3,1,"{""C0015131"": 3}",-0.0,-0.0,0.0
mm_0021524,BERT-base,back_translation,mixed,0.15942028985507245,3,1,"{""UMLS:C1257990"": 3}",-0.0,-0.0,0.0
mm_0021524,BERT-base,controlled_paraphrase,mixed,0.5942028985507246,3,1,"{""UMLS:C1257990"": 3}",-0.0,-0.0,0.0
mm_0021524,BERT-base,synonym_substitution,noun,0.056074766355140186,2,1,"{""UMLS:C1257990"": 2}",-0.0,-0.0,0.0
mm_0021524,BioBERT,back_translation,mixed,0.15942028985507245,3,1,"{""UMLS:C1257990"": 3}",-0.0,-0.0,0.0
mm_0021524,BioBERT,controlled_paraphrase,mixed,0.5942028985507246,3,1,"{""UMLS:C1257990"": 3}",-0.0,-0.0,0.0
mm_0021524,BioBERT,synonym_substitution,noun,0.056074766355140186,2,1,"{""UMLS:C1257990"": 2}",-0.0,-0.0,0.0
mm_0021524,PubMedBERT,back_translation,mixed,0.15942028985507245,3,2,"{""C1447749"": 1, ""C1839576"": 2}",0.9182958340544896,0.579380164285695,0.0
mm_0021524,PubMedBERT,controlled_paraphrase,mixed,0.5942028985507246,3,1,"{""C1447749"": 3}",-0.0,-0.0,0.0
mm_0021524,PubMedBERT,synonym_substitution,noun,0.056074766355140186,2,1,"{""C1447749"": 2}",-0.0,-0.0,0.0
mm_0022106,BERT-base,back_translation,mixed,0.45454545454545453,3,1,"{""UMLS:C1257990"": 3}",-0.0,-0.0,0.0
mm_0022106,BERT-base,synonym_substitution,modifier,0.060240963855421686,2,1,"{""UMLS:C1257990"": 2}",-0.0,-0.0,0.0
mm_0022106,BERT-base,synonym_substitution,verb,0.07228915662650602,2,1,"{""UMLS:C1257990"": 2}",-0.0,-0.0,0.0
mm_0022106,BioBERT,back_translation,mixed,0.45454545454545453,3,1,"{""C0075128"": 3}",-0.0,-0.0,0.0
mm_0022106,BioBERT,synonym_substitution,modifier,0.060240963855421686,2,1,"{""C0075128"": 2}",-0.0,-0.0,0.0
mm_0022106,BioBERT,synonym_substitution,verb,0.07228915662650602,2,1,"{""C0075128"": 2}",-0.0,-0.0,0.0
mm_0022106,PubMedBERT,back_translation,mixed,0.45454545454545453,3,1,"{""C1431322"": 3}",-0.0,-0.0,0.0
mm_0022106,PubMedBERT,synonym_substitution,modifier,0.060240963855421686,2,1,"{""C1431322"": 2}",-0.0,-0.0,0.0
mm_0022106,PubMedBERT,synonym_substitution,verb,0.07228915662650602,2,1,"{""C1431322"": 2}",-0.0,-0.0,0.0
mm_0022147,BERT-base,synonym_substitution,modifier,0.09022556390977443,2,2,"{""UMLS:C1257990"": 1, ""C1839576"": 1}",1.0,1.0,0.0
mm_0022147,BERT-base,synonym_substitution,noun,0.08955223880597014,2,2,"{""UMLS:C1257990"": 1, ""C1839576"": 1}",1.0,1.0,0.0
mm_0022147,BioBERT,synonym_substitution,modifier,0.09022556390977443,2,1,"{""C1868801"": 2}",-0.0,-0.0,0.0
mm_0022147,BioBERT,synonym_substitution,noun,0.08955223880597014,2,1,"{""C1868801"": 2}",-0.0,-0.0,0.0
mm_0022147,PubMedBERT,synonym_substitution,modifier,0.09022556390977443,2,1,"{""C1839576"": 2}",-0.0,-0.0,0.0
mm_0022147,PubMedBERT,synonym_substitution,noun,0.08955223880597014,2,1,"{""C1839576"": 2}",-0.0,-0.0,0.0
mm_0023569,BERT-base,back_translation,mixed,0.1,3,2,"{""C0030013"": 1, ""C0524984"": 2}",0.9182958340544896,0.579380164285695,0.0
mm_0023569,BERT-base,synonym_substitution,verb,0.05277777777777778,3,3,"{""C0030013"": 1, ""C0524984"": 1, ""C1312419"": 1}",1.584962500721156,1.0,0.0
mm_0023569,BioBERT,back_translation,mixed,0.1,3,1,"{""C1447749"": 3}",-0.0,-0.0,0.0
mm_0023569,BioBERT,synonym_substitution,verb,0.05277777777777778,3,1,"{""C1447749"": 3}",-0.0,-0.0,0.0
mm_0023569,PubMedBERT,back_translation,mixed,0.1,3,1,"{""C1447749"": 3}",-0.0,-0.0,0.0
mm_0023569,PubMedBERT,synonym_substitution,verb,0.05277777777777778,3,1,"{""C1447749"": 3}",-0.0,-0.0,0.0
mm_0023586,BERT-base,back_translation,mixed,0.22905027932960895,3,1,"{""UMLS:C1257990"": 3}",-0.0,-0.0,0.0
mm_0023586,BERT-base,synonym_substitution,verb,0.055865921787709494,2,1,"{""UMLS:C1257990"": 2}",-0.0,-0.0,0.0
mm_0023586,BioBERT,back_translation,mixed,0.22905027932960895,3,1,"{""C0265267"": 3}",-0.0,-0.0,0.0
mm_0023586,BioBERT,synonym_substitution,verb,0.055865921787709494,2,2,"{""C0265267"": 1, ""C1312419"": 1}",1.0,1.0,0.0
mm_0023586,PubMedBERT,back_translation,mixed,0.22905027932960895,3,1,"{""C1447749"": 3}",-0.0,-0.0,0.0
mm_0023586,PubMedBERT,synonym_substitution,verb,0.055865921787709494,2,1,"{""C1447749"": 2}",-0.0,-0.0,0.0
mm_0024314,BERT-base,controlled_paraphrase,mixed,0.5938566552901023,2,1,"{""UMLS:C0242193"": 2}",-0.0,-0.0,0.0
mm_0024314,BERT-base,synonym_substitution,modifier,0.05782312925170068,2,1,"{""UMLS:C0242193"": 2}",-0.0,-0.0,0.0
mm_0024314,BioBERT,controlled_paraphrase,mixed,0.5938566552901023,2,1,"{""UMLS:C0684224"": 2}",-0.0,-0.0,1.0
mm_0024314,BioBERT,synonym_substitution,modifier,0.05782312925170068,2,1,"{""UMLS:C0684224"": 2}",-0.0,-0.0,1.0
mm_0024314,PubMedBERT,controlled_paraphrase,mixed,0.5938566552901023,2,1,"{""C1447749"": 2}",-0.0,-0.0,0.0
mm_0024314,PubMedBERT,synonym_substitution,modifier,0.05782312925170068,2,1,"{""C1447749"": 2}",-0.0,-0.0,0.0
mm_0024549,BERT-base,back_translation,mixed,0.19117647058823528,3,1,"{""UMLS:C1257990"": 3}",-0.0,-0.0,0.0
mm_0024549,BERT-base,controlled_paraphrase,mixed,0.5408805031446541,2,1,"{""UMLS:C1257990"": 2}",-0.0,-0.0,0.0
mm_0024549,BERT-base,synonym_substitution,modifier,0.07462686567164178,3,1,"{""UMLS:C1257990"": 3}",-0.0,-0.0,0.0
mm_0024549,BioBERT,back_translation,mixed,0.19117647058823528,3,1,"{""UMLS:C1257990"": 3}",-0.0,-0.0,0.0
mm_0024549,BioBERT,controlled_paraphrase,mixed,0.5408805031446541,2,1,"{""UMLS:C1257990"": 2}",-0.0,-0.0,0.0
mm_0024549,BioBERT,synonym_substitution,modifier,0.07462686567164178,3,1,"{""UMLS:C1257990"": 3}",-0.0,-0.0,0.0
mm_0024549,PubMedBERT,back_translation,mixed,0.19117647058823528,3,1,"{""C1839576"": 3}",-0.0,-0.0,0.0
mm_0024549,PubMedBERT,controlled_paraphrase,mixed,0.5408805031446541,2,1,"{""C1839576"": 2}",-0.0,-0.0,0.0
mm_0024549,PubMedBERT,synonym_substitution,modifier,0.07462686567164178,3,1,"{""C1839576"": 3}",-0.0,-0.0,0.0
mm_0024701,BERT-base,back_translation,mixed,0.10465116279069768,3,1,"{""UMLS:C1257990"": 3}",-0.0,-0.0,0.0
mm_0024701,BERT-base,controlled_paraphrase,mixed,0.304968287526427,3,1,"{""UMLS:C1257990"": 3}",-0.0,-0.0,0.0
mm_0024701,BERT-base,synonym_substitution,noun,0.125,2,1,"{""UMLS:C1257990"": 2}",-0.0,-0.0,0.0
mm_0024701,BERT-base,synonym_substitution,verb,0.12087912087912088,2,1,"{""UMLS:C1257990"": 2}",-0.0,-0.0,0.0
mm_0024701,BioBERT,back_translation,mixed,0.10465116279069768,3,1,"{""UMLS:C1257990"": 3}",-0.0,-0.0,0.0
mm_0024701,BioBERT,controlled_paraphrase,mixed,0.304968287526427,3,1,"{""UMLS:C1257990"": 3}",-0.0,-0.0,0.0
mm_0024701,BioBERT,synonym_substitution,noun,0.125,2,1,"{""UMLS:C1257990"": 2}",-0.0,-0.0,0.0
mm_0024701,BioBERT,synonym_substitution,verb,0.12087912087912088,2,1,"{""UMLS:C1257990"": 2}",-0.0,-0.0,0.0
mm_0024701,PubMedBERT,back_translation,mixed,0.10465116279069768,3,1,"{""C1839576"": 3}",-0.0,-0.0,0.0
mm_0024701,PubMedBERT,controlled_paraphrase,mixed,0.304968287526427,3,2,"{""C1839576"": 1, ""UMLS:C1257990"": 2}",0.9182958340544896,0.579380164285695,0.0
mm_0024701,PubMedBERT,synonym_substitution,noun,0.125,2,2,"{""C1839576"": 1, ""UMLS:C1257990"": 1}",1.0,1.0,0.0
mm_0024701,PubMedBERT,synonym_substitution,verb,0.12087912087912088,2,2,"{""C1839576"": 1, ""UMLS:C1257990"": 1}",1.0,1.0,0.0
mm_0024729,BERT-base,back_translation,mixed,0.26277372262773724,3,2,"{""UMLS:C0444254"": 1, ""C0030201"": 2}",0.9182958340544896,0.579380164285695,0.0
mm_0024729,BERT-base,synonym_substitution,modifier,0.0541970802919708,3,2,"{""UMLS:C0444254"": 2, ""UMLS:C0242193"": 1}",0.9182958340544896,0.579380164285695,0.0
mm_0024729,BioBERT,back_translation,mixed,0.26277372262773724,3,1,"{""UMLS:C1707887"": 3}",-0.0,-0.0,0.0
mm_0024729,BioBERT,synonym_substitution,modifier,0.0541970802919708,3,1,"{""UMLS:C1707887"": 3}",-0.0,-0.0,0.0
mm_0024729,PubMedBERT,back_translation,mixed,0.26277372262773724,3,1,"{""C1839576"": 3}",-0.0,-0.0,0.0
mm_0024729,PubMedBERT,synonym_substitution,modifier,0.0541970802919708,3,1,"{""C1839576"": 3}",-0.0,-0.0,0.0
mm_0024960,BERT-base,back_translation,mixed,0.25301204819277107,3,2,"{""C0017263"": 1, ""C1512167"": 2}",0.9182958340544896,0.579380164285695,0.0
mm_0024960,BERT-base,controlled_paraphrase,mixed,0.2931726907630522,3,1,"{""C0017263"": 3}",-0.0,-0.0,0.0
mm_0024960,BioBERT,back_translation,mixed,0.25301204819277107,3,1,"{""C1447749"": 3}",-0.0,-0.0,0.0
mm_0024960,BioBERT,controlled_paraphrase,mixed,0.2931726907630522,3,1,"{""C1447749"": 3}",-0.0,-0.0,0.0
mm_0024960,PubMedBERT,back_translation,mixed,0.25301204819277107,3,2,"{""C1839576"": 1, ""C1447749"": 2}",0.9182958340544896,0.579380164285695,0.0
mm_0024960,PubMedBERT,controlled_paraphrase,mixed,0.2931726907630522,3,1,"{""C1839576"": 3}",-0.0,-0.0,0.0
mm_0025176,BERT-base,back_translation,mixed,0.09032258064516129,3,1,"{""UMLS:C1707887"": 3}",-0.0,-0.0,0.0
mm_0025176,BERT-base,controlled_paraphrase,mixed,0.5290322580645161,3,2,"{""UMLS:C1707887"": 1, ""UMLS:C0242193"": 2}",0.9182958340544896,0.579380164285695,0.0
mm_0025176,BERT-base,synonym_substitution,modifier,0.05567484662576687,3,2,"{""UMLS:C1707887"": 2, ""UMLS:C0242193"": 1}",0.9182958340544896,0.579380164285695,0.0
mm_0025176,BERT-base,syntactic_reordering,mixed,0.3225806451612903,3,2,"{""UMLS:C1707887"": 1, ""UMLS:C0242193"": 2}",0.9182958340544896,0.579380164285695,0.0
mm_0025176,BioBERT,back_translation,mixed,0.09032258064516129,3,1,"{""C1447749"": 3}",-0.0,-0.0,0.0
mm_0025176,BioBERT,controlled_paraphrase,mixed,0.5290322580645161,3,2,"{""C1447749"": 1, ""UMLS:C1707887"": 2}",0.9182958340544896,0.579380164285695,0.0
mm_0025176,BioBERT,synonym_substitution,modifier,0.05567484662576687,3,2,"{""C1447749"": 2, ""UMLS:C1707887"": 1}",0.9182958340544896,0.579380164285695,0.0
mm_0025176,BioBERT,syntactic_reordering,mixed,0.3225806451612903,3,2,"{""C1447749"": 1, ""UMLS:C1707887"": 2}",0.9182958340544896,0.579380164285695,0.0
mm_0025176,PubMedBERT,back_translation,mixed,0.09032258064516129,3,1,"{""C1447749"": 3}",-0.0,-0.0,0.0
mm_0025176,PubMedBERT,controlled_paraphrase,mixed,0.5290322580645161,3,1,"{""C1447749"": 3}",-0.0,-0.0,0.0
mm_0025176,PubMedBERT,synonym_substitution,modifier,0.05567484662576687,3,1,"{""C1447749"": 3}",-0.0,-0.0,0.0
mm_0025176,PubMedBERT,syntactic_reordering,mixed,0.3225806451612903,3,1,"{""C1447749"": 3}",-0.0,-0.0,0.0
mm_0025371,BERT-base,back_translation,mixed,0.1897810218978102,3,1,"{""C0034698"": 3}",-0.0,-0.0,0.0
mm_0025371,BERT-base,controlled_paraphrase,mixed,0.28832116788321166,3,1,"{""C0034698"": 3}",-0.0,-0.0,0.0
mm_0025371,BERT-base,synonym_substitution,noun,0.08029197080291971,2,1,"{""C0034698"": 2}",-0.0,-0.0,0.0
mm_0025371,BioBERT,back_translation,mixed,0.1897810218978102,3,1,"{""UMLS:C1257990"": 3}",-0.0,-0.0,0.0
mm_0025371,BioBERT,controlled_paraphrase,mixed,0.28832116788321166,3,2,"{""UMLS:C1257990"": 1, ""UMLS:C1707887"": 2}",0.9182958340544896,0.579380164285695,0.0
mm_0025371,BioBERT,synonym_substitution,noun,0.08029197080291971,2,1,"{""UMLS:C1257990"": 2}",-0.0,-0.0,0.0
mm_0025371,PubMedBERT,back_translation,mixed,0.1897810218978102,3,2,"{""C1839576"": 1, ""C1447749"": 2}",0.9182958340544896,0.579380164285695,0.0
mm_0025371,PubMedBERT,controlled_paraphrase,mixed,0.28832116788321166,3,2,"{""C1839576"": 2, ""C1447749"": 1}",0.9182958340544896,0.579380164285695,0.0
mm_0025371,PubMedBERT,synonym_substitution,noun,0.08029197080291971,2,2,"{""C1839576"": 1, ""C1447749"": 1}",1.0,1.0,0.0
mm_0026424,BERT-base,back_translation,mixed,0.06578947368421052,3,1,"{""UMLS:C1257990"": 3}",-0.0,-0.0,0.0
mm_0026424,BERT-base,controlled_paraphrase,mixed,0.31333333333333335,3,1,"{""UMLS:C1257990"": 3}",-0.0,-0.0,0.0
mm_0026424,BERT-base,synonym_substitution,noun,0.08333333333333333,2,1,"{""UMLS:C1257990"": 2}",-0.0,-0.0,0.0
mm_0026424,BERT-base,synonym_substitution,verb,0.07333333333333333,2,1,"{""UMLS:C1257990"": 2}",-0.0,-0.0,0.0
mm_0026424,BioBERT,back_translation,mixed,0.06578947368421052,3,1,"{""UMLS:C1257990"": 3}",-0.0,-0.0,0.0
mm_0026424,BioBERT,controlled_paraphrase,mixed,0.31333333333333335,3,1,"{""UMLS:C1257990"": 3}",-0.0,-0.0,0.0
mm_0026424,BioBERT,synonym_substitution,noun,0.08333333333333333,2,1,"{""UMLS:C1257990"": 2}",-0.0,-0.0,0.0
mm_0026424,BioBERT,synonym_substitution,verb,0.07333333333333333,2,1,"{""UMLS:C1257990"": 2}",-0.0,-0.0,0.0
mm_0026424,PubMedBERT,back_translation,mixed,0.06578947368421052,3,1,"{""C1447749"": 3}",-0.0,-0.0,0.0
mm_0026424,PubMedBERT,controlled_paraphrase,mixed,0.31333333333333335,3,1,"{""C1447749"": 3}",-0.0,-0.0,0.0
mm_0026424,PubMedBERT,synonym_substitution,noun,0.08333333333333333,2,1,"{""C1447749"": 2}",-0.0,-0.0,0.0
mm_0026424,PubMedBERT,synonym_substitution,verb,0.07333333333333333,2,1,"{""C1447749"": 2}",-0.0,-0.0,0.0
mm_0026578,BERT-base,synonym_substitution,noun,0.07657657657657657,2,1,"{""UMLS:C1707887"": 2}",-0.0,-0.0,0.0
mm_0026578,BERT-base,synonym_substitution,verb,0.05687203791469194,2,1,"{""UMLS:C1707887"": 2}",-0.0,-0.0,0.0
mm_0026578,BioBERT,synonym_substitution,noun,0.07657657657657657,2,1,"{""C0027609"": 2}",-0.0,-0.0,0.0
mm_0026578,BioBERT,synonym_substitution,verb,0.05687203791469194,2,1,"{""C0027609"": 2}",-0.0,-0.0,0.0
mm_0026578,PubMedBERT,synonym_substitution,noun,0.07657657657657657,2,1,"{""C1447749"": 2}",-0.0,-0.0,0.0
mm_0026578,PubMedBERT,synonym_substitution,verb,0.05687203791469194,2,1,"{""C1447749"": 2}",-0.0,-0.0,0.0
mm_0027474,BERT-base,back_translation,mixed,0.16976127320954906,3,2,"{""C0280321"": 1, ""UMLS:C1257990"": 2}",0.9182958340544896,0.579380164285695,0.0
mm_0027474,BioBERT,back_translation,mixed,0.16976127320954906,3,2,"{""C0280324"": 1, ""C1431519"": 2}",0.9182958340544896,0.579380164285695,0.0
mm_0027474,PubMedBERT,back_translation,mixed,0.16976127320954906,3,1,"{""C1839576"": 3}",-0.0,-0.0,0.0
mm_0027509,BERT-base,back_translation,mixed,0.21951219512195122,3,1,"{""UMLS:C1257990"": 3}",-0.0,-0.0,0.0
mm_0027509,BERT-base,controlled_paraphrase,mixed,0.14391143911439114,3,1,"{""UMLS:C1257990"": 3}",-0.0,-0.0,0.0
mm_0027509,BioBERT,back_translation,mixed,0.21951219512195122,3,1,"{""C1312419"": 3}",-0.0,-0.0,0.0
mm_0027509,BioBERT,controlled_paraphrase,mixed,0.14391143911439114,3,2,"{""C1312419"": 1, ""C1447749"": 2}",0.9182958340544896,0.579380164285695,0.0
mm_0027509,PubMedBERT,back_translation,mixed,0.21951219512195122,3,1,"{""C1839576"": 3}",-0.0,-0.0,0.0
mm_0027509,PubMedBERT,controlled_paraphrase,mixed,0.14391143911439114,3,2,"{""C1839576"": 1, ""C1447749"": 2}",0.9182958340544896,0.579380164285695,0.0
mm_0027520,BERT-base,back_translation,mixed,0.14948453608247422,3,1,"{""UMLS:C1257990"": 3}",-0.0,-0.0,0.0
mm_0027520,BERT-base,controlled_paraphrase,mixed,0.34269725177304966,3,1,"{""UMLS:C1257990"": 3}",-0.0,-0.0,0.0
mm_0027520,BERT-base,synonym_substitution,verb,0.05851063829787234,2,1,"{""UMLS:C1257990"": 2}",-0.0,-0.0,0.0
mm_0027520,BERT-base,syntactic_reordering,mixed,0.13829787234042554,3,1,"{""UMLS:C1257990"": 3}",-0.0,-0.0,0.0
mm_0027520,BioBERT,back_translation,mixed,0.14948453608247422,3,2,"{""C0034885"": 1, ""UMLS:C1257990"": 2}",0.9182958340544896,0.579380164285695,0.0
mm_0027520,BioBERT,controlled_paraphrase,mixed,0.34269725177304966,3,2,"{""C0034885"": 1, ""UMLS:C1257990"": 2}",0.9182958340544896,0.579380164285695,0.0
mm_0027520,BioBERT,synonym_substitution,verb,0.05851063829787234,2,1,"{""C0034885"": 2}",-0.0,-0.0,0.0
mm_0027520,BioBERT,syntactic_reordering,mixed,0.13829787234042554,3,1,"{""C0034885"": 3}",-0.0,-0.0,0.0
mm_0027520,PubMedBERT,back_translation,mixed,0.14948453608247422,3,1,"{""C1839576"": 3}",-0.0,-0.0,0.0
mm_0027520,PubMedBERT,controlled_paraphrase,mixed,0.34269725177304966,3,1,"{""C1839576"": 3}",-0.0,-0.0,0.0
mm_0027520,PubMedBERT,synonym_substitution,verb,0.05851063829787234,2,1,"{""C1839576"": 2}",-0.0,-0.0,0.0
mm_0027520,PubMedBERT,syntactic_reordering,mixed,0.13829787234042554,3,1,"{""C1839576"": 3}",-0.0,-0.0,0.0
mm_0028097,BERT-base,synonym_substitution,noun,0.060744810744810744,3,1,"{""C1134421"": 3}",-0.0,-0.0,0.0
mm_0028097,BERT-base,syntactic_reordering,mixed,0.5747126436781609,2,1,"{""C1134421"": 2}",-0.0,-0.0,0.0
mm_0028097,BioBERT,synonym_substitution,noun,0.060744810744810744,3,2,"{""C0265267"": 1, ""UMLS:C1015514"": 2}",0.9182958340544896,0.579380164285695,0.0
mm_0028097,BioBERT,syntactic_reordering,mixed,0.5747126436781609,2,2,"{""C0265267"": 1, ""C0006121"": 1}",1.0,1.0,0.0
mm_0028097,PubMedBERT,synonym_substitution,noun,0.060744810744810744,3,1,"{""UMLS:C0242724"": 3}",-0.0,-0.0,0.0
mm_0028097,PubMedBERT,syntactic_reordering,mixed,0.5747126436781609,2,1,"{""UMLS:C0242724"": 2}",-0.0,-0.0,0.0
mm_0028311,BERT-base,back_translation,modifier,0.11538461538461539,3,2,"{""C1136156"": 1, ""UMLS:C1283169"": 2}",0.9182958340544896,0.579380164285695,0.0
mm_0028311,BERT-base,synonym_substitution,verb,0.09401709401709402,3,1,"{""C1136156"": 3}",-0.0,-0.0,0.0
mm_0028311,BioBERT,back_translation,modifier,0.11538461538461539,3,1,"{""UMLS:C1707887"": 3}",-0.0,-0.0,0.0
mm_0028311,BioBERT,synonym_substitution,verb,0.09401709401709402,3,1,"{""UMLS:C1707887"": 3}",-0.0,-0.0,0.0
mm_0028311,PubMedBERT,back_translation,modifier,0.11538461538461539,3,1,"{""UMLS:C0035363"": 3}",-0.0,-0.0,0.0
mm_0028311,PubMedBERT,synonym_substitution,verb,0.09401709401709402,3,1,"{""UMLS:C0035363"": 3}",-0.0,-0.0,0.0
mm_0028386,BERT-base,back_translation,mixed,0.1875,3,1,"{""C1257965"": 3}",-0.0,-0.0,0.0
mm_0028386,BERT-base,controlled_paraphrase,mixed,0.5932203389830508,2,2,"{""C1257965"": 1, ""C1739108"": 1}",1.0,1.0,0.0
mm_0028386,BERT-base,synonym_substitution,noun,0.05934111759799833,3,1,"{""C1257965"": 3}",-0.0,-0.0,0.0
mm_0028386,BERT-base,syntactic_reordering,noun,0.34951456310679613,3,1,"{""C1257965"": 3}",-0.0,-0.0,0.0
mm_0028386,BioBERT,back_translation,mixed,0.1875,3,1,"{""C3888018"": 3}",-0.0,-0.0,0.0
mm_0028386,BioBERT,controlled_paraphrase,mixed,0.5932203389830508,2,1,"{""C3888018"": 2}",-0.0,-0.0,0.0
mm_0028386,BioBERT,synonym_substitution,noun,0.05934111759799833,3,2,"{""C3888018"": 1, ""C0032914"": 2}",0.9182958340544896,0.579380164285695,0.0
mm_0028386,BioBERT,syntactic_reordering,noun,0.34951456310679613,3,2,"{""C3888018"": 1, ""C0032914"": 2}",0.9182958340544896,0.579380164285695,0.0
mm_0028386,PubMedBERT,back_translation,mixed,0.1875,3,1,"{""C1839576"": 3}",-0.0,-0.0,0.0
mm_0028386,PubMedBERT,controlled_paraphrase,mixed,0.5932203389830508,2,1,"{""C1839576"": 2}",-0.0,-0.0,0.0
mm_0028386,PubMedBERT,synonym_substitution,noun,0.05934111759799833,3,2,"{""C1839576"": 1, ""C1447749"": 2}",0.9182958340544896,0.579380164285695,0.0
mm_0028386,PubMedBERT,syntactic_reordering,noun,0.34951456310679613,3,1,"{""C1839576"": 3}",-0.0,-0.0,0.0
mm_0028492,BERT-base,back_translation,mixed,0.35403726708074534,3,1,"{""UMLS:C1257990"": 3}",-0.0,-0.0,0.0
mm_0028492,BERT-base,controlled_paraphrase,mixed,0.3351645157539821,3,1,"{""UMLS:C1257990"": 3}",-0.0,-0.0,0.0
mm_0028492,BERT-base,synonym_substitution,modifier,0.05660377358490566,2,1,"{""UMLS:C1257990"": 2}",-0.0,-0.0,0.0
mm_0028492,BERT-base,synonym_substitution,noun,0.1111111111111111,2,1,"{""UMLS:C1257990"": 2}",-0.0,-0.0,0.0
mm_0028492,BioBERT,back_translation,mixed,0.35403726708074534,3,1,"{""C1868801"": 3}",-0.0,-0.0,0.0
mm_0028492,BioBERT,controlled_paraphrase,mixed,0.3351645157539821,3,1,"{""C1868801"": 3}",-0.0,-0.0,0.0
mm_0028492,BioBERT,synonym_substitution,modifier,0.05660377358490566,2,1,"{""C1868801"": 2}",-0.0,-0.0,0.0
mm_0028492,BioBERT,synonym_substitution,noun,0.1111111111111111,2,1,"{""C1868801"": 2}",-0.0,-0.0,0.0
mm_0028492,PubMedBERT,back_translation,mixed,0.35403726708074534,3,1,"{""C1839576"": 3}",-0.0,-0.0,0.0
mm_0028492,PubMedBERT,controlled_paraphrase,mixed,0.3351645157539821,3,1,"{""C1839576"": 3}",-0.0,-0.0,0.0
mm_0028492,PubMedBERT,synonym_substitution,modifier,0.05660377358490566,2,1,"{""C1839576"": 2}",-0.0,-0.0,0.0
mm_0028492,PubMedBERT,synonym_substitution,noun,0.1111111111111111,2,1,"{""C1839576"": 2}",-0.0,-0.0,0.0
mm_0028536,BERT-base,syntactic_reordering,mixed,0.5075757575757576,3,1,"{""C1312419"": 3}",-0.0,-0.0,0.0
mm_0028536,BioBERT,syntactic_reordering,mixed,0.5075757575757576,3,1,"{""C0265267"": 3}",-0.0,-0.0,0.0
mm_0028536,PubMedBERT,syntactic_reordering,mixed,0.5075757575757576,3,1,"{""C1447749"": 3}",-0.0,-0.0,0.0
mm_0029538,BERT-base,back_translation,mixed,0.24022346368715083,3,1,"{""UMLS:C0242193"": 3}",-0.0,-0.0,0.0
mm_0029538,BERT-base,controlled_paraphrase,mixed,0.45272206303724927,3,1,"{""UMLS:C0242193"": 3}",-0.0,-0.0,0.0
mm_0029538,BERT-base,synonym_substitution,noun,0.05277777777777778,2,1,"{""UMLS:C0242193"": 2}",-0.0,-0.0,0.0
mm_0029538,BioBERT,back_translation,mixed,0.24022346368715083,3,2,"{""C0027609"": 1, ""C1447749"": 2}",0.9182958340544896,0.579380164285695,0.0
mm_0029538,BioBERT,controlled_paraphrase,mixed,0.45272206303724927,3,1,"{""C0027609"": 3}",-0.0,-0.0,0.0
mm_0029538,BioBERT,synonym_substitution,noun,0.05277777777777778,2,1,"{""C0027609"": 2}",-0.0,-0.0,0.0
mm_0029538,PubMedBERT,back_translation,mixed,0.24022346368715083,3,2,"{""C1447749"": 1, ""C1839576"": 2}",0.9182958340544896,0.579380164285695,0.0
mm_0029538,PubMedBERT,controlled_paraphrase,mixed,0.45272206303724927,3,1,"{""C1447749"": 3}",-0.0,-0.0,0.0
mm_0029538,PubMedBERT,synonym_substitution,noun,0.05277777777777778,2,1,"{""C1447749"": 2}",-0.0,-0.0,0.0
mm_0030505,BERT-base,back_translation,mixed,0.17886178861788618,3,1,"{""UMLS:C1257990"": 3}",-0.0,-0.0,0.0
mm_0030505,BERT-base,controlled_paraphrase,mixed,0.2768595041322314,2,1,"{""UMLS:C1257990"": 2}",-0.0,-0.0,0.0
mm_0030505,BERT-base,synonym_substitution,noun,0.11194029850746269,2,1,"{""UMLS:C1257990"": 2}",-0.0,-0.0,0.0
mm_0030505,BERT-base,synonym_substitution,verb,0.11787072243346007,2,1,"{""UMLS:C1257990"": 2}",-0.0,-0.0,0.0
mm_0030505,BioBERT,back_translation,mixed,0.17886178861788618,3,1,"{""C0008396"": 3}",-0.0,-0.0,0.0
mm_0030505,BioBERT,controlled_paraphrase,mixed,0.2768595041322314,2,1,"{""C0008396"": 2}",-0.0,-0.0,0.0
mm_0030505,BioBERT,synonym_substitution,noun,0.11194029850746269,2,1,"{""C0008396"": 2}",-0.0,-0.0,0.0
mm_0030505,BioBERT,synonym_substitution,verb,0.11787072243346007,2,1,"{""C0008396"": 2}",-0.0,-0.0,0.0
mm_0030505,PubMedBERT,back_translation,mixed,0.17886178861788618,3,2,"{""C1839576"": 1, ""C0015131"": 2}",0.9182958340544896,0.579380164285695,0.0
mm_0030505,PubMedBERT,controlled_paraphrase,mixed,0.2768595041322314,2,1,"{""C1839576"": 2}",-0.0,-0.0,0.0
mm_0030505,PubMedBERT,synonym_substitution,noun,0.11194029850746269,2,1,"{""C1839576"": 2}",-0.0,-0.0,0.0
mm_0030505,PubMedBERT,synonym_substitution,verb,0.11787072243346007,2,1,"{""C1839576"": 2}",-0.0,-0.0,0.0
mm_0030723,BERT-base,controlled_paraphrase,mixed,0.5557619144098512,3,2,"{""C1431519"": 1, ""C1739108"": 2}",0.9182958340544896,0.579380164285695,0.0
mm_0030723,BERT-base,synonym_substitution,modifier,0.08620689655172414,2,1,"{""C1431519"": 2}",-0.0,-0.0,0.0
mm_0030723,BERT-base,synonym_substitution,verb,0.08522727272727272,2,1,"{""C1431519"": 2}",-0.0,-0.0,0.0
mm_0030723,BioBERT,controlled_paraphrase,mixed,0.5557619144098512,3,2,"{""C1447749"": 2, ""C0265267"": 1}",0.9182958340544896,0.579380164285695,0.0
mm_0030723,BioBERT,synonym_substitution,modifier,0.08620689655172414,2,1,"{""C1447749"": 2}",-0.0,-0.0,0.0
mm_0030723,BioBERT,synonym_substitution,verb,0.08522727272727272,2,2,"{""C1447749"": 1, ""UMLS:C1707887"": 1}",1.0,1.0,0.0
mm_0030723,PubMedBERT,controlled_paraphrase,mixed,0.5557619144098512,3,1,"{""C1839576"": 3}",-0.0,-0.0,0.0
mm_0030723,PubMedBERT,synonym_substitution,modifier,0.08620689655172414,2,1,"{""C1839576"": 2}",-0.0,-0.0,0.0
mm_0030723,PubMedBERT,synonym_substitution,verb,0.08522727272727272,2,1,"{""C1839576"": 2}",-0.0,-0.0,0.0
mm_0030830,BERT-base,back_translation,unknown,0.13846153846153847,3,2,"{""C0282597"": 1, ""UMLS:C1257990"": 2}",0.9182958340544896,0.579380164285695,0.0
mm_0030830,BERT-base,synonym_substitution,noun,0.06153846153846154,2,1,"{""C0282597"": 2}",-0.0,-0.0,0.0
mm_0030830,BERT-base,synonym_substitution,verb,0.06153846153846154,2,2,"{""C0282597"": 1, ""UMLS:C1257990"": 1}",1.0,1.0,0.0
mm_0030830,BERT-base,syntactic_reordering,mixed,0.49230769230769234,3,1,"{""C0282597"": 3}",-0.0,-0.0,0.0
mm_0030830,BioBERT,back_translation,unknown,0.13846153846153847,3,1,"{""UMLS:C1707887"": 3}",-0.0,-0.0,0.0
mm_0030830,BioBERT,synonym_substitution,noun,0.06153846153846154,2,1,"{""UMLS:C1707887"": 2}",-0.0,-0.0,0.0
mm_0030830,BioBERT,synonym_substitution,verb,0.06153846153846154,2,1,"{""UMLS:C1707887"": 2}",-0.0,-0.0,0.0
mm_0030830,BioBERT,syntactic_reordering,mixed,0.49230769230769234,3,1,"{""UMLS:C1707887"": 3}",-0.0,-0.0,0.0
mm_0030830,PubMedBERT,back_translation,unknown,0.13846153846153847,3,1,"{""C1839576"": 3}",-0.0,-0.0,0.0
mm_0030830,PubMedBERT,synonym_substitution,noun,0.06153846153846154,2,1,"{""C1839576"": 2}",-0.0,-0.0,0.0
mm_0030830,PubMedBERT,synonym_substitution,verb,0.06153846153846154,2,1,"{""C1839576"": 2}",-0.0,-0.0,0.0
mm_0030830,PubMedBERT,syntactic_reordering,mixed,0.49230769230769234,3,1,"{""C1839576"": 3}",-0.0,-0.0,0.0
mm_0031319,BERT-base,back_translation,mixed,0.08411214953271028,3,2,"{""C1955876"": 1, ""C1312419"": 2}",0.9182958340544896,0.579380164285695,0.0
mm_0031319,BioBERT,back_translation,mixed,0.08411214953271028,3,1,"{""C0008354"": 3}",-0.0,-0.0,0.0
mm_0031319,PubMedBERT,back_translation,mixed,0.08411214953271028,3,1,"{""C1839576"": 3}",-0.0,-0.0,0.0
mm_0031336,BERT-base,back_translation,mixed,0.20618556701030927,3,2,"{""UMLS:C1257990"": 1, ""C0034698"": 2}",0.9182958340544896,0.579380164285695,0.0
mm_0031336,BERT-base,controlled_paraphrase,mixed,0.35051546391752575,3,1,"{""UMLS:C1257990"": 3}",-0.0,-0.0,0.0
mm_0031336,BERT-base,synonym_substitution,modifier,0.05154639175257732,2,1,"{""UMLS:C1257990"": 2}",-0.0,-0.0,0.0
mm_0031336,BERT-base,synonym_substitution,verb,0.05670103092783505,2,1,"{""UMLS:C1257990"": 2}",-0.0,-0.0,0.0
mm_0031336,BioBERT,back_translation,mixed,0.20618556701030927,3,1,"{""C0008354"": 3}",-0.0,-0.0,0.0
mm_0031336,BioBERT,controlled_paraphrase,mixed,0.35051546391752575,3,1,"{""C0008354"": 3}",-0.0,-0.0,0.0
mm_0031336,BioBERT,synonym_substitution,modifier,0.05154639175257732,2,1,"{""C0008354"": 2}",-0.0,-0.0,0.0
mm_0031336,BioBERT,synonym_substitution,verb,0.05670103092783505,2,1,"{""C0008354"": 2}",-0.0,-0.0,0.0
mm_0031336,PubMedBERT,back_translation,mixed,0.20618556701030927,3,1,"{""C1839576"": 3}",-0.0,-0.0,0.0
mm_0031336,PubMedBERT,controlled_paraphrase,mixed,0.35051546391752575,3,1,"{""C1839576"": 3}",-0.0,-0.0,0.0
mm_0031336,PubMedBERT,synonym_substitution,modifier,0.05154639175257732,2,1,"{""C1839576"": 2}",-0.0,-0.0,0.0
mm_0031336,PubMedBERT,synonym_substitution,verb,0.05670103092783505,2,1,"{""C1839576"": 2}",-0.0,-0.0,0.0
mm_0031384,BERT-base,back_translation,mixed,0.18618618618618618,3,1,"{""C1312419"": 3}",-0.0,-0.0,0.0
mm_0031384,BERT-base,controlled_paraphrase,mixed,0.49683544303797467,3,2,"{""C1312419"": 2, ""C1447749"": 1}",0.9182958340544896,0.579380164285695,0.0
mm_0031384,BERT-base,synonym_substitution,noun,0.08035714285714286,2,1,"{""C1312419"": 2}",-0.0,-0.0,0.0
mm_0031384,BERT-base,synonym_substitution,verb,0.07507507507507508,2,1,"{""C1312419"": 2}",-0.0,-0.0,0.0
mm_0031384,BioBERT,back_translation,mixed,0.18618618618618618,3,1,"{""UMLS:C1257990"": 3}",-0.0,-0.0,0.0
mm_0031384,BioBERT,controlled_paraphrase,mixed,0.49683544303797467,3,1,"{""UMLS:C1257990"": 3}",-0.0,-0.0,0.0
mm_0031384,BioBERT,synonym_substitution,noun,0.08035714285714286,2,1,"{""UMLS:C1257990"": 2}",-0.0,-0.0,0.0
mm_0031384,BioBERT,synonym_substitution,verb,0.07507507507507508,2,1,"{""UMLS:C1257990"": 2}",-0.0,-0.0,0.0
mm_0031384,PubMedBERT,back_translation,mixed,0.18618618618618618,3,1,"{""C0059438"": 3}",-0.0,-0.0,0.0
mm_0031384,PubMedBERT,controlled_paraphrase,mixed,0.49683544303797467,3,2,"{""C0059438"": 2, ""UMLS:C1257990"": 1}",0.9182958340544896,0.579380164285695,0.0
mm_0031384,PubMedBERT,synonym_substitution,noun,0.08035714285714286,2,1,"{""C0059438"": 2}",-0.0,-0.0,0.0
mm_0031384,PubMedBERT,synonym_substitution,verb,0.07507507507507508,2,2,"{""C0059438"": 1, ""C1839576"": 1}",1.0,1.0,0.0
mm_0032024,BERT-base,back_translation,verb,0.189873417721519,3,1,"{""UMLS:C0242193"": 3}",-0.0,-0.0,1.0
mm_0032024,BERT-base,controlled_paraphrase,mixed,0.2185430463576159,2,1,"{""UMLS:C0242193"": 2}",-0.0,-0.0,1.0
mm_0032024,BERT-base,controlled_paraphrase,verb,0.3708609271523179,2,1,"{""UMLS:C0242193"": 2}",-0.0,-0.0,1.0
mm_0032024,BERT-base,synonym_substitution,noun,0.05660377358490566,2,1,"{""UMLS:C0242193"": 2}",-0.0,-0.0,1.0
mm_0032024,BioBERT,back_translation,verb,0.189873417721519,3,1,"{""UMLS:C0242193"": 3}",-0.0,-0.0,1.0
mm_0032024,BioBERT,controlled_paraphrase,mixed,0.2185430463576159,2,1,"{""UMLS:C0242193"": 2}",-0.0,-0.0,1.0
mm_0032024,BioBERT,controlled_paraphrase,verb,0.3708609271523179,2,1,"{""UMLS:C0242193"": 2}",-0.0,-0.0,1.0
mm_0032024,BioBERT,synonym_substitution,noun,0.05660377358490566,2,1,"{""UMLS:C0242193"": 2}",-0.0,-0.0,1.0
mm_0032024,PubMedBERT,back_translation,verb,0.189873417721519,3,1,"{""UMLS:C0242193"": 3}",-0.0,-0.0,1.0
mm_0032024,PubMedBERT,controlled_paraphrase,mixed,0.2185430463576159,2,1,"{""UMLS:C0242193"": 2}",-0.0,-0.0,1.0
mm_0032024,PubMedBERT,controlled_paraphrase,verb,0.3708609271523179,2,1,"{""UMLS:C0242193"": 2}",-0.0,-0.0,1.0
mm_0032024,PubMedBERT,synonym_substitution,noun,0.05660377358490566,2,1,"{""UMLS:C0242193"": 2}",-0.0,-0.0,1.0
mm_0032896,BERT-base,controlled_paraphrase,mixed,0.5027472527472527,3,1,"{""C0034698"": 3}",-0.0,-0.0,0.0
mm_0032896,BioBERT,controlled_paraphrase,mixed,0.5027472527472527,3,1,"{""C0265267"": 3}",-0.0,-0.0,0.0
mm_0032896,PubMedBERT,controlled_paraphrase,mixed,0.5027472527472527,3,1,"{""C1839576"": 3}",-0.0,-0.0,0.0
mm_0033033,BERT-base,back_translation,mixed,0.18994413407821228,3,1,"{""C1447749"": 3}",-0.0,-0.0,0.0
mm_0033033,BERT-base,synonym_substitution,function_word,0.08433734939759036,2,1,"{""C1447749"": 2}",-0.0,-0.0,0.0
mm_0033033,BERT-base,synonym_substitution,verb,0.07100591715976332,2,1,"{""C1447749"": 2}",-0.0,-0.0,0.0
mm_0033033,BioBERT,back_translation,mixed,0.18994413407821228,3,1,"{""C0027609"": 3}",-0.0,-0.0,0.0
mm_0033033,BioBERT,synonym_substitution,function_word,0.08433734939759036,2,1,"{""C0027609"": 2}",-0.0,-0.0,0.0
mm_0033033,BioBERT,synonym_substitution,verb,0.07100591715976332,2,1,"{""C0027609"": 2}",-0.0,-0.0,0.0
mm_0033033,PubMedBERT,back_translation,mixed,0.18994413407821228,3,2,"{""C1839576"": 1, ""C1447749"": 2}",0.9182958340544896,0.579380164285695,0.0
mm_0033033,PubMedBERT,synonym_substitution,function_word,0.08433734939759036,2,1,"{""C1839576"": 2}",-0.0,-0.0,0.0
mm_0033033,PubMedBERT,synonym_substitution,verb,0.07100591715976332,2,1,"{""C1839576"": 2}",-0.0,-0.0,0.0
mm_0033615,BERT-base,back_translation,mixed,0.15426997245179064,3,1,"{""C1447749"": 3}",-0.0,-0.0,0.0
mm_0033615,BERT-base,controlled_paraphrase,mixed,0.34573002754820936,3,1,"{""C1447749"": 3}",-0.0,-0.0,0.0
mm_0033615,BERT-base,synonym_substitution,noun,0.05804749340369393,2,1,"{""C1447749"": 2}",-0.0,-0.0,0.0
mm_0033615,BioBERT,back_translation,mixed,0.15426997245179064,3,2,"{""C1370369"": 1, ""UMLS:C1257990"": 2}",0.9182958340544896,0.579380164285695,0.0
mm_0033615,BioBERT,controlled_paraphrase,mixed,0.34573002754820936,3,2,"{""C1370369"": 1, ""C1312419"": 2}",0.9182958340544896,0.579380164285695,0.0
mm_0033615,BioBERT,synonym_substitution,noun,0.05804749340369393,2,2,"{""C1370369"": 1, ""C0008396"": 1}",1.0,1.0,0.0
mm_0033615,PubMedBERT,back_translation,mixed,0.15426997245179064,3,1,"{""C1447749"": 3}",-0.0,-0.0,0.0
mm_0033615,PubMedBERT,controlled_paraphrase,mixed,0.34573002754820936,3,2,"{""C1447749"": 1, ""C1839576"": 2}",0.9182958340544896,0.579380164285695,0.0
mm_0033615,PubMedBERT,synonym_substitution,noun,0.05804749340369393,2,1,"{""C1447749"": 2}",-0.0,-0.0,0.0
mm_0034026,BERT-base,synonym_substitution,noun,0.0972972972972973,2,1,"{""UMLS:C0038467"": 2}",-0.0,-0.0,0.0
mm_0034026,BERT-base,synonym_substitution,verb,0.09444444444444444,2,1,"{""UMLS:C0038467"": 2}",-0.0,-0.0,0.0
mm_0034026,BioBERT,synonym_substitution,noun,0.0972972972972973,2,1,"{""UMLS:C1257990"": 2}",-0.0,-0.0,0.0
mm_0034026,BioBERT,synonym_substitution,verb,0.09444444444444444,2,2,"{""UMLS:C1257990"": 1, ""UMLS:C0038467"": 1}",1.0,1.0,0.0
mm_0034026,PubMedBERT,synonym_substitution,noun,0.0972972972972973,2,1,"{""UMLS:C0038467"": 2}",-0.0,-0.0,0.0
mm_0034026,PubMedBERT,synonym_substitution,verb,0.09444444444444444,2,1,"{""UMLS:C0038467"": 2}",-0.0,-0.0,0.0
mm_0034135,BERT-base,back_translation,mixed,0.1111111111111111,3,1,"{""C0040048"": 3}",-0.0,-0.0,0.0
mm_0034135,BERT-base,controlled_paraphrase,mixed,0.125,3,1,"{""C0040048"": 3}",-0.0,-0.0,0.0
mm_0034135,BERT-base,synonym_substitution,modifier,0.06451612903225806,2,1,"{""C0040048"": 2}",-0.0,-0.0,0.0
mm_0034135,BERT-base,synonym_substitution,verb,0.0593607305936073,2,1,"{""C0040048"": 2}",-0.0,-0.0,0.0
mm_0034135,BioBERT,back_translation,mixed,0.1111111111111111,3,2,"{""C1839576"": 1, ""C1447749"": 2}",0.9182958340544896,0.579380164285695,0.0
mm_0034135,BioBERT,controlled_paraphrase,mixed,0.125,3,2,"{""C1839576"": 1, ""C1447749"": 2}",0.9182958340544896,0.579380164285695,0.0
mm_0034135,BioBERT,synonym_substitution,modifier,0.06451612903225806,2,1,"{""C1839576"": 2}",-0.0,-0.0,0.0
mm_0034135,BioBERT,synonym_substitution,verb,0.0593607305936073,2,1,"{""C1839576"": 2}",-0.0,-0.0,0.0
mm_0034135,PubMedBERT,back_translation,mixed,0.1111111111111111,3,1,"{""C1839576"": 3}",-0.0,-0.0,0.0
mm_0034135,PubMedBERT,controlled_paraphrase,mixed,0.125,3,1,"{""C1839576"": 3}",-0.0,-0.0,0.0
mm_0034135,PubMedBERT,synonym_substitution,modifier,0.06451612903225806,2,1,"{""C1839576"": 2}",-0.0,-0.0,0.0
mm_0034135,PubMedBERT,synonym_substitution,verb,0.0593607305936073,2,1,"{""C1839576"": 2}",-0.0,-0.0,0.0
mm_0035154,BERT-base,back_translation,mixed,0.19680851063829788,3,1,"{""C1447749"": 3}",-0.0,-0.0,0.0
mm_0035154,BERT-base,controlled_paraphrase,mixed,0.5642201834862385,3,1,"{""C1447749"": 3}",-0.0,-0.0,0.0
mm_0035154,BERT-base,synonym_substitution,verb,0.06900821794438816,3,2,"{""C1447749"": 2, ""UMLS:C1257990"": 1}",0.9182958340544896,0.579380164285695,0.0
mm_0035154,BioBERT,back_translation,mixed,0.19680851063829788,3,1,"{""UMLS:C1257990"": 3}",-0.0,-0.0,0.0
mm_0035154,BioBERT,controlled_paraphrase,mixed,0.5642201834862385,3,1,"{""UMLS:C1257990"": 3}",-0.0,-0.0,0.0
mm_0035154,BioBERT,synonym_substitution,verb,0.06900821794438816,3,1,"{""UMLS:C1257990"": 3}",-0.0,-0.0,0.0
mm_0035154,PubMedBERT,back_translation,mixed,0.19680851063829788,3,2,"{""C1839576"": 1, ""C1447749"": 2}",0.9182958340544896,0.579380164285695,0.0
mm_0035154,PubMedBERT,controlled_paraphrase,mixed,0.5642201834862385,3,1,"{""C1839576"": 3}",-0.0,-0.0,0.0
mm_0035154,PubMedBERT,synonym_substitution,verb,0.06900821794438816,3,1,"{""C1839576"": 3}",-0.0,-0.0,0.0
mm_0035353,BERT-base,back_translation,mixed,0.28846153846153844,3,1,"{""C0075128"": 3}",-0.0,-0.0,0.0
mm_0035353,BERT-base,controlled_paraphrase,mixed,0.47115384615384615,3,2,"{""C0075128"": 2, ""C3888046"": 1}",0.9182958340544896,0.579380164285695,0.0
mm_0035353,BERT-base,synonym_substitution,modifier,0.05063291139240506,2,1,"{""C0075128"": 2}",-0.0,-0.0,0.0
mm_0035353,BERT-base,synonym_substitution,noun,0.057692307692307696,2,1,"{""C0075128"": 2}",-0.0,-0.0,0.0
mm_0035353,BERT-base,syntactic_reordering,modifier,0.1282051282051282,2,2,"{""C0075128"": 1, ""UMLS:C1257990"": 1}",1.0,1.0,0.0
mm_0035353,BioBERT,back_translation,mixed,0.28846153846153844,3,1,"{""UMLS:C1257990"": 3}",-0.0,-0.0,0.0
mm_0035353,BioBERT,controlled_paraphrase,mixed,0.47115384615384615,3,2,"{""UMLS:C1257990"": 1, ""C0008396"": 2}",0.9182958340544896,0.579380164285695,0.0
mm_0035353,BioBERT,synonym_substitution,modifier,0.05063291139240506,2,1,"{""UMLS:C1257990"": 2}",-0.0,-0.0,0.0
mm_0035353,BioBERT,synonym_substitution,noun,0.057692307692307696,2,1,"{""UMLS:C1257990"": 2}",-0.0,-0.0,0.0
mm_0035353,BioBERT,syntactic_reordering,modifier,0.1282051282051282,2,2,"{""UMLS:C1257990"": 1, ""C0008396"": 1}",1.0,1.0,0.0
mm_0035353,PubMedBERT,back_translation,mixed,0.28846153846153844,3,1,"{""C1447749"": 3}",-0.0,-0.0,0.0
mm_0035353,PubMedBERT,controlled_paraphrase,mixed,0.47115384615384615,3,2,"{""C1447749"": 1, ""C1839576"": 2}",0.9182958340544896,0.579380164285695,0.0
mm_0035353,PubMedBERT,synonym_substitution,modifier,0.05063291139240506,2,1,"{""C1447749"": 2}",-0.0,-0.0,0.0
mm_0035353,PubMedBERT,synonym_substitution,noun,0.057692307692307696,2,1,"{""C1447749"": 2}",-0.0,-0.0,0.0
mm_0035353,PubMedBERT,syntactic_reordering,modifier,0.1282051282051282,2,1,"{""C1447749"": 2}",-0.0,-0.0,0.0
mm_0035658,BERT-base,controlled_paraphrase,mixed,0.2701612903225806,3,1,"{""C1447749"": 3}",-0.0,-0.0,0.0
mm_0035658,BioBERT,controlled_paraphrase,mixed,0.2701612903225806,3,1,"{""C1447749"": 3}",-0.0,-0.0,0.0
mm_0035658,PubMedBERT,controlled_paraphrase,mixed,0.2701612903225806,3,2,"{""C1447749"": 1, ""C1839576"": 2}",0.9182958340544896,0.579380164285695,0.0
mm_0036097,BERT-base,back_translation,mixed,0.16842105263157894,3,1,"{""UMLS:C1257990"": 3}",-0.0,-0.0,0.0
mm_0036097,BERT-base,controlled_paraphrase,mixed,0.38095238095238093,3,1,"{""UMLS:C1257990"": 3}",-0.0,-0.0,0.0
mm_0036097,BERT-base,synonym_substitution,modifier,0.06818181818181818,2,1,"{""UMLS:C1257990"": 2}",-0.0,-0.0,0.0
mm_0036097,BERT-base,synonym_substitution,noun,0.058823529411764705,2,1,"{""UMLS:C1257990"": 2}",-0.0,-0.0,0.0
mm_0036097,BioBERT,back_translation,mixed,0.16842105263157894,3,1,"{""UMLS:C1257990"": 3}",-0.0,-0.0,0.0
mm_0036097,BioBERT,controlled_paraphrase,mixed,0.38095238095238093,3,1,"{""UMLS:C1257990"": 3}",-0.0,-0.0,0.0
mm_0036097,BioBERT,synonym_substitution,modifier,0.06818181818181818,2,1,"{""UMLS:C1257990"": 2}",-0.0,-0.0,0.0
mm_0036097,BioBERT,synonym_substitution,noun,0.058823529411764705,2,1,"{""UMLS:C1257990"": 2}",-0.0,-0.0,0.0
mm_0036097,PubMedBERT,back_translation,mixed,0.16842105263157894,3,1,"{""C1447749"": 3}",-0.0,-0.0,0.0
mm_0036097,PubMedBERT,controlled_paraphrase,mixed,0.38095238095238093,3,1,"{""C1447749"": 3}",-0.0,-0.0,0.0
mm_0036097,PubMedBERT,synonym_substitution,modifier,0.06818181818181818,2,1,"{""C1447749"": 2}",-0.0,-0.0,0.0
mm_0036097,PubMedBERT,synonym_substitution,noun,0.058823529411764705,2,1,"{""C1447749"": 2}",-0.0,-0.0,0.0
mm_0036129,BERT-base,controlled_paraphrase,mixed,0.5954198473282443,3,2,"{""UMLS:C2350390"": 1, ""UMLS:C1257990"": 2}",0.9182958340544896,0.579380164285695,0.0
mm_0036129,BERT-base,synonym_substitution,modifier,0.13740458015267176,2,1,"{""UMLS:C2350390"": 2}",-0.0,-0.0,0.0
mm_0036129,BERT-base,synonym_substitution,noun,0.16546762589928057,2,1,"{""UMLS:C2350390"": 2}",-0.0,-0.0,0.0
mm_0036129,BioBERT,controlled_paraphrase,mixed,0.5954198473282443,3,1,"{""UMLS:C1257990"": 3}",-0.0,-0.0,0.0
mm_0036129,BioBERT,synonym_substitution,modifier,0.13740458015267176,2,1,"{""UMLS:C1257990"": 2}",-0.0,-0.0,0.0
mm_0036129,BioBERT,synonym_substitution,noun,0.16546762589928057,2,2,"{""UMLS:C1257990"": 1, ""UMLS:C1707887"": 1}",1.0,1.0,0.0
mm_0036129,PubMedBERT,controlled_paraphrase,mixed,0.5954198473282443,3,1,"{""C0015131"": 3}",-0.0,-0.0,0.0
mm_0036129,PubMedBERT,synonym_substitution,modifier,0.13740458015267176,2,1,"{""C0015131"": 2}",-0.0,-0.0,0.0
mm_0036129,PubMedBERT,synonym_substitution,noun,0.16546762589928057,2,1,"{""C0015131"": 2}",-0.0,-0.0,0.0
mm_0036226,BERT-base,back_translation,mixed,0.12578616352201258,3,2,"{""C0949359"": 1, ""UMLS:C1158849"": 2}",0.9182958340544896,0.579380164285695,0.0
mm_0036226,BERT-base,controlled_paraphrase,mixed,0.5157232704402516,3,2,"{""C0949359"": 1, ""UMLS:C1158849"": 2}",0.9182958340544896,0.579380164285695,0.0
mm_0036226,BERT-base,synonym_substitution,modifier,0.06134969325153374,2,1,"{""C0949359"": 2}",-0.0,-0.0,0.0
mm_0036226,BERT-base,synonym_substitution,noun,0.10062893081761007,2,1,"{""C0949359"": 2}",-0.0,-0.0,0.0
mm_0036226,BioBERT,back_translation,mixed,0.12578616352201258,3,1,"{""C0061751"": 3}",-0.0,-0.0,0.0
mm_0036226,BioBERT,controlled_paraphrase,mixed,0.5157232704402516,3,2,"{""C0061751"": 1, ""C1257880"": 2}",0.9182958340544896,0.579380164285695,0.0
mm_0036226,BioBERT,synonym_substitution,modifier,0.06134969325153374,2,1,"{""C0061751"": 2}",-0.0,-0.0,0.0
mm_0036226,BioBERT,synonym_substitution,noun,0.10062893081761007,2,1,"{""C0061751"": 2}",-0.0,-0.0,0.0
mm_0036226,PubMedBERT,back_translation,mixed,0.12578616352201258,3,1,"{""C1447749"": 3}",-0.0,-0.0,0.0
mm_0036226,PubMedBERT,controlled_paraphrase,mixed,0.5157232704402516,3,1,"{""C1447749"": 3}",-0.0,-0.0,0.0
mm_0036226,PubMedBERT,synonym_substitution,modifier,0.06134969325153374,2,1,"{""C1447749"": 2}",-0.0,-0.0,0.0
mm_0036226,PubMedBERT,synonym_substitution,noun,0.10062893081761007,2,1,"{""C1447749"": 2}",-0.0,-0.0,0.0
mm_0036569,BERT-base,back_translation,mixed,0.10869565217391304,3,1,"{""UMLS:C1257990"": 3}",-0.0,-0.0,0.0
mm_0036569,BERT-base,controlled_paraphrase,mixed,0.5979381443298969,3,1,"{""UMLS:C1257990"": 3}",-0.0,-0.0,0.0
mm_0036569,BERT-base,synonym_substitution,noun,0.06593528368794327,3,1,"{""UMLS:C1257990"": 3}",-0.0,-0.0,0.0
mm_0036569,BioBERT,back_translation,mixed,0.10869565217391304,3,2,"{""UMLS:C1257990"": 1, ""C1447749"": 2}",0.9182958340544896,0.579380164285695,0.0
mm_0036569,BioBERT,controlled_paraphrase,mixed,0.5979381443298969,3,2,"{""UMLS:C1257990"": 1, ""C1447749"": 2}",0.9182958340544896,0.579380164285695,0.0
mm_0036569,BioBERT,synonym_substitution,noun,0.06593528368794327,3,1,"{""UMLS:C1257990"": 3}",-0.0,-0.0,0.0
mm_0036569,PubMedBERT,back_translation,mixed,0.10869565217391304,3,1,"{""C1839576"": 3}",-0.0,-0.0,0.0
mm_0036569,PubMedBERT,controlled_paraphrase,mixed,0.5979381443298969,3,2,"{""C1839576"": 1, ""C1447749"": 2}",0.9182958340544896,0.579380164285695,0.0
mm_0036569,PubMedBERT,synonym_substitution,noun,0.06593528368794327,3,1,"{""C1839576"": 3}",-0.0,-0.0,0.0
mm_0037241,BERT-base,back_translation,mixed,0.31004366812227074,3,1,"{""C1447749"": 3}",-0.0,-0.0,0.0
mm_0037241,BERT-base,controlled_paraphrase,mixed,0.522633744855967,3,1,"{""C1447749"": 3}",-0.0,-0.0,0.0
mm_0037241,BERT-base,synonym_substitution,verb,0.05172413793103448,2,1,"{""C1447749"": 2}",-0.0,-0.0,0.0
mm_0037241,BioBERT,back_translation,mixed,0.31004366812227074,3,2,"{""UMLS:C1257990"": 1, ""C1447749"": 2}",0.9182958340544896,0.579380164285695,0.0
mm_0037241,BioBERT,controlled_paraphrase,mixed,0.522633744855967,3,1,"{""UMLS:C1257990"": 3}",-0.0,-0.0,0.0
mm_0037241,BioBERT,synonym_substitution,verb,0.05172413793103448,2,2,"{""UMLS:C1257990"": 1, ""C1447749"": 1}",1.0,1.0,0.0
mm_0037241,PubMedBERT,back_translation,mixed,0.31004366812227074,3,1,"{""UMLS:C1257990"": 3}",-0.0,-0.0,0.0
mm_0037241,PubMedBERT,controlled_paraphrase,mixed,0.522633744855967,3,2,"{""UMLS:C1257990"": 1, ""C1839576"": 2}",0.9182958340544896,0.579380164285695,0.0
mm_0037241,PubMedBERT,synonym_substitution,verb,0.05172413793103448,2,1,"{""UMLS:C1257990"": 2}",-0.0,-0.0,0.0
mm_0037245,BERT-base,back_translation,mixed,0.31004366812227074,3,1,"{""C1447749"": 3}",-0.0,-0.0,0.0
mm_0037245,BERT-base,controlled_paraphrase,mixed,0.527445904686048,3,1,"{""C1447749"": 3}",-0.0,-0.0,0.0
mm_0037245,BERT-base,synonym_substitution,verb,0.05240174672489083,2,2,"{""C1447749"": 1, ""UMLS:C1257990"": 1}",1.0,1.0,0.0
mm_0037245,BioBERT,back_translation,mixed,0.31004366812227074,3,2,"{""UMLS:C1257990"": 1, ""C1447749"": 2}",0.9182958340544896,0.579380164285695,0.0
mm_0037245,BioBERT,controlled_paraphrase,mixed,0.527445904686048,3,1,"{""UMLS:C1257990"": 3}",-0.0,-0.0,0.0
mm_0037245,BioBERT,synonym_substitution,verb,0.05240174672489083,2,2,"{""UMLS:C1257990"": 1, ""C1447749"": 1}",1.0,1.0,0.0
mm_0037245,PubMedBERT,back_translation,mixed,0.31004366812227074,3,1,"{""UMLS:C1257990"": 3}",-0.0,-0.0,0.0
mm_0037245,PubMedBERT,controlled_paraphrase,mixed,0.527445904686048,3,2,"{""UMLS:C1257990"": 1, ""C1839576"": 2}",0.9182958340544896,0.579380164285695,0.0
mm_0037245,PubMedBERT,synonym_substitution,verb,0.05240174672489083,2,1,"{""UMLS:C1257990"": 2}",-0.0,-0.0,0.0
mm_0037301,BERT-base,back_translation,mixed,0.11235955056179775,3,1,"{""UMLS:C1257990"": 3}",-0.0,-0.0,0.0
mm_0037301,BERT-base,synonym_substitution,noun,0.05913978494623656,2,1,"{""UMLS:C1257990"": 2}",-0.0,-0.0,0.0
mm_0037301,BERT-base,synonym_substitution,verb,0.05434782608695652,2,1,"{""UMLS:C1257990"": 2}",-0.0,-0.0,0.0
mm_0037301,BERT-base,syntactic_reordering,modifier,0.06779661016949153,2,1,"{""UMLS:C1257990"": 2}",-0.0,-0.0,0.0
mm_0037301,BioBERT,back_translation,mixed,0.11235955056179775,3,1,"{""UMLS:C1257990"": 3}",-0.0,-0.0,0.0
mm_0037301,BioBERT,synonym_substitution,noun,0.05913978494623656,2,1,"{""UMLS:C1257990"": 2}",-0.0,-0.0,0.0
mm_0037301,BioBERT,synonym_substitution,verb,0.05434782608695652,2,1,"{""UMLS:C1257990"": 2}",-0.0,-0.0,0.0
mm_0037301,BioBERT,syntactic_reordering,modifier,0.06779661016949153,2,1,"{""UMLS:C1257990"": 2}",-0.0,-0.0,0.0
mm_0037301,PubMedBERT,back_translation,mixed,0.11235955056179775,3,1,"{""C1447749"": 3}",-0.0,-0.0,0.0
mm_0037301,PubMedBERT,synonym_substitution,noun,0.05913978494623656,2,1,"{""C1447749"": 2}",-0.0,-0.0,0.0
mm_0037301,PubMedBERT,synonym_substitution,verb,0.05434782608695652,2,1,"{""C1447749"": 2}",-0.0,-0.0,0.0
mm_0037301,PubMedBERT,syntactic_reordering,modifier,0.06779661016949153,2,1,"{""C1447749"": 2}",-0.0,-0.0,0.0
mm_0037668,BERT-base,controlled_paraphrase,mixed,0.4666666666666667,3,2,"{""UMLS:C0242193"": 1, ""C0005976"": 2}",0.9182958340544896,0.579380164285695,0.0
mm_0037668,BERT-base,synonym_substitution,noun,0.08441558441558442,2,1,"{""UMLS:C0242193"": 2}",-0.0,-0.0,0.0
mm_0037668,BERT-base,syntactic_reordering,mixed,0.29333333333333333,2,1,"{""UMLS:C0242193"": 2}",-0.0,-0.0,0.0
mm_0037668,BioBERT,controlled_paraphrase,mixed,0.4666666666666667,3,1,"{""UMLS:C1257990"": 3}",-0.0,-0.0,0.0
mm_0037668,BioBERT,synonym_substitution,noun,0.08441558441558442,2,1,"{""UMLS:C1257990"": 2}",-0.0,-0.0,0.0
mm_0037668,BioBERT,syntactic_reordering,mixed,0.29333333333333333,2,1,"{""UMLS:C1257990"": 2}",-0.0,-0.0,0.0
mm_0037668,PubMedBERT,controlled_paraphrase,mixed,0.4666666666666667,3,1,"{""C1447749"": 3}",-0.0,-0.0,0.0
mm_0037668,PubMedBERT,synonym_substitution,noun,0.08441558441558442,2,1,"{""C1447749"": 2}",-0.0,-0.0,0.0
mm_0037668,PubMedBERT,syntactic_reordering,mixed,0.29333333333333333,2,2,"{""C1447749"": 1, ""C1839576"": 1}",1.0,1.0,0.0
mm_0037976,BERT-base,back_translation,mixed,0.13131313131313133,3,1,"{""UMLS:C0010362"": 3}",-0.0,-0.0,1.0
mm_0037976,BERT-base,controlled_paraphrase,mixed,0.5922330097087378,3,2,"{""UMLS:C0010362"": 1, ""UMLS:C0242193"": 2}",0.9182958340544896,0.579380164285695,0.3333333333333333
mm_0037976,BERT-base,synonym_substitution,noun,0.08080808080808081,2,1,"{""UMLS:C0010362"": 2}",-0.0,-0.0,1.0
mm_0037976,BERT-base,synonym_substitution,verb,0.07766990291262135,2,1,"{""UMLS:C0010362"": 2}",-0.0,-0.0,1.0
mm_0037976,BERT-base,syntactic_reordering,mixed,0.30303030303030304,3,1,"{""UMLS:C0010362"": 3}",-0.0,-0.0,1.0
mm_0037976,BioBERT,back_translation,mixed,0.13131313131313133,3,1,"{""UMLS:C0010362"": 3}",-0.0,-0.0,1.0
mm_0037976,BioBERT,controlled_paraphrase,mixed,0.5922330097087378,3,1,"{""UMLS:C0010362"": 3}",-0.0,-0.0,1.0
mm_0037976,BioBERT,synonym_substitution,noun,0.08080808080808081,2,1,"{""UMLS:C0010362"": 2}",-0.0,-0.0,1.0
mm_0037976,BioBERT,synonym_substitution,verb,0.07766990291262135,2,1,"{""UMLS:C0010362"": 2}",-0.0,-0.0,1.0
mm_0037976,BioBERT,syntactic_reordering,mixed,0.30303030303030304,3,1,"{""UMLS:C0010362"": 3}",-0.0,-0.0,1.0
mm_0037976,PubMedBERT,back_translation,mixed,0.13131313131313133,3,2,"{""UMLS:C0010362"": 1, ""C1839576"": 2}",0.9182958340544896,0.579380164285695,0.3333333333333333
mm_0037976,PubMedBERT,controlled_paraphrase,mixed,0.5922330097087378,3,2,"{""UMLS:C0010362"": 1, ""C1839576"": 2}",0.9182958340544896,0.579380164285695,0.3333333333333333
mm_0037976,PubMedBERT,synonym_substitution,noun,0.08080808080808081,2,1,"{""UMLS:C0010362"": 2}",-0.0,-0.0,1.0
mm_0037976,PubMedBERT,synonym_substitution,verb,0.07766990291262135,2,1,"{""UMLS:C0010362"": 2}",-0.0,-0.0,1.0
mm_0037976,PubMedBERT,syntactic_reordering,mixed,0.30303030303030304,3,1,"{""UMLS:C0010362"": 3}",-0.0,-0.0,1.0
mm_0038321,BERT-base,back_translation,mixed,0.296969696969697,3,2,"{""UMLS:C1257990"": 1, ""UMLS:C2350390"": 2}",0.9182958340544896,0.579380164285695,0.0
mm_0038321,BERT-base,synonym_substitution,noun,0.06329113924050633,2,1,"{""UMLS:C1257990"": 2}",-0.0,-0.0,0.0
mm_0038321,BERT-base,synonym_substitution,verb,0.06493506493506493,2,2,"{""UMLS:C1257990"": 1, ""UMLS:C2350390"": 1}",1.0,1.0,0.0
mm_0038321,BioBERT,back_translation,mixed,0.296969696969697,3,1,"{""UMLS:C1257990"": 3}",-0.0,-0.0,0.0
mm_0038321,BioBERT,synonym_substitution,noun,0.06329113924050633,2,1,"{""UMLS:C1257990"": 2}",-0.0,-0.0,0.0
mm_0038321,BioBERT,synonym_substitution,verb,0.06493506493506493,2,1,"{""UMLS:C1257990"": 2}",-0.0,-0.0,0.0
mm_0038321,PubMedBERT,back_translation,mixed,0.296969696969697,3,1,"{""C1447749"": 3}",-0.0,-0.0,0.0
mm_0038321,PubMedBERT,synonym_substitution,noun,0.06329113924050633,2,1,"{""C1447749"": 2}",-0.0,-0.0,0.0
mm_0038321,PubMedBERT,synonym_substitution,verb,0.06493506493506493,2,1,"{""C1447749"": 2}",-0.0,-0.0,0.0
mm_0038389,BERT-base,back_translation,mixed,0.2616279069767442,3,1,"{""UMLS:C0681906"": 3}",-0.0,-0.0,0.0
mm_0038389,BERT-base,controlled_paraphrase,mixed,0.4767441860465116,3,1,"{""UMLS:C0681906"": 3}",-0.0,-0.0,0.0
mm_0038389,BioBERT,back_translation,mixed,0.2616279069767442,3,2,"{""C5392105"": 1, ""C0027609"": 2}",0.9182958340544896,0.579380164285695,0.0
mm_0038389,BioBERT,controlled_paraphrase,mixed,0.4767441860465116,3,2,"{""C5392105"": 1, ""C0027609"": 2}",0.9182958340544896,0.579380164285695,0.0
mm_0038389,PubMedBERT,back_translation,mixed,0.2616279069767442,3,1,"{""C1839576"": 3}",-0.0,-0.0,0.0
mm_0038389,PubMedBERT,controlled_paraphrase,mixed,0.4767441860465116,3,1,"{""C1839576"": 3}",-0.0,-0.0,0.0
mm_0038431,BERT-base,back_translation,verb,0.06097560975609756,3,1,"{""C1312419"": 3}",-0.0,-0.0,0.0
mm_0038431,BERT-base,controlled_paraphrase,mixed,0.17721518987341772,3,2,"{""C1312419"": 1, ""UMLS:C1257990"": 2}",0.9182958340544896,0.579380164285695,0.0
mm_0038431,BERT-base,synonym_substitution,noun,0.08860759493670886,2,2,"{""C1312419"": 1, ""UMLS:C3808257"": 1}",1.0,1.0,0.0
mm_0038431,BERT-base,synonym_substitution,verb,0.10714285714285714,2,1,"{""C1312419"": 2}",-0.0,-0.0,0.0
mm_0038431,BioBERT,back_translation,verb,0.06097560975609756,3,1,"{""C0008354"": 3}",-0.0,-0.0,0.0
mm_0038431,BioBERT,controlled_paraphrase,mixed,0.17721518987341772,3,1,"{""C0008354"": 3}",-0.0,-0.0,0.0
mm_0038431,BioBERT,synonym_substitution,noun,0.08860759493670886,2,1,"{""C0008354"": 2}",-0.0,-0.0,0.0
mm_0038431,BioBERT,synonym_substitution,verb,0.10714285714285714,2,1,"{""C0008354"": 2}",-0.0,-0.0,0.0
mm_0038431,PubMedBERT,back_translation,verb,0.06097560975609756,3,1,"{""C1447749"": 3}",-0.0,-0.0,0.0
mm_0038431,PubMedBERT,controlled_paraphrase,mixed,0.17721518987341772,3,1,"{""C1447749"": 3}",-0.0,-0.0,0.0
mm_0038431,PubMedBERT,synonym_substitution,noun,0.08860759493670886,2,2,"{""C1447749"": 1, ""UMLS:C1502411"": 1}",1.0,1.0,0.0
mm_0038431,PubMedBERT,synonym_substitution,verb,0.10714285714285714,2,1,"{""C1447749"": 2}",-0.0,-0.0,0.0
mm_0038623,BERT-base,back_translation,mixed,0.08294930875576037,3,1,"{""C1447749"": 3}",-0.0,-0.0,0.0
mm_0038623,BERT-base,controlled_paraphrase,mixed,0.334389400921659,3,2,"{""C1447749"": 1, ""UMLS:C1257990"": 2}",0.9182958340544896,0.579380164285695,0.0
mm_0038623,BERT-base,synonym_substitution,verb,0.07391304347826087,3,2,"{""C1447749"": 2, ""C1312419"": 1}",0.9182958340544896,0.579380164285695,0.0
mm_0038623,BioBERT,back_translation,mixed,0.08294930875576037,3,1,"{""C0265267"": 3}",-0.0,-0.0,0.0
mm_0038623,BioBERT,controlled_paraphrase,mixed,0.334389400921659,3,2,"{""C0265267"": 1, ""UMLS:C1257990"": 2}",0.9182958340544896,0.579380164285695,0.0
mm_0038623,BioBERT,synonym_substitution,verb,0.07391304347826087,3,1,"{""C0265267"": 3}",-0.0,-0.0,0.0
mm_0038623,PubMedBERT,back_translation,mixed,0.08294930875576037,3,1,"{""C1447749"": 3}",-0.0,-0.0,0.0
mm_0038623,PubMedBERT,controlled_paraphrase,mixed,0.334389400921659,3,1,"{""C1447749"": 3}",-0.0,-0.0,0.0
mm_0038623,PubMedBERT,synonym_substitution,verb,0.07391304347826087,3,1,"{""C1447749"": 3}",-0.0,-0.0,0.0
mm_0038625,BERT-base,back_translation,mixed,0.08294930875576037,3,1,"{""C1447749"": 3}",-0.0,-0.0,0.0
mm_0038625,BERT-base,controlled_paraphrase,mixed,0.25806451612903225,3,2,"{""C1447749"": 1, ""UMLS:C1257990"": 2}",0.9182958340544896,0.579380164285695,0.0
mm_0038625,BERT-base,synonym_substitution,verb,0.07588277367866285,3,1,"{""C1447749"": 3}",-0.0,-0.0,0.0
mm_0038625,BioBERT,back_translation,mixed,0.08294930875576037,3,1,"{""C0265267"": 3}",-0.0,-0.0,0.0
mm_0038625,BioBERT,controlled_paraphrase,mixed,0.25806451612903225,3,2,"{""C0265267"": 1, ""UMLS:C1257990"": 2}",0.9182958340544896,0.579380164285695,0.0
mm_0038625,BioBERT,synonym_substitution,verb,0.07588277367866285,3,1,"{""C0265267"": 3}",-0.0,-0.0,0.0
mm_0038625,PubMedBERT,back_translation,mixed,0.08294930875576037,3,1,"{""C1447749"": 3}",-0.0,-0.0,0.0
mm_0038625,PubMedBERT,controlled_paraphrase,mixed,0.25806451612903225,3,1,"{""C1447749"": 3}",-0.0,-0.0,0.0
mm_0038625,PubMedBERT,synonym_substitution,verb,0.07588277367866285,3,1,"{""C1447749"": 3}",-0.0,-0.0,0.0
mm_0039859,BERT-base,back_translation,mixed,0.31794871794871793,3,1,"{""UMLS:C1257990"": 3}",-0.0,-0.0,0.0
mm_0039859,BERT-base,controlled_paraphrase,mixed,0.4666666666666667,3,1,"{""UMLS:C1257990"": 3}",-0.0,-0.0,0.0
mm_0039859,BERT-base,synonym_substitution,noun,0.09743589743589744,2,1,"{""UMLS:C1257990"": 2}",-0.0,-0.0,0.0
mm_0039859,BERT-base,synonym_substitution,verb,0.059113300492610835,2,1,"{""UMLS:C1257990"": 2}",-0.0,-0.0,0.0
mm_0039859,BERT-base,syntactic_reordering,modifier,0.17435897435897435,3,1,"{""UMLS:C1257990"": 3}",-0.0,-0.0,0.0
mm_0039859,BioBERT,back_translation,mixed,0.31794871794871793,3,1,"{""UMLS:C1257990"": 3}",-0.0,-0.0,0.0
mm_0039859,BioBERT,controlled_paraphrase,mixed,0.4666666666666667,3,1,"{""UMLS:C1257990"": 3}",-0.0,-0.0,0.0
mm_0039859,BioBERT,synonym_substitution,noun,0.09743589743589744,2,1,"{""UMLS:C1257990"": 2}",-0.0,-0.0,0.0
mm_0039859,BioBERT,synonym_substitution,verb,0.059113300492610835,2,1,"{""UMLS:C1257990"": 2}",-0.0,-0.0,0.0
mm_0039859,BioBERT,syntactic_reordering,modifier,0.17435897435897435,3,1,"{""UMLS:C1257990"": 3}",-0.0,-0.0,0.0
mm_0039859,PubMedBERT,back_translation,mixed,0.31794871794871793,3,1,"{""C1447749"": 3}",-0.0,-0.0,0.0
mm_0039859,PubMedBERT,controlled_paraphrase,mixed,0.4666666666666667,3,2,"{""C1447749"": 1, ""UMLS:C1257990"": 2}",0.9182958340544896,0.579380164285695,0.0
mm_0039859,PubMedBERT,synonym_substitution,noun,0.09743589743589744,2,1,"{""C1447749"": 2}",-0.0,-0.0,0.0
mm_0039859,PubMedBERT,synonym_substitution,verb,0.059113300492610835,2,1,"{""C1447749"": 2}",-0.0,-0.0,0.0
mm_0039859,PubMedBERT,syntactic_reordering,modifier,0.17435897435897435,3,1,"{""C1447749"": 3}",-0.0,-0.0,0.0
mm_0040043,BERT-base,back_translation,mixed,0.2328767123287671,3,1,"{""C2936621"": 3}",-0.0,-0.0,0.0
mm_0040043,BERT-base,synonym_substitution,noun,0.087248322147651,2,1,"{""C2936621"": 2}",-0.0,-0.0,0.0
mm_0040043,BERT-base,synonym_substitution,verb,0.08552631578947369,2,2,"{""C2936621"": 1, ""UMLS:C1257990"": 1}",1.0,1.0,0.0
mm_0040043,BioBERT,back_translation,mixed,0.2328767123287671,3,2,"{""UMLS:C1257990"": 1, ""UMLS:C2936621"": 2}",0.9182958340544896,0.579380164285695,0.6666666666666666
mm_0040043,BioBERT,synonym_substitution,noun,0.087248322147651,2,1,"{""UMLS:C1257990"": 2}",-0.0,-0.0,0.0
mm_0040043,BioBERT,synonym_substitution,verb,0.08552631578947369,2,2,"{""UMLS:C1257990"": 1, ""UMLS:C2936621"": 1}",1.0,1.0,0.5
mm_0040043,PubMedBERT,back_translation,mixed,0.2328767123287671,3,2,"{""C1370369"": 1, ""C1839576"": 2}",0.9182958340544896,0.579380164285695,0.0
mm_0040043,PubMedBERT,synonym_substitution,noun,0.087248322147651,2,2,"{""C1370369"": 1, ""C1839576"": 1}",1.0,1.0,0.0
mm_0040043,PubMedBERT,synonym_substitution,verb,0.08552631578947369,2,2,"{""C1370369"": 1, ""C1447749"": 1}",1.0,1.0,0.0
mm_0041012,BERT-base,back_translation,mixed,0.21105527638190955,3,1,"{""C0055966"": 3}",-0.0,-0.0,0.0
mm_0041012,BERT-base,synonym_substitution,noun,0.0784313725490196,3,1,"{""C0055966"": 3}",-0.0,-0.0,0.0
mm_0041012,BioBERT,back_translation,mixed,0.21105527638190955,3,1,"{""C1370369"": 3}",-0.0,-0.0,0.0
mm_0041012,BioBERT,synonym_substitution,noun,0.0784313725490196,3,1,"{""C1370369"": 3}",-0.0,-0.0,0.0
mm_0041012,PubMedBERT,back_translation,mixed,0.21105527638190955,3,1,"{""C1447749"": 3}",-0.0,-0.0,0.0
mm_0041012,PubMedBERT,synonym_substitution,noun,0.0784313725490196,3,1,"{""C1447749"": 3}",-0.0,-0.0,0.0
mm_0041160,BERT-base,back_translation,mixed,0.07772020725388601,3,1,"{""C1839576"": 3}",-0.0,-0.0,0.0
mm_0041160,BERT-base,controlled_paraphrase,mixed,0.39896373056994816,3,1,"{""C1839576"": 3}",-0.0,-0.0,0.0
mm_0041160,BERT-base,synonym_substitution,noun,0.1572052401746725,2,1,"{""C1839576"": 2}",-0.0,-0.0,0.0
mm_0041160,BERT-base,synonym_substitution,verb,0.15625,2,1,"{""C1839576"": 2}",-0.0,-0.0,0.0
mm_0041160,BioBERT,back_translation,mixed,0.07772020725388601,3,2,"{""C1868801"": 1, ""C1839576"": 2}",0.9182958340544896,0.579380164285695,0.0
mm_0041160,BioBERT,controlled_paraphrase,mixed,0.39896373056994816,3,1,"{""C1868801"": 3}",-0.0,-0.0,0.0
mm_0041160,BioBERT,synonym_substitution,noun,0.1572052401746725,2,2,"{""C1868801"": 1, ""C1839576"": 1}",1.0,1.0,0.0
mm_0041160,BioBERT,synonym_substitution,verb,0.15625,2,1,"{""C1868801"": 2}",-0.0,-0.0,0.0
mm_0041160,PubMedBERT,back_translation,mixed,0.07772020725388601,3,1,"{""C0015131"": 3}",-0.0,-0.0,0.0
mm_0041160,PubMedBERT,controlled_paraphrase,mixed,0.39896373056994816,3,1,"{""C0015131"": 3}",-0.0,-0.0,0.0
mm_0041160,PubMedBERT,synonym_substitution,noun,0.1572052401746725,2,1,"{""C0015131"": 2}",-0.0,-0.0,0.0
mm_0041160,PubMedBERT,synonym_substitution,verb,0.15625,2,1,"{""C0015131"": 2}",-0.0,-0.0,0.0
mm_0041463,BERT-base,controlled_paraphrase,mixed,0.32608695652173914,3,1,"{""C1447749"": 3}",-0.0,-0.0,0.0
mm_0041463,BERT-base,synonym_substitution,modifier,0.05319148936170213,2,1,"{""C1447749"": 2}",-0.0,-0.0,0.0
mm_0041463,BERT-base,synonym_substitution,noun,0.05154639175257732,2,1,"{""C1447749"": 2}",-0.0,-0.0,0.0
mm_0041463,BioBERT,controlled_paraphrase,mixed,0.32608695652173914,3,1,"{""UMLS:C1707887"": 3}",-0.0,-0.0,0.0
mm_0041463,BioBERT,synonym_substitution,modifier,0.05319148936170213,2,1,"{""UMLS:C1707887"": 2}",-0.0,-0.0,0.0
mm_0041463,BioBERT,synonym_substitution,noun,0.05154639175257732,2,1,"{""UMLS:C1707887"": 2}",-0.0,-0.0,0.0
mm_0041463,PubMedBERT,controlled_paraphrase,mixed,0.32608695652173914,3,1,"{""C1839576"": 3}",-0.0,-0.0,0.0
mm_0041463,PubMedBERT,synonym_substitution,modifier,0.05319148936170213,2,1,"{""C1839576"": 2}",-0.0,-0.0,0.0
mm_0041463,PubMedBERT,synonym_substitution,noun,0.05154639175257732,2,1,"{""C1839576"": 2}",-0.0,-0.0,0.0
mm_0042594,BERT-base,controlled_paraphrase,verb,0.06097560975609756,3,2,"{""C1312419"": 2, ""C0169661"": 1}",0.9182958340544896,0.579380164285695,0.0
mm_0042594,BERT-base,synonym_substitution,noun,0.1652777777777778,3,1,"{""C1312419"": 3}",-0.0,-0.0,0.0
mm_0042594,BioBERT,controlled_paraphrase,verb,0.06097560975609756,3,2,"{""C1431322"": 2, ""UMLS:C1257990"": 1}",0.9182958340544896,0.579380164285695,0.0
mm_0042594,BioBERT,synonym_substitution,noun,0.1652777777777778,3,1,"{""C1431322"": 3}",-0.0,-0.0,0.0
mm_0042594,PubMedBERT,controlled_paraphrase,verb,0.06097560975609756,3,1,"{""C1431322"": 3}",-0.0,-0.0,0.0
mm_0042594,PubMedBERT,synonym_substitution,noun,0.1652777777777778,3,1,"{""C1431322"": 3}",-0.0,-0.0,0.0
mm_0042711,BERT-base,back_translation,mixed,0.14285714285714285,3,1,"{""C1505427"": 3}",-0.0,-0.0,0.0
mm_0042711,BERT-base,controlled_paraphrase,mixed,0.5816993464052288,2,1,"{""C1505427"": 2}",-0.0,-0.0,0.0
mm_0042711,BERT-base,synonym_substitution,verb,0.06128365769128233,3,2,"{""C1505427"": 2, ""C1739108"": 1}",0.9182958340544896,0.579380164285695,0.0
mm_0042711,BioBERT,back_translation,mixed,0.14285714285714285,3,1,"{""C0023896"": 3}",-0.0,-0.0,0.0
mm_0042711,BioBERT,controlled_paraphrase,mixed,0.5816993464052288,2,2,"{""C0023896"": 1, ""UMLS:C1257990"": 1}",1.0,1.0,0.0
mm_0042711,BioBERT,synonym_substitution,verb,0.06128365769128233,3,1,"{""C0023896"": 3}",-0.0,-0.0,0.0
mm_0042711,PubMedBERT,back_translation,mixed,0.14285714285714285,3,1,"{""C1447749"": 3}",-0.0,-0.0,0.0
mm_0042711,PubMedBERT,controlled_paraphrase,mixed,0.5816993464052288,2,1,"{""C1447749"": 2}",-0.0,-0.0,0.0
mm_0042711,PubMedBERT,synonym_substitution,verb,0.06128365769128233,3,1,"{""C1447749"": 3}",-0.0,-0.0,0.0
mm_0043168,BERT-base,back_translation,mixed,0.12448132780082988,3,1,"{""C0024305"": 3}",-0.0,-0.0,0.0
mm_0043168,BERT-base,synonym_substitution,modifier,0.0638804780876494,3,1,"{""C0024305"": 3}",-0.0,-0.0,0.0
mm_0043168,BioBERT,back_translation,mixed,0.12448132780082988,3,2,"{""UMLS:C0024305"": 1, ""C1312419"": 2}",0.9182958340544896,0.579380164285695,0.0
mm_0043168,BioBERT,synonym_substitution,modifier,0.0638804780876494,3,1,"{""UMLS:C0024305"": 3}",-0.0,-0.0,0.0
mm_0043168,PubMedBERT,back_translation,mixed,0.12448132780082988,3,1,"{""C1839576"": 3}",-0.0,-0.0,0.0
mm_0043168,PubMedBERT,synonym_substitution,modifier,0.0638804780876494,3,1,"{""C1839576"": 3}",-0.0,-0.0,0.0
mm_0043171,BERT-base,back_translation,mixed,0.12448132780082988,3,1,"{""C0024305"": 3}",-0.0,-0.0,0.0
mm_0043171,BERT-base,synonym_substitution,noun,0.06374501992031872,2,1,"{""C0024305"": 2}",-0.0,-0.0,0.0
mm_0043171,BERT-base,synonym_substitution,verb,0.0642570281124498,2,1,"{""C0024305"": 2}",-0.0,-0.0,0.0
mm_0043171,BioBERT,back_translation,mixed,0.12448132780082988,3,2,"{""UMLS:C0024305"": 1, ""C1312419"": 2}",0.9182958340544896,0.579380164285695,0.3333333333333333
mm_0043171,BioBERT,synonym_substitution,noun,0.06374501992031872,2,2,"{""UMLS:C0024305"": 1, ""C1312419"": 1}",1.0,1.0,0.5
mm_0043171,BioBERT,synonym_substitution,verb,0.0642570281124498,2,2,"{""UMLS:C0024305"": 1, ""C1312419"": 1}",1.0,1.0,0.5
mm_0043171,PubMedBERT,back_translation,mixed,0.12448132780082988,3,1,"{""C1839576"": 3}",-0.0,-0.0,0.0
mm_0043171,PubMedBERT,synonym_substitution,noun,0.06374501992031872,2,1,"{""C1839576"": 2}",-0.0,-0.0,0.0
mm_0043171,PubMedBERT,synonym_substitution,verb,0.0642570281124498,2,1,"{""C1839576"": 2}",-0.0,-0.0,0.0
mm_0043706,BERT-base,controlled_paraphrase,mixed,0.40823970037453183,3,1,"{""C1447749"": 3}",-0.0,-0.0,0.0
mm_0043706,BERT-base,synonym_substitution,noun,0.05385996409335727,2,1,"{""C1447749"": 2}",-0.0,-0.0,0.0
mm_0043706,BERT-base,synonym_substitution,verb,0.053475935828877004,2,1,"{""C1447749"": 2}",-0.0,-0.0,0.0
mm_0043706,BioBERT,controlled_paraphrase,mixed,0.40823970037453183,3,1,"{""UMLS:C1257990"": 3}",-0.0,-0.0,0.0
mm_0043706,BioBERT,synonym_substitution,noun,0.05385996409335727,2,1,"{""UMLS:C1257990"": 2}",-0.0,-0.0,0.0
mm_0043706,BioBERT,synonym_substitution,verb,0.053475935828877004,2,1,"{""UMLS:C1257990"": 2}",-0.0,-0.0,0.0
mm_0043706,PubMedBERT,controlled_paraphrase,mixed,0.40823970037453183,3,1,"{""C0018966"": 3}",-0.0,-0.0,0.0
mm_0043706,PubMedBERT,synonym_substitution,noun,0.05385996409335727,2,1,"{""C0018966"": 2}",-0.0,-0.0,0.0
mm_0043706,PubMedBERT,synonym_substitution,verb,0.053475935828877004,2,1,"{""C0018966"": 2}",-0.0,-0.0,0.0
mm_0043796,BERT-base,back_translation,mixed,0.07664233576642336,3,2,"{""UMLS:C1257990"": 1, ""C1312419"": 2}",0.9182958340544896,0.579380164285695,0.0
mm_0043796,BERT-base,controlled_paraphrase,mixed,0.47977941176470584,3,1,"{""UMLS:C1257990"": 3}",-0.0,-0.0,0.0
mm_0043796,BERT-base,synonym_substitution,noun,0.05693950177935943,2,1,"{""UMLS:C1257990"": 2}",-0.0,-0.0,0.0
mm_0043796,BERT-base,synonym_substitution,verb,0.05090909090909091,2,1,"{""UMLS:C1257990"": 2}",-0.0,-0.0,0.0
mm_0043796,BioBERT,back_translation,mixed,0.07664233576642336,3,2,"{""C5392105"": 1, ""UMLS:C1257990"": 2}",0.9182958340544896,0.579380164285695,0.0
mm_0043796,BioBERT,controlled_paraphrase,mixed,0.47977941176470584,3,2,"{""C5392105"": 1, ""UMLS:C1257990"": 2}",0.9182958340544896,0.579380164285695,0.0
mm_0043796,BioBERT,synonym_substitution,noun,0.05693950177935943,2,2,"{""C5392105"": 1, ""C0265267"": 1}",1.0,1.0,0.0
mm_0043796,BioBERT,synonym_substitution,verb,0.05090909090909091,2,1,"{""C5392105"": 2}",-0.0,-0.0,0.0
mm_0043796,PubMedBERT,back_translation,mixed,0.07664233576642336,3,1,"{""C1447749"": 3}",-0.0,-0.0,0.0
mm_0043796,PubMedBERT,controlled_paraphrase,mixed,0.47977941176470584,3,2,"{""C1447749"": 1, ""UMLS:C1257990"": 2}",0.9182958340544896,0.579380164285695,0.0
mm_0043796,PubMedBERT,synonym_substitution,noun,0.05693950177935943,2,1,"{""C1447749"": 2}",-0.0,-0.0,0.0
mm_0043796,PubMedBERT,synonym_substitution,verb,0.05090909090909091,2,1,"{""C1447749"": 2}",-0.0,-0.0,0.0
mm_0044023,BERT-base,back_translation,mixed,0.07037037037037037,3,1,"{""C1447749"": 3}",-0.0,-0.0,0.0
mm_0044023,BERT-base,synonym_substitution,verb,0.06273062730627306,3,1,"{""C1447749"": 3}",-0.0,-0.0,0.0
mm_0044023,BioBERT,back_translation,mixed,0.07037037037037037,3,2,"{""C0038441"": 1, ""UMLS:C1257990"": 2}",0.9182958340544896,0.579380164285695,0.0
mm_0044023,BioBERT,synonym_substitution,verb,0.06273062730627306,3,1,"{""C0038441"": 3}",-0.0,-0.0,0.0
mm_0044023,PubMedBERT,back_translation,mixed,0.07037037037037037,3,1,"{""C1839576"": 3}",-0.0,-0.0,0.0
mm_0044023,PubMedBERT,synonym_substitution,verb,0.06273062730627306,3,1,"{""C1839576"": 3}",-0.0,-0.0,0.0
mm_0044396,BERT-base,back_translation,mixed,0.24691358024691357,3,1,"{""UMLS:C1257990"": 3}",-0.0,-0.0,0.0
mm_0044396,BERT-base,controlled_paraphrase,mixed,0.2687933905067069,3,1,"{""UMLS:C1257990"": 3}",-0.0,-0.0,0.0
mm_0044396,BERT-base,synonym_substitution,noun,0.07930482793236503,3,1,"{""UMLS:C1257990"": 3}",-0.0,-0.0,0.0
mm_0044396,BERT-base,syntactic_reordering,modifier,0.502092050209205,2,1,"{""UMLS:C1257990"": 2}",-0.0,-0.0,0.0
mm_0044396,BioBERT,back_translation,mixed,0.24691358024691357,3,1,"{""UMLS:C1257990"": 3}",-0.0,-0.0,0.0
mm_0044396,BioBERT,controlled_paraphrase,mixed,0.2687933905067069,3,1,"{""UMLS:C1257990"": 3}",-0.0,-0.0,0.0
mm_0044396,BioBERT,synonym_substitution,noun,0.07930482793236503,3,1,"{""UMLS:C1257990"": 3}",-0.0,-0.0,0.0
mm_0044396,BioBERT,syntactic_reordering,modifier,0.502092050209205,2,1,"{""UMLS:C1257990"": 2}",-0.0,-0.0,0.0
mm_0044396,PubMedBERT,back_translation,mixed,0.24691358024691357,3,1,"{""C1431322"": 3}",-0.0,-0.0,0.0
mm_0044396,PubMedBERT,controlled_paraphrase,mixed,0.2687933905067069,3,1,"{""C1431322"": 3}",-0.0,-0.0,0.0
mm_0044396,PubMedBERT,synonym_substitution,noun,0.07930482793236503,3,1,"{""C1431322"": 3}",-0.0,-0.0,0.0
mm_0044396,PubMedBERT,syntactic_reordering,modifier,0.502092050209205,2,1,"{""C1431322"": 2}",-0.0,-0.0,0.0
mm_0044768,BERT-base,back_translation,mixed,0.10852713178294573,3,1,"{""UMLS:C0085717"": 3}",-0.0,-0.0,1.0
mm_0044768,BERT-base,controlled_paraphrase,mixed,0.4080678360479685,3,2,"{""UMLS:C0085717"": 1, ""UMLS:C1257990"": 2}",0.9182958340544896,0.579380164285695,0.3333333333333333
mm_0044768,BERT-base,synonym_substitution,modifier,0.10852713178294573,2,1,"{""UMLS:C0085717"": 2}",-0.0,-0.0,1.0
mm_0044768,BERT-base,synonym_substitution,noun,0.08955223880597014,2,1,"{""UMLS:C0085717"": 2}",-0.0,-0.0,1.0
mm_0044768,BERT-base,syntactic_reordering,mixed,0.5581395348837209,3,1,"{""UMLS:C0085717"": 3}",-0.0,-0.0,1.0
mm_0044768,BioBERT,back_translation,mixed,0.10852713178294573,3,2,"{""C0013728"": 1, ""C0752615"": 2}",0.9182958340544896,0.579380164285695,0.0
mm_0044768,BioBERT,controlled_paraphrase,mixed,0.4080678360479685,3,1,"{""C0013728"": 3}",-0.0,-0.0,0.0
mm_0044768,BioBERT,synonym_substitution,modifier,0.10852713178294573,2,2,"{""C0013728"": 1, ""C1176474"": 1}",1.0,1.0,0.0
mm_0044768,BioBERT,synonym_substitution,noun,0.08955223880597014,2,2,"{""C0013728"": 1, ""C1839576"": 1}",1.0,1.0,0.0
mm_0044768,BioBERT,syntactic_reordering,mixed,0.5581395348837209,3,2,"{""C0013728"": 1, ""C0008396"": 2}",0.9182958340544896,0.579380164285695,0.0
mm_0044768,PubMedBERT,back_translation,mixed,0.10852713178294573,3,1,"{""C1839576"": 3}",-0.0,-0.0,0.0
mm_0044768,PubMedBERT,controlled_paraphrase,mixed,0.4080678360479685,3,1,"{""C1839576"": 3}",-0.0,-0.0,0.0
mm_0044768,PubMedBERT,synonym_substitution,modifier,0.10852713178294573,2,1,"{""C1839576"": 2}",-0.0,-0.0,0.0
mm_0044768,PubMedBERT,synonym_substitution,noun,0.08955223880597014,2,1,"{""C1839576"": 2}",-0.0,-0.0,0.0
mm_0044768,PubMedBERT,syntactic_reordering,mixed,0.5581395348837209,3,1,"{""C1839576"": 3}",-0.0,-0.0,0.0
mm_0044841,BERT-base,back_translation,mixed,0.23255813953488372,3,1,"{""UMLS:C1257990"": 3}",-0.0,-0.0,0.0
mm_0044841,BERT-base,controlled_paraphrase,mixed,0.19942500116711537,3,1,"{""UMLS:C1257990"": 3}",-0.0,-0.0,0.0
mm_0044841,BioBERT,back_translation,mixed,0.23255813953488372,3,1,"{""C1312419"": 3}",-0.0,-0.0,0.0
mm_0044841,BioBERT,controlled_paraphrase,mixed,0.19942500116711537,3,1,"{""C1312419"": 3}",-0.0,-0.0,0.0
mm_0044841,PubMedBERT,back_translation,mixed,0.23255813953488372,3,1,"{""C1447749"": 3}",-0.0,-0.0,0.0
mm_0044841,PubMedBERT,controlled_paraphrase,mixed,0.19942500116711537,3,2,"{""C1447749"": 1, ""C1839576"": 2}",0.9182958340544896,0.579380164285695,0.0
mm_0045375,BERT-base,back_translation,mixed,0.125,3,1,"{""C1257880"": 3}",-0.0,-0.0,0.0
mm_0045375,BERT-base,synonym_substitution,noun,0.10596026490066225,2,1,"{""C1257880"": 2}",-0.0,-0.0,0.0
mm_0045375,BERT-base,synonym_substitution,verb,0.08333333333333333,2,1,"{""C1257880"": 2}",-0.0,-0.0,0.0
mm_0045375,BioBERT,back_translation,mixed,0.125,3,1,"{""C1257880"": 3}",-0.0,-0.0,0.0
mm_0045375,BioBERT,synonym_substitution,noun,0.10596026490066225,2,1,"{""C1257880"": 2}",-0.0,-0.0,0.0
mm_0045375,BioBERT,synonym_substitution,verb,0.08333333333333333,2,1,"{""C1257880"": 2}",-0.0,-0.0,0.0
mm_0045375,PubMedBERT,back_translation,mixed,0.125,3,1,"{""C0015131"": 3}",-0.0,-0.0,0.0
mm_0045375,PubMedBERT,synonym_substitution,noun,0.10596026490066225,2,1,"{""C0015131"": 2}",-0.0,-0.0,0.0
mm_0045375,PubMedBERT,synonym_substitution,verb,0.08333333333333333,2,1,"{""C0015131"": 2}",-0.0,-0.0,0.0
mm_0045468,BERT-base,back_translation,mixed,0.3431952662721893,3,1,"{""UMLS:C1257990"": 3}",-0.0,-0.0,0.0
mm_0045468,BERT-base,controlled_paraphrase,mixed,0.5254777070063694,3,1,"{""UMLS:C1257990"": 3}",-0.0,-0.0,0.0
mm_0045468,BERT-base,synonym_substitution,noun,0.05732484076433121,2,1,"{""UMLS:C1257990"": 2}",-0.0,-0.0,0.0
mm_0045468,BERT-base,synonym_substitution,verb,0.07006369426751592,2,1,"{""UMLS:C1257990"": 2}",-0.0,-0.0,0.0
mm_0045468,BERT-base,syntactic_reordering,modifier,0.16560509554140126,3,1,"{""UMLS:C1257990"": 3}",-0.0,-0.0,0.0
mm_0045468,BioBERT,back_translation,mixed,0.3431952662721893,3,1,"{""UMLS:C1257990"": 3}",-0.0,-0.0,0.0
mm_0045468,BioBERT,controlled_paraphrase,mixed,0.5254777070063694,3,1,"{""UMLS:C1257990"": 3}",-0.0,-0.0,0.0
mm_0045468,BioBERT,synonym_substitution,noun,0.05732484076433121,2,1,"{""UMLS:C1257990"": 2}",-0.0,-0.0,0.0
mm_0045468,BioBERT,synonym_substitution,verb,0.07006369426751592,2,1,"{""UMLS:C1257990"": 2}",-0.0,-0.0,0.0
mm_0045468,BioBERT,syntactic_reordering,modifier,0.16560509554140126,3,1,"{""UMLS:C1257990"": 3}",-0.0,-0.0,0.0
mm_0045468,PubMedBERT,back_translation,mixed,0.3431952662721893,3,1,"{""C1447749"": 3}",-0.0,-0.0,0.0
mm_0045468,PubMedBERT,controlled_paraphrase,mixed,0.5254777070063694,3,2,"{""C1447749"": 1, ""C1839576"": 2}",0.9182958340544896,0.579380164285695,0.0
mm_0045468,PubMedBERT,synonym_substitution,noun,0.05732484076433121,2,1,"{""C1447749"": 2}",-0.0,-0.0,0.0
mm_0045468,PubMedBERT,synonym_substitution,verb,0.07006369426751592,2,1,"{""C1447749"": 2}",-0.0,-0.0,0.0
mm_0045468,PubMedBERT,syntactic_reordering,modifier,0.16560509554140126,3,1,"{""C1447749"": 3}",-0.0,-0.0,0.0
mm_0045515,BERT-base,synonym_substitution,noun,0.05952380952380952,2,1,"{""C0265267"": 2}",-0.0,-0.0,0.0
mm_0045515,BERT-base,synonym_substitution,verb,0.08333333333333333,2,1,"{""C0265267"": 2}",-0.0,-0.0,0.0
mm_0045515,BioBERT,synonym_substitution,noun,0.05952380952380952,2,1,"{""C0265267"": 2}",-0.0,-0.0,0.0
mm_0045515,BioBERT,synonym_substitution,verb,0.08333333333333333,2,1,"{""C0265267"": 2}",-0.0,-0.0,0.0
mm_0045515,PubMedBERT,synonym_substitution,noun,0.05952380952380952,2,1,"{""C1839576"": 2}",-0.0,-0.0,0.0
mm_0045515,PubMedBERT,synonym_substitution,verb,0.08333333333333333,2,1,"{""C1839576"": 2}",-0.0,-0.0,0.0
mm_0045985,BERT-base,back_translation,mixed,0.19166666666666668,3,1,"{""C0282597"": 3}",-0.0,-0.0,0.0
mm_0045985,BERT-base,controlled_paraphrase,mixed,0.5402000838047349,3,1,"{""C0282597"": 3}",-0.0,-0.0,0.0
mm_0045985,BERT-base,synonym_substitution,verb,0.075,3,1,"{""C0282597"": 3}",-0.0,-0.0,0.0
mm_0045985,BioBERT,back_translation,mixed,0.19166666666666668,3,1,"{""UMLS:C1257990"": 3}",-0.0,-0.0,0.0
mm_0045985,BioBERT,controlled_paraphrase,mixed,0.5402000838047349,3,2,"{""UMLS:C1257990"": 2, ""C0016709"": 1}",0.9182958340544896,0.579380164285695,0.0
mm_0045985,BioBERT,synonym_substitution,verb,0.075,3,1,"{""UMLS:C1257990"": 3}",-0.0,-0.0,0.0
mm_0045985,PubMedBERT,back_translation,mixed,0.19166666666666668,3,1,"{""C1839576"": 3}",-0.0,-0.0,0.0
mm_0045985,PubMedBERT,controlled_paraphrase,mixed,0.5402000838047349,3,2,"{""C1839576"": 2, ""C1447749"": 1}",0.9182958340544896,0.579380164285695,0.0
mm_0045985,PubMedBERT,synonym_substitution,verb,0.075,3,2,"{""C1839576"": 2, ""UMLS:C1257990"": 1}",0.9182958340544896,0.579380164285695,0.0
mm_0046898,BERT-base,controlled_paraphrase,mixed,0.4090909090909091,3,1,"{""C3850091"": 3}",-0.0,-0.0,0.0
mm_0046898,BERT-base,synonym_substitution,noun,0.05491143317230274,3,1,"{""C3850091"": 3}",-0.0,-0.0,0.0
mm_0046898,BERT-base,syntactic_reordering,mixed,0.25757575757575757,3,1,"{""C3850091"": 3}",-0.0,-0.0,0.0
mm_0046898,BioBERT,controlled_paraphrase,mixed,0.4090909090909091,3,2,"{""UMLS:C0681906"": 1, ""UMLS:C1257990"": 2}",0.9182958340544896,0.579380164285695,0.0
mm_0046898,BioBERT,synonym_substitution,noun,0.05491143317230274,3,1,"{""UMLS:C0681906"": 3}",-0.0,-0.0,0.0
mm_0046898,BioBERT,syntactic_reordering,mixed,0.25757575757575757,3,2,"{""UMLS:C0681906"": 1, ""UMLS:C1257990"": 2}",0.9182958340544896,0.579380164285695,0.0
mm_0046898,PubMedBERT,controlled_paraphrase,mixed,0.4090909090909091,3,2,"{""C1839576"": 1, ""UMLS:C0681906"": 2}",0.9182958340544896,0.579380164285695,0.0
mm_0046898,PubMedBERT,synonym_substitution,noun,0.05491143317230274,3,1,"{""C1839576"": 3}",-0.0,-0.0,0.0
mm_0046898,PubMedBERT,syntactic_reordering,mixed,0.25757575757575757,3,1,"{""C1839576"": 3}",-0.0,-0.0,0.0
mm_0046915,BERT-base,back_translation,noun,0.1037037037037037,3,2,"{""C1447749"": 1, ""C0338508"": 2}",0.9182958340544896,0.579380164285695,0.0
mm_0046915,BERT-base,controlled_paraphrase,mixed,0.2808988764044944,3,2,"{""C1447749"": 1, ""UMLS:C2350390"": 2}",0.9182958340544896,0.579380164285695,0.0
mm_0046915,BERT-base,synonym_substitution,noun,0.07530832476875643,3,2,"{""C1447749"": 1, ""UMLS:C2350390"": 2}",0.9182958340544896,0.579380164285695,0.0
mm_0046915,BERT-base,syntactic_reordering,noun,0.3037037037037037,2,2,"{""C1447749"": 1, ""UMLS:C2350390"": 1}",1.0,1.0,0.0
mm_0046915,BioBERT,back_translation,noun,0.1037037037037037,3,2,"{""C0265267"": 1, ""C0027609"": 2}",0.9182958340544896,0.579380164285695,0.0
mm_0046915,BioBERT,controlled_paraphrase,mixed,0.2808988764044944,3,1,"{""C0265267"": 3}",-0.0,-0.0,0.0
mm_0046915,BioBERT,synonym_substitution,noun,0.07530832476875643,3,1,"{""C0265267"": 3}",-0.0,-0.0,0.0
mm_0046915,BioBERT,syntactic_reordering,noun,0.3037037037037037,2,1,"{""C0265267"": 2}",-0.0,-0.0,0.0
mm_0046915,PubMedBERT,back_translation,noun,0.1037037037037037,3,1,"{""C1447749"": 3}",-0.0,-0.0,0.0
mm_0046915,PubMedBERT,controlled_paraphrase,mixed,0.2808988764044944,3,1,"{""C1447749"": 3}",-0.0,-0.0,0.0
mm_0046915,PubMedBERT,synonym_substitution,noun,0.07530832476875643,3,2,"{""C1447749"": 2, ""C0338508"": 1}",0.9182958340544896,0.579380164285695,0.0
mm_0046915,PubMedBERT,syntactic_reordering,noun,0.3037037037037037,2,2,"{""C1447749"": 1, ""C0030055"": 1}",1.0,1.0,0.0
mm_0047129,BERT-base,back_translation,mixed,0.1978021978021978,3,1,"{""C1447749"": 3}",-0.0,-0.0,0.0
mm_0047129,BERT-base,controlled_paraphrase,mixed,0.4220532319391635,3,1,"{""C1447749"": 3}",-0.0,-0.0,0.0
mm_0047129,BioBERT,back_translation,mixed,0.1978021978021978,3,2,"{""C0814154"": 1, ""C1839576"": 2}",0.9182958340544896,0.579380164285695,0.0
mm_0047129,BioBERT,controlled_paraphrase,mixed,0.4220532319391635,3,2,"{""C0814154"": 1, ""C1839576"": 2}",0.9182958340544896,0.579380164285695,0.0
mm_0047129,PubMedBERT,back_translation,mixed,0.1978021978021978,3,1,"{""C1839576"": 3}",-0.0,-0.0,0.0
mm_0047129,PubMedBERT,controlled_paraphrase,mixed,0.4220532319391635,3,1,"{""C1839576"": 3}",-0.0,-0.0,0.0
mm_0047994,BERT-base,back_translation,noun,0.25,3,2,"{""UMLS:C1257990"": 1, ""UMLS:C0358514"": 2}",0.9182958340544896,0.579380164285695,0.0
mm_0047994,BERT-base,controlled_paraphrase,verb,0.515625,3,2,"{""UMLS:C1257990"": 1, ""C4277607"": 2}",0.9182958340544896,0.579380164285695,0.0
mm_0047994,BERT-base,synonym_substitution,unknown,0.125,2,2,"{""UMLS:C1257990"": 1, ""UMLS:C0358514"": 1}",1.0,1.0,0.0
mm_0047994,BERT-base,synonym_substitution,verb,0.1875,2,2,"{""UMLS:C1257990"": 1, ""UMLS:C0358514"": 1}",1.0,1.0,0.0
mm_0047994,BioBERT,back_translation,noun,0.25,3,1,"{""C4277607"": 3}",-0.0,-0.0,0.0
mm_0047994,BioBERT,controlled_paraphrase,verb,0.515625,3,1,"{""C4277607"": 3}",-0.0,-0.0,0.0
mm_0047994,BioBERT,synonym_substitution,unknown,0.125,2,1,"{""C4277607"": 2}",-0.0,-0.0,0.0
mm_0047994,BioBERT,synonym_substitution,verb,0.1875,2,1,"{""C4277607"": 2}",-0.0,-0.0,0.0
mm_0047994,PubMedBERT,back_translation,noun,0.25,3,1,"{""UMLS:C1015514"": 3}",-0.0,-0.0,0.0
mm_0047994,PubMedBERT,controlled_paraphrase,verb,0.515625,3,1,"{""UMLS:C1015514"": 3}",-0.0,-0.0,0.0
mm_0047994,PubMedBERT,synonym_substitution,unknown,0.125,2,2,"{""UMLS:C1015514"": 1, ""UMLS:C1707887"": 1}",1.0,1.0,0.0
mm_0047994,PubMedBERT,synonym_substitution,verb,0.1875,2,1,"{""UMLS:C1015514"": 2}",-0.0,-0.0,0.0
mm_0048041,BERT-base,back_translation,mixed,0.35103244837758113,3,1,"{""C1447749"": 3}",-0.0,-0.0,0.0
mm_0048041,BERT-base,controlled_paraphrase,mixed,0.4174041297935103,3,1,"{""C1447749"": 3}",-0.0,-0.0,0.0
mm_0048041,BERT-base,synonym_substitution,noun,0.05360951077442149,3,1,"{""C1447749"": 3}",-0.0,-0.0,0.0
mm_0048041,BERT-base,syntactic_reordering,function_word,0.5457227138643068,3,1,"{""C1447749"": 3}",-0.0,-0.0,0.0
mm_0048041,BioBERT,back_translation,mixed,0.35103244837758113,3,2,"{""UMLS:C1257990"": 1, ""UMLS:C1707887"": 2}",0.9182958340544896,0.579380164285695,0.0
mm_0048041,BioBERT,controlled_paraphrase,mixed,0.4174041297935103,3,2,"{""UMLS:C1257990"": 1, ""C1447749"": 2}",0.9182958340544896,0.579380164285695,0.0
mm_0048041,BioBERT,synonym_substitution,noun,0.05360951077442149,3,1,"{""UMLS:C1257990"": 3}",-0.0,-0.0,0.0
mm_0048041,BioBERT,syntactic_reordering,function_word,0.5457227138643068,3,2,"{""UMLS:C1257990"": 1, ""UMLS:C1707887"": 2}",0.9182958340544896,0.579380164285695,0.0
mm_0048041,PubMedBERT,back_translation,mixed,0.35103244837758113,3,1,"{""C1839576"": 3}",-0.0,-0.0,0.0
mm_0048041,PubMedBERT,controlled_paraphrase,mixed,0.4174041297935103,3,2,"{""C1839576"": 1, ""C1447749"": 2}",0.9182958340544896,0.579380164285695,0.0
mm_0048041,PubMedBERT,synonym_substitution,noun,0.05360951077442149,3,1,"{""C1839576"": 3}",-0.0,-0.0,0.0
mm_0048041,PubMedBERT,syntactic_reordering,function_word,0.5457227138643068,3,2,"{""C1839576"": 1, ""C1447749"": 2}",0.9182958340544896,0.579380164285695,0.0
mm_0048064,BERT-base,back_translation,unknown,0.2403846153846154,3,1,"{""UMLS:C0358514"": 3}",-0.0,-0.0,0.0
mm_0048064,BERT-base,synonym_substitution,modifier,0.2125984251968504,2,1,"{""UMLS:C0358514"": 2}",-0.0,-0.0,0.0
mm_0048064,BERT-base,synonym_substitution,verb,0.1984126984126984,2,1,"{""UMLS:C0358514"": 2}",-0.0,-0.0,0.0
mm_0048064,BERT-base,syntactic_reordering,mixed,0.5192307692307693,2,1,"{""UMLS:C0358514"": 2}",-0.0,-0.0,0.0
mm_0048064,BioBERT,back_translation,unknown,0.2403846153846154,3,1,"{""C1839576"": 3}",-0.0,-0.0,0.0
mm_0048064,BioBERT,synonym_substitution,modifier,0.2125984251968504,2,1,"{""C1839576"": 2}",-0.0,-0.0,0.0
mm_0048064,BioBERT,synonym_substitution,verb,0.1984126984126984,2,1,"{""C1839576"": 2}",-0.0,-0.0,0.0
mm_0048064,BioBERT,syntactic_reordering,mixed,0.5192307692307693,2,2,"{""C1839576"": 1, ""C1447749"": 1}",1.0,1.0,0.0
mm_0048064,PubMedBERT,back_translation,unknown,0.2403846153846154,3,1,"{""C1839576"": 3}",-0.0,-0.0,0.0
mm_0048064,PubMedBERT,synonym_substitution,modifier,0.2125984251968504,2,2,"{""C1839576"": 1, ""C0018966"": 1}",1.0,1.0,0.0
mm_0048064,PubMedBERT,synonym_substitution,verb,0.1984126984126984,2,2,"{""C1839576"": 1, ""C0018966"": 1}",1.0,1.0,0.0
mm_0048064,PubMedBERT,syntactic_reordering,mixed,0.5192307692307693,2,1,"{""C1839576"": 2}",-0.0,-0.0,0.0
mm_0048140,BERT-base,back_translation,mixed,0.1597222222222222,3,1,"{""C0282597"": 3}",-0.0,-0.0,0.0
mm_0048140,BERT-base,controlled_paraphrase,mixed,0.4092526690391459,3,1,"{""C0282597"": 3}",-0.0,-0.0,0.0
mm_0048140,BERT-base,synonym_substitution,function_word,0.051194539249146756,2,1,"{""C0282597"": 2}",-0.0,-0.0,0.0
mm_0048140,BERT-base,synonym_substitution,verb,0.05067567567567568,2,1,"{""C0282597"": 2}",-0.0,-0.0,0.0
mm_0048140,BioBERT,back_translation,mixed,0.1597222222222222,3,2,"{""UMLS:C2347609"": 1, ""UMLS:C1257990"": 2}",0.9182958340544896,0.579380164285695,0.0
mm_0048140,BioBERT,controlled_paraphrase,mixed,0.4092526690391459,3,1,"{""UMLS:C2347609"": 3}",-0.0,-0.0,0.0
mm_0048140,BioBERT,synonym_substitution,function_word,0.051194539249146756,2,1,"{""UMLS:C2347609"": 2}",-0.0,-0.0,0.0
mm_0048140,BioBERT,synonym_substitution,verb,0.05067567567567568,2,1,"{""UMLS:C2347609"": 2}",-0.0,-0.0,0.0
mm_0048140,PubMedBERT,back_translation,mixed,0.1597222222222222,3,1,"{""C1447749"": 3}",-0.0,-0.0,0.0
mm_0048140,PubMedBERT,controlled_paraphrase,mixed,0.4092526690391459,3,1,"{""C1447749"": 3}",-0.0,-0.0,0.0
mm_0048140,PubMedBERT,synonym_substitution,function_word,0.051194539249146756,2,1,"{""C1447749"": 2}",-0.0,-0.0,0.0
mm_0048140,PubMedBERT,synonym_substitution,verb,0.05067567567567568,2,1,"{""C1447749"": 2}",-0.0,-0.0,0.0
mm_0048285,BERT-base,back_translation,mixed,0.29213483146067415,3,1,"{""C1447749"": 3}",-0.0,-0.0,0.0
mm_0048285,BERT-base,controlled_paraphrase,mixed,0.34782608695652173,3,1,"{""C1447749"": 3}",-0.0,-0.0,0.0
mm_0048285,BERT-base,synonym_substitution,modifier,0.06134969325153374,2,1,"{""C1447749"": 2}",-0.0,-0.0,0.0
mm_0048285,BERT-base,synonym_substitution,verb,0.06547619047619048,2,1,"{""C1447749"": 2}",-0.0,-0.0,0.0
mm_0048285,BioBERT,back_translation,mixed,0.29213483146067415,3,1,"{""UMLS:C1707887"": 3}",-0.0,-0.0,0.0
mm_0048285,BioBERT,controlled_paraphrase,mixed,0.34782608695652173,3,1,"{""UMLS:C1707887"": 3}",-0.0,-0.0,0.0
mm_0048285,BioBERT,synonym_substitution,modifier,0.06134969325153374,2,1,"{""UMLS:C1707887"": 2}",-0.0,-0.0,0.0
mm_0048285,BioBERT,synonym_substitution,verb,0.06547619047619048,2,1,"{""UMLS:C1707887"": 2}",-0.0,-0.0,0.0
mm_0048285,PubMedBERT,back_translation,mixed,0.29213483146067415,3,1,"{""C1839576"": 3}",-0.0,-0.0,0.0
mm_0048285,PubMedBERT,controlled_paraphrase,mixed,0.34782608695652173,3,1,"{""C1839576"": 3}",-0.0,-0.0,0.0
mm_0048285,PubMedBERT,synonym_substitution,modifier,0.06134969325153374,2,1,"{""C1839576"": 2}",-0.0,-0.0,0.0
mm_0048285,PubMedBERT,synonym_substitution,verb,0.06547619047619048,2,1,"{""C1839576"": 2}",-0.0,-0.0,0.0
mm_0048307,BERT-base,back_translation,mixed,0.14136125654450263,3,1,"{""C0344351"": 3}",-0.0,-0.0,0.0
mm_0048307,BERT-base,synonym_substitution,noun,0.059113300492610835,2,1,"{""C0344351"": 2}",-0.0,-0.0,0.0
mm_0048307,BERT-base,synonym_substitution,verb,0.06806282722513089,2,1,"{""C0344351"": 2}",-0.0,-0.0,0.0
mm_0048307,BioBERT,back_translation,mixed,0.14136125654450263,3,2,"{""C0027609"": 1, ""UMLS:C0243095"": 2}",0.9182958340544896,0.579380164285695,0.0
mm_0048307,BioBERT,synonym_substitution,noun,0.059113300492610835,2,1,"{""C0027609"": 2}",-0.0,-0.0,0.0
mm_0048307,BioBERT,synonym_substitution,verb,0.06806282722513089,2,1,"{""C0027609"": 2}",-0.0,-0.0,0.0
mm_0048307,PubMedBERT,back_translation,mixed,0.14136125654450263,3,1,"{""C1839576"": 3}",-0.0,-0.0,0.0
mm_0048307,PubMedBERT,synonym_substitution,noun,0.059113300492610835,2,1,"{""C1839576"": 2}",-0.0,-0.0,0.0
mm_0048307,PubMedBERT,synonym_substitution,verb,0.06806282722513089,2,1,"{""C1839576"": 2}",-0.0,-0.0,0.0
mm_0048417,BERT-base,back_translation,mixed,0.20909090909090908,3,1,"{""C1447749"": 3}",-0.0,-0.0,0.0
mm_0048417,BERT-base,controlled_paraphrase,mixed,0.34523398542385886,3,1,"{""C1447749"": 3}",-0.0,-0.0,0.0
mm_0048417,BERT-base,synonym_substitution,noun,0.0611353711790393,2,1,"{""C1447749"": 2}",-0.0,-0.0,0.0
mm_0048417,BERT-base,synonym_substitution,verb,0.05652173913043478,2,1,"{""C1447749"": 2}",-0.0,-0.0,0.0
mm_0048417,BioBERT,back_translation,mixed,0.20909090909090908,3,2,"{""C1447749"": 1, ""UMLS:C1707887"": 2}",0.9182958340544896,0.579380164285695,0.0
mm_0048417,BioBERT,controlled_paraphrase,mixed,0.34523398542385886,3,1,"{""C1447749"": 3}",-0.0,-0.0,0.0
mm_0048417,BioBERT,synonym_substitution,noun,0.0611353711790393,2,1,"{""C1447749"": 2}",-0.0,-0.0,0.0
mm_0048417,BioBERT,synonym_substitution,verb,0.05652173913043478,2,1,"{""C1447749"": 2}",-0.0,-0.0,0.0
mm_0048417,PubMedBERT,back_translation,mixed,0.20909090909090908,3,1,"{""C1447749"": 3}",-0.0,-0.0,0.0
mm_0048417,PubMedBERT,controlled_paraphrase,mixed,0.34523398542385886,3,1,"{""C1447749"": 3}",-0.0,-0.0,0.0
mm_0048417,PubMedBERT,synonym_substitution,noun,0.0611353711790393,2,1,"{""C1447749"": 2}",-0.0,-0.0,0.0
mm_0048417,PubMedBERT,synonym_substitution,verb,0.05652173913043478,2,1,"{""C1447749"": 2}",-0.0,-0.0,0.0
mm_0048521,BERT-base,back_translation,mixed,0.45689655172413796,3,1,"{""UMLS:C1257990"": 3}",-0.0,-0.0,0.0
mm_0048521,BERT-base,controlled_paraphrase,mixed,0.4650406504065041,3,1,"{""UMLS:C1257990"": 3}",-0.0,-0.0,0.0
mm_0048521,BERT-base,synonym_substitution,verb,0.09194513201320131,3,1,"{""UMLS:C1257990"": 3}",-0.0,-0.0,0.0
mm_0048521,BioBERT,back_translation,mixed,0.45689655172413796,3,1,"{""UMLS:C1257990"": 3}",-0.0,-0.0,0.0
mm_0048521,BioBERT,controlled_paraphrase,mixed,0.4650406504065041,3,1,"{""UMLS:C1257990"": 3}",-0.0,-0.0,0.0
mm_0048521,BioBERT,synonym_substitution,verb,0.09194513201320131,3,1,"{""UMLS:C1257990"": 3}",-0.0,-0.0,0.0
mm_0048521,PubMedBERT,back_translation,mixed,0.45689655172413796,3,1,"{""C1839576"": 3}",-0.0,-0.0,0.0
mm_0048521,PubMedBERT,controlled_paraphrase,mixed,0.4650406504065041,3,2,"{""C1839576"": 1, ""UMLS:C1257990"": 2}",0.9182958340544896,0.579380164285695,0.0
mm_0048521,PubMedBERT,synonym_substitution,verb,0.09194513201320131,3,1,"{""C1839576"": 3}",-0.0,-0.0,0.0
mm_0048655,BERT-base,back_translation,mixed,0.09060402684563758,3,1,"{""UMLS:C1257990"": 3}",-0.0,-0.0,0.0
mm_0048655,BERT-base,controlled_paraphrase,mixed,0.2532894736842105,3,1,"{""UMLS:C1257990"": 3}",-0.0,-0.0,0.0
mm_0048655,BERT-base,synonym_substitution,noun,0.06231626653601176,3,1,"{""UMLS:C1257990"": 3}",-0.0,-0.0,0.0
mm_0048655,BioBERT,back_translation,mixed,0.09060402684563758,3,2,"{""UMLS:C1257990"": 1, ""C1312419"": 2}",0.9182958340544896,0.579380164285695,0.0
mm_0048655,BioBERT,controlled_paraphrase,mixed,0.2532894736842105,3,2,"{""UMLS:C1257990"": 1, ""C1312419"": 2}",0.9182958340544896,0.579380164285695,0.0
mm_0048655,BioBERT,synonym_substitution,noun,0.06231626653601176,3,1,"{""UMLS:C1257990"": 3}",-0.0,-0.0,0.0
mm_0048655,PubMedBERT,back_translation,mixed,0.09060402684563758,3,2,"{""C0015131"": 1, ""C1447749"": 2}",0.9182958340544896,0.579380164285695,0.0
mm_0048655,PubMedBERT,controlled_paraphrase,mixed,0.2532894736842105,3,2,"{""C0015131"": 1, ""C1447749"": 2}",0.9182958340544896,0.579380164285695,0.0
mm_0048655,PubMedBERT,synonym_substitution,noun,0.06231626653601176,3,2,"{""C0015131"": 2, ""C1447749"": 1}",0.9182958340544896,0.579380164285695,0.0
mm_0049641,BERT-base,back_translation,unknown,0.08421052631578947,3,1,"{""UMLS:C1257990"": 3}",-0.0,-0.0,0.0
mm_0049641,BERT-base,controlled_paraphrase,mixed,0.44507810562856437,3,1,"{""UMLS:C1257990"": 3}",-0.0,-0.0,0.0
mm_0049641,BERT-base,synonym_substitution,modifier,0.16363636363636364,2,1,"{""UMLS:C1257990"": 2}",-0.0,-0.0,0.0
mm_0049641,BERT-base,synonym_substitution,verb,0.15315315315315314,2,1,"{""UMLS:C1257990"": 2}",-0.0,-0.0,0.0
mm_0049641,BERT-base,syntactic_reordering,modifier,0.3157894736842105,3,1,"{""UMLS:C1257990"": 3}",-0.0,-0.0,0.0
mm_0049641,BioBERT,back_translation,unknown,0.08421052631578947,3,1,"{""UMLS:C3808257"": 3}",-0.0,-0.0,0.0
mm_0049641,BioBERT,controlled_paraphrase,mixed,0.44507810562856437,3,2,"{""UMLS:C3808257"": 2, ""C1312419"": 1}",0.9182958340544896,0.579380164285695,0.0
mm_0049641,BioBERT,synonym_substitution,modifier,0.16363636363636364,2,1,"{""UMLS:C3808257"": 2}",-0.0,-0.0,0.0
mm_0049641,BioBERT,synonym_substitution,verb,0.15315315315315314,2,1,"{""UMLS:C3808257"": 2}",-0.0,-0.0,0.0
mm_0049641,BioBERT,syntactic_reordering,modifier,0.3157894736842105,3,1,"{""UMLS:C3808257"": 3}",-0.0,-0.0,0.0
mm_0049641,PubMedBERT,back_translation,unknown,0.08421052631578947,3,1,"{""C1839576"": 3}",-0.0,-0.0,0.0
mm_0049641,PubMedBERT,controlled_paraphrase,mixed,0.44507810562856437,3,1,"{""C1839576"": 3}",-0.0,-0.0,0.0
mm_0049641,PubMedBERT,synonym_substitution,modifier,0.16363636363636364,2,1,"{""C1839576"": 2}",-0.0,-0.0,0.0
mm_0049641,PubMedBERT,synonym_substitution,verb,0.15315315315315314,2,1,"{""C1839576"": 2}",-0.0,-0.0,0.0
mm_0049641,PubMedBERT,syntactic_reordering,modifier,0.3157894736842105,3,1,"{""C1839576"": 3}",-0.0,-0.0,0.0
mm_0049934,BERT-base,back_translation,mixed,0.1476510067114094,3,2,"{""C1447749"": 1, ""C0203379"": 2}",0.9182958340544896,0.579380164285695,0.0
mm_0049934,BERT-base,controlled_paraphrase,mixed,0.2550335570469799,3,2,"{""C1447749"": 1, ""C0203379"": 2}",0.9182958340544896,0.579380164285695,0.0
mm_0049934,BERT-base,synonym_substitution,modifier,0.06129032258064516,2,1,"{""C1447749"": 2}",-0.0,-0.0,0.0
mm_0049934,BioBERT,back_translation,mixed,0.1476510067114094,3,2,"{""C1839576"": 1, ""C1447749"": 2}",0.9182958340544896,0.579380164285695,0.0
mm_0049934,BioBERT,controlled_paraphrase,mixed,0.2550335570469799,3,1,"{""C1839576"": 3}",-0.0,-0.0,0.0
mm_0049934,BioBERT,synonym_substitution,modifier,0.06129032258064516,2,2,"{""C1839576"": 1, ""C1447749"": 1}",1.0,1.0,0.0
mm_0049934,PubMedBERT,back_translation,mixed,0.1476510067114094,3,1,"{""C1839576"": 3}",-0.0,-0.0,0.0
mm_0049934,PubMedBERT,controlled_paraphrase,mixed,0.2550335570469799,3,1,"{""C1839576"": 3}",-0.0,-0.0,0.0
mm_0049934,PubMedBERT,synonym_substitution,modifier,0.06129032258064516,2,1,"{""C1839576"": 2}",-0.0,-0.0,0.0
mm_0050267,BERT-base,back_translation,mixed,0.08982035928143713,3,1,"{""UMLS:C0242193"": 3}",-0.0,-0.0,0.0
mm_0050267,BERT-base,controlled_paraphrase,mixed,0.5748502994011976,3,2,"{""UMLS:C0242193"": 1, ""UMLS:C1257990"": 2}",0.9182958340544896,0.579380164285695,0.0
mm_0050267,BioBERT,back_translation,mixed,0.08982035928143713,3,1,"{""C0075128"": 3}",-0.0,-0.0,0.0
mm_0050267,BioBERT,controlled_paraphrase,mixed,0.5748502994011976,3,1,"{""C0075128"": 3}",-0.0,-0.0,0.0
mm_0050267,PubMedBERT,back_translation,mixed,0.08982035928143713,3,1,"{""C1839576"": 3}",-0.0,-0.0,0.0
mm_0050267,PubMedBERT,controlled_paraphrase,mixed,0.5748502994011976,3,1,"{""C1839576"": 3}",-0.0,-0.0,0.0
mm_0050288,BERT-base,controlled_paraphrase,verb,0.10377358490566038,3,1,"{""C4042892"": 3}",-0.0,-0.0,0.0
mm_0050288,BERT-base,synonym_substitution,modifier,0.15066026410564226,3,2,"{""C4042892"": 2, ""C0524868"": 1}",0.9182958340544896,0.579380164285695,0.0
mm_0050288,BioBERT,controlled_paraphrase,verb,0.10377358490566038,3,2,"{""C4042892"": 1, ""UMLS:C0678257"": 2}",0.9182958340544896,0.579380164285695,0.6666666666666666
mm_0050288,BioBERT,synonym_substitution,modifier,0.15066026410564226,3,2,"{""C4042892"": 2, ""UMLS:C0678257"": 1}",0.9182958340544896,0.579380164285695,0.3333333333333333
mm_0050288,PubMedBERT,controlled_paraphrase,verb,0.10377358490566038,3,2,"{""UMLS:C0035363"": 1, ""UMLS:C1707887"": 2}",0.9182958340544896,0.579380164285695,0.0
mm_0050288,PubMedBERT,synonym_substitution,modifier,0.15066026410564226,3,2,"{""UMLS:C0035363"": 2, ""UMLS:C1707887"": 1}",0.9182958340544896,0.579380164285695,0.0
mm_0050295,BERT-base,back_translation,noun,0.09022556390977443,3,1,"{""UMLS:C1821269"": 3}",-0.0,-0.0,1.0
mm_0050295,BERT-base,controlled_paraphrase,mixed,0.48120300751879697,3,1,"{""UMLS:C1821269"": 3}",-0.0,-0.0,1.0
mm_0050295,BERT-base,synonym_substitution,noun,0.11029411764705882,2,1,"{""UMLS:C1821269"": 2}",-0.0,-0.0,1.0
mm_0050295,BERT-base,synonym_substitution,verb,0.08391608391608392,2,1,"{""UMLS:C1821269"": 2}",-0.0,-0.0,1.0
mm_0050295,BioBERT,back_translation,noun,0.09022556390977443,3,1,"{""C1839576"": 3}",-0.0,-0.0,0.0
mm_0050295,BioBERT,controlled_paraphrase,mixed,0.48120300751879697,3,1,"{""C1839576"": 3}",-0.0,-0.0,0.0
mm_0050295,BioBERT,synonym_substitution,noun,0.11029411764705882,2,1,"{""C1839576"": 2}",-0.0,-0.0,0.0
mm_0050295,BioBERT,synonym_substitution,verb,0.08391608391608392,2,1,"{""C1839576"": 2}",-0.0,-0.0,0.0
mm_0050295,PubMedBERT,back_translation,noun,0.09022556390977443,3,1,"{""C0015131"": 3}",-0.0,-0.0,0.0
mm_0050295,PubMedBERT,controlled_paraphrase,mixed,0.48120300751879697,3,2,"{""C0015131"": 1, ""C1839576"": 2}",0.9182958340544896,0.579380164285695,0.0
mm_0050295,PubMedBERT,synonym_substitution,noun,0.11029411764705882,2,1,"{""C0015131"": 2}",-0.0,-0.0,0.0
mm_0050295,PubMedBERT,synonym_substitution,verb,0.08391608391608392,2,1,"{""C0015131"": 2}",-0.0,-0.0,0.0
mm_0050616,BERT-base,back_translation,mixed,0.2153846153846154,3,1,"{""C0169661"": 3}",-0.0,-0.0,0.0
mm_0050616,BERT-base,controlled_paraphrase,mixed,0.2653846153846154,2,1,"{""C0169661"": 2}",-0.0,-0.0,0.0
mm_0050616,BERT-base,controlled_paraphrase,verb,0.1076923076923077,2,1,"{""C0169661"": 2}",-0.0,-0.0,0.0
mm_0050616,BioBERT,back_translation,mixed,0.2153846153846154,3,1,"{""C1370369"": 3}",-0.0,-0.0,0.0
mm_0050616,BioBERT,controlled_paraphrase,mixed,0.2653846153846154,2,2,"{""C1370369"": 1, ""C1312419"": 1}",1.0,1.0,0.0
mm_0050616,BioBERT,controlled_paraphrase,verb,0.1076923076923077,2,1,"{""C1370369"": 2}",-0.0,-0.0,0.0
mm_0050616,PubMedBERT,back_translation,mixed,0.2153846153846154,3,2,"{""C1370369"": 1, ""C1447749"": 2}",0.9182958340544896,0.579380164285695,0.0
mm_0050616,PubMedBERT,controlled_paraphrase,mixed,0.2653846153846154,2,2,"{""C1370369"": 1, ""C1447749"": 1}",1.0,1.0,0.0
mm_0050616,PubMedBERT,controlled_paraphrase,verb,0.1076923076923077,2,2,"{""C1370369"": 1, ""C1447749"": 1}",1.0,1.0,0.0
mm_0051003,BERT-base,back_translation,mixed,0.2523364485981308,3,1,"{""UMLS:C1257990"": 3}",-0.0,-0.0,0.0
mm_0051003,BERT-base,synonym_substitution,verb,0.05309734513274336,2,1,"{""UMLS:C1257990"": 2}",-0.0,-0.0,0.0
mm_0051003,BioBERT,back_translation,mixed,0.2523364485981308,3,1,"{""C1312419"": 3}",-0.0,-0.0,0.0
mm_0051003,BioBERT,synonym_substitution,verb,0.05309734513274336,2,1,"{""C1312419"": 2}",-0.0,-0.0,0.0
mm_0051003,PubMedBERT,back_translation,mixed,0.2523364485981308,3,1,"{""C1447749"": 3}",-0.0,-0.0,0.0
mm_0051003,PubMedBERT,synonym_substitution,verb,0.05309734513274336,2,1,"{""C1447749"": 2}",-0.0,-0.0,0.0
mm_0051285,BERT-base,back_translation,mixed,0.23626373626373626,3,2,"{""C1868801"": 1, ""C0265267"": 2}",0.9182958340544896,0.579380164285695,0.0
mm_0051285,BERT-base,synonym_substitution,modifier,0.05263157894736842,2,2,"{""C1868801"": 1, ""C0265267"": 1}",1.0,1.0,0.0
mm_0051285,BERT-base,synonym_substitution,noun,0.06878306878306878,2,1,"{""C1868801"": 2}",-0.0,-0.0,0.0
mm_0051285,BioBERT,back_translation,mixed,0.23626373626373626,3,1,"{""C0008325"": 3}",-0.0,-0.0,0.0
mm_0051285,BioBERT,synonym_substitution,modifier,0.05263157894736842,2,2,"{""C0008325"": 1, ""C1447749"": 1}",1.0,1.0,0.0
mm_0051285,BioBERT,synonym_substitution,noun,0.06878306878306878,2,2,"{""C0008325"": 1, ""C1447749"": 1}",1.0,1.0,0.0
mm_0051285,PubMedBERT,back_translation,mixed,0.23626373626373626,3,1,"{""C1839576"": 3}",-0.0,-0.0,0.0
mm_0051285,PubMedBERT,synonym_substitution,modifier,0.05263157894736842,2,1,"{""C1839576"": 2}",-0.0,-0.0,0.0
mm_0051285,PubMedBERT,synonym_substitution,noun,0.06878306878306878,2,1,"{""C1839576"": 2}",-0.0,-0.0,0.0
mm_0051763,BERT-base,back_translation,mixed,0.06521739130434782,3,1,"{""C4277543"": 3}",-0.0,-0.0,0.0
mm_0051763,BERT-base,controlled_paraphrase,mixed,0.514018691588785,2,1,"{""C4277543"": 2}",-0.0,-0.0,0.0
mm_0051763,BERT-base,synonym_substitution,modifier,0.1188118811881188,2,1,"{""C4277543"": 2}",-0.0,-0.0,0.0
mm_0051763,BERT-base,synonym_substitution,noun,0.06382978723404255,2,1,"{""C4277543"": 2}",-0.0,-0.0,0.0
mm_0051763,BioBERT,back_translation,mixed,0.06521739130434782,3,2,"{""C0265267"": 1, ""C0032914"": 2}",0.9182958340544896,0.579380164285695,0.0
mm_0051763,BioBERT,controlled_paraphrase,mixed,0.514018691588785,2,2,"{""C0265267"": 1, ""C1839576"": 1}",1.0,1.0,0.0
mm_0051763,BioBERT,synonym_substitution,modifier,0.1188118811881188,2,1,"{""C0265267"": 2}",-0.0,-0.0,0.0
mm_0051763,BioBERT,synonym_substitution,noun,0.06382978723404255,2,2,"{""C0265267"": 1, ""C1839576"": 1}",1.0,1.0,0.0
mm_0051763,PubMedBERT,back_translation,mixed,0.06521739130434782,3,1,"{""C1839576"": 3}",-0.0,-0.0,0.0
mm_0051763,PubMedBERT,controlled_paraphrase,mixed,0.514018691588785,2,1,"{""C1839576"": 2}",-0.0,-0.0,0.0
mm_0051763,PubMedBERT,synonym_substitution,modifier,0.1188118811881188,2,1,"{""C1839576"": 2}",-0.0,-0.0,0.0
mm_0051763,PubMedBERT,synonym_substitution,noun,0.06382978723404255,2,1,"{""C1839576"": 2}",-0.0,-0.0,0.0
mm_0052038,BERT-base,back_translation,mixed,0.10150375939849623,3,1,"{""C1447749"": 3}",-0.0,-0.0,0.0
mm_0052038,BERT-base,controlled_paraphrase,mixed,0.37333333333333335,3,1,"{""C1447749"": 3}",-0.0,-0.0,0.0
mm_0052038,BioBERT,back_translation,mixed,0.10150375939849623,3,2,"{""UMLS:C1257990"": 1, ""C1447749"": 2}",0.9182958340544896,0.579380164285695,0.0
mm_0052038,BioBERT,controlled_paraphrase,mixed,0.37333333333333335,3,2,"{""UMLS:C1257990"": 1, ""C1447749"": 2}",0.9182958340544896,0.579380164285695,0.0
mm_0052038,PubMedBERT,back_translation,mixed,0.10150375939849623,3,1,"{""C1447749"": 3}",-0.0,-0.0,0.0
mm_0052038,PubMedBERT,controlled_paraphrase,mixed,0.37333333333333335,3,1,"{""C1447749"": 3}",-0.0,-0.0,0.0
mm_0052088,BERT-base,back_translation,mixed,0.1744186046511628,3,1,"{""C1447749"": 3}",-0.0,-0.0,0.0
mm_0052088,BERT-base,synonym_substitution,noun,0.06395348837209303,2,2,"{""C1447749"": 1, ""UMLS:C1257990"": 1}",1.0,1.0,0.0
mm_0052088,BERT-base,synonym_substitution,verb,0.06976744186046512,2,2,"{""C1447749"": 1, ""UMLS:C1257990"": 1}",1.0,1.0,0.0
mm_0052088,BioBERT,back_translation,mixed,0.1744186046511628,3,1,"{""C0221023"": 3}",-0.0,-0.0,0.0
mm_0052088,BioBERT,synonym_substitution,noun,0.06395348837209303,2,1,"{""C0221023"": 2}",-0.0,-0.0,0.0
mm_0052088,BioBERT,synonym_substitution,verb,0.06976744186046512,2,1,"{""C0221023"": 2}",-0.0,-0.0,0.0
mm_0052088,PubMedBERT,back_translation,mixed,0.1744186046511628,3,1,"{""C1447749"": 3}",-0.0,-0.0,0.0
mm_0052088,PubMedBERT,synonym_substitution,noun,0.06395348837209303,2,1,"{""C1447749"": 2}",-0.0,-0.0,0.0
mm_0052088,PubMedBERT,synonym_substitution,verb,0.06976744186046512,2,1,"{""C1447749"": 2}",-0.0,-0.0,0.0
mm_0052329,BERT-base,back_translation,mixed,0.12195121951219512,3,1,"{""C0203379"": 3}",-0.0,-0.0,0.0
mm_0052329,BERT-base,synonym_substitution,noun,0.10687852443609022,3,1,"{""C0203379"": 3}",-0.0,-0.0,0.0
mm_0052329,BioBERT,back_translation,mixed,0.12195121951219512,3,1,"{""UMLS:C1257990"": 3}",-0.0,-0.0,0.0
mm_0052329,BioBERT,synonym_substitution,noun,0.10687852443609022,3,1,"{""UMLS:C1257990"": 3}",-0.0,-0.0,0.0
mm_0052329,PubMedBERT,back_translation,mixed,0.12195121951219512,3,1,"{""C1839576"": 3}",-0.0,-0.0,0.0
mm_0052329,PubMedBERT,synonym_substitution,noun,0.10687852443609022,3,2,"{""C1839576"": 1, ""C1447749"": 2}",0.9182958340544896,0.579380164285695,0.0
mm_0052571,BERT-base,back_translation,mixed,0.1357142857142857,3,1,"{""C0085472"": 3}",-0.0,-0.0,0.0
mm_0052571,BERT-base,controlled_paraphrase,mixed,0.3357142857142857,3,1,"{""C0085472"": 3}",-0.0,-0.0,0.0
mm_0052571,BioBERT,back_translation,mixed,0.1357142857142857,3,1,"{""C1447749"": 3}",-0.0,-0.0,0.0
mm_0052571,BioBERT,controlled_paraphrase,mixed,0.3357142857142857,3,2,"{""C1447749"": 1, ""UMLS:C1257990"": 2}",0.9182958340544896,0.579380164285695,0.0
mm_0052571,PubMedBERT,back_translation,mixed,0.1357142857142857,3,1,"{""C1447749"": 3}",-0.0,-0.0,0.0
mm_0052571,PubMedBERT,controlled_paraphrase,mixed,0.3357142857142857,3,2,"{""C1447749"": 1, ""C1839576"": 2}",0.9182958340544896,0.579380164285695,0.0
mm_0052672,BERT-base,back_translation,mixed,0.1866913123844732,3,1,"{""C1447749"": 3}",-0.0,-0.0,0.0
mm_0052672,BERT-base,synonym_substitution,modifier,0.11677631578947369,2,1,"{""C1447749"": 2}",-0.0,-0.0,0.0
mm_0052672,BERT-base,synonym_substitution,noun,0.11745513866231648,2,1,"{""C1447749"": 2}",-0.0,-0.0,0.0
mm_0052672,BioBERT,back_translation,mixed,0.1866913123844732,3,1,"{""C1447749"": 3}",-0.0,-0.0,0.0
mm_0052672,BioBERT,synonym_substitution,modifier,0.11677631578947369,2,1,"{""C1447749"": 2}",-0.0,-0.0,0.0
mm_0052672,BioBERT,synonym_substitution,noun,0.11745513866231648,2,1,"{""C1447749"": 2}",-0.0,-0.0,0.0
mm_0052672,PubMedBERT,back_translation,mixed,0.1866913123844732,3,2,"{""C1999375"": 1, ""C1839576"": 2}",0.9182958340544896,0.579380164285695,0.0
mm_0052672,PubMedBERT,synonym_substitution,modifier,0.11677631578947369,2,1,"{""C1999375"": 2}",-0.0,-0.0,0.0
mm_0052672,PubMedBERT,synonym_substitution,noun,0.11745513866231648,2,2,"{""C1999375"": 1, ""C1839576"": 1}",1.0,1.0,0.0
mm_0052800,BERT-base,back_translation,mixed,0.26136363636363635,3,1,"{""C0169661"": 3}",-0.0,-0.0,0.0
mm_0052800,BERT-base,controlled_paraphrase,mixed,0.37643678160919536,3,2,"{""C0169661"": 1, ""C0246486"": 2}",0.9182958340544896,0.579380164285695,0.0
mm_0052800,BERT-base,synonym_substitution,noun,0.08638583638583638,3,1,"{""C0169661"": 3}",-0.0,-0.0,0.0
mm_0052800,BERT-base,syntactic_reordering,modifier,0.14942528735632185,2,1,"{""C0169661"": 2}",-0.0,-0.0,0.0
mm_0052800,BioBERT,back_translation,mixed,0.26136363636363635,3,1,"{""UMLS:C1518102"": 3}",-0.0,-0.0,1.0
mm_0052800,BioBERT,controlled_paraphrase,mixed,0.37643678160919536,3,1,"{""UMLS:C1518102"": 3}",-0.0,-0.0,1.0
mm_0052800,BioBERT,synonym_substitution,noun,0.08638583638583638,3,1,"{""UMLS:C1518102"": 3}",-0.0,-0.0,1.0
mm_0052800,BioBERT,syntactic_reordering,modifier,0.14942528735632185,2,1,"{""UMLS:C1518102"": 2}",-0.0,-0.0,1.0
mm_0052800,PubMedBERT,back_translation,mixed,0.26136363636363635,3,1,"{""C1839576"": 3}",-0.0,-0.0,0.0
mm_0052800,PubMedBERT,controlled_paraphrase,mixed,0.37643678160919536,3,1,"{""C1839576"": 3}",-0.0,-0.0,0.0
mm_0052800,PubMedBERT,synonym_substitution,noun,0.08638583638583638,3,2,"{""C1839576"": 1, ""UMLS:C1257990"": 2}",0.9182958340544896,0.579380164285695,0.0
mm_0052800,PubMedBERT,syntactic_reordering,modifier,0.14942528735632185,2,2,"{""C1839576"": 1, ""UMLS:C1257990"": 1}",1.0,1.0,0.0
mm_0053229,BERT-base,back_translation,mixed,0.4013605442176871,3,1,"{""UMLS:C1257990"": 3}",-0.0,-0.0,0.0
mm_0053229,BERT-base,controlled_paraphrase,mixed,0.4285714285714286,3,2,"{""UMLS:C1257990"": 1, ""UMLS:C0242193"": 2}",0.9182958340544896,0.579380164285695,0.0
mm_0053229,BERT-base,synonym_substitution,verb,0.05442176870748299,3,1,"{""UMLS:C1257990"": 3}",-0.0,-0.0,0.0
mm_0053229,BioBERT,back_translation,mixed,0.4013605442176871,3,1,"{""UMLS:C1257990"": 3}",-0.0,-0.0,0.0
mm_0053229,BioBERT,controlled_paraphrase,mixed,0.4285714285714286,3,1,"{""UMLS:C1257990"": 3}",-0.0,-0.0,0.0
mm_0053229,BioBERT,synonym_substitution,verb,0.05442176870748299,3,1,"{""UMLS:C1257990"": 3}",-0.0,-0.0,0.0
mm_0053229,PubMedBERT,back_translation,mixed,0.4013605442176871,3,1,"{""C1839576"": 3}",-0.0,-0.0,0.0
mm_0053229,PubMedBERT,controlled_paraphrase,mixed,0.4285714285714286,3,1,"{""C1839576"": 3}",-0.0,-0.0,0.0
mm_0053229,PubMedBERT,synonym_substitution,verb,0.05442176870748299,3,1,"{""C1839576"": 3}",-0.0,-0.0,0.0
mm_0053650,BERT-base,back_translation,mixed,0.25,3,2,"{""C1566790"": 1, ""UMLS:C0358514"": 2}",0.9182958340544896,0.579380164285695,0.0
mm_0053650,BERT-base,controlled_paraphrase,mixed,0.3301282051282051,3,3,"{""C1566790"": 1, ""UMLS:C0752046"": 1, ""UMLS:C1257990"": 1}",1.584962500721156,1.0,0.0
mm_0053650,BERT-base,synonym_substitution,modifier,0.0658682634730539,2,2,"{""C1566790"": 1, ""UMLS:C0358514"": 1}",1.0,1.0,0.0
mm_0053650,BERT-base,synonym_substitution,verb,0.05555555555555555,2,2,"{""C1566790"": 1, ""UMLS:C0358514"": 1}",1.0,1.0,0.0
mm_0053650,BioBERT,back_translation,mixed,0.25,3,1,"{""C0258846"": 3}",-0.0,-0.0,0.0
mm_0053650,BioBERT,controlled_paraphrase,mixed,0.3301282051282051,3,1,"{""C0258846"": 3}",-0.0,-0.0,0.0
mm_0053650,BioBERT,synonym_substitution,modifier,0.0658682634730539,2,1,"{""C0258846"": 2}",-0.0,-0.0,0.0
mm_0053650,BioBERT,synonym_substitution,verb,0.05555555555555555,2,1,"{""C0258846"": 2}",-0.0,-0.0,0.0
mm_0053650,PubMedBERT,back_translation,mixed,0.25,3,1,"{""C1447749"": 3}",-0.0,-0.0,0.0
mm_0053650,PubMedBERT,controlled_paraphrase,mixed,0.3301282051282051,3,1,"{""C1447749"": 3}",-0.0,-0.0,0.0
mm_0053650,PubMedBERT,synonym_substitution,modifier,0.0658682634730539,2,1,"{""C1447749"": 2}",-0.0,-0.0,0.0
mm_0053650,PubMedBERT,synonym_substitution,verb,0.05555555555555555,2,1,"{""C1447749"": 2}",-0.0,-0.0,0.0
mm_0054625,BERT-base,back_translation,mixed,0.08552631578947369,3,1,"{""UMLS:C1257990"": 3}",-0.0,-0.0,0.0
mm_0054625,BERT-base,synonym_substitution,modifier,0.09554140127388536,2,1,"{""UMLS:C1257990"": 2}",-0.0,-0.0,0.0
mm_0054625,BERT-base,synonym_substitution,noun,0.09375,2,1,"{""UMLS:C1257990"": 2}",-0.0,-0.0,0.0
mm_0054625,BioBERT,back_translation,mixed,0.08552631578947369,3,1,"{""UMLS:C0026473"": 3}",-0.0,-0.0,0.0
mm_0054625,BioBERT,synonym_substitution,modifier,0.09554140127388536,2,2,"{""UMLS:C0026473"": 1, ""C1431322"": 1}",1.0,1.0,0.0
mm_0054625,BioBERT,synonym_substitution,noun,0.09375,2,1,"{""UMLS:C0026473"": 2}",-0.0,-0.0,0.0
mm_0054625,PubMedBERT,back_translation,mixed,0.08552631578947369,3,1,"{""C1839576"": 3}",-0.0,-0.0,0.0
mm_0054625,PubMedBERT,synonym_substitution,modifier,0.09554140127388536,2,2,"{""C1839576"": 1, ""C1447749"": 1}",1.0,1.0,0.0
mm_0054625,PubMedBERT,synonym_substitution,noun,0.09375,2,2,"{""C1839576"": 1, ""C1447749"": 1}",1.0,1.0,0.0
mm_0054752,BERT-base,back_translation,mixed,0.14869888475836432,3,1,"{""UMLS:C1257990"": 3}",-0.0,-0.0,0.0
mm_0054752,BERT-base,controlled_paraphrase,mixed,0.46840148698884754,3,1,"{""UMLS:C1257990"": 3}",-0.0,-0.0,0.0
mm_0054752,BERT-base,synonym_substitution,verb,0.055350553505535055,2,1,"{""UMLS:C1257990"": 2}",-0.0,-0.0,0.0
mm_0054752,BioBERT,back_translation,mixed,0.14869888475836432,3,1,"{""UMLS:C1257990"": 3}",-0.0,-0.0,0.0
mm_0054752,BioBERT,controlled_paraphrase,mixed,0.46840148698884754,3,1,"{""UMLS:C1257990"": 3}",-0.0,-0.0,0.0
mm_0054752,BioBERT,synonym_substitution,verb,0.055350553505535055,2,1,"{""UMLS:C1257990"": 2}",-0.0,-0.0,0.0
mm_0054752,PubMedBERT,back_translation,mixed,0.14869888475836432,3,2,"{""C1839576"": 1, ""C1447749"": 2}",0.9182958340544896,0.579380164285695,0.0
mm_0054752,PubMedBERT,controlled_paraphrase,mixed,0.46840148698884754,3,1,"{""C1839576"": 3}",-0.0,-0.0,0.0
mm_0054752,PubMedBERT,synonym_substitution,verb,0.055350553505535055,2,2,"{""C1839576"": 1, ""C1447749"": 1}",1.0,1.0,0.0
mm_0055204,BERT-base,synonym_substitution,modifier,0.052083333333333336,2,2,"{""C1431519"": 1, ""C0202533"": 1}",1.0,1.0,0.0
mm_0055204,BERT-base,synonym_substitution,noun,0.06382978723404255,2,2,"{""C1431519"": 1, ""C0386482"": 1}",1.0,1.0,0.0
mm_0055204,BERT-base,syntactic_reordering,mixed,0.45652173913043476,3,1,"{""C1431519"": 3}",-0.0,-0.0,0.0
mm_0055204,BioBERT,synonym_substitution,modifier,0.052083333333333336,2,1,"{""UMLS:C1707887"": 2}",-0.0,-0.0,0.0
mm_0055204,BioBERT,synonym_substitution,noun,0.06382978723404255,2,1,"{""UMLS:C1707887"": 2}",-0.0,-0.0,0.0
mm_0055204,BioBERT,syntactic_reordering,mixed,0.45652173913043476,3,1,"{""UMLS:C1707887"": 3}",-0.0,-0.0,0.0
mm_0055204,PubMedBERT,synonym_substitution,modifier,0.052083333333333336,2,1,"{""C1839576"": 2}",-0.0,-0.0,0.0
mm_0055204,PubMedBERT,synonym_substitution,noun,0.06382978723404255,2,2,"{""C1839576"": 1, ""C1447749"": 1}",1.0,1.0,0.0
mm_0055204,PubMedBERT,syntactic_reordering,mixed,0.45652173913043476,3,2,"{""C1839576"": 1, ""C1447749"": 2}",0.9182958340544896,0.579380164285695,0.0
mm_0055255,BERT-base,back_translation,mixed,0.05687203791469194,3,1,"{""C1312419"": 3}",-0.0,-0.0,0.0
mm_0055255,BERT-base,controlled_paraphrase,mixed,0.5761904761904761,3,2,"{""C1312419"": 1, ""UMLS:C1257990"": 2}",0.9182958340544896,0.579380164285695,0.0
mm_0055255,BioBERT,back_translation,mixed,0.05687203791469194,3,1,"{""C0018081"": 3}",-0.0,-0.0,0.0
mm_0055255,BioBERT,controlled_paraphrase,mixed,0.5761904761904761,3,1,"{""C0018081"": 3}",-0.0,-0.0,0.0
mm_0055255,PubMedBERT,back_translation,mixed,0.05687203791469194,3,1,"{""C1839576"": 3}",-0.0,-0.0,0.0
mm_0055255,PubMedBERT,controlled_paraphrase,mixed,0.5761904761904761,3,1,"{""C1839576"": 3}",-0.0,-0.0,0.0
mm_0055392,BERT-base,back_translation,mixed,0.30456852791878175,3,1,"{""C1447749"": 3}",-0.0,-0.0,0.0
mm_0055392,BERT-base,synonym_substitution,noun,0.05977224505143287,3,1,"{""C1447749"": 3}",-0.0,-0.0,0.0
mm_0055392,BERT-base,syntactic_reordering,modifier,0.14814814814814814,2,1,"{""C1447749"": 2}",-0.0,-0.0,0.0
mm_0055392,BioBERT,back_translation,mixed,0.30456852791878175,3,2,"{""C1447749"": 1, ""UMLS:C1707887"": 2}",0.9182958340544896,0.579380164285695,0.0
mm_0055392,BioBERT,synonym_substitution,noun,0.05977224505143287,3,2,"{""C1447749"": 2, ""UMLS:C1257990"": 1}",0.9182958340544896,0.579380164285695,0.0
mm_0055392,BioBERT,syntactic_reordering,modifier,0.14814814814814814,2,2,"{""C1447749"": 1, ""UMLS:C1707887"": 1}",1.0,1.0,0.0
mm_0055392,PubMedBERT,back_translation,mixed,0.30456852791878175,3,1,"{""C1447749"": 3}",-0.0,-0.0,0.0
mm_0055392,PubMedBERT,synonym_substitution,noun,0.05977224505143287,3,1,"{""C1447749"": 3}",-0.0,-0.0,0.0
mm_0055392,PubMedBERT,syntactic_reordering,modifier,0.14814814814814814,2,1,"{""C1447749"": 2}",-0.0,-0.0,0.0
mm_0055918,BERT-base,back_translation,mixed,0.07526881720430108,3,1,"{""UMLS:C1707887"": 3}",-0.0,-0.0,0.0
mm_0055918,BERT-base,synonym_substitution,noun,0.07291666666666667,2,1,"{""UMLS:C1707887"": 2}",-0.0,-0.0,0.0
mm_0055918,BERT-base,synonym_substitution,verb,0.09782608695652174,2,1,"{""UMLS:C1707887"": 2}",-0.0,-0.0,0.0
mm_0055918,BERT-base,syntactic_reordering,noun,0.4,3,1,"{""UMLS:C1707887"": 3}",-0.0,-0.0,0.0
mm_0055918,BioBERT,back_translation,mixed,0.07526881720430108,3,1,"{""UMLS:C1707887"": 3}",-0.0,-0.0,0.0
mm_0055918,BioBERT,synonym_substitution,noun,0.07291666666666667,2,1,"{""UMLS:C1707887"": 2}",-0.0,-0.0,0.0
mm_0055918,BioBERT,synonym_substitution,verb,0.09782608695652174,2,1,"{""UMLS:C1707887"": 2}",-0.0,-0.0,0.0
mm_0055918,BioBERT,syntactic_reordering,noun,0.4,3,1,"{""UMLS:C1707887"": 3}",-0.0,-0.0,0.0
mm_0055918,PubMedBERT,back_translation,mixed,0.07526881720430108,3,1,"{""UMLS:C1707887"": 3}",-0.0,-0.0,0.0
mm_0055918,PubMedBERT,synonym_substitution,noun,0.07291666666666667,2,1,"{""UMLS:C1707887"": 2}",-0.0,-0.0,0.0
mm_0055918,PubMedBERT,synonym_substitution,verb,0.09782608695652174,2,1,"{""UMLS:C1707887"": 2}",-0.0,-0.0,0.0
mm_0055918,PubMedBERT,syntactic_reordering,noun,0.4,3,1,"{""UMLS:C1707887"": 3}",-0.0,-0.0,0.0
mm_0056003,BERT-base,back_translation,verb,0.1878453038674033,3,1,"{""C1447749"": 3}",-0.0,-0.0,0.0
mm_0056003,BERT-base,controlled_paraphrase,mixed,0.25773195876288657,3,1,"{""C1447749"": 3}",-0.0,-0.0,0.0
mm_0056003,BERT-base,synonym_substitution,verb,0.10038286671452501,3,1,"{""C1447749"": 3}",-0.0,-0.0,0.0
mm_0056003,BERT-base,syntactic_reordering,mixed,0.4198895027624309,3,1,"{""C1447749"": 3}",-0.0,-0.0,0.0
mm_0056003,BioBERT,back_translation,verb,0.1878453038674033,3,1,"{""C1312419"": 3}",-0.0,-0.0,0.0
mm_0056003,BioBERT,controlled_paraphrase,mixed,0.25773195876288657,3,1,"{""C1312419"": 3}",-0.0,-0.0,0.0
mm_0056003,BioBERT,synonym_substitution,verb,0.10038286671452501,3,1,"{""C1312419"": 3}",-0.0,-0.0,0.0
mm_0056003,BioBERT,syntactic_reordering,mixed,0.4198895027624309,3,1,"{""C1312419"": 3}",-0.0,-0.0,0.0
mm_0056003,PubMedBERT,back_translation,verb,0.1878453038674033,3,1,"{""C1839576"": 3}",-0.0,-0.0,0.0
mm_0056003,PubMedBERT,controlled_paraphrase,mixed,0.25773195876288657,3,1,"{""C1839576"": 3}",-0.0,-0.0,0.0
mm_0056003,PubMedBERT,synonym_substitution,verb,0.10038286671452501,3,2,"{""C1839576"": 2, ""C1447749"": 1}",0.9182958340544896,0.579380164285695,0.0
mm_0056003,PubMedBERT,syntactic_reordering,mixed,0.4198895027624309,3,1,"{""C1839576"": 3}",-0.0,-0.0,0.0
mm_0056292,BERT-base,back_translation,unknown,0.07865168539325842,3,2,"{""UMLS:C1257990"": 1, ""C0282440"": 2}",0.9182958340544896,0.579380164285695,0.0
mm_0056292,BERT-base,synonym_substitution,modifier,0.0974121607405849,3,1,"{""UMLS:C1257990"": 3}",-0.0,-0.0,0.0
mm_0056292,BioBERT,back_translation,unknown,0.07865168539325842,3,1,"{""C0376671"": 3}",-0.0,-0.0,0.0
mm_0056292,BioBERT,synonym_substitution,modifier,0.0974121607405849,3,1,"{""C0376671"": 3}",-0.0,-0.0,0.0
mm_0056292,PubMedBERT,back_translation,unknown,0.07865168539325842,3,1,"{""C1839576"": 3}",-0.0,-0.0,0.0
mm_0056292,PubMedBERT,synonym_substitution,modifier,0.0974121607405849,3,1,"{""C1839576"": 3}",-0.0,-0.0,0.0
mm_0056538,BERT-base,back_translation,mixed,0.18208955223880596,3,1,"{""C0282597"": 3}",-0.0,-0.0,0.0
mm_0056538,BERT-base,controlled_paraphrase,mixed,0.29850746268656714,3,1,"{""C0282597"": 3}",-0.0,-0.0,0.0
mm_0056538,BioBERT,back_translation,mixed,0.18208955223880596,3,1,"{""UMLS:C1707887"": 3}",-0.0,-0.0,0.0
mm_0056538,BioBERT,controlled_paraphrase,mixed,0.29850746268656714,3,2,"{""UMLS:C1707887"": 1, ""UMLS:C1257990"": 2}",0.9182958340544896,0.579380164285695,0.0
mm_0056538,PubMedBERT,back_translation,mixed,0.18208955223880596,3,1,"{""C1447749"": 3}",-0.0,-0.0,0.0
mm_0056538,PubMedBERT,controlled_paraphrase,mixed,0.29850746268656714,3,1,"{""C1447749"": 3}",-0.0,-0.0,0.0
mm_0056765,BERT-base,controlled_paraphrase,mixed,0.32557283142389526,3,1,"{""UMLS:C1257990"": 3}",-0.0,-0.0,0.0
mm_0056765,BERT-base,synonym_substitution,verb,0.053475935828877004,2,1,"{""UMLS:C1257990"": 2}",-0.0,-0.0,0.0
mm_0056765,BioBERT,controlled_paraphrase,mixed,0.32557283142389526,3,2,"{""C0008396"": 2, ""UMLS:C1257990"": 1}",0.9182958340544896,0.579380164285695,0.0
mm_0056765,BioBERT,synonym_substitution,verb,0.053475935828877004,2,1,"{""C0008396"": 2}",-0.0,-0.0,0.0
mm_0056765,PubMedBERT,controlled_paraphrase,mixed,0.32557283142389526,3,1,"{""C0015131"": 3}",-0.0,-0.0,0.0
mm_0056765,PubMedBERT,synonym_substitution,verb,0.053475935828877004,2,2,"{""C0015131"": 1, ""C0018966"": 1}",1.0,1.0,0.0
mm_0056831,BERT-base,back_translation,mixed,0.1953125,3,2,"{""UMLS:C1257990"": 1, ""UMLS:C0242193"": 2}",0.9182958340544896,0.579380164285695,0.0
mm_0056831,BERT-base,controlled_paraphrase,mixed,0.271484375,3,2,"{""UMLS:C1257990"": 1, ""C1447749"": 2}",0.9182958340544896,0.579380164285695,0.0
mm_0056831,BERT-base,syntactic_reordering,mixed,0.228515625,3,1,"{""UMLS:C1257990"": 3}",-0.0,-0.0,0.0
mm_0056831,BioBERT,back_translation,mixed,0.1953125,3,1,"{""C1447749"": 3}",-0.0,-0.0,0.0
mm_0056831,BioBERT,controlled_paraphrase,mixed,0.271484375,3,1,"{""C1447749"": 3}",-0.0,-0.0,0.0
mm_0056831,BioBERT,syntactic_reordering,mixed,0.228515625,3,1,"{""C1447749"": 3}",-0.0,-0.0,0.0
mm_0056831,PubMedBERT,back_translation,mixed,0.1953125,3,1,"{""C1839576"": 3}",-0.0,-0.0,0.0
mm_0056831,PubMedBERT,controlled_paraphrase,mixed,0.271484375,3,1,"{""C1839576"": 3}",-0.0,-0.0,0.0
mm_0056831,PubMedBERT,syntactic_reordering,mixed,0.228515625,3,1,"{""C1839576"": 3}",-0.0,-0.0,0.0
mm_0056989,BERT-base,controlled_paraphrase,verb,0.5443548387096774,3,1,"{""UMLS:C1015514"": 3}",-0.0,-0.0,1.0
mm_0056989,BioBERT,controlled_paraphrase,verb,0.5443548387096774,3,1,"{""UMLS:C1015514"": 3}",-0.0,-0.0,1.0
mm_0056989,PubMedBERT,controlled_paraphrase,verb,0.5443548387096774,3,1,"{""UMLS:C1015514"": 3}",-0.0,-0.0,1.0
mm_0057315,BERT-base,back_translation,mixed,0.2755905511811024,3,1,"{""UMLS:C1257990"": 3}",-0.0,-0.0,0.0
mm_0057315,BERT-base,controlled_paraphrase,mixed,0.5714285714285714,3,2,"{""UMLS:C1257990"": 1, ""C0030201"": 2}",0.9182958340544896,0.579380164285695,0.0
mm_0057315,BERT-base,synonym_substitution,verb,0.07078257659653009,3,1,"{""UMLS:C1257990"": 3}",-0.0,-0.0,0.0
mm_0057315,BioBERT,back_translation,mixed,0.2755905511811024,3,2,"{""UMLS:C1707887"": 1, ""C1839576"": 2}",0.9182958340544896,0.579380164285695,0.0
mm_0057315,BioBERT,controlled_paraphrase,mixed,0.5714285714285714,3,1,"{""UMLS:C1707887"": 3}",-0.0,-0.0,0.0
mm_0057315,BioBERT,synonym_substitution,verb,0.07078257659653009,3,1,"{""UMLS:C1707887"": 3}",-0.0,-0.0,0.0
mm_0057315,PubMedBERT,back_translation,mixed,0.2755905511811024,3,1,"{""C1839576"": 3}",-0.0,-0.0,0.0
mm_0057315,PubMedBERT,controlled_paraphrase,mixed,0.5714285714285714,3,1,"{""C1839576"": 3}",-0.0,-0.0,0.0
mm_0057315,PubMedBERT,synonym_substitution,verb,0.07078257659653009,3,1,"{""C1839576"": 3}",-0.0,-0.0,0.0
mm_0057579,BERT-base,back_translation,mixed,0.18823529411764706,3,1,"{""C1312419"": 3}",-0.0,-0.0,0.0
mm_0057579,BERT-base,synonym_substitution,noun,0.056179775280898875,2,1,"{""C1312419"": 2}",-0.0,-0.0,0.0
mm_0057579,BERT-base,synonym_substitution,verb,0.05343511450381679,2,1,"{""C1312419"": 2}",-0.0,-0.0,0.0
mm_0057579,BioBERT,back_translation,mixed,0.18823529411764706,3,2,"{""C1312419"": 1, ""UMLS:C1257990"": 2}",0.9182958340544896,0.579380164285695,0.0
mm_0057579,BioBERT,synonym_substitution,noun,0.056179775280898875,2,1,"{""C1312419"": 2}",-0.0,-0.0,0.0
mm_0057579,BioBERT,synonym_substitution,verb,0.05343511450381679,2,1,"{""C1312419"": 2}",-0.0,-0.0,0.0
mm_0057579,PubMedBERT,back_translation,mixed,0.18823529411764706,3,1,"{""C1447749"": 3}",-0.0,-0.0,0.0
mm_0057579,PubMedBERT,synonym_substitution,noun,0.056179775280898875,2,1,"{""C1447749"": 2}",-0.0,-0.0,0.0
mm_0057579,PubMedBERT,synonym_substitution,verb,0.05343511450381679,2,1,"{""C1447749"": 2}",-0.0,-0.0,0.0
mm_0057675,BERT-base,back_translation,mixed,0.21328671328671328,3,2,"{""C1447749"": 1, ""UMLS:C1257990"": 2}",0.9182958340544896,0.579380164285695,0.0
mm_0057675,BERT-base,controlled_paraphrase,mixed,0.3262082180114967,3,1,"{""C1447749"": 3}",-0.0,-0.0,0.0
mm_0057675,BERT-base,synonym_substitution,noun,0.06020066889632107,2,1,"{""C1447749"": 2}",-0.0,-0.0,0.0
mm_0057675,BioBERT,back_translation,mixed,0.21328671328671328,3,1,"{""C1868801"": 3}",-0.0,-0.0,0.0
mm_0057675,BioBERT,controlled_paraphrase,mixed,0.3262082180114967,3,1,"{""C1868801"": 3}",-0.0,-0.0,0.0
mm_0057675,BioBERT,synonym_substitution,noun,0.06020066889632107,2,1,"{""C1868801"": 2}",-0.0,-0.0,0.0
mm_0057675,PubMedBERT,back_translation,mixed,0.21328671328671328,3,1,"{""C1839576"": 3}",-0.0,-0.0,0.0
mm_0057675,PubMedBERT,controlled_paraphrase,mixed,0.3262082180114967,3,1,"{""C1839576"": 3}",-0.0,-0.0,0.0
mm_0057675,PubMedBERT,synonym_substitution,noun,0.06020066889632107,2,1,"{""C1839576"": 2}",-0.0,-0.0,0.0
mm_0057822,BERT-base,back_translation,mixed,0.2857142857142857,3,1,"{""UMLS:C1257990"": 3}",-0.0,-0.0,0.0
mm_0057822,BERT-base,controlled_paraphrase,mixed,0.33554817275747506,3,1,"{""UMLS:C1257990"": 3}",-0.0,-0.0,0.0
mm_0057822,BERT-base,synonym_substitution,verb,0.0627062706270627,2,1,"{""UMLS:C1257990"": 2}",-0.0,-0.0,0.0
mm_0057822,BioBERT,back_translation,mixed,0.2857142857142857,3,2,"{""UMLS:C1257990"": 1, ""C1312419"": 2}",0.9182958340544896,0.579380164285695,0.0
mm_0057822,BioBERT,controlled_paraphrase,mixed,0.33554817275747506,3,2,"{""UMLS:C1257990"": 1, ""C1312419"": 2}",0.9182958340544896,0.579380164285695,0.0
mm_0057822,BioBERT,synonym_substitution,verb,0.0627062706270627,2,1,"{""UMLS:C1257990"": 2}",-0.0,-0.0,0.0
mm_0057822,PubMedBERT,back_translation,mixed,0.2857142857142857,3,2,"{""UMLS:C1423931"": 1, ""C1447749"": 2}",0.9182958340544896,0.579380164285695,0.0
mm_0057822,PubMedBERT,controlled_paraphrase,mixed,0.33554817275747506,3,1,"{""UMLS:C1423931"": 3}",-0.0,-0.0,0.0
mm_0057822,PubMedBERT,synonym_substitution,verb,0.0627062706270627,2,1,"{""UMLS:C1423931"": 2}",-0.0,-0.0,0.0
mm_0057864,BERT-base,back_translation,mixed,0.19808306709265175,3,1,"{""C1447749"": 3}",-0.0,-0.0,0.0
mm_0057864,BERT-base,controlled_paraphrase,mixed,0.41533546325878595,3,1,"{""C1447749"": 3}",-0.0,-0.0,0.0
mm_0057864,BERT-base,synonym_substitution,noun,0.0660377358490566,2,1,"{""C1447749"": 2}",-0.0,-0.0,0.0
mm_0057864,BERT-base,synonym_substitution,verb,0.059375,2,1,"{""C1447749"": 2}",-0.0,-0.0,0.0
mm_0057864,BioBERT,back_translation,mixed,0.19808306709265175,3,2,"{""C0265267"": 1, ""C0027609"": 2}",0.9182958340544896,0.579380164285695,0.0
mm_0057864,BioBERT,controlled_paraphrase,mixed,0.41533546325878595,3,2,"{""C0265267"": 1, ""C0027609"": 2}",0.9182958340544896,0.579380164285695,0.0
mm_0057864,BioBERT,synonym_substitution,noun,0.0660377358490566,2,1,"{""C0265267"": 2}",-0.0,-0.0,0.0
mm_0057864,BioBERT,synonym_substitution,verb,0.059375,2,2,"{""C0265267"": 1, ""C0027609"": 1}",1.0,1.0,0.0
mm_0057864,PubMedBERT,back_translation,mixed,0.19808306709265175,3,1,"{""C1839576"": 3}",-0.0,-0.0,0.0
mm_0057864,PubMedBERT,controlled_paraphrase,mixed,0.41533546325878595,3,1,"{""C1839576"": 3}",-0.0,-0.0,0.0
mm_0057864,PubMedBERT,synonym_substitution,noun,0.0660377358490566,2,1,"{""C1839576"": 2}",-0.0,-0.0,0.0
mm_0057864,PubMedBERT,synonym_substitution,verb,0.059375,2,1,"{""C1839576"": 2}",-0.0,-0.0,0.0
mm_0057927,BERT-base,synonym_substitution,noun,0.06382978723404255,2,1,"{""C1447749"": 2}",-0.0,-0.0,0.0
mm_0057927,BERT-base,synonym_substitution,verb,0.06914893617021277,2,1,"{""C1447749"": 2}",-0.0,-0.0,0.0
mm_0057927,BioBERT,synonym_substitution,noun,0.06382978723404255,2,1,"{""C0265267"": 2}",-0.0,-0.0,0.0
mm_0057927,BioBERT,synonym_substitution,verb,0.06914893617021277,2,1,"{""C0265267"": 2}",-0.0,-0.0,0.0
mm_0057927,PubMedBERT,synonym_substitution,noun,0.06382978723404255,2,1,"{""C1447749"": 2}",-0.0,-0.0,0.0
mm_0057927,PubMedBERT,synonym_substitution,verb,0.06914893617021277,2,1,"{""C1447749"": 2}",-0.0,-0.0,0.0
mm_0058271,BERT-base,back_translation,mixed,0.2011173184357542,3,1,"{""UMLS:C0242193"": 3}",-0.0,-0.0,0.0
mm_0058271,BERT-base,controlled_paraphrase,mixed,0.3407821229050279,3,1,"{""UMLS:C0242193"": 3}",-0.0,-0.0,0.0
mm_0058271,BERT-base,synonym_substitution,verb,0.07164106611620424,3,1,"{""UMLS:C0242193"": 3}",-0.0,-0.0,0.0
mm_0058271,BioBERT,back_translation,mixed,0.2011173184357542,3,2,"{""C1839576"": 1, ""C1447749"": 2}",0.9182958340544896,0.579380164285695,0.0
mm_0058271,BioBERT,controlled_paraphrase,mixed,0.3407821229050279,3,1,"{""C1839576"": 3}",-0.0,-0.0,0.0
mm_0058271,BioBERT,synonym_substitution,verb,0.07164106611620424,3,2,"{""C1839576"": 1, ""C1447749"": 2}",0.9182958340544896,0.579380164285695,0.0
mm_0058271,PubMedBERT,back_translation,mixed,0.2011173184357542,3,1,"{""C1839576"": 3}",-0.0,-0.0,0.0
mm_0058271,PubMedBERT,controlled_paraphrase,mixed,0.3407821229050279,3,1,"{""C1839576"": 3}",-0.0,-0.0,0.0
mm_0058271,PubMedBERT,synonym_substitution,verb,0.07164106611620424,3,1,"{""C1839576"": 3}",-0.0,-0.0,0.0
mm_0058376,BERT-base,back_translation,mixed,0.1822429906542056,3,1,"{""UMLS:C1257990"": 3}",-0.0,-0.0,0.0
mm_0058376,BERT-base,controlled_paraphrase,mixed,0.5167464114832536,3,1,"{""UMLS:C1257990"": 3}",-0.0,-0.0,0.0
mm_0058376,BERT-base,synonym_substitution,modifier,0.05581395348837209,2,1,"{""UMLS:C1257990"": 2}",-0.0,-0.0,0.0
mm_0058376,BERT-base,synonym_substitution,verb,0.06696428571428571,2,1,"{""UMLS:C1257990"": 2}",-0.0,-0.0,0.0
mm_0058376,BioBERT,back_translation,mixed,0.1822429906542056,3,1,"{""C1312419"": 3}",-0.0,-0.0,0.0
mm_0058376,BioBERT,controlled_paraphrase,mixed,0.5167464114832536,3,1,"{""C1312419"": 3}",-0.0,-0.0,0.0
mm_0058376,BioBERT,synonym_substitution,modifier,0.05581395348837209,2,1,"{""C1312419"": 2}",-0.0,-0.0,0.0
mm_0058376,BioBERT,synonym_substitution,verb,0.06696428571428571,2,1,"{""C1312419"": 2}",-0.0,-0.0,0.0
mm_0058376,PubMedBERT,back_translation,mixed,0.1822429906542056,3,1,"{""C1839576"": 3}",-0.0,-0.0,0.0
mm_0058376,PubMedBERT,controlled_paraphrase,mixed,0.5167464114832536,3,1,"{""C1839576"": 3}",-0.0,-0.0,0.0
mm_0058376,PubMedBERT,synonym_substitution,modifier,0.05581395348837209,2,1,"{""C1839576"": 2}",-0.0,-0.0,0.0
mm_0058376,PubMedBERT,synonym_substitution,verb,0.06696428571428571,2,1,"{""C1839576"": 2}",-0.0,-0.0,0.0
mm_0059412,BERT-base,back_translation,mixed,0.2271186440677966,3,2,"{""C4505290"": 1, ""C0386482"": 2}",0.9182958340544896,0.579380164285695,0.0
mm_0059412,BERT-base,controlled_paraphrase,mixed,0.2694915254237288,3,2,"{""C4505290"": 1, ""C0386482"": 2}",0.9182958340544896,0.579380164285695,0.0
mm_0059412,BERT-base,synonym_substitution,noun,0.08125,2,1,"{""C4505290"": 2}",-0.0,-0.0,0.0
mm_0059412,BERT-base,synonym_substitution,verb,0.08099688473520249,2,1,"{""C4505290"": 2}",-0.0,-0.0,0.0
mm_0059412,BioBERT,back_translation,mixed,0.2271186440677966,3,2,"{""C1370369"": 1, ""C4505290"": 2}",0.9182958340544896,0.579380164285695,0.0
mm_0059412,BioBERT,controlled_paraphrase,mixed,0.2694915254237288,3,1,"{""C1370369"": 3}",-0.0,-0.0,0.0
mm_0059412,BioBERT,synonym_substitution,noun,0.08125,2,1,"{""C1370369"": 2}",-0.0,-0.0,0.0
mm_0059412,BioBERT,synonym_substitution,verb,0.08099688473520249,2,1,"{""C1370369"": 2}",-0.0,-0.0,0.0
mm_0059412,PubMedBERT,back_translation,mixed,0.2271186440677966,3,1,"{""C0018966"": 3}",-0.0,-0.0,0.0
mm_0059412,PubMedBERT,controlled_paraphrase,mixed,0.2694915254237288,3,1,"{""C0018966"": 3}",-0.0,-0.0,0.0
mm_0059412,PubMedBERT,synonym_substitution,noun,0.08125,2,1,"{""C0018966"": 2}",-0.0,-0.0,0.0
mm_0059412,PubMedBERT,synonym_substitution,verb,0.08099688473520249,2,1,"{""C0018966"": 2}",-0.0,-0.0,0.0
mm_0060247,BERT-base,back_translation,mixed,0.15151515151515152,3,1,"{""C1447749"": 3}",-0.0,-0.0,0.0
mm_0060247,BERT-base,controlled_paraphrase,mixed,0.3496932515337423,3,1,"{""C1447749"": 3}",-0.0,-0.0,0.0
mm_0060247,BERT-base,synonym_substitution,modifier,0.05732484076433121,2,1,"{""C1447749"": 2}",-0.0,-0.0,0.0
mm_0060247,BioBERT,back_translation,mixed,0.15151515151515152,3,1,"{""C1839576"": 3}",-0.0,-0.0,0.0
mm_0060247,BioBERT,controlled_paraphrase,mixed,0.3496932515337423,3,1,"{""C1839576"": 3}",-0.0,-0.0,0.0
mm_0060247,BioBERT,synonym_substitution,modifier,0.05732484076433121,2,1,"{""C1839576"": 2}",-0.0,-0.0,0.0
mm_0060247,PubMedBERT,back_translation,mixed,0.15151515151515152,3,1,"{""C1839576"": 3}",-0.0,-0.0,0.0
mm_0060247,PubMedBERT,controlled_paraphrase,mixed,0.3496932515337423,3,1,"{""C1839576"": 3}",-0.0,-0.0,0.0
mm_0060247,PubMedBERT,synonym_substitution,modifier,0.05732484076433121,2,1,"{""C1839576"": 2}",-0.0,-0.0,0.0
mm_0061241,BERT-base,controlled_paraphrase,mixed,0.4256763911685286,3,1,"{""C0524869"": 3}",-0.0,-0.0,0.0
mm_0061241,BERT-base,synonym_substitution,noun,0.05405405405405406,2,1,"{""C0524869"": 2}",-0.0,-0.0,0.0
mm_0061241,BERT-base,synonym_substitution,verb,0.05945945945945946,2,1,"{""C0524869"": 2}",-0.0,-0.0,0.0
mm_0061241,BioBERT,controlled_paraphrase,mixed,0.4256763911685286,3,1,"{""C1257738"": 3}",-0.0,-0.0,0.0
mm_0061241,BioBERT,synonym_substitution,noun,0.05405405405405406,2,1,"{""C1257738"": 2}",-0.0,-0.0,0.0
mm_0061241,BioBERT,synonym_substitution,verb,0.05945945945945946,2,1,"{""C1257738"": 2}",-0.0,-0.0,0.0
mm_0061241,PubMedBERT,controlled_paraphrase,mixed,0.4256763911685286,3,1,"{""C1447749"": 3}",-0.0,-0.0,0.0
mm_0061241,PubMedBERT,synonym_substitution,noun,0.05405405405405406,2,1,"{""C1447749"": 2}",-0.0,-0.0,0.0
mm_0061241,PubMedBERT,synonym_substitution,verb,0.05945945945945946,2,1,"{""C1447749"": 2}",-0.0,-0.0,0.0
mm_0061265,BERT-base,back_translation,mixed,0.26301369863013696,3,1,"{""C2936621"": 3}",-0.0,-0.0,0.0
mm_0061265,BioBERT,back_translation,mixed,0.26301369863013696,3,1,"{""UMLS:C1257990"": 3}",-0.0,-0.0,0.0
mm_0061265,PubMedBERT,back_translation,mixed,0.26301369863013696,3,1,"{""C1447749"": 3}",-0.0,-0.0,0.0
mm_0061747,BERT-base,back_translation,mixed,0.1285140562248996,3,1,"{""UMLS:C1257990"": 3}",-0.0,-0.0,0.0
mm_0061747,BERT-base,controlled_paraphrase,mixed,0.4236947791164659,3,1,"{""UMLS:C1257990"": 3}",-0.0,-0.0,0.0
mm_0061747,BERT-base,synonym_substitution,verb,0.05220883534136546,2,1,"{""UMLS:C1257990"": 2}",-0.0,-0.0,0.0
mm_0061747,BERT-base,syntactic_reordering,mixed,0.1285140562248996,3,1,"{""UMLS:C1257990"": 3}",-0.0,-0.0,0.0
mm_0061747,BioBERT,back_translation,mixed,0.1285140562248996,3,1,"{""UMLS:C1257990"": 3}",-0.0,-0.0,0.0
mm_0061747,BioBERT,controlled_paraphrase,mixed,0.4236947791164659,3,1,"{""UMLS:C1257990"": 3}",-0.0,-0.0,0.0
mm_0061747,BioBERT,synonym_substitution,verb,0.05220883534136546,2,1,"{""UMLS:C1257990"": 2}",-0.0,-0.0,0.0
mm_0061747,BioBERT,syntactic_reordering,mixed,0.1285140562248996,3,1,"{""UMLS:C1257990"": 3}",-0.0,-0.0,0.0
mm_0061747,PubMedBERT,back_translation,mixed,0.1285140562248996,3,1,"{""C1839576"": 3}",-0.0,-0.0,0.0
mm_0061747,PubMedBERT,controlled_paraphrase,mixed,0.4236947791164659,3,2,"{""C1839576"": 1, ""UMLS:C1257990"": 2}",0.9182958340544896,0.579380164285695,0.0
mm_0061747,PubMedBERT,synonym_substitution,verb,0.05220883534136546,2,2,"{""C1839576"": 1, ""UMLS:C1257990"": 1}",1.0,1.0,0.0
mm_0061747,PubMedBERT,syntactic_reordering,mixed,0.1285140562248996,3,2,"{""C1839576"": 1, ""UMLS:C1257990"": 2}",0.9182958340544896,0.579380164285695,0.0
mm_0061750,BERT-base,back_translation,mixed,0.16666666666666666,3,1,"{""C1447749"": 3}",-0.0,-0.0,0.0
mm_0061750,BERT-base,controlled_paraphrase,mixed,0.2857142857142857,3,1,"{""C1447749"": 3}",-0.0,-0.0,0.0
mm_0061750,BERT-base,synonym_substitution,modifier,0.06914893617021277,2,1,"{""C1447749"": 2}",-0.0,-0.0,0.0
mm_0061750,BERT-base,synonym_substitution,noun,0.05235602094240838,2,1,"{""C1447749"": 2}",-0.0,-0.0,0.0
mm_0061750,BioBERT,back_translation,mixed,0.16666666666666666,3,1,"{""UMLS:C1257990"": 3}",-0.0,-0.0,0.0
mm_0061750,BioBERT,controlled_paraphrase,mixed,0.2857142857142857,3,1,"{""UMLS:C1257990"": 3}",-0.0,-0.0,0.0
mm_0061750,BioBERT,synonym_substitution,modifier,0.06914893617021277,2,1,"{""UMLS:C1257990"": 2}",-0.0,-0.0,0.0
mm_0061750,BioBERT,synonym_substitution,noun,0.05235602094240838,2,1,"{""UMLS:C1257990"": 2}",-0.0,-0.0,0.0
mm_0061750,PubMedBERT,back_translation,mixed,0.16666666666666666,3,1,"{""C1447749"": 3}",-0.0,-0.0,0.0
mm_0061750,PubMedBERT,controlled_paraphrase,mixed,0.2857142857142857,3,1,"{""C1447749"": 3}",-0.0,-0.0,0.0
mm_0061750,PubMedBERT,synonym_substitution,modifier,0.06914893617021277,2,1,"{""C1447749"": 2}",-0.0,-0.0,0.0
mm_0061750,PubMedBERT,synonym_substitution,noun,0.05235602094240838,2,1,"{""C1447749"": 2}",-0.0,-0.0,0.0
mm_0062167,BERT-base,back_translation,mixed,0.24596774193548387,3,1,"{""C1447749"": 3}",-0.0,-0.0,0.0
mm_0062167,BERT-base,controlled_paraphrase,mixed,0.4717741935483871,3,1,"{""C1447749"": 3}",-0.0,-0.0,0.0
mm_0062167,BERT-base,synonym_substitution,noun,0.07547169811320754,2,1,"{""C1447749"": 2}",-0.0,-0.0,0.0
mm_0062167,BERT-base,synonym_substitution,verb,0.060836501901140684,2,1,"{""C1447749"": 2}",-0.0,-0.0,0.0
mm_0062167,BioBERT,back_translation,mixed,0.24596774193548387,3,1,"{""C1447749"": 3}",-0.0,-0.0,0.0
mm_0062167,BioBERT,controlled_paraphrase,mixed,0.4717741935483871,3,2,"{""C1447749"": 1, ""UMLS:C1707887"": 2}",0.9182958340544896,0.579380164285695,0.0
mm_0062167,BioBERT,synonym_substitution,noun,0.07547169811320754,2,1,"{""C1447749"": 2}",-0.0,-0.0,0.0
mm_0062167,BioBERT,synonym_substitution,verb,0.060836501901140684,2,1,"{""C1447749"": 2}",-0.0,-0.0,0.0
mm_0062167,PubMedBERT,back_translation,mixed,0.24596774193548387,3,1,"{""C1839576"": 3}",-0.0,-0.0,0.0
mm_0062167,PubMedBERT,controlled_paraphrase,mixed,0.4717741935483871,3,1,"{""C1839576"": 3}",-0.0,-0.0,0.0
mm_0062167,PubMedBERT,synonym_substitution,noun,0.07547169811320754,2,1,"{""C1839576"": 2}",-0.0,-0.0,0.0
mm_0062167,PubMedBERT,synonym_substitution,verb,0.060836501901140684,2,1,"{""C1839576"": 2}",-0.0,-0.0,0.0
mm_0062391,BERT-base,back_translation,function_word,0.06666666666666667,3,1,"{""C1431519"": 3}",-0.0,-0.0,0.0
mm_0062391,BERT-base,controlled_paraphrase,mixed,0.49193548387096775,3,1,"{""C1431519"": 3}",-0.0,-0.0,0.0
mm_0062391,BERT-base,synonym_substitution,modifier,0.0625,2,1,"{""C1431519"": 2}",-0.0,-0.0,0.0
mm_0062391,BERT-base,synonym_substitution,noun,0.10476190476190476,2,1,"{""C1431519"": 2}",-0.0,-0.0,0.0
mm_0062391,BioBERT,back_translation,function_word,0.06666666666666667,3,1,"{""C1312419"": 3}",-0.0,-0.0,0.0
mm_0062391,BioBERT,controlled_paraphrase,mixed,0.49193548387096775,3,1,"{""C1312419"": 3}",-0.0,-0.0,0.0
mm_0062391,BioBERT,synonym_substitution,modifier,0.0625,2,1,"{""C1312419"": 2}",-0.0,-0.0,0.0
mm_0062391,BioBERT,synonym_substitution,noun,0.10476190476190476,2,1,"{""C1312419"": 2}",-0.0,-0.0,0.0
mm_0062391,PubMedBERT,back_translation,function_word,0.06666666666666667,3,1,"{""C1839576"": 3}",-0.0,-0.0,0.0
mm_0062391,PubMedBERT,controlled_paraphrase,mixed,0.49193548387096775,3,1,"{""C1839576"": 3}",-0.0,-0.0,0.0
mm_0062391,PubMedBERT,synonym_substitution,modifier,0.0625,2,1,"{""C1839576"": 2}",-0.0,-0.0,0.0
mm_0062391,PubMedBERT,synonym_substitution,noun,0.10476190476190476,2,1,"{""C1839576"": 2}",-0.0,-0.0,0.0
mm_0062397,BERT-base,back_translation,mixed,0.1591928251121076,3,1,"{""C1447749"": 3}",-0.0,-0.0,0.0
mm_0062397,BERT-base,controlled_paraphrase,mixed,0.5627802690582959,3,2,"{""C1447749"": 1, ""UMLS:C1257990"": 2}",0.9182958340544896,0.579380164285695,0.0
mm_0062397,BioBERT,back_translation,mixed,0.1591928251121076,3,2,"{""C0265267"": 1, ""C1312419"": 2}",0.9182958340544896,0.579380164285695,0.0
mm_0062397,BioBERT,controlled_paraphrase,mixed,0.5627802690582959,3,2,"{""C0265267"": 1, ""C1312419"": 2}",0.9182958340544896,0.579380164285695,0.0
mm_0062397,PubMedBERT,back_translation,mixed,0.1591928251121076,3,1,"{""C1839576"": 3}",-0.0,-0.0,0.0
mm_0062397,PubMedBERT,controlled_paraphrase,mixed,0.5627802690582959,3,1,"{""C1839576"": 3}",-0.0,-0.0,0.0
mm_0062407,BERT-base,back_translation,mixed,0.15267175572519084,3,1,"{""UMLS:C1257990"": 3}",-0.0,-0.0,0.0
mm_0062407,BERT-base,controlled_paraphrase,mixed,0.559319177620492,3,1,"{""UMLS:C1257990"": 3}",-0.0,-0.0,0.0
mm_0062407,BERT-base,synonym_substitution,verb,0.10236220472440945,3,1,"{""UMLS:C1257990"": 3}",-0.0,-0.0,0.0
mm_0062407,BERT-base,syntactic_reordering,mixed,0.3644067796610169,3,2,"{""UMLS:C1257990"": 1, ""UMLS:C0242193"": 2}",0.9182958340544896,0.579380164285695,0.0
mm_0062407,BioBERT,back_translation,mixed,0.15267175572519084,3,1,"{""UMLS:C0358514"": 3}",-0.0,-0.0,0.0
mm_0062407,BioBERT,controlled_paraphrase,mixed,0.559319177620492,3,1,"{""UMLS:C0358514"": 3}",-0.0,-0.0,0.0
mm_0062407,BioBERT,synonym_substitution,verb,0.10236220472440945,3,1,"{""UMLS:C0358514"": 3}",-0.0,-0.0,0.0
mm_0062407,BioBERT,syntactic_reordering,mixed,0.3644067796610169,3,1,"{""UMLS:C0358514"": 3}",-0.0,-0.0,0.0
mm_0062407,PubMedBERT,back_translation,mixed,0.15267175572519084,3,1,"{""C1839576"": 3}",-0.0,-0.0,0.0
mm_0062407,PubMedBERT,controlled_paraphrase,mixed,0.559319177620492,3,1,"{""C1839576"": 3}",-0.0,-0.0,0.0
mm_0062407,PubMedBERT,synonym_substitution,verb,0.10236220472440945,3,1,"{""C1839576"": 3}",-0.0,-0.0,0.0
mm_0062407,PubMedBERT,syntactic_reordering,mixed,0.3644067796610169,3,1,"{""C1839576"": 3}",-0.0,-0.0,0.0
mm_0062793,BERT-base,back_translation,mixed,0.21189591078066913,3,1,"{""UMLS:C1257990"": 3}",-0.0,-0.0,0.0
mm_0062793,BERT-base,controlled_paraphrase,mixed,0.39813002539145154,3,1,"{""UMLS:C1257990"": 3}",-0.0,-0.0,0.0
mm_0062793,BERT-base,syntactic_reordering,mixed,0.4867924528301887,2,1,"{""UMLS:C1257990"": 2}",-0.0,-0.0,0.0
mm_0062793,BioBERT,back_translation,mixed,0.21189591078066913,3,1,"{""UMLS:C1257990"": 3}",-0.0,-0.0,0.0
mm_0062793,BioBERT,controlled_paraphrase,mixed,0.39813002539145154,3,1,"{""UMLS:C1257990"": 3}",-0.0,-0.0,0.0
mm_0062793,BioBERT,syntactic_reordering,mixed,0.4867924528301887,2,2,"{""UMLS:C1257990"": 1, ""UMLS:C1707887"": 1}",1.0,1.0,0.0
mm_0062793,PubMedBERT,back_translation,mixed,0.21189591078066913,3,2,"{""C1839576"": 1, ""C1447749"": 2}",0.9182958340544896,0.579380164285695,0.0
mm_0062793,PubMedBERT,controlled_paraphrase,mixed,0.39813002539145154,3,2,"{""C1839576"": 2, ""C1447749"": 1}",0.9182958340544896,0.579380164285695,0.0
mm_0062793,PubMedBERT,syntactic_reordering,mixed,0.4867924528301887,2,2,"{""C1839576"": 1, ""C1447749"": 1}",1.0,1.0,0.0
mm_0063726,BERT-base,back_translation,mixed,0.16182572614107885,3,1,"{""C1447749"": 3}",-0.0,-0.0,0.0
mm_0063726,BERT-base,controlled_paraphrase,mixed,0.14107883817427386,3,1,"{""C1447749"": 3}",-0.0,-0.0,0.0
mm_0063726,BERT-base,synonym_substitution,modifier,0.054901960784313725,2,1,"{""C1447749"": 2}",-0.0,-0.0,0.0
mm_0063726,BERT-base,synonym_substitution,verb,0.056,2,1,"{""C1447749"": 2}",-0.0,-0.0,0.0
mm_0063726,BERT-base,syntactic_reordering,mixed,0.45643153526970953,3,1,"{""C1447749"": 3}",-0.0,-0.0,0.0
mm_0063726,BioBERT,back_translation,mixed,0.16182572614107885,3,2,"{""UMLS:C1257990"": 1, ""C1447749"": 2}",0.9182958340544896,0.579380164285695,0.0
mm_0063726,BioBERT,controlled_paraphrase,mixed,0.14107883817427386,3,1,"{""UMLS:C1257990"": 3}",-0.0,-0.0,0.0
mm_0063726,BioBERT,synonym_substitution,modifier,0.054901960784313725,2,2,"{""UMLS:C1257990"": 1, ""C1447749"": 1}",1.0,1.0,0.0
mm_0063726,BioBERT,synonym_substitution,verb,0.056,2,1,"{""UMLS:C1257990"": 2}",-0.0,-0.0,0.0
mm_0063726,BioBERT,syntactic_reordering,mixed,0.45643153526970953,3,2,"{""UMLS:C1257990"": 1, ""C1447749"": 2}",0.9182958340544896,0.579380164285695,0.0
mm_0063726,PubMedBERT,back_translation,mixed,0.16182572614107885,3,1,"{""C1839576"": 3}",-0.0,-0.0,0.0
mm_0063726,PubMedBERT,controlled_paraphrase,mixed,0.14107883817427386,3,1,"{""C1839576"": 3}",-0.0,-0.0,0.0
mm_0063726,PubMedBERT,synonym_substitution,modifier,0.054901960784313725,2,1,"{""C1839576"": 2}",-0.0,-0.0,0.0
mm_0063726,PubMedBERT,synonym_substitution,verb,0.056,2,1,"{""C1839576"": 2}",-0.0,-0.0,0.0
mm_0063726,PubMedBERT,syntactic_reordering,mixed,0.45643153526970953,3,1,"{""C1839576"": 3}",-0.0,-0.0,0.0
mm_0063933,BERT-base,controlled_paraphrase,mixed,0.5047619047619047,3,2,"{""C1447749"": 1, ""UMLS:C1257990"": 2}",0.9182958340544896,0.579380164285695,0.0
mm_0063933,BERT-base,synonym_substitution,noun,0.06756756756756757,2,1,"{""C1447749"": 2}",-0.0,-0.0,0.0
mm_0063933,BERT-base,synonym_substitution,verb,0.05581395348837209,2,1,"{""C1447749"": 2}",-0.0,-0.0,0.0
mm_0063933,BioBERT,controlled_paraphrase,mixed,0.5047619047619047,3,2,"{""C0021665"": 1, ""UMLS:C1257990"": 2}",0.9182958340544896,0.579380164285695,0.0
mm_0063933,BioBERT,synonym_substitution,noun,0.06756756756756757,2,1,"{""C0021665"": 2}",-0.0,-0.0,0.0
mm_0063933,BioBERT,synonym_substitution,verb,0.05581395348837209,2,1,"{""C0021665"": 2}",-0.0,-0.0,0.0
mm_0063933,PubMedBERT,controlled_paraphrase,mixed,0.5047619047619047,3,2,"{""UMLS:C1707887"": 1, ""C1839576"": 2}",0.9182958340544896,0.579380164285695,0.0
mm_0063933,PubMedBERT,synonym_substitution,noun,0.06756756756756757,2,1,"{""UMLS:C1707887"": 2}",-0.0,-0.0,0.0
mm_0063933,PubMedBERT,synonym_substitution,verb,0.05581395348837209,2,1,"{""UMLS:C1707887"": 2}",-0.0,-0.0,0.0
mm_0064130,BERT-base,back_translation,mixed,0.12048192771084337,3,1,"{""UMLS:C0810516"": 3}",-0.0,-0.0,0.0
mm_0064130,BERT-base,controlled_paraphrase,mixed,0.516260162601626,3,2,"{""UMLS:C0810516"": 1, ""UMLS:C0242193"": 2}",0.9182958340544896,0.579380164285695,0.0
mm_0064130,BioBERT,back_translation,mixed,0.12048192771084337,3,1,"{""UMLS:C0810516"": 3}",-0.0,-0.0,0.0
mm_0064130,BioBERT,controlled_paraphrase,mixed,0.516260162601626,3,2,"{""UMLS:C0810516"": 1, ""UMLS:C1257990"": 2}",0.9182958340544896,0.579380164285695,0.0
mm_0064130,PubMedBERT,back_translation,mixed,0.12048192771084337,3,1,"{""C1839576"": 3}",-0.0,-0.0,0.0
mm_0064130,PubMedBERT,controlled_paraphrase,mixed,0.516260162601626,3,1,"{""C1839576"": 3}",-0.0,-0.0,0.0
mm_0064287,BERT-base,controlled_paraphrase,mixed,0.22007722007722008,3,1,"{""UMLS:C0810516"": 3}",-0.0,-0.0,0.0
mm_0064287,BERT-base,synonym_substitution,noun,0.06944444444444445,2,2,"{""UMLS:C0810516"": 1, ""C0040048"": 1}",1.0,1.0,0.0
mm_0064287,BERT-base,synonym_substitution,verb,0.05069124423963134,2,2,"{""UMLS:C0810516"": 1, ""UMLS:C0919821"": 1}",1.0,1.0,0.0
mm_0064287,BioBERT,controlled_paraphrase,mixed,0.22007722007722008,3,1,"{""C0282551"": 3}",-0.0,-0.0,0.0
mm_0064287,BioBERT,synonym_substitution,noun,0.06944444444444445,2,1,"{""C0282551"": 2}",-0.0,-0.0,0.0
mm_0064287,BioBERT,synonym_substitution,verb,0.05069124423963134,2,1,"{""C0282551"": 2}",-0.0,-0.0,0.0
mm_0064287,PubMedBERT,controlled_paraphrase,mixed,0.22007722007722008,3,1,"{""C1447749"": 3}",-0.0,-0.0,0.0
mm_0064287,PubMedBERT,synonym_substitution,noun,0.06944444444444445,2,1,"{""C1447749"": 2}",-0.0,-0.0,0.0
mm_0064287,PubMedBERT,synonym_substitution,verb,0.05069124423963134,2,1,"{""C1447749"": 2}",-0.0,-0.0,0.0
mm_0064516,BERT-base,back_translation,mixed,0.07386363636363637,3,1,"{""UMLS:C1257990"": 3}",-0.0,-0.0,0.0
mm_0064516,BERT-base,controlled_paraphrase,mixed,0.16954022988505746,3,1,"{""UMLS:C1257990"": 3}",-0.0,-0.0,0.0
mm_0064516,BERT-base,synonym_substitution,noun,0.06779661016949153,2,1,"{""UMLS:C1257990"": 2}",-0.0,-0.0,0.0
mm_0064516,BERT-base,synonym_substitution,verb,0.05172413793103448,2,1,"{""UMLS:C1257990"": 2}",-0.0,-0.0,0.0
mm_0064516,BioBERT,back_translation,mixed,0.07386363636363637,3,1,"{""UMLS:C1257990"": 3}",-0.0,-0.0,0.0
mm_0064516,BioBERT,controlled_paraphrase,mixed,0.16954022988505746,3,1,"{""UMLS:C1257990"": 3}",-0.0,-0.0,0.0
mm_0064516,BioBERT,synonym_substitution,noun,0.06779661016949153,2,1,"{""UMLS:C1257990"": 2}",-0.0,-0.0,0.0
mm_0064516,BioBERT,synonym_substitution,verb,0.05172413793103448,2,1,"{""UMLS:C1257990"": 2}",-0.0,-0.0,0.0
mm_0064516,PubMedBERT,back_translation,mixed,0.07386363636363637,3,1,"{""UMLS:C1257990"": 3}",-0.0,-0.0,0.0
mm_0064516,PubMedBERT,controlled_paraphrase,mixed,0.16954022988505746,3,1,"{""UMLS:C1257990"": 3}",-0.0,-0.0,0.0
mm_0064516,PubMedBERT,synonym_substitution,noun,0.06779661016949153,2,1,"{""UMLS:C1257990"": 2}",-0.0,-0.0,0.0
mm_0064516,PubMedBERT,synonym_substitution,verb,0.05172413793103448,2,1,"{""UMLS:C1257990"": 2}",-0.0,-0.0,0.0
mm_0064558,BERT-base,back_translation,verb,0.08,3,1,"{""UMLS:C1257990"": 3}",-0.0,-0.0,0.0
mm_0064558,BERT-base,synonym_substitution,modifier,0.13157894736842105,2,1,"{""UMLS:C1257990"": 2}",-0.0,-0.0,0.0
mm_0064558,BERT-base,synonym_substitution,noun,0.05194805194805195,2,1,"{""UMLS:C1257990"": 2}",-0.0,-0.0,0.0
mm_0064558,BioBERT,back_translation,verb,0.08,3,1,"{""C1839576"": 3}",-0.0,-0.0,0.0
mm_0064558,BioBERT,synonym_substitution,modifier,0.13157894736842105,2,1,"{""C1839576"": 2}",-0.0,-0.0,0.0
mm_0064558,BioBERT,synonym_substitution,noun,0.05194805194805195,2,2,"{""C1839576"": 1, ""UMLS:C1707887"": 1}",1.0,1.0,0.0
mm_0064558,PubMedBERT,back_translation,verb,0.08,3,1,"{""C1839576"": 3}",-0.0,-0.0,0.0
mm_0064558,PubMedBERT,synonym_substitution,modifier,0.13157894736842105,2,1,"{""C1839576"": 2}",-0.0,-0.0,0.0
mm_0064558,PubMedBERT,synonym_substitution,noun,0.05194805194805195,2,1,"{""C1839576"": 2}",-0.0,-0.0,0.0
mm_0064655,BERT-base,back_translation,mixed,0.10140845070422536,3,1,"{""C1447749"": 3}",-0.0,-0.0,0.0
mm_0064655,BERT-base,synonym_substitution,noun,0.1044555226670821,3,1,"{""C1447749"": 3}",-0.0,-0.0,0.0
mm_0064655,BioBERT,back_translation,mixed,0.10140845070422536,3,1,"{""C1447749"": 3}",-0.0,-0.0,0.0
mm_0064655,BioBERT,synonym_substitution,noun,0.1044555226670821,3,1,"{""C1447749"": 3}",-0.0,-0.0,0.0
mm_0064655,PubMedBERT,back_translation,mixed,0.10140845070422536,3,2,"{""C1839576"": 1, ""C1447749"": 2}",0.9182958340544896,0.579380164285695,0.0
mm_0064655,PubMedBERT,synonym_substitution,noun,0.1044555226670821,3,2,"{""C1839576"": 1, ""C1447749"": 2}",0.9182958340544896,0.579380164285695,0.0
mm_0064801,BERT-base,back_translation,mixed,0.2708333333333333,3,1,"{""C1447749"": 3}",-0.0,-0.0,0.0
mm_0064801,BERT-base,controlled_paraphrase,mixed,0.3715277777777778,3,1,"{""C1447749"": 3}",-0.0,-0.0,0.0
mm_0064801,BioBERT,back_translation,mixed,0.2708333333333333,3,2,"{""C1739108"": 1, ""C1447749"": 2}",0.9182958340544896,0.579380164285695,0.0
mm_0064801,BioBERT,controlled_paraphrase,mixed,0.3715277777777778,3,2,"{""C1739108"": 1, ""C1447749"": 2}",0.9182958340544896,0.579380164285695,0.0
mm_0064801,PubMedBERT,back_translation,mixed,0.2708333333333333,3,2,"{""C1839576"": 1, ""C1447749"": 2}",0.9182958340544896,0.579380164285695,0.0
mm_0064801,PubMedBERT,controlled_paraphrase,mixed,0.3715277777777778,3,2,"{""C1839576"": 1, ""C1447749"": 2}",0.9182958340544896,0.579380164285695,0.0
mm_0065160,BERT-base,back_translation,mixed,0.24481327800829875,3,1,"{""UMLS:C2350390"": 3}",-0.0,-0.0,1.0
mm_0065160,BERT-base,controlled_paraphrase,mixed,0.5541125541125541,3,1,"{""UMLS:C2350390"": 3}",-0.0,-0.0,1.0
mm_0065160,BERT-base,synonym_substitution,noun,0.05106382978723404,2,1,"{""UMLS:C2350390"": 2}",-0.0,-0.0,1.0
mm_0065160,BERT-base,syntactic_reordering,mixed,0.4069264069264069,3,1,"{""UMLS:C2350390"": 3}",-0.0,-0.0,1.0
mm_0065160,BioBERT,back_translation,mixed,0.24481327800829875,3,2,"{""UMLS:C0919821"": 1, ""C0920208"": 2}",0.9182958340544896,0.579380164285695,0.0
mm_0065160,BioBERT,controlled_paraphrase,mixed,0.5541125541125541,3,2,"{""UMLS:C0919821"": 1, ""UMLS:C2350390"": 2}",0.9182958340544896,0.579380164285695,0.6666666666666666
mm_0065160,BioBERT,synonym_substitution,noun,0.05106382978723404,2,2,"{""UMLS:C0919821"": 1, ""UMLS:C2350390"": 1}",1.0,1.0,0.5
mm_0065160,BioBERT,syntactic_reordering,mixed,0.4069264069264069,3,2,"{""UMLS:C0919821"": 1, ""UMLS:C2350390"": 2}",0.9182958340544896,0.579380164285695,0.6666666666666666
mm_0065160,PubMedBERT,back_translation,mixed,0.24481327800829875,3,1,"{""C1839576"": 3}",-0.0,-0.0,0.0
mm_0065160,PubMedBERT,controlled_paraphrase,mixed,0.5541125541125541,3,1,"{""C1839576"": 3}",-0.0,-0.0,0.0
mm_0065160,PubMedBERT,synonym_substitution,noun,0.05106382978723404,2,1,"{""C1839576"": 2}",-0.0,-0.0,0.0
mm_0065160,PubMedBERT,syntactic_reordering,mixed,0.4069264069264069,3,1,"{""C1839576"": 3}",-0.0,-0.0,0.0
mm_0065470,BERT-base,back_translation,mixed,0.273542600896861,3,1,"{""UMLS:C0752046"": 3}",-0.0,-0.0,0.0
mm_0065470,BERT-base,controlled_paraphrase,mixed,0.329004329004329,3,1,"{""UMLS:C0752046"": 3}",-0.0,-0.0,0.0
mm_0065470,BERT-base,synonym_substitution,verb,0.07395851957804397,3,1,"{""UMLS:C0752046"": 3}",-0.0,-0.0,0.0
mm_0065470,BioBERT,back_translation,mixed,0.273542600896861,3,1,"{""C0597336"": 3}",-0.0,-0.0,0.0
mm_0065470,BioBERT,controlled_paraphrase,mixed,0.329004329004329,3,1,"{""C0597336"": 3}",-0.0,-0.0,0.0
mm_0065470,BioBERT,synonym_substitution,verb,0.07395851957804397,3,1,"{""C0597336"": 3}",-0.0,-0.0,0.0
mm_0065470,PubMedBERT,back_translation,mixed,0.273542600896861,3,1,"{""C1839576"": 3}",-0.0,-0.0,0.0
mm_0065470,PubMedBERT,controlled_paraphrase,mixed,0.329004329004329,3,1,"{""C1839576"": 3}",-0.0,-0.0,0.0
mm_0065470,PubMedBERT,synonym_substitution,verb,0.07395851957804397,3,1,"{""C1839576"": 3}",-0.0,-0.0,0.0
mm_0065651,BERT-base,back_translation,mixed,0.15510204081632653,3,1,"{""C1447749"": 3}",-0.0,-0.0,0.0
mm_0065651,BERT-base,controlled_paraphrase,mixed,0.1220472440944882,3,1,"{""C1447749"": 3}",-0.0,-0.0,0.0
mm_0065651,BioBERT,back_translation,mixed,0.15510204081632653,3,1,"{""C1447749"": 3}",-0.0,-0.0,0.0
mm_0065651,BioBERT,controlled_paraphrase,mixed,0.1220472440944882,3,1,"{""C1447749"": 3}",-0.0,-0.0,0.0
mm_0065651,PubMedBERT,back_translation,mixed,0.15510204081632653,3,2,"{""C1447749"": 1, ""C1839576"": 2}",0.9182958340544896,0.579380164285695,0.0
mm_0065651,PubMedBERT,controlled_paraphrase,mixed,0.1220472440944882,3,1,"{""C1447749"": 3}",-0.0,-0.0,0.0
mm_0065820,BERT-base,back_translation,mixed,0.18662952646239556,3,1,"{""C3850091"": 3}",-0.0,-0.0,0.0
mm_0065820,BERT-base,controlled_paraphrase,mixed,0.40502793296089384,3,2,"{""C3850091"": 1, ""C1447749"": 2}",0.9182958340544896,0.579380164285695,0.0
mm_0065820,BERT-base,synonym_substitution,function_word,0.053763440860215055,2,1,"{""C3850091"": 2}",-0.0,-0.0,0.0
mm_0065820,BERT-base,synonym_substitution,noun,0.06084656084656084,2,1,"{""C3850091"": 2}",-0.0,-0.0,0.0
mm_0065820,BioBERT,back_translation,mixed,0.18662952646239556,3,1,"{""UMLS:C1257990"": 3}",-0.0,-0.0,0.0
mm_0065820,BioBERT,controlled_paraphrase,mixed,0.40502793296089384,3,2,"{""UMLS:C1257990"": 1, ""UMLS:C1707887"": 2}",0.9182958340544896,0.579380164285695,0.0
mm_0065820,BioBERT,synonym_substitution,function_word,0.053763440860215055,2,1,"{""UMLS:C1257990"": 2}",-0.0,-0.0,0.0
mm_0065820,BioBERT,synonym_substitution,noun,0.06084656084656084,2,2,"{""UMLS:C1257990"": 1, ""UMLS:C1707887"": 1}",1.0,1.0,0.0
mm_0065820,PubMedBERT,back_translation,mixed,0.18662952646239556,3,1,"{""C1839576"": 3}",-0.0,-0.0,0.0
mm_0065820,PubMedBERT,controlled_paraphrase,mixed,0.40502793296089384,3,1,"{""C1839576"": 3}",-0.0,-0.0,0.0
mm_0065820,PubMedBERT,synonym_substitution,function_word,0.053763440860215055,2,1,"{""C1839576"": 2}",-0.0,-0.0,0.0
mm_0065820,PubMedBERT,synonym_substitution,noun,0.06084656084656084,2,1,"{""C1839576"": 2}",-0.0,-0.0,0.0
mm_0067336,BERT-base,back_translation,mixed,0.08928571428571429,3,1,"{""UMLS:C0358514"": 3}",-0.0,-0.0,0.0
mm_0067336,BERT-base,controlled_paraphrase,mixed,0.36330091533180775,3,2,"{""UMLS:C0358514"": 1, ""UMLS:C1257990"": 2}",0.9182958340544896,0.579380164285695,0.0
mm_0067336,BERT-base,synonym_substitution,noun,0.15508021390374332,2,1,"{""UMLS:C0358514"": 2}",-0.0,-0.0,0.0
mm_0067336,BERT-base,synonym_substitution,verb,0.12021857923497267,2,1,"{""UMLS:C0358514"": 2}",-0.0,-0.0,0.0
mm_0067336,BioBERT,back_translation,mixed,0.08928571428571429,3,1,"{""C1370369"": 3}",-0.0,-0.0,0.0
mm_0067336,BioBERT,controlled_paraphrase,mixed,0.36330091533180775,3,3,"{""C1370369"": 1, ""UMLS:C1257990"": 1, ""C1312419"": 1}",1.584962500721156,1.0,0.0
mm_0067336,BioBERT,synonym_substitution,noun,0.15508021390374332,2,1,"{""C1370369"": 2}",-0.0,-0.0,0.0
mm_0067336,BioBERT,synonym_substitution,verb,0.12021857923497267,2,1,"{""C1370369"": 2}",-0.0,-0.0,0.0
mm_0067336,PubMedBERT,back_translation,mixed,0.08928571428571429,3,1,"{""C1839576"": 3}",-0.0,-0.0,0.0
mm_0067336,PubMedBERT,controlled_paraphrase,mixed,0.36330091533180775,3,1,"{""C1839576"": 3}",-0.0,-0.0,0.0
mm_0067336,PubMedBERT,synonym_substitution,noun,0.15508021390374332,2,1,"{""C1839576"": 2}",-0.0,-0.0,0.0
mm_0067336,PubMedBERT,synonym_substitution,verb,0.12021857923497267,2,1,"{""C1839576"": 2}",-0.0,-0.0,0.0
mm_0067846,BERT-base,controlled_paraphrase,mixed,0.39691154725097455,3,1,"{""C1447749"": 3}",-0.0,-0.0,0.0
mm_0067846,BERT-base,synonym_substitution,noun,0.05844155844155844,2,1,"{""C1447749"": 2}",-0.0,-0.0,0.0
mm_0067846,BERT-base,synonym_substitution,verb,0.0784313725490196,2,1,"{""C1447749"": 2}",-0.0,-0.0,0.0
mm_0067846,BioBERT,controlled_paraphrase,mixed,0.39691154725097455,3,1,"{""UMLS:C1257990"": 3}",-0.0,-0.0,0.0
mm_0067846,BioBERT,synonym_substitution,noun,0.05844155844155844,2,1,"{""UMLS:C1257990"": 2}",-0.0,-0.0,0.0
mm_0067846,BioBERT,synonym_substitution,verb,0.0784313725490196,2,1,"{""UMLS:C1257990"": 2}",-0.0,-0.0,0.0
mm_0067846,PubMedBERT,controlled_paraphrase,mixed,0.39691154725097455,3,1,"{""C1839576"": 3}",-0.0,-0.0,0.0
mm_0067846,PubMedBERT,synonym_substitution,noun,0.05844155844155844,2,1,"{""C1839576"": 2}",-0.0,-0.0,0.0
mm_0067846,PubMedBERT,synonym_substitution,verb,0.0784313725490196,2,1,"{""C1839576"": 2}",-0.0,-0.0,0.0
mm_0067855,BERT-base,back_translation,noun,0.28888888888888886,3,2,"{""UMLS:C1257990"": 1, ""C0034698"": 2}",0.9182958340544896,0.579380164285695,0.0
mm_0067855,BERT-base,synonym_substitution,modifier,0.1,2,2,"{""UMLS:C1257990"": 1, ""C3850091"": 1}",1.0,1.0,0.0
mm_0067855,BERT-base,synonym_substitution,verb,0.17777777777777778,2,2,"{""UMLS:C1257990"": 1, ""C0034698"": 1}",1.0,1.0,0.0
mm_0067855,BioBERT,back_translation,noun,0.28888888888888886,3,1,"{""UMLS:C1257990"": 3}",-0.0,-0.0,0.0
mm_0067855,BioBERT,synonym_substitution,modifier,0.1,2,1,"{""UMLS:C1257990"": 2}",-0.0,-0.0,0.0
mm_0067855,BioBERT,synonym_substitution,verb,0.17777777777777778,2,1,"{""UMLS:C1257990"": 2}",-0.0,-0.0,0.0
mm_0067855,PubMedBERT,back_translation,noun,0.28888888888888886,3,1,"{""UMLS:C0332293"": 3}",-0.0,-0.0,0.0
mm_0067855,PubMedBERT,synonym_substitution,modifier,0.1,2,1,"{""UMLS:C0332293"": 2}",-0.0,-0.0,0.0
mm_0067855,PubMedBERT,synonym_substitution,verb,0.17777777777777778,2,1,"{""UMLS:C0332293"": 2}",-0.0,-0.0,0.0
mm_0067918,BERT-base,back_translation,mixed,0.1423841059602649,3,1,"{""C1447749"": 3}",-0.0,-0.0,0.0
mm_0067918,BERT-base,synonym_substitution,noun,0.06604559795225906,3,1,"{""C1447749"": 3}",-0.0,-0.0,0.0
mm_0067918,BioBERT,back_translation,mixed,0.1423841059602649,3,1,"{""C1447749"": 3}",-0.0,-0.0,0.0
mm_0067918,BioBERT,synonym_substitution,noun,0.06604559795225906,3,1,"{""C1447749"": 3}",-0.0,-0.0,0.0
mm_0067918,PubMedBERT,back_translation,mixed,0.1423841059602649,3,1,"{""C1447749"": 3}",-0.0,-0.0,0.0
mm_0067918,PubMedBERT,synonym_substitution,noun,0.06604559795225906,3,1,"{""C1447749"": 3}",-0.0,-0.0,0.0
mm_0068072,BERT-base,back_translation,verb,0.10236220472440945,3,1,"{""UMLS:C1257990"": 3}",-0.0,-0.0,0.0
mm_0068072,BERT-base,controlled_paraphrase,mixed,0.36220472440944884,3,1,"{""UMLS:C1257990"": 3}",-0.0,-0.0,0.0
mm_0068072,BERT-base,synonym_substitution,modifier,0.06015037593984962,2,1,"{""UMLS:C1257990"": 2}",-0.0,-0.0,0.0
mm_0068072,BERT-base,synonym_substitution,verb,0.05384615384615385,2,1,"{""UMLS:C1257990"": 2}",-0.0,-0.0,0.0
mm_0068072,BioBERT,back_translation,verb,0.10236220472440945,3,1,"{""C1309905"": 3}",-0.0,-0.0,0.0
mm_0068072,BioBERT,controlled_paraphrase,mixed,0.36220472440944884,3,1,"{""C1309905"": 3}",-0.0,-0.0,0.0
mm_0068072,BioBERT,synonym_substitution,modifier,0.06015037593984962,2,1,"{""C1309905"": 2}",-0.0,-0.0,0.0
mm_0068072,BioBERT,synonym_substitution,verb,0.05384615384615385,2,1,"{""C1309905"": 2}",-0.0,-0.0,0.0
mm_0068072,PubMedBERT,back_translation,verb,0.10236220472440945,3,1,"{""C1839576"": 3}",-0.0,-0.0,0.0
mm_0068072,PubMedBERT,controlled_paraphrase,mixed,0.36220472440944884,3,1,"{""C1839576"": 3}",-0.0,-0.0,0.0
mm_0068072,PubMedBERT,synonym_substitution,modifier,0.06015037593984962,2,1,"{""C1839576"": 2}",-0.0,-0.0,0.0
mm_0068072,PubMedBERT,synonym_substitution,verb,0.05384615384615385,2,1,"{""C1839576"": 2}",-0.0,-0.0,0.0
mm_0068158,BERT-base,controlled_paraphrase,mixed,0.5315942227706933,3,1,"{""C0524869"": 3}",-0.0,-0.0,0.0
mm_0068158,BERT-base,synonym_substitution,modifier,0.06190476190476191,2,2,"{""C0524869"": 1, ""C0265267"": 1}",1.0,1.0,0.0
mm_0068158,BERT-base,synonym_substitution,noun,0.057971014492753624,2,1,"{""C0524869"": 2}",-0.0,-0.0,0.0
mm_0068158,BioBERT,controlled_paraphrase,mixed,0.5315942227706933,3,1,"{""C1257738"": 3}",-0.0,-0.0,0.0
mm_0068158,BioBERT,synonym_substitution,modifier,0.06190476190476191,2,1,"{""C1257738"": 2}",-0.0,-0.0,0.0
mm_0068158,BioBERT,synonym_substitution,noun,0.057971014492753624,2,1,"{""C1257738"": 2}",-0.0,-0.0,0.0
mm_0068158,PubMedBERT,controlled_paraphrase,mixed,0.5315942227706933,3,1,"{""C1839576"": 3}",-0.0,-0.0,0.0
mm_0068158,PubMedBERT,synonym_substitution,modifier,0.06190476190476191,2,1,"{""C1839576"": 2}",-0.0,-0.0,0.0
mm_0068158,PubMedBERT,synonym_substitution,noun,0.057971014492753624,2,1,"{""C1839576"": 2}",-0.0,-0.0,0.0
mm_0068247,BERT-base,back_translation,mixed,0.20416666666666666,3,1,"{""C1447749"": 3}",-0.0,-0.0,0.0
mm_0068247,BERT-base,controlled_paraphrase,mixed,0.30833333333333335,3,1,"{""C1447749"": 3}",-0.0,-0.0,0.0
mm_0068247,BERT-base,synonym_substitution,modifier,0.05928853754940711,2,1,"{""C1447749"": 2}",-0.0,-0.0,0.0
mm_0068247,BERT-base,synonym_substitution,verb,0.05731225296442688,2,1,"{""C1447749"": 2}",-0.0,-0.0,0.0
mm_0068247,BERT-base,syntactic_reordering,mixed,0.5083333333333333,2,1,"{""C1447749"": 2}",-0.0,-0.0,0.0
mm_0068247,BioBERT,back_translation,mixed,0.20416666666666666,3,2,"{""C1447749"": 1, ""UMLS:C1257990"": 2}",0.9182958340544896,0.579380164285695,0.0
mm_0068247,BioBERT,controlled_paraphrase,mixed,0.30833333333333335,3,2,"{""C1447749"": 1, ""UMLS:C1257990"": 2}",0.9182958340544896,0.579380164285695,0.0
mm_0068247,BioBERT,synonym_substitution,modifier,0.05928853754940711,2,1,"{""C1447749"": 2}",-0.0,-0.0,0.0
mm_0068247,BioBERT,synonym_substitution,verb,0.05731225296442688,2,1,"{""C1447749"": 2}",-0.0,-0.0,0.0
mm_0068247,BioBERT,syntactic_reordering,mixed,0.5083333333333333,2,2,"{""C1447749"": 1, ""UMLS:C1257990"": 1}",1.0,1.0,0.0
mm_0068247,PubMedBERT,back_translation,mixed,0.20416666666666666,3,1,"{""C0015131"": 3}",-0.0,-0.0,0.0
mm_0068247,PubMedBERT,controlled_paraphrase,mixed,0.30833333333333335,3,1,"{""C0015131"": 3}",-0.0,-0.0,0.0
mm_0068247,PubMedBERT,synonym_substitution,modifier,0.05928853754940711,2,1,"{""C0015131"": 2}",-0.0,-0.0,0.0
mm_0068247,PubMedBERT,synonym_substitution,verb,0.05731225296442688,2,1,"{""C0015131"": 2}",-0.0,-0.0,0.0
mm_0068247,PubMedBERT,syntactic_reordering,mixed,0.5083333333333333,2,2,"{""C0015131"": 1, ""C1839576"": 1}",1.0,1.0,0.0
mm_0068940,BERT-base,controlled_paraphrase,mixed,0.13,3,1,"{""C1447749"": 3}",-0.0,-0.0,0.0
mm_0068940,BERT-base,synonym_substitution,noun,0.07238924050632911,3,2,"{""C1447749"": 2, ""UMLS:C1257990"": 1}",0.9182958340544896,0.579380164285695,0.0
mm_0068940,BioBERT,controlled_paraphrase,mixed,0.13,3,1,"{""C1136216"": 3}",-0.0,-0.0,0.0
mm_0068940,BioBERT,synonym_substitution,noun,0.07238924050632911,3,1,"{""C1136216"": 3}",-0.0,-0.0,0.0
mm_0068940,PubMedBERT,controlled_paraphrase,mixed,0.13,3,1,"{""C1839576"": 3}",-0.0,-0.0,0.0
mm_0068940,PubMedBERT,synonym_substitution,noun,0.07238924050632911,3,1,"{""C1839576"": 3}",-0.0,-0.0,0.0
mm_0069162,BERT-base,back_translation,mixed,0.0944055944055944,3,1,"{""C0280321"": 3}",-0.0,-0.0,0.0
mm_0069162,BERT-base,controlled_paraphrase,mixed,0.5874125874125874,3,2,"{""C0280321"": 1, ""UMLS:C1257990"": 2}",0.9182958340544896,0.579380164285695,0.0
mm_0069162,BioBERT,back_translation,mixed,0.0944055944055944,3,1,"{""UMLS:C0280313"": 3}",-0.0,-0.0,1.0
mm_0069162,BioBERT,controlled_paraphrase,mixed,0.5874125874125874,3,1,"{""UMLS:C0280313"": 3}",-0.0,-0.0,1.0
mm_0069162,PubMedBERT,back_translation,mixed,0.0944055944055944,3,1,"{""C1839576"": 3}",-0.0,-0.0,0.0
mm_0069162,PubMedBERT,controlled_paraphrase,mixed,0.5874125874125874,3,1,"{""C1839576"": 3}",-0.0,-0.0,0.0
mm_0069838,BERT-base,back_translation,mixed,0.21003134796238246,3,1,"{""C1447749"": 3}",-0.0,-0.0,0.0
mm_0069838,BERT-base,controlled_paraphrase,mixed,0.22570532915360503,3,2,"{""C1447749"": 1, ""C0265267"": 2}",0.9182958340544896,0.579380164285695,0.0
mm_0069838,BioBERT,back_translation,mixed,0.21003134796238246,3,2,"{""C0376671"": 1, ""UMLS:C0376671"": 2}",0.9182958340544896,0.579380164285695,0.6666666666666666
mm_0069838,BioBERT,controlled_paraphrase,mixed,0.22570532915360503,3,1,"{""C0376671"": 3}",-0.0,-0.0,0.0
mm_0069838,PubMedBERT,back_translation,mixed,0.21003134796238246,3,1,"{""C1447749"": 3}",-0.0,-0.0,0.0
mm_0069838,PubMedBERT,controlled_paraphrase,mixed,0.22570532915360503,3,1,"{""C1447749"": 3}",-0.0,-0.0,0.0
mm_0070124,BERT-base,back_translation,mixed,0.20304568527918782,3,1,"{""UMLS:C1257990"": 3}",-0.0,-0.0,0.0
mm_0070124,BERT-base,controlled_paraphrase,mixed,0.39267015706806285,3,1,"{""UMLS:C1257990"": 3}",-0.0,-0.0,0.0
mm_0070124,BERT-base,synonym_substitution,noun,0.06472359058565955,3,1,"{""UMLS:C1257990"": 3}",-0.0,-0.0,0.0
mm_0070124,BioBERT,back_translation,mixed,0.20304568527918782,3,2,"{""C5392105"": 1, ""UMLS:C1257990"": 2}",0.9182958340544896,0.579380164285695,0.0
mm_0070124,BioBERT,controlled_paraphrase,mixed,0.39267015706806285,3,2,"{""C5392105"": 1, ""UMLS:C1257990"": 2}",0.9182958340544896,0.579380164285695,0.0
mm_0070124,BioBERT,synonym_substitution,noun,0.06472359058565955,3,2,"{""C5392105"": 2, ""C0265267"": 1}",0.9182958340544896,0.579380164285695,0.0
mm_0070124,PubMedBERT,back_translation,mixed,0.20304568527918782,3,2,"{""C1839576"": 1, ""C1447749"": 2}",0.9182958340544896,0.579380164285695,0.0
mm_0070124,PubMedBERT,controlled_paraphrase,mixed,0.39267015706806285,3,1,"{""C1839576"": 3}",-0.0,-0.0,0.0
mm_0070124,PubMedBERT,synonym_substitution,noun,0.06472359058565955,3,1,"{""C1839576"": 3}",-0.0,-0.0,0.0
mm_0071254,BERT-base,back_translation,mixed,0.2463768115942029,3,1,"{""UMLS:C1257990"": 3}",-0.0,-0.0,0.0
mm_0071254,BERT-base,synonym_substitution,noun,0.10761154855643044,2,1,"{""UMLS:C1257990"": 2}",-0.0,-0.0,0.0
mm_0071254,BERT-base,synonym_substitution,verb,0.1134020618556701,2,1,"{""UMLS:C1257990"": 2}",-0.0,-0.0,0.0
mm_0071254,BERT-base,syntactic_reordering,mixed,0.3536231884057971,3,1,"{""UMLS:C1257990"": 3}",-0.0,-0.0,0.0
mm_0071254,BioBERT,back_translation,mixed,0.2463768115942029,3,1,"{""UMLS:C0358514"": 3}",-0.0,-0.0,0.0
mm_0071254,BioBERT,synonym_substitution,noun,0.10761154855643044,2,1,"{""UMLS:C0358514"": 2}",-0.0,-0.0,0.0
mm_0071254,BioBERT,synonym_substitution,verb,0.1134020618556701,2,1,"{""UMLS:C0358514"": 2}",-0.0,-0.0,0.0
mm_0071254,BioBERT,syntactic_reordering,mixed,0.3536231884057971,3,1,"{""UMLS:C0358514"": 3}",-0.0,-0.0,0.0
mm_0071254,PubMedBERT,back_translation,mixed,0.2463768115942029,3,1,"{""UMLS:C0358514"": 3}",-0.0,-0.0,0.0
mm_0071254,PubMedBERT,synonym_substitution,noun,0.10761154855643044,2,1,"{""UMLS:C0358514"": 2}",-0.0,-0.0,0.0
mm_0071254,PubMedBERT,synonym_substitution,verb,0.1134020618556701,2,1,"{""UMLS:C0358514"": 2}",-0.0,-0.0,0.0
mm_0071254,PubMedBERT,syntactic_reordering,mixed,0.3536231884057971,3,1,"{""UMLS:C0358514"": 3}",-0.0,-0.0,0.0
mm_0071441,BERT-base,back_translation,mixed,0.1759656652360515,3,1,"{""UMLS:C1257990"": 3}",-0.0,-0.0,0.0
mm_0071441,BERT-base,controlled_paraphrase,mixed,0.3393665158371041,3,1,"{""UMLS:C1257990"": 3}",-0.0,-0.0,0.0
mm_0071441,BERT-base,synonym_substitution,noun,0.05829596412556054,2,1,"{""UMLS:C1257990"": 2}",-0.0,-0.0,0.0
mm_0071441,BERT-base,synonym_substitution,verb,0.05405405405405406,2,1,"{""UMLS:C1257990"": 2}",-0.0,-0.0,0.0
mm_0071441,BioBERT,back_translation,mixed,0.1759656652360515,3,1,"{""UMLS:C1257990"": 3}",-0.0,-0.0,0.0
mm_0071441,BioBERT,controlled_paraphrase,mixed,0.3393665158371041,3,1,"{""UMLS:C1257990"": 3}",-0.0,-0.0,0.0
mm_0071441,BioBERT,synonym_substitution,noun,0.05829596412556054,2,1,"{""UMLS:C1257990"": 2}",-0.0,-0.0,0.0
mm_0071441,BioBERT,synonym_substitution,verb,0.05405405405405406,2,1,"{""UMLS:C1257990"": 2}",-0.0,-0.0,0.0
mm_0071441,PubMedBERT,back_translation,mixed,0.1759656652360515,3,1,"{""C1447749"": 3}",-0.0,-0.0,0.0
mm_0071441,PubMedBERT,controlled_paraphrase,mixed,0.3393665158371041,3,1,"{""C1447749"": 3}",-0.0,-0.0,0.0
mm_0071441,PubMedBERT,synonym_substitution,noun,0.05829596412556054,2,1,"{""C1447749"": 2}",-0.0,-0.0,0.0
mm_0071441,PubMedBERT,synonym_substitution,verb,0.05405405405405406,2,1,"{""C1447749"": 2}",-0.0,-0.0,0.0
mm_0071546,BERT-base,back_translation,mixed,0.3204633204633205,3,1,"{""C1431519"": 3}",-0.0,-0.0,0.0
mm_0071546,BERT-base,controlled_paraphrase,mixed,0.508,3,2,"{""C1431519"": 1, ""UMLS:C1283169"": 2}",0.9182958340544896,0.579380164285695,0.0
mm_0071546,BioBERT,back_translation,mixed,0.3204633204633205,3,1,"{""C1447749"": 3}",-0.0,-0.0,0.0
mm_0071546,BioBERT,controlled_paraphrase,mixed,0.508,3,2,"{""C1447749"": 1, ""UMLS:C1257990"": 2}",0.9182958340544896,0.579380164285695,0.0
mm_0071546,PubMedBERT,back_translation,mixed,0.3204633204633205,3,1,"{""C1839576"": 3}",-0.0,-0.0,0.0
mm_0071546,PubMedBERT,controlled_paraphrase,mixed,0.508,3,2,"{""C1839576"": 1, ""C1447749"": 2}",0.9182958340544896,0.579380164285695,0.0
mm_0072049,BERT-base,back_translation,mixed,0.1198501872659176,3,1,"{""UMLS:C1257990"": 3}",-0.0,-0.0,0.0
mm_0072049,BERT-base,controlled_paraphrase,mixed,0.2819610501663996,3,1,"{""UMLS:C1257990"": 3}",-0.0,-0.0,0.0
mm_0072049,BERT-base,synonym_substitution,noun,0.07369742933123215,3,1,"{""UMLS:C1257990"": 3}",-0.0,-0.0,0.0
mm_0072049,BioBERT,back_translation,mixed,0.1198501872659176,3,1,"{""C1447749"": 3}",-0.0,-0.0,0.0
mm_0072049,BioBERT,controlled_paraphrase,mixed,0.2819610501663996,3,1,"{""C1447749"": 3}",-0.0,-0.0,0.0
mm_0072049,BioBERT,synonym_substitution,noun,0.07369742933123215,3,1,"{""C1447749"": 3}",-0.0,-0.0,0.0
mm_0072049,PubMedBERT,back_translation,mixed,0.1198501872659176,3,2,"{""UMLS:C0752046"": 1, ""C0018966"": 2}",0.9182958340544896,0.579380164285695,0.0
mm_0072049,PubMedBERT,controlled_paraphrase,mixed,0.2819610501663996,3,2,"{""UMLS:C0752046"": 1, ""C0018966"": 2}",0.9182958340544896,0.579380164285695,0.0
mm_0072049,PubMedBERT,synonym_substitution,noun,0.07369742933123215,3,1,"{""UMLS:C0752046"": 3}",-0.0,-0.0,0.0
mm_0073575,BERT-base,back_translation,mixed,0.2788844621513944,3,2,"{""UMLS:C0242193"": 1, ""UMLS:C1707887"": 2}",0.9182958340544896,0.579380164285695,0.0
mm_0073575,BioBERT,back_translation,mixed,0.2788844621513944,3,2,"{""UMLS:C1257990"": 1, ""C0027609"": 2}",0.9182958340544896,0.579380164285695,0.0
mm_0073575,PubMedBERT,back_translation,mixed,0.2788844621513944,3,1,"{""C1839576"": 3}",-0.0,-0.0,0.0
mm_0074294,BERT-base,controlled_paraphrase,mixed,0.20480206540447504,3,1,"{""UMLS:C1257990"": 3}",-0.0,-0.0,0.0
mm_0074294,BERT-base,synonym_substitution,verb,0.07586206896551724,3,1,"{""UMLS:C1257990"": 3}",-0.0,-0.0,0.0
mm_0074294,BioBERT,controlled_paraphrase,mixed,0.20480206540447504,3,1,"{""UMLS:C1257990"": 3}",-0.0,-0.0,0.0
mm_0074294,BioBERT,synonym_substitution,verb,0.07586206896551724,3,1,"{""UMLS:C1257990"": 3}",-0.0,-0.0,0.0
mm_0074294,PubMedBERT,controlled_paraphrase,mixed,0.20480206540447504,3,1,"{""UMLS:C1257990"": 3}",-0.0,-0.0,0.0
mm_0074294,PubMedBERT,synonym_substitution,verb,0.07586206896551724,3,1,"{""UMLS:C1257990"": 3}",-0.0,-0.0,0.0
mm_0074383,BERT-base,back_translation,mixed,0.29012345679012347,3,1,"{""C0280324"": 3}",-0.0,-0.0,0.0
mm_0074383,BERT-base,controlled_paraphrase,mixed,0.3696759259259259,3,2,"{""C0280324"": 1, ""UMLS:C0393786"": 2}",0.9182958340544896,0.579380164285695,0.0
mm_0074383,BERT-base,synonym_substitution,noun,0.06172839506172839,2,1,"{""C0280324"": 2}",-0.0,-0.0,0.0
mm_0074383,BERT-base,syntactic_reordering,modifier,0.4267515923566879,3,1,"{""C0280324"": 3}",-0.0,-0.0,0.0
mm_0074383,BioBERT,back_translation,mixed,0.29012345679012347,3,1,"{""UMLS:C0232772"": 3}",-0.0,-0.0,0.0
mm_0074383,BioBERT,controlled_paraphrase,mixed,0.3696759259259259,3,2,"{""UMLS:C0232772"": 1, ""C0016978"": 2}",0.9182958340544896,0.579380164285695,0.0
mm_0074383,BioBERT,synonym_substitution,noun,0.06172839506172839,2,1,"{""UMLS:C0232772"": 2}",-0.0,-0.0,0.0
mm_0074383,BioBERT,syntactic_reordering,modifier,0.4267515923566879,3,1,"{""UMLS:C0232772"": 3}",-0.0,-0.0,0.0
mm_0074383,PubMedBERT,back_translation,mixed,0.29012345679012347,3,1,"{""C1839576"": 3}",-0.0,-0.0,0.0
mm_0074383,PubMedBERT,controlled_paraphrase,mixed,0.3696759259259259,3,2,"{""C1839576"": 1, ""C1447749"": 2}",0.9182958340544896,0.579380164285695,0.0
mm_0074383,PubMedBERT,synonym_substitution,noun,0.06172839506172839,2,2,"{""C1839576"": 1, ""C1447749"": 1}",1.0,1.0,0.0
mm_0074383,PubMedBERT,syntactic_reordering,modifier,0.4267515923566879,3,1,"{""C1839576"": 3}",-0.0,-0.0,0.0
mm_0074570,BERT-base,back_translation,mixed,0.16113744075829384,3,1,"{""C1447749"": 3}",-0.0,-0.0,0.0
mm_0074570,BERT-base,controlled_paraphrase,mixed,0.4403324087623125,3,1,"{""C1447749"": 3}",-0.0,-0.0,0.0
mm_0074570,BERT-base,synonym_substitution,modifier,0.0625,2,1,"{""C1447749"": 2}",-0.0,-0.0,0.0
mm_0074570,BERT-base,synonym_substitution,noun,0.05,2,1,"{""C1447749"": 2}",-0.0,-0.0,0.0
mm_0074570,BioBERT,back_translation,mixed,0.16113744075829384,3,1,"{""C0038441"": 3}",-0.0,-0.0,0.0
mm_0074570,BioBERT,controlled_paraphrase,mixed,0.4403324087623125,3,1,"{""C0038441"": 3}",-0.0,-0.0,0.0
mm_0074570,BioBERT,synonym_substitution,modifier,0.0625,2,1,"{""C0038441"": 2}",-0.0,-0.0,0.0
mm_0074570,BioBERT,synonym_substitution,noun,0.05,2,1,"{""C0038441"": 2}",-0.0,-0.0,0.0
mm_0074570,PubMedBERT,back_translation,mixed,0.16113744075829384,3,2,"{""C1839576"": 1, ""UMLS:C0681906"": 2}",0.9182958340544896,0.579380164285695,0.0
mm_0074570,PubMedBERT,controlled_paraphrase,mixed,0.4403324087623125,3,2,"{""C1839576"": 1, ""UMLS:C0681906"": 2}",0.9182958340544896,0.579380164285695,0.0
mm_0074570,PubMedBERT,synonym_substitution,modifier,0.0625,2,2,"{""C1839576"": 1, ""C1447749"": 1}",1.0,1.0,0.0
mm_0074570,PubMedBERT,synonym_substitution,noun,0.05,2,1,"{""C1839576"": 2}",-0.0,-0.0,0.0
mm_0075268,BERT-base,synonym_substitution,modifier,0.08108108108108109,2,1,"{""C0034698"": 2}",-0.0,-0.0,0.0
mm_0075268,BERT-base,synonym_substitution,noun,0.06493506493506493,2,1,"{""C0034698"": 2}",-0.0,-0.0,0.0
mm_0075268,BioBERT,synonym_substitution,modifier,0.08108108108108109,2,1,"{""UMLS:C1707887"": 2}",-0.0,-0.0,0.0
mm_0075268,BioBERT,synonym_substitution,noun,0.06493506493506493,2,2,"{""UMLS:C1707887"": 1, ""C1257738"": 1}",1.0,1.0,0.0
mm_0075268,PubMedBERT,synonym_substitution,modifier,0.08108108108108109,2,1,"{""UMLS:C0032098"": 2}",-0.0,-0.0,0.0
mm_0075268,PubMedBERT,synonym_substitution,noun,0.06493506493506493,2,2,"{""UMLS:C0032098"": 1, ""UMLS:C0557759"": 1}",1.0,1.0,0.5
mm_0075358,BERT-base,synonym_substitution,noun,0.13,2,1,"{""UMLS:C0444254"": 2}",-0.0,-0.0,1.0
mm_0075358,BERT-base,synonym_substitution,verb,0.0989010989010989,2,1,"{""UMLS:C0444254"": 2}",-0.0,-0.0,1.0
mm_0075358,BioBERT,synonym_substitution,noun,0.13,2,1,"{""UMLS:C0444254"": 2}",-0.0,-0.0,1.0
mm_0075358,BioBERT,synonym_substitution,verb,0.0989010989010989,2,1,"{""UMLS:C0444254"": 2}",-0.0,-0.0,1.0
mm_0075358,PubMedBERT,synonym_substitution,noun,0.13,2,2,"{""C1839576"": 1, ""UMLS:C0444254"": 1}",1.0,1.0,0.5
mm_0075358,PubMedBERT,synonym_substitution,verb,0.0989010989010989,2,2,"{""C1839576"": 1, ""UMLS:C1707887"": 1}",1.0,1.0,0.0
mm_0075901,BERT-base,back_translation,mixed,0.15,3,2,"{""C0015131"": 1, ""C0059563"": 2}",0.9182958340544896,0.579380164285695,0.0
mm_0075901,BERT-base,synonym_substitution,noun,0.0684931506849315,3,2,"{""C0015131"": 1, ""C0059563"": 2}",0.9182958340544896,0.579380164285695,0.0
mm_0075901,BioBERT,back_translation,mixed,0.15,3,1,"{""C0050795"": 3}",-0.0,-0.0,0.0
mm_0075901,BioBERT,synonym_substitution,noun,0.0684931506849315,3,1,"{""C0050795"": 3}",-0.0,-0.0,0.0
mm_0075901,PubMedBERT,back_translation,mixed,0.15,3,2,"{""C1447749"": 1, ""C0018966"": 2}",0.9182958340544896,0.579380164285695,0.0
mm_0075901,PubMedBERT,synonym_substitution,noun,0.0684931506849315,3,2,"{""C1447749"": 1, ""C0008396"": 2}",0.9182958340544896,0.579380164285695,0.0
mm_0076241,BERT-base,back_translation,noun,0.05,3,1,"{""C0005825"": 3}",-0.0,-0.0,0.0
mm_0076241,BERT-base,synonym_substitution,noun,0.06428571428571428,2,2,"{""C0005825"": 1, ""UMLS:C0444254"": 1}",1.0,1.0,0.0
mm_0076241,BERT-base,synonym_substitution,verb,0.05555555555555555,2,2,"{""C0005825"": 1, ""UMLS:C0444254"": 1}",1.0,1.0,0.0
mm_0076241,BioBERT,back_translation,noun,0.05,3,2,"{""UMLS:C0919821"": 1, ""UMLS:C1707887"": 2}",0.9182958340544896,0.579380164285695,0.0
mm_0076241,BioBERT,synonym_substitution,noun,0.06428571428571428,2,2,"{""UMLS:C0919821"": 1, ""UMLS:C1707887"": 1}",1.0,1.0,0.0
mm_0076241,BioBERT,synonym_substitution,verb,0.05555555555555555,2,1,"{""UMLS:C0919821"": 2}",-0.0,-0.0,0.0
mm_0076241,PubMedBERT,back_translation,noun,0.05,3,1,"{""C1447749"": 3}",-0.0,-0.0,0.0
mm_0076241,PubMedBERT,synonym_substitution,noun,0.06428571428571428,2,1,"{""C1447749"": 2}",-0.0,-0.0,0.0
mm_0076241,PubMedBERT,synonym_substitution,verb,0.05555555555555555,2,1,"{""C1447749"": 2}",-0.0,-0.0,0.0
mm_0076632,BERT-base,back_translation,mixed,0.15450643776824036,3,1,"{""UMLS:C1257990"": 3}",-0.0,-0.0,0.0
mm_0076632,BERT-base,controlled_paraphrase,mixed,0.5194218608852755,3,1,"{""UMLS:C1257990"": 3}",-0.0,-0.0,0.0
mm_0076632,BioBERT,back_translation,mixed,0.15450643776824036,3,1,"{""UMLS:C1257990"": 3}",-0.0,-0.0,0.0
mm_0076632,BioBERT,controlled_paraphrase,mixed,0.5194218608852755,3,1,"{""UMLS:C1257990"": 3}",-0.0,-0.0,0.0
mm_0076632,PubMedBERT,back_translation,mixed,0.15450643776824036,3,1,"{""C1839576"": 3}",-0.0,-0.0,0.0
mm_0076632,PubMedBERT,controlled_paraphrase,mixed,0.5194218608852755,3,1,"{""C1839576"": 3}",-0.0,-0.0,0.0
mm_0076906,BERT-base,back_translation,mixed,0.18,3,1,"{""C1447749"": 3}",-0.0,-0.0,0.0
mm_0076906,BERT-base,controlled_paraphrase,mixed,0.4178321678321678,3,2,"{""C1447749"": 2, ""C0393786"": 1}",0.9182958340544896,0.579380164285695,0.0
mm_0076906,BioBERT,back_translation,mixed,0.18,3,2,"{""C1312419"": 1, ""C1447749"": 2}",0.9182958340544896,0.579380164285695,0.0
mm_0076906,BioBERT,controlled_paraphrase,mixed,0.4178321678321678,3,2,"{""C1312419"": 2, ""C1447749"": 1}",0.9182958340544896,0.579380164285695,0.0
mm_0076906,PubMedBERT,back_translation,mixed,0.18,3,1,"{""C1839576"": 3}",-0.0,-0.0,0.0
mm_0076906,PubMedBERT,controlled_paraphrase,mixed,0.4178321678321678,3,1,"{""C1839576"": 3}",-0.0,-0.0,0.0
mm_0076909,BERT-base,back_translation,mixed,0.18,3,1,"{""C1447749"": 3}",-0.0,-0.0,0.0
mm_0076909,BERT-base,controlled_paraphrase,mixed,0.28321678321678323,3,1,"{""C1447749"": 3}",-0.0,-0.0,0.0
mm_0076909,BioBERT,back_translation,mixed,0.18,3,2,"{""C1312419"": 1, ""C1447749"": 2}",0.9182958340544896,0.579380164285695,0.0
mm_0076909,BioBERT,controlled_paraphrase,mixed,0.28321678321678323,3,1,"{""C1312419"": 3}",-0.0,-0.0,0.0
mm_0076909,PubMedBERT,back_translation,mixed,0.18,3,1,"{""C1839576"": 3}",-0.0,-0.0,0.0
mm_0076909,PubMedBERT,controlled_paraphrase,mixed,0.28321678321678323,3,1,"{""C1839576"": 3}",-0.0,-0.0,0.0
mm_0077174,BERT-base,back_translation,mixed,0.12169312169312169,3,1,"{""UMLS:C1707887"": 3}",-0.0,-0.0,0.0
mm_0077174,BERT-base,synonym_substitution,modifier,0.06875455586795794,3,1,"{""UMLS:C1707887"": 3}",-0.0,-0.0,0.0
mm_0077174,BioBERT,back_translation,mixed,0.12169312169312169,3,1,"{""UMLS:C1707887"": 3}",-0.0,-0.0,0.0
mm_0077174,BioBERT,synonym_substitution,modifier,0.06875455586795794,3,1,"{""UMLS:C1707887"": 3}",-0.0,-0.0,0.0
mm_0077174,PubMedBERT,back_translation,mixed,0.12169312169312169,3,1,"{""C1839576"": 3}",-0.0,-0.0,0.0
mm_0077174,PubMedBERT,synonym_substitution,modifier,0.06875455586795794,3,1,"{""C1839576"": 3}",-0.0,-0.0,0.0
mm_0077299,BERT-base,back_translation,mixed,0.1,3,2,"{""C0001623"": 1, ""UMLS:C0681906"": 2}",0.9182958340544896,0.579380164285695,0.0
mm_0077299,BERT-base,controlled_paraphrase,mixed,0.421875,3,2,"{""C0001623"": 1, ""UMLS:C0681906"": 2}",0.9182958340544896,0.579380164285695,0.0
mm_0077299,BERT-base,synonym_substitution,verb,0.075,3,1,"{""C0001623"": 3}",-0.0,-0.0,0.0
mm_0077299,BERT-base,syntactic_reordering,mixed,0.475,3,1,"{""C0001623"": 3}",-0.0,-0.0,0.0
mm_0077299,BioBERT,back_translation,mixed,0.1,3,1,"{""UMLS:C0033927"": 3}",-0.0,-0.0,1.0
mm_0077299,BioBERT,controlled_paraphrase,mixed,0.421875,3,2,"{""UMLS:C0033927"": 2, ""UMLS:C4285807"": 1}",0.9182958340544896,0.579380164285695,0.6666666666666666
mm_0077299,BioBERT,synonym_substitution,verb,0.075,3,1,"{""UMLS:C0033927"": 3}",-0.0,-0.0,1.0
mm_0077299,BioBERT,syntactic_reordering,mixed,0.475,3,2,"{""UMLS:C0033927"": 1, ""UMLS:C4285807"": 2}",0.9182958340544896,0.579380164285695,0.3333333333333333
mm_0077299,PubMedBERT,back_translation,mixed,0.1,3,1,"{""C1839576"": 3}",-0.0,-0.0,0.0
mm_0077299,PubMedBERT,controlled_paraphrase,mixed,0.421875,3,1,"{""C1839576"": 3}",-0.0,-0.0,0.0
mm_0077299,PubMedBERT,synonym_substitution,verb,0.075,3,1,"{""C1839576"": 3}",-0.0,-0.0,0.0
mm_0077299,PubMedBERT,syntactic_reordering,mixed,0.475,3,1,"{""C1839576"": 3}",-0.0,-0.0,0.0
mm_0077820,BERT-base,back_translation,mixed,0.35384615384615387,3,1,"{""UMLS:C1257990"": 3}",-0.0,-0.0,0.0
mm_0077820,BERT-base,controlled_paraphrase,mixed,0.5654205607476636,3,1,"{""UMLS:C1257990"": 3}",-0.0,-0.0,0.0
mm_0077820,BERT-base,synonym_substitution,noun,0.0594059405940594,2,1,"{""UMLS:C1257990"": 2}",-0.0,-0.0,0.0
mm_0077820,BERT-base,synonym_substitution,verb,0.061224489795918366,2,1,"{""UMLS:C1257990"": 2}",-0.0,-0.0,0.0
mm_0077820,BioBERT,back_translation,mixed,0.35384615384615387,3,2,"{""UMLS:C1257990"": 1, ""UMLS:C1707887"": 2}",0.9182958340544896,0.579380164285695,0.0
mm_0077820,BioBERT,controlled_paraphrase,mixed,0.5654205607476636,3,1,"{""UMLS:C1257990"": 3}",-0.0,-0.0,0.0
mm_0077820,BioBERT,synonym_substitution,noun,0.0594059405940594,2,1,"{""UMLS:C1257990"": 2}",-0.0,-0.0,0.0
mm_0077820,BioBERT,synonym_substitution,verb,0.061224489795918366,2,1,"{""UMLS:C1257990"": 2}",-0.0,-0.0,0.0
mm_0077820,PubMedBERT,back_translation,mixed,0.35384615384615387,3,1,"{""C1839576"": 3}",-0.0,-0.0,0.0
mm_0077820,PubMedBERT,controlled_paraphrase,mixed,0.5654205607476636,3,1,"{""C1839576"": 3}",-0.0,-0.0,0.0
mm_0077820,PubMedBERT,synonym_substitution,noun,0.0594059405940594,2,1,"{""C1839576"": 2}",-0.0,-0.0,0.0
mm_0077820,PubMedBERT,synonym_substitution,verb,0.061224489795918366,2,1,"{""C1839576"": 2}",-0.0,-0.0,0.0
mm_0078429,BERT-base,back_translation,mixed,0.226890756302521,3,1,"{""C0169661"": 3}",-0.0,-0.0,0.0
mm_0078429,BERT-base,controlled_paraphrase,mixed,0.3613445378151261,3,1,"{""C0169661"": 3}",-0.0,-0.0,0.0
mm_0078429,BERT-base,synonym_substitution,noun,0.06504065040650407,2,1,"{""C0169661"": 2}",-0.0,-0.0,0.0
mm_0078429,BERT-base,synonym_substitution,verb,0.13445378151260504,2,1,"{""C0169661"": 2}",-0.0,-0.0,0.0
mm_0078429,BioBERT,back_translation,mixed,0.226890756302521,3,1,"{""UMLS:C1257990"": 3}",-0.0,-0.0,0.0
mm_0078429,BioBERT,controlled_paraphrase,mixed,0.3613445378151261,3,1,"{""UMLS:C1257990"": 3}",-0.0,-0.0,0.0
mm_0078429,BioBERT,synonym_substitution,noun,0.06504065040650407,2,2,"{""UMLS:C1257990"": 1, ""C1433433"": 1}",1.0,1.0,0.0
mm_0078429,BioBERT,synonym_substitution,verb,0.13445378151260504,2,1,"{""UMLS:C1257990"": 2}",-0.0,-0.0,0.0
mm_0078429,PubMedBERT,back_translation,mixed,0.226890756302521,3,2,"{""C1370369"": 1, ""C1839576"": 2}",0.9182958340544896,0.579380164285695,0.0
mm_0078429,PubMedBERT,controlled_paraphrase,mixed,0.3613445378151261,3,1,"{""C1370369"": 3}",-0.0,-0.0,0.0
mm_0078429,PubMedBERT,synonym_substitution,noun,0.06504065040650407,2,2,"{""C1370369"": 1, ""C1447749"": 1}",1.0,1.0,0.0
mm_0078429,PubMedBERT,synonym_substitution,verb,0.13445378151260504,2,1,"{""C1370369"": 2}",-0.0,-0.0,0.0
mm_0079961,BERT-base,controlled_paraphrase,mixed,0.36007462686567165,3,1,"{""UMLS:C1707887"": 3}",-0.0,-0.0,1.0
mm_0079961,BERT-base,synonym_substitution,noun,0.051470588235294115,2,1,"{""UMLS:C1707887"": 2}",-0.0,-0.0,1.0
mm_0079961,BioBERT,controlled_paraphrase,mixed,0.36007462686567165,3,1,"{""UMLS:C1707887"": 3}",-0.0,-0.0,1.0
mm_0079961,BioBERT,synonym_substitution,noun,0.051470588235294115,2,1,"{""UMLS:C1707887"": 2}",-0.0,-0.0,1.0
mm_0079961,PubMedBERT,controlled_paraphrase,mixed,0.36007462686567165,3,1,"{""UMLS:C1707887"": 3}",-0.0,-0.0,1.0
mm_0079961,PubMedBERT,synonym_substitution,noun,0.051470588235294115,2,1,"{""UMLS:C1707887"": 2}",-0.0,-0.0,1.0
mm_0080286,BERT-base,back_translation,mixed,0.3624454148471616,3,1,"{""UMLS:C1257990"": 3}",-0.0,-0.0,0.0
mm_0080286,BERT-base,controlled_paraphrase,mixed,0.2299636794188707,3,1,"{""UMLS:C1257990"": 3}",-0.0,-0.0,0.0
mm_0080286,BERT-base,synonym_substitution,noun,0.05656645569620253,3,1,"{""UMLS:C1257990"": 3}",-0.0,-0.0,0.0
mm_0080286,BioBERT,back_translation,mixed,0.3624454148471616,3,1,"{""UMLS:C1257990"": 3}",-0.0,-0.0,0.0
mm_0080286,BioBERT,controlled_paraphrase,mixed,0.2299636794188707,3,1,"{""UMLS:C1257990"": 3}",-0.0,-0.0,0.0
mm_0080286,BioBERT,synonym_substitution,noun,0.05656645569620253,3,1,"{""UMLS:C1257990"": 3}",-0.0,-0.0,0.0
mm_0080286,PubMedBERT,back_translation,mixed,0.3624454148471616,3,1,"{""C1447749"": 3}",-0.0,-0.0,0.0
mm_0080286,PubMedBERT,controlled_paraphrase,mixed,0.2299636794188707,3,1,"{""C1447749"": 3}",-0.0,-0.0,0.0
mm_0080286,PubMedBERT,synonym_substitution,noun,0.05656645569620253,3,1,"{""C1447749"": 3}",-0.0,-0.0,0.0
mm_0080484,BERT-base,controlled_paraphrase,mixed,0.22556600347068081,3,2,"{""C0280324"": 2, ""C3179121"": 1}",0.9182958340544896,0.579380164285695,0.0
mm_0080484,BioBERT,controlled_paraphrase,mixed,0.22556600347068081,3,1,"{""C0265267"": 3}",-0.0,-0.0,0.0
mm_0080484,PubMedBERT,controlled_paraphrase,mixed,0.22556600347068081,3,1,"{""C1447749"": 3}",-0.0,-0.0,0.0
mm_0080783,BERT-base,back_translation,mixed,0.05517241379310345,3,1,"{""UMLS:C1257990"": 3}",-0.0,-0.0,0.0
mm_0080783,BioBERT,back_translation,mixed,0.05517241379310345,3,2,"{""C0752046"": 1, ""UMLS:C0752046"": 2}",0.9182958340544896,0.579380164285695,0.0
mm_0080783,PubMedBERT,back_translation,mixed,0.05517241379310345,3,1,"{""C1839576"": 3}",-0.0,-0.0,0.0
mm_0080797,BERT-base,back_translation,mixed,0.09523809523809523,3,1,"{""UMLS:C0752046"": 3}",-0.0,-0.0,1.0
mm_0080797,BERT-base,controlled_paraphrase,mixed,0.1645367412140575,3,1,"{""UMLS:C0752046"": 3}",-0.0,-0.0,1.0
mm_0080797,BERT-base,synonym_substitution,verb,0.06183838172099361,3,1,"{""UMLS:C0752046"": 3}",-0.0,-0.0,1.0
mm_0080797,BioBERT,back_translation,mixed,0.09523809523809523,3,1,"{""UMLS:C0752046"": 3}",-0.0,-0.0,1.0
mm_0080797,BioBERT,controlled_paraphrase,mixed,0.1645367412140575,3,1,"{""UMLS:C0752046"": 3}",-0.0,-0.0,1.0
mm_0080797,BioBERT,synonym_substitution,verb,0.06183838172099361,3,1,"{""UMLS:C0752046"": 3}",-0.0,-0.0,1.0
mm_0080797,PubMedBERT,back_translation,mixed,0.09523809523809523,3,1,"{""UMLS:C0752046"": 3}",-0.0,-0.0,1.0
mm_0080797,PubMedBERT,controlled_paraphrase,mixed,0.1645367412140575,3,1,"{""UMLS:C0752046"": 3}",-0.0,-0.0,1.0
mm_0080797,PubMedBERT,synonym_substitution,verb,0.06183838172099361,3,1,"{""UMLS:C0752046"": 3}",-0.0,-0.0,1.0
mm_0080962,BERT-base,back_translation,verb,0.05982905982905983,3,2,"{""C0085472"": 1, ""C1312419"": 2}",0.9182958340544896,0.579380164285695,0.0
mm_0080962,BERT-base,synonym_substitution,verb,0.07692307692307693,3,1,"{""C0085472"": 3}",-0.0,-0.0,0.0
mm_0080962,BioBERT,back_translation,verb,0.05982905982905983,3,1,"{""C0061751"": 3}",-0.0,-0.0,0.0
mm_0080962,BioBERT,synonym_substitution,verb,0.07692307692307693,3,1,"{""C0061751"": 3}",-0.0,-0.0,0.0
mm_0080962,PubMedBERT,back_translation,verb,0.05982905982905983,3,1,"{""C1839576"": 3}",-0.0,-0.0,0.0
mm_0080962,PubMedBERT,synonym_substitution,verb,0.07692307692307693,3,2,"{""C1839576"": 1, ""UMLS:C1502411"": 2}",0.9182958340544896,0.579380164285695,0.0
mm_0081397,BERT-base,back_translation,function_word,0.07725321888412018,3,1,"{""UMLS:C1257990"": 3}",-0.0,-0.0,0.0
mm_0081397,BERT-base,controlled_paraphrase,mixed,0.405982905982906,3,1,"{""UMLS:C1257990"": 3}",-0.0,-0.0,0.0
mm_0081397,BERT-base,synonym_substitution,verb,0.05,2,1,"{""UMLS:C1257990"": 2}",-0.0,-0.0,0.0
mm_0081397,BioBERT,back_translation,function_word,0.07725321888412018,3,1,"{""UMLS:C1257990"": 3}",-0.0,-0.0,0.0
mm_0081397,BioBERT,controlled_paraphrase,mixed,0.405982905982906,3,1,"{""UMLS:C1257990"": 3}",-0.0,-0.0,0.0
mm_0081397,BioBERT,synonym_substitution,verb,0.05,2,1,"{""UMLS:C1257990"": 2}",-0.0,-0.0,0.0
mm_0081397,PubMedBERT,back_translation,function_word,0.07725321888412018,3,2,"{""C1431322"": 1, ""C1447749"": 2}",0.9182958340544896,0.579380164285695,0.0
mm_0081397,PubMedBERT,controlled_paraphrase,mixed,0.405982905982906,3,2,"{""C1431322"": 1, ""C1447749"": 2}",0.9182958340544896,0.579380164285695,0.0
mm_0081397,PubMedBERT,synonym_substitution,verb,0.05,2,2,"{""C1431322"": 1, ""C1447749"": 1}",1.0,1.0,0.0
mm_0081697,BERT-base,back_translation,mixed,0.35714285714285715,3,1,"{""UMLS:C0242193"": 3}",-0.0,-0.0,0.0
mm_0081697,BERT-base,controlled_paraphrase,mixed,0.5384615384615384,3,1,"{""UMLS:C0242193"": 3}",-0.0,-0.0,0.0
mm_0081697,BERT-base,synonym_substitution,modifier,0.060240963855421686,2,1,"{""UMLS:C0242193"": 2}",-0.0,-0.0,0.0
mm_0081697,BERT-base,synonym_substitution,noun,0.07692307692307693,2,1,"{""UMLS:C0242193"": 2}",-0.0,-0.0,0.0
mm_0081697,BioBERT,back_translation,mixed,0.35714285714285715,3,2,"{""UMLS:C1707887"": 1, ""C1839576"": 2}",0.9182958340544896,0.579380164285695,0.0
mm_0081697,BioBERT,controlled_paraphrase,mixed,0.5384615384615384,3,2,"{""UMLS:C1707887"": 1, ""C1839576"": 2}",0.9182958340544896,0.579380164285695,0.0
mm_0081697,BioBERT,synonym_substitution,modifier,0.060240963855421686,2,1,"{""UMLS:C1707887"": 2}",-0.0,-0.0,0.0
mm_0081697,BioBERT,synonym_substitution,noun,0.07692307692307693,2,1,"{""UMLS:C1707887"": 2}",-0.0,-0.0,0.0
mm_0081697,PubMedBERT,back_translation,mixed,0.35714285714285715,3,1,"{""C1839576"": 3}",-0.0,-0.0,0.0
mm_0081697,PubMedBERT,controlled_paraphrase,mixed,0.5384615384615384,3,1,"{""C1839576"": 3}",-0.0,-0.0,0.0
mm_0081697,PubMedBERT,synonym_substitution,modifier,0.060240963855421686,2,1,"{""C1839576"": 2}",-0.0,-0.0,0.0
mm_0081697,PubMedBERT,synonym_substitution,noun,0.07692307692307693,2,1,"{""C1839576"": 2}",-0.0,-0.0,0.0
mm_0081867,BERT-base,back_translation,mixed,0.0625,3,1,"{""UMLS:C1257990"": 3}",-0.0,-0.0,0.0
mm_0081867,BERT-base,controlled_paraphrase,mixed,0.40865384615384615,3,1,"{""UMLS:C1257990"": 3}",-0.0,-0.0,0.0
mm_0081867,BioBERT,back_translation,mixed,0.0625,3,1,"{""UMLS:C1257990"": 3}",-0.0,-0.0,0.0
mm_0081867,BioBERT,controlled_paraphrase,mixed,0.40865384615384615,3,1,"{""UMLS:C1257990"": 3}",-0.0,-0.0,0.0
mm_0081867,PubMedBERT,back_translation,mixed,0.0625,3,2,"{""C1839576"": 1, ""C1447749"": 2}",0.9182958340544896,0.579380164285695,0.0
mm_0081867,PubMedBERT,controlled_paraphrase,mixed,0.40865384615384615,3,2,"{""C1839576"": 1, ""C1447749"": 2}",0.9182958340544896,0.579380164285695,0.0
mm_0081928,BERT-base,controlled_paraphrase,mixed,0.5454545454545454,3,2,"{""C0024453"": 2, ""UMLS:C1271650"": 1}",0.9182958340544896,0.579380164285695,0.0
mm_0081928,BioBERT,controlled_paraphrase,mixed,0.5454545454545454,3,2,"{""C0265267"": 1, ""UMLS:C1707887"": 2}",0.9182958340544896,0.579380164285695,0.0
mm_0081928,PubMedBERT,controlled_paraphrase,mixed,0.5454545454545454,3,1,"{""C1447749"": 3}",-0.0,-0.0,0.0
mm_0082339,BERT-base,back_translation,mixed,0.12449799196787148,3,1,"{""UMLS:C1257990"": 3}",-0.0,-0.0,0.0
mm_0082339,BERT-base,synonym_substitution,verb,0.06147540983606557,2,1,"{""UMLS:C1257990"": 2}",-0.0,-0.0,0.0
mm_0082339,BioBERT,back_translation,mixed,0.12449799196787148,3,1,"{""UMLS:C1257990"": 3}",-0.0,-0.0,0.0
mm_0082339,BioBERT,synonym_substitution,verb,0.06147540983606557,2,1,"{""UMLS:C1257990"": 2}",-0.0,-0.0,0.0
mm_0082339,PubMedBERT,back_translation,mixed,0.12449799196787148,3,1,"{""C1839576"": 3}",-0.0,-0.0,0.0
mm_0082339,PubMedBERT,synonym_substitution,verb,0.06147540983606557,2,1,"{""C1839576"": 2}",-0.0,-0.0,0.0
mm_0082433,BERT-base,back_translation,mixed,0.09119496855345911,3,1,"{""C1447749"": 3}",-0.0,-0.0,0.0
mm_0082433,BERT-base,controlled_paraphrase,mixed,0.5220125786163522,2,1,"{""C1447749"": 2}",-0.0,-0.0,0.0
mm_0082433,BERT-base,synonym_substitution,noun,0.05405405405405406,2,1,"{""C1447749"": 2}",-0.0,-0.0,0.0
mm_0082433,BERT-base,synonym_substitution,verb,0.054878048780487805,2,1,"{""C1447749"": 2}",-0.0,-0.0,0.0
mm_0082433,BioBERT,back_translation,mixed,0.09119496855345911,3,1,"{""C1447749"": 3}",-0.0,-0.0,0.0
mm_0082433,BioBERT,controlled_paraphrase,mixed,0.5220125786163522,2,1,"{""C1447749"": 2}",-0.0,-0.0,0.0
mm_0082433,BioBERT,synonym_substitution,noun,0.05405405405405406,2,1,"{""C1447749"": 2}",-0.0,-0.0,0.0
mm_0082433,BioBERT,synonym_substitution,verb,0.054878048780487805,2,1,"{""C1447749"": 2}",-0.0,-0.0,0.0
mm_0082433,PubMedBERT,back_translation,mixed,0.09119496855345911,3,1,"{""C1839576"": 3}",-0.0,-0.0,0.0
mm_0082433,PubMedBERT,controlled_paraphrase,mixed,0.5220125786163522,2,1,"{""C1839576"": 2}",-0.0,-0.0,0.0
mm_0082433,PubMedBERT,synonym_substitution,noun,0.05405405405405406,2,1,"{""C1839576"": 2}",-0.0,-0.0,0.0
mm_0082433,PubMedBERT,synonym_substitution,verb,0.054878048780487805,2,1,"{""C1839576"": 2}",-0.0,-0.0,0.0
mm_0082670,BERT-base,back_translation,mixed,0.22033898305084745,3,2,"{""C3888046"": 1, ""C0169661"": 2}",0.9182958340544896,0.579380164285695,0.0
mm_0082670,BERT-base,controlled_paraphrase,mixed,0.3877005347593583,3,2,"{""C3888046"": 1, ""C0169661"": 2}",0.9182958340544896,0.579380164285695,0.0
mm_0082670,BERT-base,synonym_substitution,verb,0.062146892655367235,3,2,"{""C3888046"": 2, ""C0055966"": 1}",0.9182958340544896,0.579380164285695,0.0
mm_0082670,BERT-base,syntactic_reordering,modifier,0.14689265536723164,3,1,"{""C3888046"": 3}",-0.0,-0.0,0.0
mm_0082670,BioBERT,back_translation,mixed,0.22033898305084745,3,1,"{""UMLS:C1257990"": 3}",-0.0,-0.0,0.0
mm_0082670,BioBERT,controlled_paraphrase,mixed,0.3877005347593583,3,2,"{""UMLS:C1257990"": 1, ""C1370369"": 2}",0.9182958340544896,0.579380164285695,0.0
mm_0082670,BioBERT,synonym_substitution,verb,0.062146892655367235,3,1,"{""UMLS:C1257990"": 3}",-0.0,-0.0,0.0
mm_0082670,BioBERT,syntactic_reordering,modifier,0.14689265536723164,3,1,"{""UMLS:C1257990"": 3}",-0.0,-0.0,0.0
mm_0082670,PubMedBERT,back_translation,mixed,0.22033898305084745,3,1,"{""C1447749"": 3}",-0.0,-0.0,0.0
mm_0082670,PubMedBERT,controlled_paraphrase,mixed,0.3877005347593583,3,2,"{""C1447749"": 2, ""C1370369"": 1}",0.9182958340544896,0.579380164285695,0.0
mm_0082670,PubMedBERT,synonym_substitution,verb,0.062146892655367235,3,1,"{""C1447749"": 3}",-0.0,-0.0,0.0
mm_0082670,PubMedBERT,syntactic_reordering,modifier,0.14689265536723164,3,1,"{""C1447749"": 3}",-0.0,-0.0,0.0
mm_0082839,BERT-base,controlled_paraphrase,mixed,0.44155844155844154,3,1,"{""UMLS:C1257990"": 3}",-0.0,-0.0,0.0
mm_0082839,BERT-base,synonym_substitution,modifier,0.158890290037831,3,2,"{""UMLS:C1257990"": 2, ""C1955926"": 1}",0.9182958340544896,0.579380164285695,0.0
mm_0082839,BioBERT,controlled_paraphrase,mixed,0.44155844155844154,3,2,"{""C0949610"": 1, ""C1431322"": 2}",0.9182958340544896,0.579380164285695,0.0
mm_0082839,BioBERT,synonym_substitution,modifier,0.158890290037831,3,1,"{""C0949610"": 3}",-0.0,-0.0,0.0
mm_0082839,PubMedBERT,controlled_paraphrase,mixed,0.44155844155844154,3,2,"{""UMLS:C1423931"": 1, ""C1839576"": 2}",0.9182958340544896,0.579380164285695,0.0
mm_0082839,PubMedBERT,synonym_substitution,modifier,0.158890290037831,3,3,"{""UMLS:C1423931"": 1, ""C1431322"": 1, ""C0338508"": 1}",1.584962500721156,1.0,0.0
mm_0083256,BERT-base,back_translation,mixed,0.26356589147286824,3,1,"{""C0018081"": 3}",-0.0,-0.0,0.0
mm_0083256,BioBERT,back_translation,mixed,0.26356589147286824,3,1,"{""C0018081"": 3}",-0.0,-0.0,0.0
mm_0083256,PubMedBERT,back_translation,mixed,0.26356589147286824,3,2,"{""C1839576"": 1, ""UMLS:C1502411"": 2}",0.9182958340544896,0.579380164285695,0.0
mm_0083513,BERT-base,back_translation,mixed,0.0825242718446602,3,1,"{""UMLS:C1257990"": 3}",-0.0,-0.0,0.0
mm_0083513,BERT-base,controlled_paraphrase,mixed,0.5227969526640963,3,1,"{""UMLS:C1257990"": 3}",-0.0,-0.0,0.0
mm_0083513,BERT-base,synonym_substitution,noun,0.09649122807017543,2,1,"{""UMLS:C1257990"": 2}",-0.0,-0.0,0.0
mm_0083513,BERT-base,synonym_substitution,verb,0.11304347826086956,2,1,"{""UMLS:C1257990"": 2}",-0.0,-0.0,0.0
mm_0083513,BioBERT,back_translation,mixed,0.0825242718446602,3,1,"{""C1447749"": 3}",-0.0,-0.0,0.0
mm_0083513,BioBERT,controlled_paraphrase,mixed,0.5227969526640963,3,1,"{""C1447749"": 3}",-0.0,-0.0,0.0
mm_0083513,BioBERT,synonym_substitution,noun,0.09649122807017543,2,1,"{""C1447749"": 2}",-0.0,-0.0,0.0
mm_0083513,BioBERT,synonym_substitution,verb,0.11304347826086956,2,1,"{""C1447749"": 2}",-0.0,-0.0,0.0
mm_0083513,PubMedBERT,back_translation,mixed,0.0825242718446602,3,1,"{""C1839576"": 3}",-0.0,-0.0,0.0
mm_0083513,PubMedBERT,controlled_paraphrase,mixed,0.5227969526640963,3,1,"{""C1839576"": 3}",-0.0,-0.0,0.0
mm_0083513,PubMedBERT,synonym_substitution,noun,0.09649122807017543,2,1,"{""C1839576"": 2}",-0.0,-0.0,0.0
mm_0083513,PubMedBERT,synonym_substitution,verb,0.11304347826086956,2,1,"{""C1839576"": 2}",-0.0,-0.0,0.0
mm_0084175,BERT-base,back_translation,mixed,0.248,3,1,"{""C1447749"": 3}",-0.0,-0.0,0.0
mm_0084175,BERT-base,controlled_paraphrase,mixed,0.3510204081632653,3,1,"{""C1447749"": 3}",-0.0,-0.0,0.0
mm_0084175,BioBERT,back_translation,mixed,0.248,3,2,"{""UMLS:C0681906"": 1, ""UMLS:C1257990"": 2}",0.9182958340544896,0.579380164285695,0.0
mm_0084175,BioBERT,controlled_paraphrase,mixed,0.3510204081632653,3,1,"{""UMLS:C0681906"": 3}",-0.0,-0.0,0.0
mm_0084175,PubMedBERT,back_translation,mixed,0.248,3,1,"{""UMLS:C0681906"": 3}",-0.0,-0.0,0.0
mm_0084175,PubMedBERT,controlled_paraphrase,mixed,0.3510204081632653,3,1,"{""UMLS:C0681906"": 3}",-0.0,-0.0,0.0
mm_0085078,BERT-base,back_translation,mixed,0.1735159817351598,3,1,"{""C1447749"": 3}",-0.0,-0.0,0.0
mm_0085078,BERT-base,synonym_substitution,noun,0.10387931034482759,3,1,"{""C1447749"": 3}",-0.0,-0.0,0.0
mm_0085078,BioBERT,back_translation,mixed,0.1735159817351598,3,2,"{""C1447749"": 1, ""UMLS:C1707887"": 2}",0.9182958340544896,0.579380164285695,0.0
mm_0085078,BioBERT,synonym_substitution,noun,0.10387931034482759,3,2,"{""C1447749"": 2, ""C0008396"": 1}",0.9182958340544896,0.579380164285695,0.0
mm_0085078,PubMedBERT,back_translation,mixed,0.1735159817351598,3,1,"{""C1447749"": 3}",-0.0,-0.0,0.0
mm_0085078,PubMedBERT,synonym_substitution,noun,0.10387931034482759,3,1,"{""C1447749"": 3}",-0.0,-0.0,0.0
mm_0085233,BERT-base,back_translation,mixed,0.11822660098522167,3,1,"{""C1447749"": 3}",-0.0,-0.0,0.0
mm_0085233,BERT-base,controlled_paraphrase,mixed,0.5101522842639594,3,1,"{""C1447749"": 3}",-0.0,-0.0,0.0
mm_0085233,BERT-base,synonym_substitution,verb,0.058668101386896224,3,1,"{""C1447749"": 3}",-0.0,-0.0,0.0
mm_0085233,BioBERT,back_translation,mixed,0.11822660098522167,3,1,"{""UMLS:C1257990"": 3}",-0.0,-0.0,0.0
mm_0085233,BioBERT,controlled_paraphrase,mixed,0.5101522842639594,3,1,"{""UMLS:C1257990"": 3}",-0.0,-0.0,0.0
mm_0085233,BioBERT,synonym_substitution,verb,0.058668101386896224,3,1,"{""UMLS:C1257990"": 3}",-0.0,-0.0,0.0
mm_0085233,PubMedBERT,back_translation,mixed,0.11822660098522167,3,1,"{""C1839576"": 3}",-0.0,-0.0,0.0
mm_0085233,PubMedBERT,controlled_paraphrase,mixed,0.5101522842639594,3,1,"{""C1839576"": 3}",-0.0,-0.0,0.0
mm_0085233,PubMedBERT,synonym_substitution,verb,0.058668101386896224,3,2,"{""C1839576"": 2, ""C1447749"": 1}",0.9182958340544896,0.579380164285695,0.0
mm_0085369,BERT-base,back_translation,mixed,0.21243523316062177,3,1,"{""C1447749"": 3}",-0.0,-0.0,0.0
mm_0085369,BERT-base,controlled_paraphrase,mixed,0.22675026123301986,3,1,"{""C1447749"": 3}",-0.0,-0.0,0.0
mm_0085369,BERT-base,synonym_substitution,noun,0.07089016511127064,3,1,"{""C1447749"": 3}",-0.0,-0.0,0.0
mm_0085369,BioBERT,back_translation,mixed,0.21243523316062177,3,1,"{""UMLS:C0232772"": 3}",-0.0,-0.0,1.0
mm_0085369,BioBERT,controlled_paraphrase,mixed,0.22675026123301986,3,1,"{""UMLS:C0232772"": 3}",-0.0,-0.0,1.0
mm_0085369,BioBERT,synonym_substitution,noun,0.07089016511127064,3,1,"{""UMLS:C0232772"": 3}",-0.0,-0.0,1.0
mm_0085369,PubMedBERT,back_translation,mixed,0.21243523316062177,3,1,"{""C1447749"": 3}",-0.0,-0.0,0.0
mm_0085369,PubMedBERT,controlled_paraphrase,mixed,0.22675026123301986,3,1,"{""C1447749"": 3}",-0.0,-0.0,0.0
mm_0085369,PubMedBERT,synonym_substitution,noun,0.07089016511127064,3,1,"{""C1447749"": 3}",-0.0,-0.0,0.0
mm_0085517,BERT-base,back_translation,mixed,0.3724137931034483,3,1,"{""UMLS:C1257990"": 3}",-0.0,-0.0,0.0
mm_0085517,BERT-base,controlled_paraphrase,mixed,0.5625,3,1,"{""UMLS:C1257990"": 3}",-0.0,-0.0,0.0
mm_0085517,BERT-base,synonym_substitution,verb,0.06892123287671233,3,1,"{""UMLS:C1257990"": 3}",-0.0,-0.0,0.0
mm_0085517,BERT-base,syntactic_reordering,mixed,0.4861111111111111,2,1,"{""UMLS:C1257990"": 2}",-0.0,-0.0,0.0
mm_0085517,BioBERT,back_translation,mixed,0.3724137931034483,3,1,"{""C1312419"": 3}",-0.0,-0.0,0.0
mm_0085517,BioBERT,controlled_paraphrase,mixed,0.5625,3,1,"{""C1312419"": 3}",-0.0,-0.0,0.0
mm_0085517,BioBERT,synonym_substitution,verb,0.06892123287671233,3,1,"{""C1312419"": 3}",-0.0,-0.0,0.0
mm_0085517,BioBERT,syntactic_reordering,mixed,0.4861111111111111,2,2,"{""C1312419"": 1, ""UMLS:C1707887"": 1}",1.0,1.0,0.0
mm_0085517,PubMedBERT,back_translation,mixed,0.3724137931034483,3,1,"{""C1447749"": 3}",-0.0,-0.0,0.0
mm_0085517,PubMedBERT,controlled_paraphrase,mixed,0.5625,3,1,"{""C1447749"": 3}",-0.0,-0.0,0.0
mm_0085517,PubMedBERT,synonym_substitution,verb,0.06892123287671233,3,1,"{""C1447749"": 3}",-0.0,-0.0,0.0
mm_0085517,PubMedBERT,syntactic_reordering,mixed,0.4861111111111111,2,1,"{""C1447749"": 2}",-0.0,-0.0,0.0
mm_0086300,BERT-base,back_translation,mixed,0.27007299270072993,3,1,"{""UMLS:C2350390"": 3}",-0.0,-0.0,0.0
mm_0086300,BERT-base,controlled_paraphrase,mixed,0.5491803278688525,3,2,"{""UMLS:C2350390"": 1, ""UMLS:C1257990"": 2}",0.9182958340544896,0.579380164285695,0.0
mm_0086300,BERT-base,synonym_substitution,noun,0.07380152671755726,3,1,"{""UMLS:C2350390"": 3}",-0.0,-0.0,0.0
mm_0086300,BioBERT,back_translation,mixed,0.27007299270072993,3,1,"{""UMLS:C1707887"": 3}",-0.0,-0.0,0.0
mm_0086300,BioBERT,controlled_paraphrase,mixed,0.5491803278688525,3,1,"{""UMLS:C1707887"": 3}",-0.0,-0.0,0.0
mm_0086300,BioBERT,synonym_substitution,noun,0.07380152671755726,3,1,"{""UMLS:C1707887"": 3}",-0.0,-0.0,0.0
mm_0086300,PubMedBERT,back_translation,mixed,0.27007299270072993,3,2,"{""C1447749"": 1, ""C1839576"": 2}",0.9182958340544896,0.579380164285695,0.0
mm_0086300,PubMedBERT,controlled_paraphrase,mixed,0.5491803278688525,3,1,"{""C1447749"": 3}",-0.0,-0.0,0.0
mm_0086300,PubMedBERT,synonym_substitution,noun,0.07380152671755726,3,1,"{""C1447749"": 3}",-0.0,-0.0,0.0
mm_0086642,BERT-base,back_translation,mixed,0.18010752688172044,3,1,"{""C1312419"": 3}",-0.0,-0.0,0.0
mm_0086642,BERT-base,controlled_paraphrase,mixed,0.25407608695652173,3,1,"{""C1312419"": 3}",-0.0,-0.0,0.0
mm_0086642,BioBERT,back_translation,mixed,0.18010752688172044,3,2,"{""C0265267"": 1, ""C1447749"": 2}",0.9182958340544896,0.579380164285695,0.0
mm_0086642,BioBERT,controlled_paraphrase,mixed,0.25407608695652173,3,2,"{""C0265267"": 1, ""UMLS:C1707887"": 2}",0.9182958340544896,0.579380164285695,0.0
mm_0086642,PubMedBERT,back_translation,mixed,0.18010752688172044,3,1,"{""C1447749"": 3}",-0.0,-0.0,0.0
mm_0086642,PubMedBERT,controlled_paraphrase,mixed,0.25407608695652173,3,2,"{""C1447749"": 1, ""C1839576"": 2}",0.9182958340544896,0.579380164285695,0.0
mm_0086753,BERT-base,back_translation,mixed,0.1774891774891775,3,1,"{""C1447749"": 3}",-0.0,-0.0,0.0
mm_0086753,BERT-base,controlled_paraphrase,mixed,0.13852813852813853,2,2,"{""C1447749"": 1, ""UMLS:C1257990"": 1}",1.0,1.0,0.0
mm_0086753,BERT-base,controlled_paraphrase,verb,0.09523809523809523,2,1,"{""C1447749"": 2}",-0.0,-0.0,0.0
mm_0086753,BERT-base,synonym_substitution,verb,0.05884222233991844,3,1,"{""C1447749"": 3}",-0.0,-0.0,0.0
mm_0086753,BioBERT,back_translation,mixed,0.1774891774891775,3,1,"{""UMLS:C1257990"": 3}",-0.0,-0.0,0.0
mm_0086753,BioBERT,controlled_paraphrase,mixed,0.13852813852813853,2,1,"{""UMLS:C1257990"": 2}",-0.0,-0.0,0.0
mm_0086753,BioBERT,controlled_paraphrase,verb,0.09523809523809523,2,1,"{""UMLS:C1257990"": 2}",-0.0,-0.0,0.0
mm_0086753,BioBERT,synonym_substitution,verb,0.05884222233991844,3,1,"{""UMLS:C1257990"": 3}",-0.0,-0.0,0.0
mm_0086753,PubMedBERT,back_translation,mixed,0.1774891774891775,3,2,"{""UMLS:C1423931"": 1, ""C1447749"": 2}",0.9182958340544896,0.579380164285695,0.0
mm_0086753,PubMedBERT,controlled_paraphrase,mixed,0.13852813852813853,2,1,"{""UMLS:C1423931"": 2}",-0.0,-0.0,0.0
mm_0086753,PubMedBERT,controlled_paraphrase,verb,0.09523809523809523,2,1,"{""UMLS:C1423931"": 2}",-0.0,-0.0,0.0
mm_0086753,PubMedBERT,synonym_substitution,verb,0.05884222233991844,3,1,"{""UMLS:C1423931"": 3}",-0.0,-0.0,0.0
mm_0086802,BERT-base,controlled_paraphrase,mixed,0.28703703703703703,3,1,"{""UMLS:C1257990"": 3}",-0.0,-0.0,0.0
mm_0086802,BERT-base,synonym_substitution,noun,0.06134969325153374,2,1,"{""UMLS:C1257990"": 2}",-0.0,-0.0,0.0
mm_0086802,BERT-base,synonym_substitution,verb,0.054878048780487805,2,1,"{""UMLS:C1257990"": 2}",-0.0,-0.0,0.0
mm_0086802,BioBERT,controlled_paraphrase,mixed,0.28703703703703703,3,1,"{""UMLS:C1257990"": 3}",-0.0,-0.0,0.0
mm_0086802,BioBERT,synonym_substitution,noun,0.06134969325153374,2,1,"{""UMLS:C1257990"": 2}",-0.0,-0.0,0.0
mm_0086802,BioBERT,synonym_substitution,verb,0.054878048780487805,2,1,"{""UMLS:C1257990"": 2}",-0.0,-0.0,0.0
mm_0086802,PubMedBERT,controlled_paraphrase,mixed,0.28703703703703703,3,2,"{""UMLS:C1257990"": 2, ""UMLS:C1423931"": 1}",0.9182958340544896,0.579380164285695,0.0
mm_0086802,PubMedBERT,synonym_substitution,noun,0.06134969325153374,2,1,"{""UMLS:C1257990"": 2}",-0.0,-0.0,0.0
mm_0086802,PubMedBERT,synonym_substitution,verb,0.054878048780487805,2,1,"{""UMLS:C1257990"": 2}",-0.0,-0.0,0.0
mm_0087360,BERT-base,back_translation,mixed,0.2206896551724138,3,2,"{""C4277543"": 1, ""UMLS:C1257990"": 2}",0.9182958340544896,0.579380164285695,0.0
mm_0087360,BERT-base,controlled_paraphrase,mixed,0.6,2,1,"{""C4277543"": 2}",-0.0,-0.0,0.0
mm_0087360,BERT-base,synonym_substitution,verb,0.09571295433364399,3,2,"{""C4277543"": 1, ""UMLS:C1257990"": 2}",0.9182958340544896,0.579380164285695,0.0
mm_0087360,BioBERT,back_translation,mixed,0.2206896551724138,3,1,"{""UMLS:C1257990"": 3}",-0.0,-0.0,0.0
mm_0087360,BioBERT,controlled_paraphrase,mixed,0.6,2,1,"{""UMLS:C1257990"": 2}",-0.0,-0.0,0.0
mm_0087360,BioBERT,synonym_substitution,verb,0.09571295433364399,3,1,"{""UMLS:C1257990"": 3}",-0.0,-0.0,0.0
mm_0087360,PubMedBERT,back_translation,mixed,0.2206896551724138,3,1,"{""C1447749"": 3}",-0.0,-0.0,0.0
mm_0087360,PubMedBERT,controlled_paraphrase,mixed,0.6,2,1,"{""C1447749"": 2}",-0.0,-0.0,0.0
mm_0087360,PubMedBERT,synonym_substitution,verb,0.09571295433364399,3,1,"{""C1447749"": 3}",-0.0,-0.0,0.0
mm_0087688,BERT-base,back_translation,mixed,0.18,3,1,"{""UMLS:C1257990"": 3}",-0.0,-0.0,0.0
mm_0087688,BERT-base,synonym_substitution,noun,0.05517241379310345,2,1,"{""UMLS:C1257990"": 2}",-0.0,-0.0,0.0
mm_0087688,BERT-base,synonym_substitution,verb,0.06529209621993128,2,1,"{""UMLS:C1257990"": 2}",-0.0,-0.0,0.0
mm_0087688,BioBERT,back_translation,mixed,0.18,3,1,"{""UMLS:C1257990"": 3}",-0.0,-0.0,0.0
mm_0087688,BioBERT,synonym_substitution,noun,0.05517241379310345,2,1,"{""UMLS:C1257990"": 2}",-0.0,-0.0,0.0
mm_0087688,BioBERT,synonym_substitution,verb,0.06529209621993128,2,1,"{""UMLS:C1257990"": 2}",-0.0,-0.0,0.0
mm_0087688,PubMedBERT,back_translation,mixed,0.18,3,2,"{""C1447749"": 1, ""UMLS:C1257990"": 2}",0.9182958340544896,0.579380164285695,0.0
mm_0087688,PubMedBERT,synonym_substitution,noun,0.05517241379310345,2,1,"{""C1447749"": 2}",-0.0,-0.0,0.0
mm_0087688,PubMedBERT,synonym_substitution,verb,0.06529209621993128,2,1,"{""C1447749"": 2}",-0.0,-0.0,0.0
mm_0087767,BERT-base,back_translation,mixed,0.12956810631229235,3,1,"{""C1955876"": 3}",-0.0,-0.0,0.0
mm_0087767,BERT-base,controlled_paraphrase,mixed,0.09121621621621621,3,1,"{""C1955876"": 3}",-0.0,-0.0,0.0
mm_0087767,BioBERT,back_translation,mixed,0.12956810631229235,3,1,"{""C0018081"": 3}",-0.0,-0.0,0.0
mm_0087767,BioBERT,controlled_paraphrase,mixed,0.09121621621621621,3,1,"{""C0018081"": 3}",-0.0,-0.0,0.0
mm_0087767,PubMedBERT,back_translation,mixed,0.12956810631229235,3,2,"{""C1447749"": 1, ""C1839576"": 2}",0.9182958340544896,0.579380164285695,0.0
mm_0087767,PubMedBERT,controlled_paraphrase,mixed,0.09121621621621621,3,2,"{""C1447749"": 1, ""C1839576"": 2}",0.9182958340544896,0.579380164285695,0.0
mm_0088026,BERT-base,synonym_substitution,modifier,0.12941176470588237,2,1,"{""UMLS:C0358514"": 2}",-0.0,-0.0,0.0
mm_0088026,BERT-base,synonym_substitution,noun,0.1744186046511628,2,1,"{""UMLS:C0358514"": 2}",-0.0,-0.0,0.0
mm_0088026,BERT-base,syntactic_reordering,mixed,0.3466666666666667,3,1,"{""UMLS:C0358514"": 3}",-0.0,-0.0,0.0
mm_0088026,BioBERT,synonym_substitution,modifier,0.12941176470588237,2,1,"{""UMLS:C1707887"": 2}",-0.0,-0.0,0.0
mm_0088026,BioBERT,synonym_substitution,noun,0.1744186046511628,2,1,"{""UMLS:C1707887"": 2}",-0.0,-0.0,0.0
mm_0088026,BioBERT,syntactic_reordering,mixed,0.3466666666666667,3,1,"{""UMLS:C1707887"": 3}",-0.0,-0.0,0.0
mm_0088026,PubMedBERT,synonym_substitution,modifier,0.12941176470588237,2,1,"{""C1839576"": 2}",-0.0,-0.0,0.0
mm_0088026,PubMedBERT,synonym_substitution,noun,0.1744186046511628,2,1,"{""C1839576"": 2}",-0.0,-0.0,0.0
mm_0088026,PubMedBERT,syntactic_reordering,mixed,0.3466666666666667,3,1,"{""C1839576"": 3}",-0.0,-0.0,0.0
mm_0088032,BERT-base,back_translation,mixed,0.12972972972972974,3,1,"{""C1839576"": 3}",-0.0,-0.0,0.0
mm_0088032,BERT-base,controlled_paraphrase,mixed,0.5592783505154639,3,2,"{""C1839576"": 1, ""C1447749"": 2}",0.9182958340544896,0.579380164285695,0.0
mm_0088032,BERT-base,synonym_substitution,verb,0.07027027027027027,2,1,"{""C1839576"": 2}",-0.0,-0.0,0.0
mm_0088032,BioBERT,back_translation,mixed,0.12972972972972974,3,2,"{""C1839576"": 1, ""C0027609"": 2}",0.9182958340544896,0.579380164285695,0.0
mm_0088032,BioBERT,controlled_paraphrase,mixed,0.5592783505154639,3,2,"{""C1839576"": 2, ""UMLS:C0681906"": 1}",0.9182958340544896,0.579380164285695,0.0
mm_0088032,BioBERT,synonym_substitution,verb,0.07027027027027027,2,2,"{""C1839576"": 1, ""UMLS:C0681906"": 1}",1.0,1.0,0.0
mm_0088032,PubMedBERT,back_translation,mixed,0.12972972972972974,3,1,"{""C1839576"": 3}",-0.0,-0.0,0.0
mm_0088032,PubMedBERT,controlled_paraphrase,mixed,0.5592783505154639,3,1,"{""C1839576"": 3}",-0.0,-0.0,0.0
mm_0088032,PubMedBERT,synonym_substitution,verb,0.07027027027027027,2,1,"{""C1839576"": 2}",-0.0,-0.0,0.0
mm_0088551,BERT-base,back_translation,mixed,0.3016393442622951,3,1,"{""C1447749"": 3}",-0.0,-0.0,0.0
mm_0088551,BERT-base,controlled_paraphrase,mixed,0.24271844660194175,3,1,"{""C1447749"": 3}",-0.0,-0.0,0.0
mm_0088551,BERT-base,synonym_substitution,modifier,0.06129032258064516,2,1,"{""C1447749"": 2}",-0.0,-0.0,0.0
mm_0088551,BioBERT,back_translation,mixed,0.3016393442622951,3,1,"{""C1447749"": 3}",-0.0,-0.0,0.0
mm_0088551,BioBERT,controlled_paraphrase,mixed,0.24271844660194175,3,1,"{""C1447749"": 3}",-0.0,-0.0,0.0
mm_0088551,BioBERT,synonym_substitution,modifier,0.06129032258064516,2,1,"{""C1447749"": 2}",-0.0,-0.0,0.0
mm_0088551,PubMedBERT,back_translation,mixed,0.3016393442622951,3,1,"{""C1839576"": 3}",-0.0,-0.0,0.0
mm_0088551,PubMedBERT,controlled_paraphrase,mixed,0.24271844660194175,3,1,"{""C1839576"": 3}",-0.0,-0.0,0.0
mm_0088551,PubMedBERT,synonym_substitution,modifier,0.06129032258064516,2,1,"{""C1839576"": 2}",-0.0,-0.0,0.0
mm_0088706,BERT-base,back_translation,mixed,0.2857142857142857,3,1,"{""C0015131"": 3}",-0.0,-0.0,0.0
mm_0088706,BERT-base,controlled_paraphrase,mixed,0.56,3,2,"{""C0015131"": 1, ""C0018966"": 2}",0.9182958340544896,0.579380164285695,0.0
mm_0088706,BERT-base,synonym_substitution,noun,0.08125,2,2,"{""C0015131"": 1, ""C0018966"": 1}",1.0,1.0,0.0
mm_0088706,BERT-base,synonym_substitution,verb,0.06535947712418301,2,2,"{""C0015131"": 1, ""C0018966"": 1}",1.0,1.0,0.0
mm_0088706,BERT-base,syntactic_reordering,mixed,0.20408163265306123,3,2,"{""C0015131"": 1, ""C0018966"": 2}",0.9182958340544896,0.579380164285695,0.0
mm_0088706,BioBERT,back_translation,mixed,0.2857142857142857,3,1,"{""UMLS:C1707887"": 3}",-0.0,-0.0,0.0
mm_0088706,BioBERT,controlled_paraphrase,mixed,0.56,3,1,"{""UMLS:C1707887"": 3}",-0.0,-0.0,0.0
mm_0088706,BioBERT,synonym_substitution,noun,0.08125,2,1,"{""UMLS:C1707887"": 2}",-0.0,-0.0,0.0
mm_0088706,BioBERT,synonym_substitution,verb,0.06535947712418301,2,1,"{""UMLS:C1707887"": 2}",-0.0,-0.0,0.0
mm_0088706,BioBERT,syntactic_reordering,mixed,0.20408163265306123,3,1,"{""UMLS:C1707887"": 3}",-0.0,-0.0,0.0
mm_0088706,PubMedBERT,back_translation,mixed,0.2857142857142857,3,2,"{""C1839576"": 1, ""C1447749"": 2}",0.9182958340544896,0.579380164285695,0.0
mm_0088706,PubMedBERT,controlled_paraphrase,mixed,0.56,3,2,"{""C1839576"": 1, ""C1447749"": 2}",0.9182958340544896,0.579380164285695,0.0
mm_0088706,PubMedBERT,synonym_substitution,noun,0.08125,2,1,"{""C1839576"": 2}",-0.0,-0.0,0.0
mm_0088706,PubMedBERT,synonym_substitution,verb,0.06535947712418301,2,1,"{""C1839576"": 2}",-0.0,-0.0,0.0
mm_0088706,PubMedBERT,syntactic_reordering,mixed,0.20408163265306123,3,2,"{""C1839576"": 1, ""C1447749"": 2}",0.9182958340544896,0.579380164285695,0.0
mm_0088915,BERT-base,back_translation,mixed,0.19834710743801653,3,1,"{""C4277667"": 3}",-0.0,-0.0,0.0
mm_0088915,BERT-base,controlled_paraphrase,mixed,0.4655172413793104,3,1,"{""C4277667"": 3}",-0.0,-0.0,0.0
mm_0088915,BERT-base,synonym_substitution,noun,0.06896551724137931,2,1,"{""C4277667"": 2}",-0.0,-0.0,0.0
mm_0088915,BERT-base,synonym_substitution,verb,0.0603448275862069,2,1,"{""C4277667"": 2}",-0.0,-0.0,0.0
mm_0088915,BioBERT,back_translation,mixed,0.19834710743801653,3,1,"{""C0011757"": 3}",-0.0,-0.0,0.0
mm_0088915,BioBERT,controlled_paraphrase,mixed,0.4655172413793104,3,1,"{""C0011757"": 3}",-0.0,-0.0,0.0
mm_0088915,BioBERT,synonym_substitution,noun,0.06896551724137931,2,1,"{""C0011757"": 2}",-0.0,-0.0,0.0
mm_0088915,BioBERT,synonym_substitution,verb,0.0603448275862069,2,1,"{""C0011757"": 2}",-0.0,-0.0,0.0
mm_0088915,PubMedBERT,back_translation,mixed,0.19834710743801653,3,1,"{""UMLS:C0681906"": 3}",-0.0,-0.0,0.0
mm_0088915,PubMedBERT,controlled_paraphrase,mixed,0.4655172413793104,3,2,"{""UMLS:C0681906"": 1, ""C1839576"": 2}",0.9182958340544896,0.579380164285695,0.0
mm_0088915,PubMedBERT,synonym_substitution,noun,0.06896551724137931,2,1,"{""UMLS:C0681906"": 2}",-0.0,-0.0,0.0
mm_0088915,PubMedBERT,synonym_substitution,verb,0.0603448275862069,2,1,"{""UMLS:C0681906"": 2}",-0.0,-0.0,0.0
mm_0089413,BERT-base,back_translation,modifier,0.11061946902654868,3,1,"{""UMLS:C1257990"": 3}",-0.0,-0.0,0.0
mm_0089413,BERT-base,synonym_substitution,noun,0.09235483870967742,3,1,"{""UMLS:C1257990"": 3}",-0.0,-0.0,0.0
mm_0089413,BioBERT,back_translation,modifier,0.11061946902654868,3,1,"{""UMLS:C0752046"": 3}",-0.0,-0.0,1.0
mm_0089413,BioBERT,synonym_substitution,noun,0.09235483870967742,3,1,"{""UMLS:C0752046"": 3}",-0.0,-0.0,1.0
mm_0089413,PubMedBERT,back_translation,modifier,0.11061946902654868,3,1,"{""UMLS:C0752046"": 3}",-0.0,-0.0,1.0
mm_0089413,PubMedBERT,synonym_substitution,noun,0.09235483870967742,3,1,"{""UMLS:C0752046"": 3}",-0.0,-0.0,1.0
mm_0090103,BERT-base,back_translation,noun,0.23711340206185566,3,2,"{""C1447749"": 1, ""C0038436"": 2}",0.9182958340544896,0.579380164285695,0.0
mm_0090103,BERT-base,controlled_paraphrase,mixed,0.3118556701030928,3,3,"{""C1447749"": 1, ""C0814154"": 1, ""C0525041"": 1}",1.584962500721156,1.0,0.0
mm_0090103,BERT-base,synonym_substitution,noun,0.06030150753768844,2,1,"{""C1447749"": 2}",-0.0,-0.0,0.0
mm_0090103,BERT-base,synonym_substitution,verb,0.07246376811594203,2,1,"{""C1447749"": 2}",-0.0,-0.0,0.0
mm_0090103,BioBERT,back_translation,noun,0.23711340206185566,3,1,"{""C1839576"": 3}",-0.0,-0.0,0.0
mm_0090103,BioBERT,controlled_paraphrase,mixed,0.3118556701030928,3,2,"{""C1839576"": 2, ""C1270972"": 1}",0.9182958340544896,0.579380164285695,0.0
mm_0090103,BioBERT,synonym_substitution,noun,0.06030150753768844,2,2,"{""C1839576"": 1, ""UMLS:C1257990"": 1}",1.0,1.0,0.0
mm_0090103,BioBERT,synonym_substitution,verb,0.07246376811594203,2,2,"{""C1839576"": 1, ""UMLS:C1257990"": 1}",1.0,1.0,0.0
mm_0090103,PubMedBERT,back_translation,noun,0.23711340206185566,3,1,"{""C1839576"": 3}",-0.0,-0.0,0.0
mm_0090103,PubMedBERT,controlled_paraphrase,mixed,0.3118556701030928,3,1,"{""C1839576"": 3}",-0.0,-0.0,0.0
mm_0090103,PubMedBERT,synonym_substitution,noun,0.06030150753768844,2,1,"{""C1839576"": 2}",-0.0,-0.0,0.0
mm_0090103,PubMedBERT,synonym_substitution,verb,0.07246376811594203,2,1,"{""C1839576"": 2}",-0.0,-0.0,0.0
mm_0090104,BERT-base,back_translation,noun,0.23711340206185566,3,2,"{""C1447749"": 1, ""C0038436"": 2}",0.9182958340544896,0.579380164285695,0.0
mm_0090104,BERT-base,controlled_paraphrase,mixed,0.32092161840128475,3,3,"{""C1447749"": 1, ""C0814154"": 1, ""C0525041"": 1}",1.584962500721156,1.0,0.0
mm_0090104,BERT-base,synonym_substitution,noun,0.06153846153846154,2,1,"{""C1447749"": 2}",-0.0,-0.0,0.0
mm_0090104,BERT-base,synonym_substitution,verb,0.05641025641025641,2,2,"{""C1447749"": 1, ""C0525041"": 1}",1.0,1.0,0.0
mm_0090104,BioBERT,back_translation,noun,0.23711340206185566,3,1,"{""C1839576"": 3}",-0.0,-0.0,0.0
mm_0090104,BioBERT,controlled_paraphrase,mixed,0.32092161840128475,3,2,"{""C1839576"": 2, ""C1270972"": 1}",0.9182958340544896,0.579380164285695,0.0
mm_0090104,BioBERT,synonym_substitution,noun,0.06153846153846154,2,2,"{""C1839576"": 1, ""UMLS:C1257990"": 1}",1.0,1.0,0.0
mm_0090104,BioBERT,synonym_substitution,verb,0.05641025641025641,2,1,"{""C1839576"": 2}",-0.0,-0.0,0.0
mm_0090104,PubMedBERT,back_translation,noun,0.23711340206185566,3,1,"{""C1839576"": 3}",-0.0,-0.0,0.0
mm_0090104,PubMedBERT,controlled_paraphrase,mixed,0.32092161840128475,3,1,"{""C1839576"": 3}",-0.0,-0.0,0.0
mm_0090104,PubMedBERT,synonym_substitution,noun,0.06153846153846154,2,1,"{""C1839576"": 2}",-0.0,-0.0,0.0
mm_0090104,PubMedBERT,synonym_substitution,verb,0.05641025641025641,2,1,"{""C1839576"": 2}",-0.0,-0.0,0.0
mm_0090144,BERT-base,synonym_substitution,noun,0.057369266725094945,3,1,"{""C0386482"": 3}",-0.0,-0.0,0.0
mm_0090144,BioBERT,synonym_substitution,noun,0.057369266725094945,3,1,"{""C0386482"": 3}",-0.0,-0.0,0.0
mm_0090144,PubMedBERT,synonym_substitution,noun,0.057369266725094945,3,2,"{""C1839576"": 1, ""C1447749"": 2}",0.9182958340544896,0.579380164285695,0.0
mm_0090314,BERT-base,synonym_substitution,modifier,0.14,2,1,"{""C0597336"": 2}",-0.0,-0.0,0.0
mm_0090314,BERT-base,synonym_substitution,verb,0.12745098039215685,2,1,"{""C0597336"": 2}",-0.0,-0.0,0.0
mm_0090314,BioBERT,synonym_substitution,modifier,0.14,2,1,"{""UMLS:C0235946"": 2}",-0.0,-0.0,0.0
mm_0090314,BioBERT,synonym_substitution,verb,0.12745098039215685,2,1,"{""UMLS:C0235946"": 2}",-0.0,-0.0,0.0
mm_0090314,PubMedBERT,synonym_substitution,modifier,0.14,2,1,"{""C1839576"": 2}",-0.0,-0.0,0.0
mm_0090314,PubMedBERT,synonym_substitution,verb,0.12745098039215685,2,1,"{""C1839576"": 2}",-0.0,-0.0,0.0
mm_0090447,BERT-base,back_translation,mixed,0.1870967741935484,3,1,"{""UMLS:C2350390"": 3}",-0.0,-0.0,0.0
mm_0090447,BERT-base,controlled_paraphrase,noun,0.0945945945945946,3,2,"{""UMLS:C2350390"": 1, ""UMLS:C0444254"": 2}",0.9182958340544896,0.579380164285695,0.0
mm_0090447,BERT-base,synonym_substitution,noun,0.14792899408284024,2,2,"{""UMLS:C2350390"": 1, ""UMLS:C0444254"": 1}",1.0,1.0,0.0
mm_0090447,BERT-base,synonym_substitution,verb,0.14705882352941177,2,1,"{""UMLS:C2350390"": 2}",-0.0,-0.0,0.0
mm_0090447,BioBERT,back_translation,mixed,0.1870967741935484,3,1,"{""UMLS:C0919821"": 3}",-0.0,-0.0,0.0
mm_0090447,BioBERT,controlled_paraphrase,noun,0.0945945945945946,3,2,"{""UMLS:C0919821"": 1, ""C1312419"": 2}",0.9182958340544896,0.579380164285695,0.0
mm_0090447,BioBERT,synonym_substitution,noun,0.14792899408284024,2,1,"{""UMLS:C0919821"": 2}",-0.0,-0.0,0.0
mm_0090447,BioBERT,synonym_substitution,verb,0.14705882352941177,2,1,"{""UMLS:C0919821"": 2}",-0.0,-0.0,0.0
mm_0090447,PubMedBERT,back_translation,mixed,0.1870967741935484,3,1,"{""C0015131"": 3}",-0.0,-0.0,0.0
mm_0090447,PubMedBERT,controlled_paraphrase,noun,0.0945945945945946,3,2,"{""C0015131"": 1, ""C1839576"": 2}",0.9182958340544896,0.579380164285695,0.0
mm_0090447,PubMedBERT,synonym_substitution,noun,0.14792899408284024,2,1,"{""C0015131"": 2}",-0.0,-0.0,0.0
mm_0090447,PubMedBERT,synonym_substitution,verb,0.14705882352941177,2,2,"{""C0015131"": 1, ""C0018966"": 1}",1.0,1.0,0.0
mm_0090647,BERT-base,back_translation,mixed,0.14224137931034483,3,1,"{""UMLS:C0358514"": 3}",-0.0,-0.0,0.0
mm_0090647,BERT-base,controlled_paraphrase,mixed,0.1875,3,1,"{""UMLS:C0358514"": 3}",-0.0,-0.0,0.0
mm_0090647,BERT-base,synonym_substitution,modifier,0.13229571984435798,2,1,"{""UMLS:C0358514"": 2}",-0.0,-0.0,0.0
mm_0090647,BERT-base,synonym_substitution,noun,0.1124031007751938,2,1,"{""UMLS:C0358514"": 2}",-0.0,-0.0,0.0
mm_0090647,BioBERT,back_translation,mixed,0.14224137931034483,3,1,"{""C1370369"": 3}",-0.0,-0.0,0.0
mm_0090647,BioBERT,controlled_paraphrase,mixed,0.1875,3,1,"{""C1370369"": 3}",-0.0,-0.0,0.0
mm_0090647,BioBERT,synonym_substitution,modifier,0.13229571984435798,2,1,"{""C1370369"": 2}",-0.0,-0.0,0.0
mm_0090647,BioBERT,synonym_substitution,noun,0.1124031007751938,2,1,"{""C1370369"": 2}",-0.0,-0.0,0.0
mm_0090647,PubMedBERT,back_translation,mixed,0.14224137931034483,3,1,"{""C0015131"": 3}",-0.0,-0.0,0.0
mm_0090647,PubMedBERT,controlled_paraphrase,mixed,0.1875,3,1,"{""C0015131"": 3}",-0.0,-0.0,0.0
mm_0090647,PubMedBERT,synonym_substitution,modifier,0.13229571984435798,2,1,"{""C0015131"": 2}",-0.0,-0.0,0.0
mm_0090647,PubMedBERT,synonym_substitution,noun,0.1124031007751938,2,1,"{""C0015131"": 2}",-0.0,-0.0,0.0
mm_0091036,BERT-base,back_translation,modifier,0.056,3,1,"{""C1312419"": 3}",-0.0,-0.0,0.0
mm_0091036,BERT-base,controlled_paraphrase,verb,0.052,3,1,"{""C1312419"": 3}",-0.0,-0.0,0.0
mm_0091036,BERT-base,synonym_substitution,noun,0.06177606177606178,2,2,"{""C1312419"": 1, ""UMLS:C1257990"": 1}",1.0,1.0,0.0
mm_0091036,BERT-base,synonym_substitution,verb,0.05859375,2,1,"{""C1312419"": 2}",-0.0,-0.0,0.0
mm_0091036,BioBERT,back_translation,modifier,0.056,3,1,"{""C0008396"": 3}",-0.0,-0.0,0.0
mm_0091036,BioBERT,controlled_paraphrase,verb,0.052,3,1,"{""C0008396"": 3}",-0.0,-0.0,0.0
mm_0091036,BioBERT,synonym_substitution,noun,0.06177606177606178,2,1,"{""C0008396"": 2}",-0.0,-0.0,0.0
mm_0091036,BioBERT,synonym_substitution,verb,0.05859375,2,1,"{""C0008396"": 2}",-0.0,-0.0,0.0
mm_0091036,PubMedBERT,back_translation,modifier,0.056,3,1,"{""C1447749"": 3}",-0.0,-0.0,0.0
mm_0091036,PubMedBERT,controlled_paraphrase,verb,0.052,3,1,"{""C1447749"": 3}",-0.0,-0.0,0.0
mm_0091036,PubMedBERT,synonym_substitution,noun,0.06177606177606178,2,1,"{""C1447749"": 2}",-0.0,-0.0,0.0
mm_0091036,PubMedBERT,synonym_substitution,verb,0.05859375,2,1,"{""C1447749"": 2}",-0.0,-0.0,0.0
mm_0092293,BERT-base,back_translation,noun,0.12048192771084337,3,1,"{""C0949359"": 3}",-0.0,-0.0,0.0
mm_0092293,BERT-base,synonym_substitution,noun,0.08333333333333333,2,1,"{""C0949359"": 2}",-0.0,-0.0,0.0
mm_0092293,BioBERT,back_translation,noun,0.12048192771084337,3,1,"{""UMLS:C0038467"": 3}",-0.0,-0.0,0.0
mm_0092293,BioBERT,synonym_substitution,noun,0.08333333333333333,2,1,"{""UMLS:C0038467"": 2}",-0.0,-0.0,0.0
mm_0092293,PubMedBERT,back_translation,noun,0.12048192771084337,3,2,"{""C1839576"": 1, ""C1447749"": 2}",0.9182958340544896,0.579380164285695,0.0
mm_0092293,PubMedBERT,synonym_substitution,noun,0.08333333333333333,2,2,"{""C1839576"": 1, ""UMLS:C1100347"": 1}",1.0,1.0,0.0
mm_0092345,BERT-base,back_translation,mixed,0.09282700421940929,3,2,"{""C0051318"": 1, ""C0025677"": 2}",0.9182958340544896,0.579380164285695,0.0
mm_0092345,BERT-base,controlled_paraphrase,mixed,0.5877192982456141,3,2,"{""C0051318"": 1, ""C1447749"": 2}",0.9182958340544896,0.579380164285695,0.0
mm_0092345,BERT-base,synonym_substitution,noun,0.14339622641509434,2,1,"{""C0051318"": 2}",-0.0,-0.0,0.0
mm_0092345,BERT-base,synonym_substitution,verb,0.125,2,1,"{""C0051318"": 2}",-0.0,-0.0,0.0
mm_0092345,BioBERT,back_translation,mixed,0.09282700421940929,3,1,"{""C0051318"": 3}",-0.0,-0.0,0.0
mm_0092345,BioBERT,controlled_paraphrase,mixed,0.5877192982456141,3,2,"{""C0051318"": 1, ""UMLS:C1257990"": 2}",0.9182958340544896,0.579380164285695,0.0
mm_0092345,BioBERT,synonym_substitution,noun,0.14339622641509434,2,1,"{""C0051318"": 2}",-0.0,-0.0,0.0
mm_0092345,BioBERT,synonym_substitution,verb,0.125,2,1,"{""C0051318"": 2}",-0.0,-0.0,0.0
mm_0092345,PubMedBERT,back_translation,mixed,0.09282700421940929,3,1,"{""C0051318"": 3}",-0.0,-0.0,0.0
mm_0092345,PubMedBERT,controlled_paraphrase,mixed,0.5877192982456141,3,2,"{""C0051318"": 1, ""C1447749"": 2}",0.9182958340544896,0.579380164285695,0.0
mm_0092345,PubMedBERT,synonym_substitution,noun,0.14339622641509434,2,1,"{""C0051318"": 2}",-0.0,-0.0,0.0
mm_0092345,PubMedBERT,synonym_substitution,verb,0.125,2,1,"{""C0051318"": 2}",-0.0,-0.0,0.0
mm_0092701,BERT-base,back_translation,mixed,0.2506811989100817,3,1,"{""C1447749"": 3}",-0.0,-0.0,0.0
mm_0092701,BERT-base,controlled_paraphrase,mixed,0.4686648501362398,3,1,"{""C1447749"": 3}",-0.0,-0.0,0.0
mm_0092701,BERT-base,synonym_substitution,noun,0.052770448548812667,2,1,"{""C1447749"": 2}",-0.0,-0.0,0.0
mm_0092701,BioBERT,back_translation,mixed,0.2506811989100817,3,2,"{""C5392105"": 1, ""C1447749"": 2}",0.9182958340544896,0.579380164285695,0.0
mm_0092701,BioBERT,controlled_paraphrase,mixed,0.4686648501362398,3,2,"{""C5392105"": 1, ""C1447749"": 2}",0.9182958340544896,0.579380164285695,0.0
mm_0092701,BioBERT,synonym_substitution,noun,0.052770448548812667,2,1,"{""C5392105"": 2}",-0.0,-0.0,0.0
mm_0092701,PubMedBERT,back_translation,mixed,0.2506811989100817,3,2,"{""C1839576"": 1, ""C1447749"": 2}",0.9182958340544896,0.579380164285695,0.0
mm_0092701,PubMedBERT,controlled_paraphrase,mixed,0.4686648501362398,3,1,"{""C1839576"": 3}",-0.0,-0.0,0.0
mm_0092701,PubMedBERT,synonym_substitution,noun,0.052770448548812667,2,1,"{""C1839576"": 2}",-0.0,-0.0,0.0
mm_0093095,BERT-base,back_translation,mixed,0.16129032258064516,3,1,"{""C1447749"": 3}",-0.0,-0.0,0.0
mm_0093095,BERT-base,synonym_substitution,verb,0.05741626794258373,2,1,"{""C1447749"": 2}",-0.0,-0.0,0.0
mm_0093095,BioBERT,back_translation,mixed,0.16129032258064516,3,2,"{""C0265267"": 1, ""C1447749"": 2}",0.9182958340544896,0.579380164285695,0.0
mm_0093095,BioBERT,synonym_substitution,verb,0.05741626794258373,2,2,"{""C0265267"": 1, ""C2935436"": 1}",1.0,1.0,0.0
mm_0093095,PubMedBERT,back_translation,mixed,0.16129032258064516,3,2,"{""C1839576"": 1, ""C1447749"": 2}",0.9182958340544896,0.579380164285695,0.0
mm_0093095,PubMedBERT,synonym_substitution,verb,0.05741626794258373,2,1,"{""C1839576"": 2}",-0.0,-0.0,0.0
mm_0093251,BERT-base,back_translation,mixed,0.12173913043478261,3,2,"{""UMLS:C0444254"": 1, ""UMLS:C1283169"": 2}",0.9182958340544896,0.579380164285695,0.0
mm_0093251,BERT-base,controlled_paraphrase,mixed,0.4608695652173913,3,2,"{""UMLS:C0444254"": 1, ""C0282597"": 2}",0.9182958340544896,0.579380164285695,0.0
mm_0093251,BERT-base,synonym_substitution,noun,0.08292011019283746,3,1,"{""UMLS:C0444254"": 3}",-0.0,-0.0,0.0
mm_0093251,BioBERT,back_translation,mixed,0.12173913043478261,3,1,"{""UMLS:C1707887"": 3}",-0.0,-0.0,0.0
mm_0093251,BioBERT,controlled_paraphrase,mixed,0.4608695652173913,3,1,"{""UMLS:C1707887"": 3}",-0.0,-0.0,0.0
mm_0093251,BioBERT,synonym_substitution,noun,0.08292011019283746,3,1,"{""UMLS:C1707887"": 3}",-0.0,-0.0,0.0
mm_0093251,PubMedBERT,back_translation,mixed,0.12173913043478261,3,2,"{""UMLS:C1707887"": 1, ""C1839576"": 2}",0.9182958340544896,0.579380164285695,0.0
mm_0093251,PubMedBERT,controlled_paraphrase,mixed,0.4608695652173913,3,1,"{""UMLS:C1707887"": 3}",-0.0,-0.0,0.0
mm_0093251,PubMedBERT,synonym_substitution,noun,0.08292011019283746,3,1,"{""UMLS:C1707887"": 3}",-0.0,-0.0,0.0
mm_0093333,BERT-base,back_translation,mixed,0.1968503937007874,3,1,"{""C0169661"": 3}",-0.0,-0.0,0.0
mm_0093333,BERT-base,controlled_paraphrase,mixed,0.30344827586206896,3,2,"{""C0169661"": 1, ""C1566790"": 2}",0.9182958340544896,0.579380164285695,0.0
mm_0093333,BERT-base,synonym_substitution,noun,0.07086614173228346,2,2,"{""C0169661"": 1, ""C0055966"": 1}",1.0,1.0,0.0
mm_0093333,BERT-base,synonym_substitution,verb,0.07086614173228346,2,2,"{""C0169661"": 1, ""C0055966"": 1}",1.0,1.0,0.0
mm_0093333,BioBERT,back_translation,mixed,0.1968503937007874,3,1,"{""UMLS:C1257990"": 3}",-0.0,-0.0,0.0
mm_0093333,BioBERT,controlled_paraphrase,mixed,0.30344827586206896,3,1,"{""UMLS:C1257990"": 3}",-0.0,-0.0,0.0
mm_0093333,BioBERT,synonym_substitution,noun,0.07086614173228346,2,1,"{""UMLS:C1257990"": 2}",-0.0,-0.0,0.0
mm_0093333,BioBERT,synonym_substitution,verb,0.07086614173228346,2,1,"{""UMLS:C1257990"": 2}",-0.0,-0.0,0.0
mm_0093333,PubMedBERT,back_translation,mixed,0.1968503937007874,3,1,"{""UMLS:C1257990"": 3}",-0.0,-0.0,0.0
mm_0093333,PubMedBERT,controlled_paraphrase,mixed,0.30344827586206896,3,2,"{""UMLS:C1257990"": 1, ""C1447749"": 2}",0.9182958340544896,0.579380164285695,0.0
mm_0093333,PubMedBERT,synonym_substitution,noun,0.07086614173228346,2,1,"{""UMLS:C1257990"": 2}",-0.0,-0.0,0.0
mm_0093333,PubMedBERT,synonym_substitution,verb,0.07086614173228346,2,1,"{""UMLS:C1257990"": 2}",-0.0,-0.0,0.0
mm_0093493,BERT-base,back_translation,mixed,0.09433962264150944,3,1,"{""UMLS:C1257990"": 3}",-0.0,-0.0,0.0
mm_0093493,BERT-base,controlled_paraphrase,mixed,0.22413793103448276,3,2,"{""UMLS:C1257990"": 1, ""C0752615"": 2}",0.9182958340544896,0.579380164285695,0.0
mm_0093493,BERT-base,synonym_substitution,noun,0.05806451612903226,2,1,"{""UMLS:C1257990"": 2}",-0.0,-0.0,0.0
mm_0093493,BERT-base,synonym_substitution,verb,0.05063291139240506,2,1,"{""UMLS:C1257990"": 2}",-0.0,-0.0,0.0
mm_0093493,BERT-base,syntactic_reordering,mixed,0.42105263157894735,3,1,"{""UMLS:C1257990"": 3}",-0.0,-0.0,0.0
mm_0093493,BioBERT,back_translation,mixed,0.09433962264150944,3,1,"{""UMLS:C1257990"": 3}",-0.0,-0.0,0.0
mm_0093493,BioBERT,controlled_paraphrase,mixed,0.22413793103448276,3,1,"{""UMLS:C1257990"": 3}",-0.0,-0.0,0.0
mm_0093493,BioBERT,synonym_substitution,noun,0.05806451612903226,2,1,"{""UMLS:C1257990"": 2}",-0.0,-0.0,0.0
mm_0093493,BioBERT,synonym_substitution,verb,0.05063291139240506,2,1,"{""UMLS:C1257990"": 2}",-0.0,-0.0,0.0
mm_0093493,BioBERT,syntactic_reordering,mixed,0.42105263157894735,3,1,"{""UMLS:C1257990"": 3}",-0.0,-0.0,0.0
mm_0093493,PubMedBERT,back_translation,mixed,0.09433962264150944,3,2,"{""C1839576"": 1, ""UMLS:C1257990"": 2}",0.9182958340544896,0.579380164285695,0.0
mm_0093493,PubMedBERT,controlled_paraphrase,mixed,0.22413793103448276,3,1,"{""C1839576"": 3}",-0.0,-0.0,0.0
mm_0093493,PubMedBERT,synonym_substitution,noun,0.05806451612903226,2,1,"{""C1839576"": 2}",-0.0,-0.0,0.0
mm_0093493,PubMedBERT,synonym_substitution,verb,0.05063291139240506,2,2,"{""C1839576"": 1, ""UMLS:C1257990"": 1}",1.0,1.0,0.0
mm_0093493,PubMedBERT,syntactic_reordering,mixed,0.42105263157894735,3,2,"{""C1839576"": 1, ""UMLS:C1257990"": 2}",0.9182958340544896,0.579380164285695,0.0
mm_0093512,BERT-base,back_translation,mixed,0.3855421686746988,3,1,"{""UMLS:C1257990"": 3}",-0.0,-0.0,0.0
mm_0093512,BERT-base,controlled_paraphrase,mixed,0.3088088663905507,3,1,"{""UMLS:C1257990"": 3}",-0.0,-0.0,0.0
mm_0093512,BERT-base,synonym_substitution,verb,0.07496386577600687,3,1,"{""UMLS:C1257990"": 3}",-0.0,-0.0,0.0
mm_0093512,BERT-base,syntactic_reordering,modifier,0.16352201257861634,3,1,"{""UMLS:C1257990"": 3}",-0.0,-0.0,0.0
mm_0093512,BioBERT,back_translation,mixed,0.3855421686746988,3,1,"{""UMLS:C1257990"": 3}",-0.0,-0.0,0.0
mm_0093512,BioBERT,controlled_paraphrase,mixed,0.3088088663905507,3,1,"{""UMLS:C1257990"": 3}",-0.0,-0.0,0.0
mm_0093512,BioBERT,synonym_substitution,verb,0.07496386577600687,3,1,"{""UMLS:C1257990"": 3}",-0.0,-0.0,0.0
mm_0093512,BioBERT,syntactic_reordering,modifier,0.16352201257861634,3,1,"{""UMLS:C1257990"": 3}",-0.0,-0.0,0.0
mm_0093512,PubMedBERT,back_translation,mixed,0.3855421686746988,3,1,"{""UMLS:C1257990"": 3}",-0.0,-0.0,0.0
mm_0093512,PubMedBERT,controlled_paraphrase,mixed,0.3088088663905507,3,1,"{""UMLS:C1257990"": 3}",-0.0,-0.0,0.0
mm_0093512,PubMedBERT,synonym_substitution,verb,0.07496386577600687,3,1,"{""UMLS:C1257990"": 3}",-0.0,-0.0,0.0
mm_0093512,PubMedBERT,syntactic_reordering,modifier,0.16352201257861634,3,1,"{""UMLS:C1257990"": 3}",-0.0,-0.0,0.0
mm_0093721,BERT-base,back_translation,noun,0.07179487179487179,3,1,"{""C1431519"": 3}",-0.0,-0.0,0.0
mm_0093721,BERT-base,synonym_substitution,noun,0.05641025641025641,2,1,"{""C1431519"": 2}",-0.0,-0.0,0.0
mm_0093721,BioBERT,back_translation,noun,0.07179487179487179,3,2,"{""C0265267"": 1, ""C1312419"": 2}",0.9182958340544896,0.579380164285695,0.0
mm_0093721,BioBERT,synonym_substitution,noun,0.05641025641025641,2,1,"{""C0265267"": 2}",-0.0,-0.0,0.0
mm_0093721,PubMedBERT,back_translation,noun,0.07179487179487179,3,1,"{""C1839576"": 3}",-0.0,-0.0,0.0
mm_0093721,PubMedBERT,synonym_substitution,noun,0.05641025641025641,2,1,"{""C1839576"": 2}",-0.0,-0.0,0.0
mm_0093924,BERT-base,back_translation,mixed,0.11891891891891893,3,2,"{""C1447749"": 1, ""UMLS:C1257990"": 2}",0.9182958340544896,0.579380164285695,0.0
mm_0093924,BERT-base,controlled_paraphrase,mixed,0.1564327485380117,3,1,"{""C1447749"": 3}",-0.0,-0.0,0.0
mm_0093924,BioBERT,back_translation,mixed,0.11891891891891893,3,1,"{""UMLS:C1257990"": 3}",-0.0,-0.0,0.0
mm_0093924,BioBERT,controlled_paraphrase,mixed,0.1564327485380117,3,1,"{""UMLS:C1257990"": 3}",-0.0,-0.0,0.0
mm_0093924,PubMedBERT,back_translation,mixed,0.11891891891891893,3,1,"{""C1447749"": 3}",-0.0,-0.0,0.0
mm_0093924,PubMedBERT,controlled_paraphrase,mixed,0.1564327485380117,3,1,"{""C1447749"": 3}",-0.0,-0.0,0.0
mm_0094060,BERT-base,back_translation,mixed,0.0547945205479452,3,1,"{""UMLS:C1257990"": 3}",-0.0,-0.0,0.0
mm_0094060,BERT-base,synonym_substitution,noun,0.10975609756097561,3,1,"{""UMLS:C1257990"": 3}",-0.0,-0.0,0.0
mm_0094060,BERT-base,syntactic_reordering,mixed,0.2328767123287671,3,1,"{""UMLS:C1257990"": 3}",-0.0,-0.0,0.0
mm_0094060,BioBERT,back_translation,mixed,0.0547945205479452,3,1,"{""UMLS:C1257990"": 3}",-0.0,-0.0,0.0
mm_0094060,BioBERT,synonym_substitution,noun,0.10975609756097561,3,1,"{""UMLS:C1257990"": 3}",-0.0,-0.0,0.0
mm_0094060,BioBERT,syntactic_reordering,mixed,0.2328767123287671,3,1,"{""UMLS:C1257990"": 3}",-0.0,-0.0,0.0
mm_0094060,PubMedBERT,back_translation,mixed,0.0547945205479452,3,1,"{""UMLS:C1257990"": 3}",-0.0,-0.0,0.0
mm_0094060,PubMedBERT,synonym_substitution,noun,0.10975609756097561,3,1,"{""UMLS:C1257990"": 3}",-0.0,-0.0,0.0
mm_0094060,PubMedBERT,syntactic_reordering,mixed,0.2328767123287671,3,1,"{""UMLS:C1257990"": 3}",-0.0,-0.0,0.0
mm_0094434,BERT-base,back_translation,mixed,0.11581920903954802,3,2,"{""UMLS:C1257990"": 1, ""C1447749"": 2}",0.9182958340544896,0.579380164285695,0.0
mm_0094434,BERT-base,controlled_paraphrase,mixed,0.5747126436781609,3,1,"{""UMLS:C1257990"": 3}",-0.0,-0.0,0.0
mm_0094434,BERT-base,synonym_substitution,modifier,0.05994550408719346,2,1,"{""UMLS:C1257990"": 2}",-0.0,-0.0,0.0
mm_0094434,BERT-base,synonym_substitution,noun,0.05945945945945946,2,2,"{""UMLS:C1257990"": 1, ""C1447749"": 1}",1.0,1.0,0.0
mm_0094434,BioBERT,back_translation,mixed,0.11581920903954802,3,1,"{""C1312419"": 3}",-0.0,-0.0,0.0
mm_0094434,BioBERT,controlled_paraphrase,mixed,0.5747126436781609,3,1,"{""C1312419"": 3}",-0.0,-0.0,0.0
mm_0094434,BioBERT,synonym_substitution,modifier,0.05994550408719346,2,1,"{""C1312419"": 2}",-0.0,-0.0,0.0
mm_0094434,BioBERT,synonym_substitution,noun,0.05945945945945946,2,1,"{""C1312419"": 2}",-0.0,-0.0,0.0
mm_0094434,PubMedBERT,back_translation,mixed,0.11581920903954802,3,2,"{""C1839576"": 1, ""UMLS:C1257990"": 2}",0.9182958340544896,0.579380164285695,0.0
mm_0094434,PubMedBERT,controlled_paraphrase,mixed,0.5747126436781609,3,2,"{""C1839576"": 1, ""C1447749"": 2}",0.9182958340544896,0.579380164285695,0.0
mm_0094434,PubMedBERT,synonym_substitution,modifier,0.05994550408719346,2,2,"{""C1839576"": 1, ""C1447749"": 1}",1.0,1.0,0.0
mm_0094434,PubMedBERT,synonym_substitution,noun,0.05945945945945946,2,2,"{""C1839576"": 1, ""C1447749"": 1}",1.0,1.0,0.0
mm_0094491,BERT-base,controlled_paraphrase,mixed,0.3218983355825461,3,2,"{""C1447749"": 2, ""C0920317"": 1}",0.9182958340544896,0.579380164285695,0.0
mm_0094491,BERT-base,synonym_substitution,verb,0.053102317526988685,3,1,"{""C1447749"": 3}",-0.0,-0.0,0.0
mm_0094491,BioBERT,controlled_paraphrase,mixed,0.3218983355825461,3,1,"{""C0027609"": 3}",-0.0,-0.0,0.0
mm_0094491,BioBERT,synonym_substitution,verb,0.053102317526988685,3,1,"{""C0027609"": 3}",-0.0,-0.0,0.0
mm_0094491,PubMedBERT,controlled_paraphrase,mixed,0.3218983355825461,3,1,"{""C1839576"": 3}",-0.0,-0.0,0.0
mm_0094491,PubMedBERT,synonym_substitution,verb,0.053102317526988685,3,1,"{""C1839576"": 3}",-0.0,-0.0,0.0
mm_0094778,BERT-base,back_translation,mixed,0.18333333333333332,3,1,"{""UMLS:C1257990"": 3}",-0.0,-0.0,0.0
mm_0094778,BERT-base,controlled_paraphrase,mixed,0.5028735632183908,3,1,"{""UMLS:C1257990"": 3}",-0.0,-0.0,0.0
mm_0094778,BERT-base,synonym_substitution,noun,0.13509640437727982,3,1,"{""UMLS:C1257990"": 3}",-0.0,-0.0,0.0
mm_0094778,BERT-base,syntactic_reordering,mixed,0.25862068965517243,3,1,"{""UMLS:C1257990"": 3}",-0.0,-0.0,0.0
mm_0094778,BioBERT,back_translation,mixed,0.18333333333333332,3,1,"{""UMLS:C1257990"": 3}",-0.0,-0.0,0.0
mm_0094778,BioBERT,controlled_paraphrase,mixed,0.5028735632183908,3,1,"{""UMLS:C1257990"": 3}",-0.0,-0.0,0.0
mm_0094778,BioBERT,synonym_substitution,noun,0.13509640437727982,3,1,"{""UMLS:C1257990"": 3}",-0.0,-0.0,0.0
mm_0094778,BioBERT,syntactic_reordering,mixed,0.25862068965517243,3,1,"{""UMLS:C1257990"": 3}",-0.0,-0.0,0.0
mm_0094778,PubMedBERT,back_translation,mixed,0.18333333333333332,3,1,"{""C1839576"": 3}",-0.0,-0.0,0.0
mm_0094778,PubMedBERT,controlled_paraphrase,mixed,0.5028735632183908,3,1,"{""C1839576"": 3}",-0.0,-0.0,0.0
mm_0094778,PubMedBERT,synonym_substitution,noun,0.13509640437727982,3,1,"{""C1839576"": 3}",-0.0,-0.0,0.0
mm_0094778,PubMedBERT,syntactic_reordering,mixed,0.25862068965517243,3,2,"{""C1839576"": 1, ""UMLS:C1257990"": 2}",0.9182958340544896,0.579380164285695,0.0
mm_0095178,BERT-base,back_translation,mixed,0.11042944785276074,3,1,"{""UMLS:C1257990"": 3}",-0.0,-0.0,0.0
mm_0095178,BERT-base,synonym_substitution,modifier,0.09659090909090909,2,1,"{""UMLS:C1257990"": 2}",-0.0,-0.0,0.0
mm_0095178,BERT-base,synonym_substitution,noun,0.08875739644970414,2,1,"{""UMLS:C1257990"": 2}",-0.0,-0.0,0.0
mm_0095178,BioBERT,back_translation,mixed,0.11042944785276074,3,1,"{""C1312419"": 3}",-0.0,-0.0,0.0
mm_0095178,BioBERT,synonym_substitution,modifier,0.09659090909090909,2,1,"{""C1312419"": 2}",-0.0,-0.0,0.0
mm_0095178,BioBERT,synonym_substitution,noun,0.08875739644970414,2,1,"{""C1312419"": 2}",-0.0,-0.0,0.0
mm_0095178,PubMedBERT,back_translation,mixed,0.11042944785276074,3,1,"{""UMLS:C1423931"": 3}",-0.0,-0.0,0.0
mm_0095178,PubMedBERT,synonym_substitution,modifier,0.09659090909090909,2,1,"{""UMLS:C1423931"": 2}",-0.0,-0.0,0.0
mm_0095178,PubMedBERT,synonym_substitution,noun,0.08875739644970414,2,1,"{""UMLS:C1423931"": 2}",-0.0,-0.0,0.0
mm_0095310,BERT-base,back_translation,mixed,0.07766990291262135,3,1,"{""C1447749"": 3}",-0.0,-0.0,0.0
mm_0095310,BERT-base,controlled_paraphrase,mixed,0.3685897435897436,3,1,"{""C1447749"": 3}",-0.0,-0.0,0.0
mm_0095310,BERT-base,synonym_substitution,noun,0.05063291139240506,3,1,"{""C1447749"": 3}",-0.0,-0.0,0.0
mm_0095310,BioBERT,back_translation,mixed,0.07766990291262135,3,1,"{""UMLS:C4019080"": 3}",-0.0,-0.0,1.0
mm_0095310,BioBERT,controlled_paraphrase,mixed,0.3685897435897436,3,2,"{""UMLS:C4019080"": 1, ""UMLS:C1257990"": 2}",0.9182958340544896,0.579380164285695,0.3333333333333333
mm_0095310,BioBERT,synonym_substitution,noun,0.05063291139240506,3,1,"{""UMLS:C4019080"": 3}",-0.0,-0.0,1.0
mm_0095310,PubMedBERT,back_translation,mixed,0.07766990291262135,3,1,"{""C1447749"": 3}",-0.0,-0.0,0.0
mm_0095310,PubMedBERT,controlled_paraphrase,mixed,0.3685897435897436,3,1,"{""C1447749"": 3}",-0.0,-0.0,0.0
mm_0095310,PubMedBERT,synonym_substitution,noun,0.05063291139240506,3,1,"{""C1447749"": 3}",-0.0,-0.0,0.0
mm_0095368,BERT-base,controlled_paraphrase,mixed,0.35176991150442477,3,3,"{""UMLS:C2350390"": 1, ""UMLS:C0242193"": 1, ""C1447749"": 1}",1.584962500721156,1.0,0.0
mm_0095368,BERT-base,synonym_substitution,noun,0.05581395348837209,2,2,"{""UMLS:C2350390"": 1, ""UMLS:C0242193"": 1}",1.0,1.0,0.0
mm_0095368,BERT-base,synonym_substitution,verb,0.06103286384976526,2,2,"{""UMLS:C2350390"": 1, ""UMLS:C0242193"": 1}",1.0,1.0,0.0
mm_0095368,BioBERT,controlled_paraphrase,mixed,0.35176991150442477,3,1,"{""UMLS:C0681906"": 3}",-0.0,-0.0,0.0
mm_0095368,BioBERT,synonym_substitution,noun,0.05581395348837209,2,1,"{""UMLS:C0681906"": 2}",-0.0,-0.0,0.0
mm_0095368,BioBERT,synonym_substitution,verb,0.06103286384976526,2,1,"{""UMLS:C0681906"": 2}",-0.0,-0.0,0.0
mm_0095368,PubMedBERT,controlled_paraphrase,mixed,0.35176991150442477,3,2,"{""UMLS:C0681906"": 1, ""C1839576"": 2}",0.9182958340544896,0.579380164285695,0.0
mm_0095368,PubMedBERT,synonym_substitution,noun,0.05581395348837209,2,1,"{""UMLS:C0681906"": 2}",-0.0,-0.0,0.0
mm_0095368,PubMedBERT,synonym_substitution,verb,0.06103286384976526,2,1,"{""UMLS:C0681906"": 2}",-0.0,-0.0,0.0
mm_0095757,BERT-base,back_translation,mixed,0.10837438423645321,3,1,"{""C0282597"": 3}",-0.0,-0.0,0.0
mm_0095757,BERT-base,controlled_paraphrase,mixed,0.5332240970575931,3,1,"{""C0282597"": 3}",-0.0,-0.0,0.0
mm_0095757,BERT-base,synonym_substitution,noun,0.07981220657276995,2,1,"{""C0282597"": 2}",-0.0,-0.0,0.0
mm_0095757,BERT-base,synonym_substitution,verb,0.07042253521126761,2,1,"{""C0282597"": 2}",-0.0,-0.0,0.0
mm_0095757,BioBERT,back_translation,mixed,0.10837438423645321,3,1,"{""C0282597"": 3}",-0.0,-0.0,0.0
mm_0095757,BioBERT,controlled_paraphrase,mixed,0.5332240970575931,3,1,"{""C0282597"": 3}",-0.0,-0.0,0.0
mm_0095757,BioBERT,synonym_substitution,noun,0.07981220657276995,2,1,"{""C0282597"": 2}",-0.0,-0.0,0.0
mm_0095757,BioBERT,synonym_substitution,verb,0.07042253521126761,2,2,"{""C0282597"": 1, ""UMLS:C0024868"": 1}",1.0,1.0,0.5
mm_0095757,PubMedBERT,back_translation,mixed,0.10837438423645321,3,2,"{""C0282597"": 1, ""UMLS:C0024868"": 2}",0.9182958340544896,0.579380164285695,0.6666666666666666
mm_0095757,PubMedBERT,controlled_paraphrase,mixed,0.5332240970575931,3,1,"{""C0282597"": 3}",-0.0,-0.0,0.0
mm_0095757,PubMedBERT,synonym_substitution,noun,0.07981220657276995,2,2,"{""C0282597"": 1, ""UMLS:C0024868"": 1}",1.0,1.0,0.5
mm_0095757,PubMedBERT,synonym_substitution,verb,0.07042253521126761,2,2,"{""C0282597"": 1, ""UMLS:C0024868"": 1}",1.0,1.0,0.5
mm_0095883,BERT-base,back_translation,mixed,0.1328125,3,1,"{""C4277543"": 3}",-0.0,-0.0,0.0
mm_0095883,BERT-base,controlled_paraphrase,mixed,0.34140625,3,2,"{""C4277543"": 2, ""C1739108"": 1}",0.9182958340544896,0.579380164285695,0.0
mm_0095883,BERT-base,synonym_substitution,modifier,0.06015037593984962,2,2,"{""C4277543"": 1, ""C0075128"": 1}",1.0,1.0,0.0
mm_0095883,BERT-base,synonym_substitution,verb,0.06060606060606061,2,2,"{""C4277543"": 1, ""C0386482"": 1}",1.0,1.0,0.0
mm_0095883,BERT-base,syntactic_reordering,mixed,0.296875,3,2,"{""C4277543"": 1, ""C1447749"": 2}",0.9182958340544896,0.579380164285695,0.0
mm_0095883,BioBERT,back_translation,mixed,0.1328125,3,1,"{""UMLS:C1257990"": 3}",-0.0,-0.0,0.0
mm_0095883,BioBERT,controlled_paraphrase,mixed,0.34140625,3,1,"{""UMLS:C1257990"": 3}",-0.0,-0.0,0.0
mm_0095883,BioBERT,synonym_substitution,modifier,0.06015037593984962,2,1,"{""UMLS:C1257990"": 2}",-0.0,-0.0,0.0
mm_0095883,BioBERT,synonym_substitution,verb,0.06060606060606061,2,2,"{""UMLS:C1257990"": 1, ""C0075128"": 1}",1.0,1.0,0.0
mm_0095883,BioBERT,syntactic_reordering,mixed,0.296875,3,2,"{""UMLS:C1257990"": 1, ""C1447749"": 2}",0.9182958340544896,0.579380164285695,0.0
mm_0095883,PubMedBERT,back_translation,mixed,0.1328125,3,1,"{""C1447749"": 3}",-0.0,-0.0,0.0
mm_0095883,PubMedBERT,controlled_paraphrase,mixed,0.34140625,3,1,"{""C1447749"": 3}",-0.0,-0.0,0.0
mm_0095883,PubMedBERT,synonym_substitution,modifier,0.06015037593984962,2,1,"{""C1447749"": 2}",-0.0,-0.0,0.0
mm_0095883,PubMedBERT,synonym_substitution,verb,0.06060606060606061,2,1,"{""C1447749"": 2}",-0.0,-0.0,0.0
mm_0095883,PubMedBERT,syntactic_reordering,mixed,0.296875,3,1,"{""C1447749"": 3}",-0.0,-0.0,0.0
mm_0095979,BERT-base,back_translation,mixed,0.1289198606271777,3,1,"{""C1447749"": 3}",-0.0,-0.0,0.0
mm_0095979,BERT-base,synonym_substitution,noun,0.0576271186440678,2,1,"{""C1447749"": 2}",-0.0,-0.0,0.0
mm_0095979,BERT-base,synonym_substitution,verb,0.05154639175257732,2,1,"{""C1447749"": 2}",-0.0,-0.0,0.0
mm_0095979,BioBERT,back_translation,mixed,0.1289198606271777,3,1,"{""C1447749"": 3}",-0.0,-0.0,0.0
mm_0095979,BioBERT,synonym_substitution,noun,0.0576271186440678,2,1,"{""C1447749"": 2}",-0.0,-0.0,0.0
mm_0095979,BioBERT,synonym_substitution,verb,0.05154639175257732,2,1,"{""C1447749"": 2}",-0.0,-0.0,0.0
mm_0095979,PubMedBERT,back_translation,mixed,0.1289198606271777,3,1,"{""C1839576"": 3}",-0.0,-0.0,0.0
mm_0095979,PubMedBERT,synonym_substitution,noun,0.0576271186440678,2,1,"{""C1839576"": 2}",-0.0,-0.0,0.0
mm_0095979,PubMedBERT,synonym_substitution,verb,0.05154639175257732,2,1,"{""C1839576"": 2}",-0.0,-0.0,0.0
mm_0097032,BERT-base,back_translation,mixed,0.23045267489711935,3,1,"{""UMLS:C0358514"": 3}",-0.0,-0.0,0.0
mm_0097032,BERT-base,controlled_paraphrase,mixed,0.05,2,1,"{""UMLS:C0358514"": 2}",-0.0,-0.0,0.0
mm_0097032,BERT-base,synonym_substitution,unknown,0.06666666666666667,2,1,"{""UMLS:C0358514"": 2}",-0.0,-0.0,0.0
mm_0097032,BioBERT,back_translation,mixed,0.23045267489711935,3,1,"{""UMLS:C1707887"": 3}",-0.0,-0.0,0.0
mm_0097032,BioBERT,controlled_paraphrase,mixed,0.05,2,2,"{""UMLS:C1707887"": 1, ""UMLS:C1257990"": 1}",1.0,1.0,0.0
mm_0097032,BioBERT,synonym_substitution,unknown,0.06666666666666667,2,1,"{""UMLS:C1707887"": 2}",-0.0,-0.0,0.0
mm_0097032,PubMedBERT,back_translation,mixed,0.23045267489711935,3,1,"{""C1839576"": 3}",-0.0,-0.0,0.0
mm_0097032,PubMedBERT,controlled_paraphrase,mixed,0.05,2,2,"{""C1839576"": 1, ""C1447749"": 1}",1.0,1.0,0.0
mm_0097032,PubMedBERT,synonym_substitution,unknown,0.06666666666666667,2,1,"{""C1839576"": 2}",-0.0,-0.0,0.0
mm_0097356,BERT-base,synonym_substitution,modifier,0.09090909090909091,2,2,"{""C1739108"": 1, ""C1447749"": 1}",1.0,1.0,0.0
mm_0097356,BERT-base,synonym_substitution,verb,0.08064516129032258,2,1,"{""C1739108"": 2}",-0.0,-0.0,0.0
mm_0097356,BioBERT,synonym_substitution,modifier,0.09090909090909091,2,1,"{""UMLS:C0919821"": 2}",-0.0,-0.0,0.0
mm_0097356,BioBERT,synonym_substitution,verb,0.08064516129032258,2,1,"{""UMLS:C0919821"": 2}",-0.0,-0.0,0.0
mm_0097356,PubMedBERT,synonym_substitution,modifier,0.09090909090909091,2,1,"{""C1839576"": 2}",-0.0,-0.0,0.0
mm_0097356,PubMedBERT,synonym_substitution,verb,0.08064516129032258,2,1,"{""C1839576"": 2}",-0.0,-0.0,0.0
mm_0098125,BERT-base,controlled_paraphrase,mixed,0.2847457627118644,3,1,"{""C1447749"": 3}",-0.0,-0.0,0.0
mm_0098125,BioBERT,controlled_paraphrase,mixed,0.2847457627118644,3,1,"{""UMLS:C1257990"": 3}",-0.0,-0.0,0.0
mm_0098125,PubMedBERT,controlled_paraphrase,mixed,0.2847457627118644,3,1,"{""C1839576"": 3}",-0.0,-0.0,0.0
mm_0098216,BERT-base,back_translation,mixed,0.19681908548707752,3,2,"{""UMLS:C1257990"": 1, ""UMLS:C0810516"": 2}",0.9182958340544896,0.579380164285695,0.0
mm_0098216,BioBERT,back_translation,mixed,0.19681908548707752,3,1,"{""C1868801"": 3}",-0.0,-0.0,0.0
mm_0098216,PubMedBERT,back_translation,mixed,0.19681908548707752,3,1,"{""C1839576"": 3}",-0.0,-0.0,0.0
mm_0098533,BERT-base,back_translation,mixed,0.14102564102564102,3,1,"{""C1447749"": 3}",-0.0,-0.0,0.0
mm_0098533,BioBERT,back_translation,mixed,0.14102564102564102,3,1,"{""C1739108"": 3}",-0.0,-0.0,0.0
mm_0098533,PubMedBERT,back_translation,mixed,0.14102564102564102,3,1,"{""C1839576"": 3}",-0.0,-0.0,0.0
mm_0098594,BERT-base,back_translation,mixed,0.1065989847715736,3,1,"{""UMLS:C0358514"": 3}",-0.0,-0.0,0.0
mm_0098594,BERT-base,controlled_paraphrase,mixed,0.2436548223350254,3,1,"{""UMLS:C0358514"": 3}",-0.0,-0.0,0.0
mm_0098594,BERT-base,synonym_substitution,noun,0.11009174311926606,3,1,"{""UMLS:C0358514"": 3}",-0.0,-0.0,0.0
mm_0098594,BERT-base,syntactic_reordering,mixed,0.38578680203045684,3,1,"{""UMLS:C0358514"": 3}",-0.0,-0.0,0.0
mm_0098594,BioBERT,back_translation,mixed,0.1065989847715736,3,1,"{""UMLS:C1707887"": 3}",-0.0,-0.0,0.0
mm_0098594,BioBERT,controlled_paraphrase,mixed,0.2436548223350254,3,1,"{""UMLS:C1707887"": 3}",-0.0,-0.0,0.0
mm_0098594,BioBERT,synonym_substitution,noun,0.11009174311926606,3,1,"{""UMLS:C1707887"": 3}",-0.0,-0.0,0.0
mm_0098594,BioBERT,syntactic_reordering,mixed,0.38578680203045684,3,1,"{""UMLS:C1707887"": 3}",-0.0,-0.0,0.0
mm_0098594,PubMedBERT,back_translation,mixed,0.1065989847715736,3,2,"{""C0015131"": 1, ""C0018966"": 2}",0.9182958340544896,0.579380164285695,0.0
mm_0098594,PubMedBERT,controlled_paraphrase,mixed,0.2436548223350254,3,1,"{""C0015131"": 3}",-0.0,-0.0,0.0
mm_0098594,PubMedBERT,synonym_substitution,noun,0.11009174311926606,3,2,"{""C0015131"": 1, ""C0018966"": 2}",0.9182958340544896,0.579380164285695,0.0
mm_0098594,PubMedBERT,syntactic_reordering,mixed,0.38578680203045684,3,2,"{""C0015131"": 1, ""C0018966"": 2}",0.9182958340544896,0.579380164285695,0.0
mm_0098597,BERT-base,back_translation,mixed,0.1065989847715736,3,1,"{""UMLS:C0358514"": 3}",-0.0,-0.0,0.0
mm_0098597,BERT-base,controlled_paraphrase,mixed,0.2436548223350254,3,1,"{""UMLS:C0358514"": 3}",-0.0,-0.0,0.0
mm_0098597,BERT-base,synonym_substitution,noun,0.12322768974145121,3,1,"{""UMLS:C0358514"": 3}",-0.0,-0.0,0.0
mm_0098597,BERT-base,syntactic_reordering,mixed,0.38578680203045684,2,1,"{""UMLS:C0358514"": 2}",-0.0,-0.0,0.0
mm_0098597,BioBERT,back_translation,mixed,0.1065989847715736,3,1,"{""UMLS:C1707887"": 3}",-0.0,-0.0,0.0
mm_0098597,BioBERT,controlled_paraphrase,mixed,0.2436548223350254,3,1,"{""UMLS:C1707887"": 3}",-0.0,-0.0,0.0
mm_0098597,BioBERT,synonym_substitution,noun,0.12322768974145121,3,1,"{""UMLS:C1707887"": 3}",-0.0,-0.0,0.0
mm_0098597,BioBERT,syntactic_reordering,mixed,0.38578680203045684,2,1,"{""UMLS:C1707887"": 2}",-0.0,-0.0,0.0
mm_0098597,PubMedBERT,back_translation,mixed,0.1065989847715736,3,2,"{""C0015131"": 1, ""C0018966"": 2}",0.9182958340544896,0.579380164285695,0.0
mm_0098597,PubMedBERT,controlled_paraphrase,mixed,0.2436548223350254,3,1,"{""C0015131"": 3}",-0.0,-0.0,0.0
mm_0098597,PubMedBERT,synonym_substitution,noun,0.12322768974145121,3,2,"{""C0015131"": 1, ""C0018966"": 2}",0.9182958340544896,0.579380164285695,0.0
mm_0098597,PubMedBERT,syntactic_reordering,mixed,0.38578680203045684,2,2,"{""C0015131"": 1, ""C0018966"": 1}",1.0,1.0,0.0
mm_0098599,BERT-base,back_translation,mixed,0.1065989847715736,3,1,"{""UMLS:C0358514"": 3}",-0.0,-0.0,0.0
mm_0098599,BERT-base,controlled_paraphrase,mixed,0.2436548223350254,3,1,"{""UMLS:C0358514"": 3}",-0.0,-0.0,0.0
mm_0098599,BERT-base,synonym_substitution,modifier,0.12206572769953052,2,1,"{""UMLS:C0358514"": 2}",-0.0,-0.0,0.0
mm_0098599,BERT-base,synonym_substitution,noun,0.09722222222222222,2,1,"{""UMLS:C0358514"": 2}",-0.0,-0.0,0.0
mm_0098599,BioBERT,back_translation,mixed,0.1065989847715736,3,1,"{""UMLS:C1707887"": 3}",-0.0,-0.0,0.0
mm_0098599,BioBERT,controlled_paraphrase,mixed,0.2436548223350254,3,1,"{""UMLS:C1707887"": 3}",-0.0,-0.0,0.0
mm_0098599,BioBERT,synonym_substitution,modifier,0.12206572769953052,2,1,"{""UMLS:C1707887"": 2}",-0.0,-0.0,0.0
mm_0098599,BioBERT,synonym_substitution,noun,0.09722222222222222,2,1,"{""UMLS:C1707887"": 2}",-0.0,-0.0,0.0
mm_0098599,PubMedBERT,back_translation,mixed,0.1065989847715736,3,2,"{""C0015131"": 1, ""C0018966"": 2}",0.9182958340544896,0.579380164285695,0.0
mm_0098599,PubMedBERT,controlled_paraphrase,mixed,0.2436548223350254,3,1,"{""C0015131"": 3}",-0.0,-0.0,0.0
mm_0098599,PubMedBERT,synonym_substitution,modifier,0.12206572769953052,2,2,"{""C0015131"": 1, ""C0018966"": 1}",1.0,1.0,0.0
mm_0098599,PubMedBERT,synonym_substitution,noun,0.09722222222222222,2,2,"{""C0015131"": 1, ""C0018966"": 1}",1.0,1.0,0.0
mm_0098903,BERT-base,controlled_paraphrase,mixed,0.40249635273139894,3,1,"{""C0597336"": 3}",-0.0,-0.0,0.0
mm_0098903,BERT-base,syntactic_reordering,mixed,0.3225806451612903,3,1,"{""C0597336"": 3}",-0.0,-0.0,0.0
mm_0098903,BioBERT,controlled_paraphrase,mixed,0.40249635273139894,3,1,"{""UMLS:C1707887"": 3}",-0.0,-0.0,0.0
mm_0098903,BioBERT,syntactic_reordering,mixed,0.3225806451612903,3,1,"{""UMLS:C1707887"": 3}",-0.0,-0.0,0.0
mm_0098903,PubMedBERT,controlled_paraphrase,mixed,0.40249635273139894,3,1,"{""C1839576"": 3}",-0.0,-0.0,0.0
mm_0098903,PubMedBERT,syntactic_reordering,mixed,0.3225806451612903,3,1,"{""C1839576"": 3}",-0.0,-0.0,0.0
mm_0099490,BERT-base,back_translation,mixed,0.2762237762237762,3,1,"{""C0282597"": 3}",-0.0,-0.0,0.0
mm_0099490,BERT-base,controlled_paraphrase,mixed,0.51985559566787,3,1,"{""C0282597"": 3}",-0.0,-0.0,0.0
mm_0099490,BioBERT,back_translation,mixed,0.2762237762237762,3,2,"{""UMLS:C1707887"": 1, ""UMLS:C1257990"": 2}",0.9182958340544896,0.579380164285695,0.0
mm_0099490,BioBERT,controlled_paraphrase,mixed,0.51985559566787,3,2,"{""UMLS:C1707887"": 1, ""UMLS:C1257990"": 2}",0.9182958340544896,0.579380164285695,0.0
mm_0099490,PubMedBERT,back_translation,mixed,0.2762237762237762,3,1,"{""C1447749"": 3}",-0.0,-0.0,0.0
mm_0099490,PubMedBERT,controlled_paraphrase,mixed,0.51985559566787,3,1,"{""C1447749"": 3}",-0.0,-0.0,0.0
mm_0100360,BERT-base,back_translation,mixed,0.1565217391304348,3,2,"{""C0040048"": 1, ""C0280321"": 2}",0.9182958340544896,0.579380164285695,0.0
mm_0100360,BERT-base,controlled_paraphrase,mixed,0.1891904761904762,3,2,"{""C0040048"": 1, ""C1447749"": 2}",0.9182958340544896,0.579380164285695,0.0
mm_0100360,BERT-base,synonym_substitution,noun,0.057469078792488366,3,1,"{""C0040048"": 3}",-0.0,-0.0,0.0
mm_0100360,BioBERT,back_translation,mixed,0.1565217391304348,3,1,"{""C1447749"": 3}",-0.0,-0.0,0.0
mm_0100360,BioBERT,controlled_paraphrase,mixed,0.1891904761904762,3,1,"{""C1447749"": 3}",-0.0,-0.0,0.0
mm_0100360,BioBERT,synonym_substitution,noun,0.057469078792488366,3,1,"{""C1447749"": 3}",-0.0,-0.0,0.0
mm_0100360,PubMedBERT,back_translation,mixed,0.1565217391304348,3,1,"{""C1447749"": 3}",-0.0,-0.0,0.0
mm_0100360,PubMedBERT,controlled_paraphrase,mixed,0.1891904761904762,3,1,"{""C1447749"": 3}",-0.0,-0.0,0.0
mm_0100360,PubMedBERT,synonym_substitution,noun,0.057469078792488366,3,1,"{""C1447749"": 3}",-0.0,-0.0,0.0
mm_0101352,BERT-base,back_translation,mixed,0.18181818181818182,3,2,"{""UMLS:C0242193"": 1, ""UMLS:C1707887"": 2}",0.9182958340544896,0.579380164285695,0.0
mm_0101352,BERT-base,synonym_substitution,modifier,0.058823529411764705,2,1,"{""UMLS:C0242193"": 2}",-0.0,-0.0,0.0
mm_0101352,BERT-base,synonym_substitution,noun,0.1,2,2,"{""UMLS:C0242193"": 1, ""C0525041"": 1}",1.0,1.0,0.0
mm_0101352,BERT-base,syntactic_reordering,mixed,0.3434343434343434,3,1,"{""UMLS:C0242193"": 3}",-0.0,-0.0,0.0
mm_0101352,BioBERT,back_translation,mixed,0.18181818181818182,3,2,"{""UMLS:C1257990"": 1, ""UMLS:C1707887"": 2}",0.9182958340544896,0.579380164285695,0.0
mm_0101352,BioBERT,synonym_substitution,modifier,0.058823529411764705,2,2,"{""UMLS:C1257990"": 1, ""UMLS:C1707887"": 1}",1.0,1.0,0.0
mm_0101352,BioBERT,synonym_substitution,noun,0.1,2,1,"{""UMLS:C1257990"": 2}",-0.0,-0.0,0.0
mm_0101352,BioBERT,syntactic_reordering,mixed,0.3434343434343434,3,2,"{""UMLS:C1257990"": 1, ""UMLS:C1707887"": 2}",0.9182958340544896,0.579380164285695,0.0
mm_0101352,PubMedBERT,back_translation,mixed,0.18181818181818182,3,1,"{""C1839576"": 3}",-0.0,-0.0,0.0
mm_0101352,PubMedBERT,synonym_substitution,modifier,0.058823529411764705,2,1,"{""C1839576"": 2}",-0.0,-0.0,0.0
mm_0101352,PubMedBERT,synonym_substitution,noun,0.1,2,1,"{""C1839576"": 2}",-0.0,-0.0,0.0
mm_0101352,PubMedBERT,syntactic_reordering,mixed,0.3434343434343434,3,1,"{""C1839576"": 3}",-0.0,-0.0,0.0
mm_0101708,BERT-base,back_translation,mixed,0.2028985507246377,3,2,"{""UMLS:C1283169"": 1, ""UMLS:C0242193"": 2}",0.9182958340544896,0.579380164285695,0.0
mm_0101708,BERT-base,synonym_substitution,verb,0.07418788410886742,3,2,"{""UMLS:C1283169"": 2, ""UMLS:C0242193"": 1}",0.9182958340544896,0.579380164285695,0.0
mm_0101708,BioBERT,back_translation,mixed,0.2028985507246377,3,1,"{""UMLS:C3808257"": 3}",-0.0,-0.0,0.0
mm_0101708,BioBERT,synonym_substitution,verb,0.07418788410886742,3,1,"{""UMLS:C3808257"": 3}",-0.0,-0.0,0.0
mm_0101708,PubMedBERT,back_translation,mixed,0.2028985507246377,3,1,"{""C1839576"": 3}",-0.0,-0.0,0.0
mm_0101708,PubMedBERT,synonym_substitution,verb,0.07418788410886742,3,1,"{""C1839576"": 3}",-0.0,-0.0,0.0
mm_0101737,BERT-base,back_translation,mixed,0.18336886993603413,3,1,"{""C1447749"": 3}",-0.0,-0.0,0.0
mm_0101737,BERT-base,controlled_paraphrase,mixed,0.34471365638766516,3,1,"{""C1447749"": 3}",-0.0,-0.0,0.0
mm_0101737,BioBERT,back_translation,mixed,0.18336886993603413,3,1,"{""C1447749"": 3}",-0.0,-0.0,0.0
mm_0101737,BioBERT,controlled_paraphrase,mixed,0.34471365638766516,3,1,"{""C1447749"": 3}",-0.0,-0.0,0.0
mm_0101737,PubMedBERT,back_translation,mixed,0.18336886993603413,3,1,"{""C1447749"": 3}",-0.0,-0.0,0.0
mm_0101737,PubMedBERT,controlled_paraphrase,mixed,0.34471365638766516,3,1,"{""C1447749"": 3}",-0.0,-0.0,0.0
mm_0102157,BERT-base,back_translation,mixed,0.328125,3,1,"{""UMLS:C0752046"": 3}",-0.0,-0.0,0.0
mm_0102157,BERT-base,controlled_paraphrase,mixed,0.4691358024691358,3,1,"{""UMLS:C0752046"": 3}",-0.0,-0.0,0.0
mm_0102157,BERT-base,synonym_substitution,noun,0.14864864864864866,2,1,"{""UMLS:C0752046"": 2}",-0.0,-0.0,0.0
mm_0102157,BERT-base,synonym_substitution,verb,0.12307692307692308,2,1,"{""UMLS:C0752046"": 2}",-0.0,-0.0,0.0
mm_0102157,BioBERT,back_translation,mixed,0.328125,3,2,"{""C0059563"": 1, ""C1566790"": 2}",0.9182958340544896,0.579380164285695,0.0
mm_0102157,BioBERT,controlled_paraphrase,mixed,0.4691358024691358,3,2,"{""C0059563"": 1, ""UMLS:C1707887"": 2}",0.9182958340544896,0.579380164285695,0.0
mm_0102157,BioBERT,synonym_substitution,noun,0.14864864864864866,2,2,"{""C0059563"": 1, ""C1566790"": 1}",1.0,1.0,0.0
mm_0102157,BioBERT,synonym_substitution,verb,0.12307692307692308,2,2,"{""C0059563"": 1, ""C1566790"": 1}",1.0,1.0,0.0
mm_0102157,PubMedBERT,back_translation,mixed,0.328125,3,1,"{""C0317526"": 3}",-0.0,-0.0,0.0
mm_0102157,PubMedBERT,controlled_paraphrase,mixed,0.4691358024691358,3,2,"{""C0317526"": 1, ""C1839576"": 2}",0.9182958340544896,0.579380164285695,0.0
mm_0102157,PubMedBERT,synonym_substitution,noun,0.14864864864864866,2,1,"{""C0317526"": 2}",-0.0,-0.0,0.0
mm_0102157,PubMedBERT,synonym_substitution,verb,0.12307692307692308,2,2,"{""C0317526"": 1, ""UMLS:C0752046"": 1}",1.0,1.0,0.0
mm_0102242,BERT-base,back_translation,mixed,0.2191780821917808,3,1,"{""C1447749"": 3}",-0.0,-0.0,0.0
mm_0102242,BERT-base,controlled_paraphrase,mixed,0.21153846153846156,3,1,"{""C1447749"": 3}",-0.0,-0.0,0.0
mm_0102242,BERT-base,synonym_substitution,noun,0.09166666666666666,2,1,"{""C1447749"": 2}",-0.0,-0.0,0.0
mm_0102242,BERT-base,synonym_substitution,unknown,0.08403361344537816,2,1,"{""C1447749"": 2}",-0.0,-0.0,0.0
mm_0102242,BioBERT,back_translation,mixed,0.2191780821917808,3,1,"{""C1447749"": 3}",-0.0,-0.0,0.0
mm_0102242,BioBERT,controlled_paraphrase,mixed,0.21153846153846156,3,1,"{""C1447749"": 3}",-0.0,-0.0,0.0
mm_0102242,BioBERT,synonym_substitution,noun,0.09166666666666666,2,1,"{""C1447749"": 2}",-0.0,-0.0,0.0
mm_0102242,BioBERT,synonym_substitution,unknown,0.08403361344537816,2,1,"{""C1447749"": 2}",-0.0,-0.0,0.0
mm_0102242,PubMedBERT,back_translation,mixed,0.2191780821917808,3,1,"{""C1447749"": 3}",-0.0,-0.0,0.0
mm_0102242,PubMedBERT,controlled_paraphrase,mixed,0.21153846153846156,3,1,"{""C1447749"": 3}",-0.0,-0.0,0.0
mm_0102242,PubMedBERT,synonym_substitution,noun,0.09166666666666666,2,1,"{""C1447749"": 2}",-0.0,-0.0,0.0
mm_0102242,PubMedBERT,synonym_substitution,unknown,0.08403361344537816,2,1,"{""C1447749"": 2}",-0.0,-0.0,0.0
mm_0102605,BERT-base,back_translation,mixed,0.2102803738317757,3,2,"{""C1447749"": 1, ""C1739108"": 2}",0.9182958340544896,0.579380164285695,0.0
mm_0102605,BERT-base,controlled_paraphrase,mixed,0.5257009345794392,3,2,"{""C1447749"": 1, ""C1739108"": 2}",0.9182958340544896,0.579380164285695,0.0
mm_0102605,BERT-base,synonym_substitution,noun,0.05045871559633028,2,1,"{""C1447749"": 2}",-0.0,-0.0,0.0
mm_0102605,BioBERT,back_translation,mixed,0.2102803738317757,3,1,"{""UMLS:C1257990"": 3}",-0.0,-0.0,0.0
mm_0102605,BioBERT,controlled_paraphrase,mixed,0.5257009345794392,3,1,"{""UMLS:C1257990"": 3}",-0.0,-0.0,0.0
mm_0102605,BioBERT,synonym_substitution,noun,0.05045871559633028,2,1,"{""UMLS:C1257990"": 2}",-0.0,-0.0,0.0
mm_0102605,PubMedBERT,back_translation,mixed,0.2102803738317757,3,1,"{""C1839576"": 3}",-0.0,-0.0,0.0
mm_0102605,PubMedBERT,controlled_paraphrase,mixed,0.5257009345794392,3,1,"{""C1839576"": 3}",-0.0,-0.0,0.0
mm_0102605,PubMedBERT,synonym_substitution,noun,0.05045871559633028,2,1,"{""C1839576"": 2}",-0.0,-0.0,0.0
mm_0102700,BERT-base,back_translation,mixed,0.41578947368421054,3,2,"{""C0040048"": 1, ""UMLS:C1257990"": 2}",0.9182958340544896,0.579380164285695,0.0
mm_0102700,BERT-base,synonym_substitution,modifier,0.055402394876079085,3,1,"{""C0040048"": 3}",-0.0,-0.0,0.0
mm_0102700,BioBERT,back_translation,mixed,0.41578947368421054,3,1,"{""UMLS:C1257990"": 3}",-0.0,-0.0,0.0
mm_0102700,BioBERT,synonym_substitution,modifier,0.055402394876079085,3,1,"{""UMLS:C1257990"": 3}",-0.0,-0.0,0.0
mm_0102700,PubMedBERT,back_translation,mixed,0.41578947368421054,3,2,"{""C1839576"": 1, ""UMLS:C1257990"": 2}",0.9182958340544896,0.579380164285695,0.0
mm_0102700,PubMedBERT,synonym_substitution,modifier,0.055402394876079085,3,1,"{""C1839576"": 3}",-0.0,-0.0,0.0
mm_0103065,BERT-base,back_translation,mixed,0.1712962962962963,3,1,"{""UMLS:C1257990"": 3}",-0.0,-0.0,0.0
mm_0103065,BERT-base,synonym_substitution,modifier,0.0625,2,1,"{""UMLS:C1257990"": 2}",-0.0,-0.0,0.0
mm_0103065,BERT-base,synonym_substitution,noun,0.06422018348623854,2,1,"{""UMLS:C1257990"": 2}",-0.0,-0.0,0.0
mm_0103065,BioBERT,back_translation,mixed,0.1712962962962963,3,1,"{""UMLS:C1257990"": 3}",-0.0,-0.0,0.0
mm_0103065,BioBERT,synonym_substitution,modifier,0.0625,2,1,"{""UMLS:C1257990"": 2}",-0.0,-0.0,0.0
mm_0103065,BioBERT,synonym_substitution,noun,0.06422018348623854,2,1,"{""UMLS:C1257990"": 2}",-0.0,-0.0,0.0
mm_0103065,PubMedBERT,back_translation,mixed,0.1712962962962963,3,1,"{""UMLS:C1257990"": 3}",-0.0,-0.0,0.0
mm_0103065,PubMedBERT,synonym_substitution,modifier,0.0625,2,1,"{""UMLS:C1257990"": 2}",-0.0,-0.0,0.0
mm_0103065,PubMedBERT,synonym_substitution,noun,0.06422018348623854,2,1,"{""UMLS:C1257990"": 2}",-0.0,-0.0,0.0
mm_0103736,BERT-base,back_translation,mixed,0.17857142857142858,3,2,"{""C4318429"": 1, ""C0059563"": 2}",0.9182958340544896,0.579380164285695,0.0
mm_0103736,BERT-base,controlled_paraphrase,mixed,0.3783783783783784,3,2,"{""C4318429"": 1, ""C0082529"": 2}",0.9182958340544896,0.579380164285695,0.0
mm_0103736,BERT-base,synonym_substitution,function_word,0.07339449541284404,2,2,"{""C4318429"": 1, ""C3888046"": 1}",1.0,1.0,0.0
mm_0103736,BERT-base,synonym_substitution,verb,0.0673076923076923,2,2,"{""C4318429"": 1, ""C0082529"": 1}",1.0,1.0,0.0
mm_0103736,BERT-base,syntactic_reordering,modifier,0.11538461538461539,3,2,"{""C4318429"": 1, ""C0061355"": 2}",0.9182958340544896,0.579380164285695,0.0
mm_0103736,BioBERT,back_translation,mixed,0.17857142857142858,3,2,"{""C1312419"": 1, ""C0008396"": 2}",0.9182958340544896,0.579380164285695,0.0
mm_0103736,BioBERT,controlled_paraphrase,mixed,0.3783783783783784,3,2,"{""C1312419"": 1, ""UMLS:C1707887"": 2}",0.9182958340544896,0.579380164285695,0.0
mm_0103736,BioBERT,synonym_substitution,function_word,0.07339449541284404,2,2,"{""C1312419"": 1, ""UMLS:C1257990"": 1}",1.0,1.0,0.0
mm_0103736,BioBERT,synonym_substitution,verb,0.0673076923076923,2,2,"{""C1312419"": 1, ""C0013728"": 1}",1.0,1.0,0.0
mm_0103736,BioBERT,syntactic_reordering,modifier,0.11538461538461539,3,2,"{""C1312419"": 1, ""UMLS:C1707887"": 2}",0.9182958340544896,0.579380164285695,0.0
mm_0103736,PubMedBERT,back_translation,mixed,0.17857142857142858,3,2,"{""UMLS:C1257990"": 1, ""C1839576"": 2}",0.9182958340544896,0.579380164285695,0.0
mm_0103736,PubMedBERT,controlled_paraphrase,mixed,0.3783783783783784,3,1,"{""UMLS:C1257990"": 3}",-0.0,-0.0,0.0
mm_0103736,PubMedBERT,synonym_substitution,function_word,0.07339449541284404,2,1,"{""UMLS:C1257990"": 2}",-0.0,-0.0,0.0
mm_0103736,PubMedBERT,synonym_substitution,verb,0.0673076923076923,2,1,"{""UMLS:C1257990"": 2}",-0.0,-0.0,0.0
mm_0103736,PubMedBERT,syntactic_reordering,modifier,0.11538461538461539,3,1,"{""UMLS:C1257990"": 3}",-0.0,-0.0,0.0
mm_0103773,BERT-base,back_translation,verb,0.07109004739336493,3,1,"{""C1431519"": 3}",-0.0,-0.0,0.0
mm_0103773,BioBERT,back_translation,verb,0.07109004739336493,3,1,"{""UMLS:C1257990"": 3}",-0.0,-0.0,0.0
mm_0103773,PubMedBERT,back_translation,verb,0.07109004739336493,3,1,"{""C1447749"": 3}",-0.0,-0.0,0.0
mm_0104295,BERT-base,back_translation,mixed,0.30601092896174864,3,1,"{""UMLS:C1257990"": 3}",-0.0,-0.0,0.0
mm_0104295,BERT-base,synonym_substitution,verb,0.09656979137879497,3,1,"{""UMLS:C1257990"": 3}",-0.0,-0.0,0.0
mm_0104295,BioBERT,back_translation,mixed,0.30601092896174864,3,1,"{""UMLS:C1257990"": 3}",-0.0,-0.0,0.0
mm_0104295,BioBERT,synonym_substitution,verb,0.09656979137879497,3,1,"{""UMLS:C1257990"": 3}",-0.0,-0.0,0.0
mm_0104295,PubMedBERT,back_translation,mixed,0.30601092896174864,3,1,"{""C0015131"": 3}",-0.0,-0.0,0.0
mm_0104295,PubMedBERT,synonym_substitution,verb,0.09656979137879497,3,1,"{""C0015131"": 3}",-0.0,-0.0,0.0
mm_0104451,BERT-base,back_translation,mixed,0.1342281879194631,3,1,"{""C1447749"": 3}",-0.0,-0.0,0.0
mm_0104451,BERT-base,synonym_substitution,modifier,0.058823529411764705,2,1,"{""C1447749"": 2}",-0.0,-0.0,0.0
mm_0104451,BERT-base,synonym_substitution,noun,0.0821917808219178,2,1,"{""C1447749"": 2}",-0.0,-0.0,0.0
mm_0104451,BERT-base,syntactic_reordering,mixed,0.3972602739726028,3,1,"{""C1447749"": 3}",-0.0,-0.0,0.0
mm_0104451,BioBERT,back_translation,mixed,0.1342281879194631,3,1,"{""C1839576"": 3}",-0.0,-0.0,0.0
mm_0104451,BioBERT,synonym_substitution,modifier,0.058823529411764705,2,1,"{""C1839576"": 2}",-0.0,-0.0,0.0
mm_0104451,BioBERT,synonym_substitution,noun,0.0821917808219178,2,1,"{""C1839576"": 2}",-0.0,-0.0,0.0
mm_0104451,BioBERT,syntactic_reordering,mixed,0.3972602739726028,3,2,"{""C1839576"": 1, ""C1447749"": 2}",0.9182958340544896,0.579380164285695,0.0
mm_0104451,PubMedBERT,back_translation,mixed,0.1342281879194631,3,1,"{""C1839576"": 3}",-0.0,-0.0,0.0
mm_0104451,PubMedBERT,synonym_substitution,modifier,0.058823529411764705,2,1,"{""C1839576"": 2}",-0.0,-0.0,0.0
mm_0104451,PubMedBERT,synonym_substitution,noun,0.0821917808219178,2,1,"{""C1839576"": 2}",-0.0,-0.0,0.0
mm_0104451,PubMedBERT,syntactic_reordering,mixed,0.3972602739726028,3,1,"{""C1839576"": 3}",-0.0,-0.0,0.0
mm_0104646,BERT-base,back_translation,mixed,0.20848056537102475,3,1,"{""C1447749"": 3}",-0.0,-0.0,0.0
mm_0104646,BERT-base,controlled_paraphrase,mixed,0.303886925795053,3,1,"{""C1447749"": 3}",-0.0,-0.0,0.0
mm_0104646,BioBERT,back_translation,mixed,0.20848056537102475,3,1,"{""C1447749"": 3}",-0.0,-0.0,0.0
mm_0104646,BioBERT,controlled_paraphrase,mixed,0.303886925795053,3,2,"{""C1447749"": 2, ""UMLS:C1257990"": 1}",0.9182958340544896,0.579380164285695,0.0
mm_0104646,PubMedBERT,back_translation,mixed,0.20848056537102475,3,1,"{""C1839576"": 3}",-0.0,-0.0,0.0
mm_0104646,PubMedBERT,controlled_paraphrase,mixed,0.303886925795053,3,1,"{""C1839576"": 3}",-0.0,-0.0,0.0
mm_0105117,BERT-base,back_translation,mixed,0.17763157894736842,3,2,"{""C0075128"": 1, ""C1312419"": 2}",0.9182958340544896,0.579380164285695,0.0
mm_0105117,BERT-base,controlled_paraphrase,mixed,0.40626321725645004,3,2,"{""C0075128"": 1, ""UMLS:C1257990"": 2}",0.9182958340544896,0.579380164285695,0.0
mm_0105117,BERT-base,synonym_substitution,noun,0.09868421052631579,2,1,"{""C0075128"": 2}",-0.0,-0.0,0.0
mm_0105117,BERT-base,syntactic_reordering,mixed,0.5131578947368421,3,1,"{""C0075128"": 3}",-0.0,-0.0,0.0
mm_0105117,BioBERT,back_translation,mixed,0.17763157894736842,3,1,"{""UMLS:C1707887"": 3}",-0.0,-0.0,0.0
mm_0105117,BioBERT,controlled_paraphrase,mixed,0.40626321725645004,3,1,"{""UMLS:C1707887"": 3}",-0.0,-0.0,0.0
mm_0105117,BioBERT,synonym_substitution,noun,0.09868421052631579,2,1,"{""UMLS:C1707887"": 2}",-0.0,-0.0,0.0
mm_0105117,BioBERT,syntactic_reordering,mixed,0.5131578947368421,3,1,"{""UMLS:C1707887"": 3}",-0.0,-0.0,0.0
mm_0105117,PubMedBERT,back_translation,mixed,0.17763157894736842,3,1,"{""C1447749"": 3}",-0.0,-0.0,0.0
mm_0105117,PubMedBERT,controlled_paraphrase,mixed,0.40626321725645004,3,1,"{""C1447749"": 3}",-0.0,-0.0,0.0
mm_0105117,PubMedBERT,synonym_substitution,noun,0.09868421052631579,2,1,"{""C1447749"": 2}",-0.0,-0.0,0.0
mm_0105117,PubMedBERT,syntactic_reordering,mixed,0.5131578947368421,3,1,"{""C1447749"": 3}",-0.0,-0.0,0.0
mm_0106448,BERT-base,back_translation,mixed,0.25806451612903225,3,1,"{""C1839576"": 3}",-0.0,-0.0,0.0
mm_0106448,BERT-base,synonym_substitution,noun,0.10752688172043011,2,1,"{""C1839576"": 2}",-0.0,-0.0,0.0
mm_0106448,BERT-base,synonym_substitution,verb,0.12903225806451613,2,1,"{""C1839576"": 2}",-0.0,-0.0,0.0
mm_0106448,BioBERT,back_translation,mixed,0.25806451612903225,3,1,"{""C1839576"": 3}",-0.0,-0.0,0.0
mm_0106448,BioBERT,synonym_substitution,noun,0.10752688172043011,2,1,"{""C1839576"": 2}",-0.0,-0.0,0.0
mm_0106448,BioBERT,synonym_substitution,verb,0.12903225806451613,2,1,"{""C1839576"": 2}",-0.0,-0.0,0.0
mm_0106448,PubMedBERT,back_translation,mixed,0.25806451612903225,3,1,"{""C1839576"": 3}",-0.0,-0.0,0.0
mm_0106448,PubMedBERT,synonym_substitution,noun,0.10752688172043011,2,1,"{""C1839576"": 2}",-0.0,-0.0,0.0
mm_0106448,PubMedBERT,synonym_substitution,verb,0.12903225806451613,2,1,"{""C1839576"": 2}",-0.0,-0.0,0.0
mm_0108328,BERT-base,back_translation,mixed,0.21476510067114093,3,1,"{""UMLS:C1257990"": 3}",-0.0,-0.0,0.0
mm_0108328,BERT-base,controlled_paraphrase,mixed,0.5503355704697986,3,1,"{""UMLS:C1257990"": 3}",-0.0,-0.0,0.0
mm_0108328,BioBERT,back_translation,mixed,0.21476510067114093,3,1,"{""C1312419"": 3}",-0.0,-0.0,0.0
mm_0108328,BioBERT,controlled_paraphrase,mixed,0.5503355704697986,3,1,"{""C1312419"": 3}",-0.0,-0.0,0.0
mm_0108328,PubMedBERT,back_translation,mixed,0.21476510067114093,3,1,"{""C1447749"": 3}",-0.0,-0.0,0.0
mm_0108328,PubMedBERT,controlled_paraphrase,mixed,0.5503355704697986,3,2,"{""C1447749"": 1, ""C1839576"": 2}",0.9182958340544896,0.579380164285695,0.0
mm_0108371,BERT-base,back_translation,mixed,0.09523809523809523,3,1,"{""UMLS:C1257990"": 3}",-0.0,-0.0,0.0
mm_0108371,BERT-base,controlled_paraphrase,mixed,0.5079365079365079,3,1,"{""UMLS:C1257990"": 3}",-0.0,-0.0,0.0
mm_0108371,BERT-base,synonym_substitution,verb,0.0580112145072775,3,1,"{""UMLS:C1257990"": 3}",-0.0,-0.0,0.0
mm_0108371,BioBERT,back_translation,mixed,0.09523809523809523,3,1,"{""C1312419"": 3}",-0.0,-0.0,0.0
mm_0108371,BioBERT,controlled_paraphrase,mixed,0.5079365079365079,3,1,"{""C1312419"": 3}",-0.0,-0.0,0.0
mm_0108371,BioBERT,synonym_substitution,verb,0.0580112145072775,3,2,"{""C1312419"": 2, ""UMLS:C1707887"": 1}",0.9182958340544896,0.579380164285695,0.0
mm_0108371,PubMedBERT,back_translation,mixed,0.09523809523809523,3,1,"{""C1447749"": 3}",-0.0,-0.0,0.0
mm_0108371,PubMedBERT,controlled_paraphrase,mixed,0.5079365079365079,3,1,"{""C1447749"": 3}",-0.0,-0.0,0.0
mm_0108371,PubMedBERT,synonym_substitution,verb,0.0580112145072775,3,1,"{""C1447749"": 3}",-0.0,-0.0,0.0
mm_0108777,BERT-base,back_translation,mixed,0.09027777777777778,3,1,"{""UMLS:C1257990"": 3}",-0.0,-0.0,0.0
mm_0108777,BERT-base,controlled_paraphrase,mixed,0.49840901272789817,3,1,"{""UMLS:C1257990"": 3}",-0.0,-0.0,0.0
mm_0108777,BERT-base,synonym_substitution,noun,0.05755395683453238,2,1,"{""UMLS:C1257990"": 2}",-0.0,-0.0,0.0
mm_0108777,BERT-base,synonym_substitution,verb,0.08088235294117647,2,1,"{""UMLS:C1257990"": 2}",-0.0,-0.0,0.0
mm_0108777,BioBERT,back_translation,mixed,0.09027777777777778,3,1,"{""C1839576"": 3}",-0.0,-0.0,0.0
mm_0108777,BioBERT,controlled_paraphrase,mixed,0.49840901272789817,3,1,"{""C1839576"": 3}",-0.0,-0.0,0.0
mm_0108777,BioBERT,synonym_substitution,noun,0.05755395683453238,2,1,"{""C1839576"": 2}",-0.0,-0.0,0.0
mm_0108777,BioBERT,synonym_substitution,verb,0.08088235294117647,2,2,"{""C1839576"": 1, ""UMLS:C0232772"": 1}",1.0,1.0,0.0
mm_0108777,PubMedBERT,back_translation,mixed,0.09027777777777778,3,1,"{""C1839576"": 3}",-0.0,-0.0,0.0
mm_0108777,PubMedBERT,controlled_paraphrase,mixed,0.49840901272789817,3,1,"{""C1839576"": 3}",-0.0,-0.0,0.0
mm_0108777,PubMedBERT,synonym_substitution,noun,0.05755395683453238,2,1,"{""C1839576"": 2}",-0.0,-0.0,0.0
mm_0108777,PubMedBERT,synonym_substitution,verb,0.08088235294117647,2,1,"{""C1839576"": 2}",-0.0,-0.0,0.0
mm_0108849,BERT-base,back_translation,mixed,0.20909090909090908,3,1,"{""C0169661"": 3}",-0.0,-0.0,0.0
mm_0108849,BERT-base,controlled_paraphrase,mixed,0.46153846153846156,3,1,"{""C0169661"": 3}",-0.0,-0.0,0.0
mm_0108849,BERT-base,synonym_substitution,verb,0.09313783337266934,3,1,"{""C0169661"": 3}",-0.0,-0.0,0.0
mm_0108849,BioBERT,back_translation,mixed,0.20909090909090908,3,1,"{""C1312419"": 3}",-0.0,-0.0,0.0
mm_0108849,BioBERT,controlled_paraphrase,mixed,0.46153846153846156,3,1,"{""C1312419"": 3}",-0.0,-0.0,0.0
mm_0108849,BioBERT,synonym_substitution,verb,0.09313783337266934,3,1,"{""C1312419"": 3}",-0.0,-0.0,0.0
mm_0108849,PubMedBERT,back_translation,mixed,0.20909090909090908,3,1,"{""C1447749"": 3}",-0.0,-0.0,0.0
mm_0108849,PubMedBERT,controlled_paraphrase,mixed,0.46153846153846156,3,1,"{""C1447749"": 3}",-0.0,-0.0,0.0
mm_0108849,PubMedBERT,synonym_substitution,verb,0.09313783337266934,3,1,"{""C1447749"": 3}",-0.0,-0.0,0.0
mm_0110256,BERT-base,back_translation,mixed,0.10429447852760736,3,1,"{""C2936621"": 3}",-0.0,-0.0,0.0
mm_0110256,BERT-base,controlled_paraphrase,mixed,0.4840764331210191,3,1,"{""C2936621"": 3}",-0.0,-0.0,0.0
mm_0110256,BERT-base,synonym_substitution,modifier,0.05063291139240506,2,1,"{""C2936621"": 2}",-0.0,-0.0,0.0
mm_0110256,BERT-base,synonym_substitution,verb,0.05161290322580645,2,1,"{""C2936621"": 2}",-0.0,-0.0,0.0
mm_0110256,BioBERT,back_translation,mixed,0.10429447852760736,3,2,"{""C2936621"": 1, ""UMLS:C3808257"": 2}",0.9182958340544896,0.579380164285695,0.0
mm_0110256,BioBERT,controlled_paraphrase,mixed,0.4840764331210191,3,1,"{""C2936621"": 3}",-0.0,-0.0,0.0
mm_0110256,BioBERT,synonym_substitution,modifier,0.05063291139240506,2,1,"{""C2936621"": 2}",-0.0,-0.0,0.0
mm_0110256,BioBERT,synonym_substitution,verb,0.05161290322580645,2,2,"{""C2936621"": 1, ""UMLS:C3808257"": 1}",1.0,1.0,0.0
mm_0110256,PubMedBERT,back_translation,mixed,0.10429447852760736,3,1,"{""C1839576"": 3}",-0.0,-0.0,0.0
mm_0110256,PubMedBERT,controlled_paraphrase,mixed,0.4840764331210191,3,1,"{""C1839576"": 3}",-0.0,-0.0,0.0
mm_0110256,PubMedBERT,synonym_substitution,modifier,0.05063291139240506,2,1,"{""C1839576"": 2}",-0.0,-0.0,0.0
mm_0110256,PubMedBERT,synonym_substitution,verb,0.05161290322580645,2,1,"{""C1839576"": 2}",-0.0,-0.0,0.0
mm_0110712,BERT-base,back_translation,mixed,0.14432989690721648,3,1,"{""C3888046"": 3}",-0.0,-0.0,0.0
mm_0110712,BERT-base,synonym_substitution,noun,0.050505050505050504,2,2,"{""C3888046"": 1, ""C0069676"": 1}",1.0,1.0,0.0
mm_0110712,BERT-base,synonym_substitution,verb,0.0891089108910891,2,2,"{""C3888046"": 1, ""UMLS:C1257990"": 1}",1.0,1.0,0.0
mm_0110712,BioBERT,back_translation,mixed,0.14432989690721648,3,2,"{""C1312419"": 1, ""UMLS:C1257990"": 2}",0.9182958340544896,0.579380164285695,0.0
mm_0110712,BioBERT,synonym_substitution,noun,0.050505050505050504,2,2,"{""C1312419"": 1, ""UMLS:C1257990"": 1}",1.0,1.0,0.0
mm_0110712,BioBERT,synonym_substitution,verb,0.0891089108910891,2,2,"{""C1312419"": 1, ""UMLS:C1257990"": 1}",1.0,1.0,0.0
mm_0110712,PubMedBERT,back_translation,mixed,0.14432989690721648,3,1,"{""C1839576"": 3}",-0.0,-0.0,0.0
mm_0110712,PubMedBERT,synonym_substitution,noun,0.050505050505050504,2,2,"{""C1839576"": 1, ""C1447749"": 1}",1.0,1.0,0.0
mm_0110712,PubMedBERT,synonym_substitution,verb,0.0891089108910891,2,2,"{""C1839576"": 1, ""UMLS:C1257990"": 1}",1.0,1.0,0.0
mm_0111188,BERT-base,back_translation,mixed,0.17197452229299362,3,1,"{""C1447749"": 3}",-0.0,-0.0,0.0
mm_0111188,BERT-base,synonym_substitution,modifier,0.06060606060606061,2,1,"{""C1447749"": 2}",-0.0,-0.0,0.0
mm_0111188,BERT-base,synonym_substitution,noun,0.05704697986577181,2,1,"{""C1447749"": 2}",-0.0,-0.0,0.0
mm_0111188,BioBERT,back_translation,mixed,0.17197452229299362,3,1,"{""UMLS:C1257990"": 3}",-0.0,-0.0,0.0
mm_0111188,BioBERT,synonym_substitution,modifier,0.06060606060606061,2,1,"{""UMLS:C1257990"": 2}",-0.0,-0.0,0.0
mm_0111188,BioBERT,synonym_substitution,noun,0.05704697986577181,2,1,"{""UMLS:C1257990"": 2}",-0.0,-0.0,0.0
mm_0111188,PubMedBERT,back_translation,mixed,0.17197452229299362,3,1,"{""C1839576"": 3}",-0.0,-0.0,0.0
mm_0111188,PubMedBERT,synonym_substitution,modifier,0.06060606060606061,2,2,"{""C1839576"": 1, ""C1447749"": 1}",1.0,1.0,0.0
mm_0111188,PubMedBERT,synonym_substitution,noun,0.05704697986577181,2,1,"{""C1839576"": 2}",-0.0,-0.0,0.0
mm_0111723,BERT-base,controlled_paraphrase,mixed,0.5260606060606061,3,1,"{""UMLS:C1257990"": 3}",-0.0,-0.0,0.0
mm_0111723,BERT-base,synonym_substitution,modifier,0.12738853503184713,2,1,"{""UMLS:C1257990"": 2}",-0.0,-0.0,0.0
mm_0111723,BERT-base,synonym_substitution,noun,0.13548387096774195,2,1,"{""UMLS:C1257990"": 2}",-0.0,-0.0,0.0
mm_0111723,BioBERT,controlled_paraphrase,mixed,0.5260606060606061,3,2,"{""UMLS:C2919551"": 1, ""C1312419"": 2}",0.9182958340544896,0.579380164285695,0.0
mm_0111723,BioBERT,synonym_substitution,modifier,0.12738853503184713,2,1,"{""UMLS:C2919551"": 2}",-0.0,-0.0,0.0
mm_0111723,BioBERT,synonym_substitution,noun,0.13548387096774195,2,1,"{""UMLS:C2919551"": 2}",-0.0,-0.0,0.0
mm_0111723,PubMedBERT,controlled_paraphrase,mixed,0.5260606060606061,3,1,"{""C1839576"": 3}",-0.0,-0.0,0.0
mm_0111723,PubMedBERT,synonym_substitution,modifier,0.12738853503184713,2,1,"{""C1839576"": 2}",-0.0,-0.0,0.0
mm_0111723,PubMedBERT,synonym_substitution,noun,0.13548387096774195,2,1,"{""C1839576"": 2}",-0.0,-0.0,0.0
mm_0111876,BERT-base,back_translation,mixed,0.07326007326007326,3,1,"{""C0059563"": 3}",-0.0,-0.0,0.0
mm_0111876,BERT-base,synonym_substitution,verb,0.07836661249129324,3,1,"{""C0059563"": 3}",-0.0,-0.0,0.0
mm_0111876,BioBERT,back_translation,mixed,0.07326007326007326,3,2,"{""C0265267"": 1, ""C1447749"": 2}",0.9182958340544896,0.579380164285695,0.0
mm_0111876,BioBERT,synonym_substitution,verb,0.07836661249129324,3,1,"{""C0265267"": 3}",-0.0,-0.0,0.0
mm_0111876,PubMedBERT,back_translation,mixed,0.07326007326007326,3,1,"{""C0015131"": 3}",-0.0,-0.0,0.0
mm_0111876,PubMedBERT,synonym_substitution,verb,0.07836661249129324,3,1,"{""C0015131"": 3}",-0.0,-0.0,0.0
mm_0112227,BERT-base,controlled_paraphrase,mixed,0.4339622641509434,3,1,"{""C2936621"": 3}",-0.0,-0.0,0.0
mm_0112227,BERT-base,synonym_substitution,noun,0.11864406779661017,3,2,"{""C2936621"": 1, ""C0386482"": 2}",0.9182958340544896,0.579380164285695,0.0
mm_0112227,BERT-base,syntactic_reordering,mixed,0.5660377358490566,3,2,"{""C2936621"": 1, ""UMLS:C0358514"": 2}",0.9182958340544896,0.579380164285695,0.0
mm_0112227,BioBERT,controlled_paraphrase,mixed,0.4339622641509434,3,1,"{""UMLS:C1707887"": 3}",-0.0,-0.0,0.0
mm_0112227,BioBERT,synonym_substitution,noun,0.11864406779661017,3,1,"{""UMLS:C1707887"": 3}",-0.0,-0.0,0.0
mm_0112227,BioBERT,syntactic_reordering,mixed,0.5660377358490566,3,1,"{""UMLS:C1707887"": 3}",-0.0,-0.0,0.0
mm_0112227,PubMedBERT,controlled_paraphrase,mixed,0.4339622641509434,3,2,"{""C1839576"": 1, ""C1447749"": 2}",0.9182958340544896,0.579380164285695,0.0
mm_0112227,PubMedBERT,synonym_substitution,noun,0.11864406779661017,3,2,"{""C1839576"": 1, ""C1447749"": 2}",0.9182958340544896,0.579380164285695,0.0
mm_0112227,PubMedBERT,syntactic_reordering,mixed,0.5660377358490566,3,2,"{""C1839576"": 1, ""C1447749"": 2}",0.9182958340544896,0.579380164285695,0.0
mm_0112233,BERT-base,back_translation,mixed,0.24017467248908297,3,1,"{""UMLS:C1257990"": 3}",-0.0,-0.0,0.0
mm_0112233,BERT-base,controlled_paraphrase,mixed,0.4672489082969432,3,1,"{""UMLS:C1257990"": 3}",-0.0,-0.0,0.0
mm_0112233,BERT-base,synonym_substitution,noun,0.05128205128205128,2,1,"{""UMLS:C1257990"": 2}",-0.0,-0.0,0.0
mm_0112233,BERT-base,synonym_substitution,verb,0.06521739130434782,2,1,"{""UMLS:C1257990"": 2}",-0.0,-0.0,0.0
mm_0112233,BioBERT,back_translation,mixed,0.24017467248908297,3,1,"{""UMLS:C1707887"": 3}",-0.0,-0.0,0.0
mm_0112233,BioBERT,controlled_paraphrase,mixed,0.4672489082969432,3,1,"{""UMLS:C1707887"": 3}",-0.0,-0.0,0.0
mm_0112233,BioBERT,synonym_substitution,noun,0.05128205128205128,2,1,"{""UMLS:C1707887"": 2}",-0.0,-0.0,0.0
mm_0112233,BioBERT,synonym_substitution,verb,0.06521739130434782,2,1,"{""UMLS:C1707887"": 2}",-0.0,-0.0,0.0
mm_0112233,PubMedBERT,back_translation,mixed,0.24017467248908297,3,2,"{""C1839576"": 1, ""C1447749"": 2}",0.9182958340544896,0.579380164285695,0.0
mm_0112233,PubMedBERT,controlled_paraphrase,mixed,0.4672489082969432,3,2,"{""C1839576"": 1, ""C1447749"": 2}",0.9182958340544896,0.579380164285695,0.0
mm_0112233,PubMedBERT,synonym_substitution,noun,0.05128205128205128,2,2,"{""C1839576"": 1, ""C1447749"": 1}",1.0,1.0,0.0
mm_0112233,PubMedBERT,synonym_substitution,verb,0.06521739130434782,2,2,"{""C1839576"": 1, ""C1447749"": 1}",1.0,1.0,0.0
mm_0112509,BERT-base,back_translation,mixed,0.17142857142857143,3,2,"{""C1258127"": 1, ""UMLS:C2350390"": 2}",0.9182958340544896,0.579380164285695,0.0
mm_0112509,BERT-base,controlled_paraphrase,mixed,0.21142857142857144,3,2,"{""C1258127"": 1, ""C0017263"": 2}",0.9182958340544896,0.579380164285695,0.0
mm_0112509,BERT-base,synonym_substitution,verb,0.06285714285714286,2,1,"{""C1258127"": 2}",-0.0,-0.0,0.0
mm_0112509,BERT-base,syntactic_reordering,modifier,0.06857142857142857,2,2,"{""C1258127"": 1, ""UMLS:C2350390"": 1}",1.0,1.0,0.0
mm_0112509,BioBERT,back_translation,mixed,0.17142857142857143,3,2,"{""C0008396"": 1, ""UMLS:C1707887"": 2}",0.9182958340544896,0.579380164285695,0.0
mm_0112509,BioBERT,controlled_paraphrase,mixed,0.21142857142857144,3,2,"{""C0008396"": 1, ""UMLS:C1707887"": 2}",0.9182958340544896,0.579380164285695,0.0
mm_0112509,BioBERT,synonym_substitution,verb,0.06285714285714286,2,2,"{""C0008396"": 1, ""UMLS:C1707887"": 1}",1.0,1.0,0.0
mm_0112509,BioBERT,syntactic_reordering,modifier,0.06857142857142857,2,2,"{""C0008396"": 1, ""UMLS:C1707887"": 1}",1.0,1.0,0.0
mm_0112509,PubMedBERT,back_translation,mixed,0.17142857142857143,3,1,"{""C1447749"": 3}",-0.0,-0.0,0.0
mm_0112509,PubMedBERT,controlled_paraphrase,mixed,0.21142857142857144,3,1,"{""C1447749"": 3}",-0.0,-0.0,0.0
mm_0112509,PubMedBERT,synonym_substitution,verb,0.06285714285714286,2,1,"{""C1447749"": 2}",-0.0,-0.0,0.0
mm_0112509,PubMedBERT,syntactic_reordering,modifier,0.06857142857142857,2,1,"{""C1447749"": 2}",-0.0,-0.0,0.0
mm_0112789,BERT-base,controlled_paraphrase,mixed,0.3606194690265487,3,1,"{""C1447749"": 3}",-0.0,-0.0,0.0
mm_0112789,BERT-base,synonym_substitution,verb,0.06382978723404255,2,1,"{""C1447749"": 2}",-0.0,-0.0,0.0
mm_0112789,BERT-base,syntactic_reordering,modifier,0.5619469026548672,3,2,"{""C1447749"": 1, ""C0265267"": 2}",0.9182958340544896,0.579380164285695,0.0
mm_0112789,BioBERT,controlled_paraphrase,mixed,0.3606194690265487,3,1,"{""C0032914"": 3}",-0.0,-0.0,0.0
mm_0112789,BioBERT,synonym_substitution,verb,0.06382978723404255,2,1,"{""C0032914"": 2}",-0.0,-0.0,0.0
mm_0112789,BioBERT,syntactic_reordering,modifier,0.5619469026548672,3,2,"{""C0032914"": 1, ""C1861172"": 2}",0.9182958340544896,0.579380164285695,0.0
mm_0112789,PubMedBERT,controlled_paraphrase,mixed,0.3606194690265487,3,1,"{""C1447749"": 3}",-0.0,-0.0,0.0
mm_0112789,PubMedBERT,synonym_substitution,verb,0.06382978723404255,2,1,"{""C1447749"": 2}",-0.0,-0.0,0.0
mm_0112789,PubMedBERT,syntactic_reordering,modifier,0.5619469026548672,3,2,"{""C1447749"": 1, ""C1839576"": 2}",0.9182958340544896,0.579380164285695,0.0
mm_0112894,BERT-base,back_translation,mixed,0.2950191570881226,3,2,"{""UMLS:C0242193"": 1, ""UMLS:C1283169"": 2}",0.9182958340544896,0.579380164285695,0.0
mm_0112894,BERT-base,controlled_paraphrase,mixed,0.2785087719298246,3,2,"{""UMLS:C0242193"": 1, ""UMLS:C1283169"": 2}",0.9182958340544896,0.579380164285695,0.0
mm_0112894,BERT-base,synonym_substitution,noun,0.05194805194805195,2,1,"{""UMLS:C0242193"": 2}",-0.0,-0.0,0.0
mm_0112894,BioBERT,back_translation,mixed,0.2950191570881226,3,1,"{""UMLS:C1707887"": 3}",-0.0,-0.0,0.0
mm_0112894,BioBERT,controlled_paraphrase,mixed,0.2785087719298246,3,1,"{""UMLS:C1707887"": 3}",-0.0,-0.0,0.0
mm_0112894,BioBERT,synonym_substitution,noun,0.05194805194805195,2,1,"{""UMLS:C1707887"": 2}",-0.0,-0.0,0.0
mm_0112894,PubMedBERT,back_translation,mixed,0.2950191570881226,3,2,"{""C1447749"": 1, ""C1839576"": 2}",0.9182958340544896,0.579380164285695,0.0
mm_0112894,PubMedBERT,controlled_paraphrase,mixed,0.2785087719298246,3,1,"{""C1447749"": 3}",-0.0,-0.0,0.0
mm_0112894,PubMedBERT,synonym_substitution,noun,0.05194805194805195,2,1,"{""C1447749"": 2}",-0.0,-0.0,0.0
mm_0113609,BERT-base,back_translation,mixed,0.24609375,3,1,"{""C1739108"": 3}",-0.0,-0.0,0.0
mm_0113609,BERT-base,controlled_paraphrase,mixed,0.29296875,3,2,"{""C1739108"": 1, ""C0019682"": 2}",0.9182958340544896,0.579380164285695,0.0
mm_0113609,BERT-base,synonym_substitution,modifier,0.05223880597014925,2,1,"{""C1739108"": 2}",-0.0,-0.0,0.0
mm_0113609,BioBERT,back_translation,mixed,0.24609375,3,2,"{""C5392105"": 1, ""C1447749"": 2}",0.9182958340544896,0.579380164285695,0.0
mm_0113609,BioBERT,controlled_paraphrase,mixed,0.29296875,3,2,"{""C5392105"": 1, ""C1839576"": 2}",0.9182958340544896,0.579380164285695,0.0
mm_0113609,BioBERT,synonym_substitution,modifier,0.05223880597014925,2,1,"{""C5392105"": 2}",-0.0,-0.0,0.0
mm_0113609,PubMedBERT,back_translation,mixed,0.24609375,3,1,"{""C1839576"": 3}",-0.0,-0.0,0.0
mm_0113609,PubMedBERT,controlled_paraphrase,mixed,0.29296875,3,1,"{""C1839576"": 3}",-0.0,-0.0,0.0
mm_0113609,PubMedBERT,synonym_substitution,modifier,0.05223880597014925,2,1,"{""C1839576"": 2}",-0.0,-0.0,0.0
mm_0114471,BERT-base,controlled_paraphrase,mixed,0.11728395061728394,3,1,"{""C0035321"": 3}",-0.0,-0.0,0.0
mm_0114471,BERT-base,synonym_substitution,function_word,0.05555555555555555,2,1,"{""C0035321"": 2}",-0.0,-0.0,0.0
mm_0114471,BioBERT,controlled_paraphrase,mixed,0.11728395061728394,3,1,"{""C1839576"": 3}",-0.0,-0.0,0.0
mm_0114471,BioBERT,synonym_substitution,function_word,0.05555555555555555,2,1,"{""C1839576"": 2}",-0.0,-0.0,0.0
mm_0114471,PubMedBERT,controlled_paraphrase,mixed,0.11728395061728394,3,1,"{""C1839576"": 3}",-0.0,-0.0,0.0
mm_0114471,PubMedBERT,synonym_substitution,function_word,0.05555555555555555,2,1,"{""C1839576"": 2}",-0.0,-0.0,0.0
mm_0115142,BERT-base,back_translation,mixed,0.28135593220338984,3,1,"{""UMLS:C1257990"": 3}",-0.0,-0.0,0.0
mm_0115142,BERT-base,controlled_paraphrase,mixed,0.341296928327645,3,1,"{""UMLS:C1257990"": 3}",-0.0,-0.0,0.0
mm_0115142,BioBERT,back_translation,mixed,0.28135593220338984,3,1,"{""C0265267"": 3}",-0.0,-0.0,0.0
mm_0115142,BioBERT,controlled_paraphrase,mixed,0.341296928327645,3,1,"{""C0265267"": 3}",-0.0,-0.0,0.0
mm_0115142,PubMedBERT,back_translation,mixed,0.28135593220338984,3,1,"{""C1839576"": 3}",-0.0,-0.0,0.0
mm_0115142,PubMedBERT,controlled_paraphrase,mixed,0.341296928327645,3,1,"{""C1839576"": 3}",-0.0,-0.0,0.0
mm_0116349,BERT-base,back_translation,mixed,0.2,3,2,"{""UMLS:C1283169"": 1, ""C1431519"": 2}",0.9182958340544896,0.579380164285695,0.0
mm_0116349,BERT-base,synonym_substitution,verb,0.056760204081632654,3,1,"{""UMLS:C1283169"": 3}",-0.0,-0.0,0.0
mm_0116349,BioBERT,back_translation,mixed,0.2,3,1,"{""UMLS:C1707887"": 3}",-0.0,-0.0,0.0
mm_0116349,BioBERT,synonym_substitution,verb,0.056760204081632654,3,1,"{""UMLS:C1707887"": 3}",-0.0,-0.0,0.0
mm_0116349,PubMedBERT,back_translation,mixed,0.2,3,1,"{""C1839576"": 3}",-0.0,-0.0,0.0
mm_0116349,PubMedBERT,synonym_substitution,verb,0.056760204081632654,3,2,"{""C1839576"": 1, ""C1447749"": 2}",0.9182958340544896,0.579380164285695,0.0
mm_0116426,BERT-base,back_translation,mixed,0.16759776536312848,3,1,"{""UMLS:C1257990"": 3}",-0.0,-0.0,0.0
mm_0116426,BERT-base,controlled_paraphrase,mixed,0.4640718562874252,3,1,"{""UMLS:C1257990"": 3}",-0.0,-0.0,0.0
mm_0116426,BERT-base,synonym_substitution,noun,0.08383233532934131,2,1,"{""UMLS:C1257990"": 2}",-0.0,-0.0,0.0
mm_0116426,BioBERT,back_translation,mixed,0.16759776536312848,3,1,"{""UMLS:C0919821"": 3}",-0.0,-0.0,0.0
mm_0116426,BioBERT,controlled_paraphrase,mixed,0.4640718562874252,3,1,"{""UMLS:C0919821"": 3}",-0.0,-0.0,0.0
mm_0116426,BioBERT,synonym_substitution,noun,0.08383233532934131,2,1,"{""UMLS:C0919821"": 2}",-0.0,-0.0,0.0
mm_0116426,PubMedBERT,back_translation,mixed,0.16759776536312848,3,1,"{""C1839576"": 3}",-0.0,-0.0,0.0
mm_0116426,PubMedBERT,controlled_paraphrase,mixed,0.4640718562874252,3,1,"{""C1839576"": 3}",-0.0,-0.0,0.0
mm_0116426,PubMedBERT,synonym_substitution,noun,0.08383233532934131,2,1,"{""C1839576"": 2}",-0.0,-0.0,0.0
mm_0116620,BERT-base,back_translation,mixed,0.07692307692307693,3,1,"{""UMLS:C0358514"": 3}",-0.0,-0.0,0.0
mm_0116620,BERT-base,synonym_substitution,modifier,0.16551724137931034,2,1,"{""UMLS:C0358514"": 2}",-0.0,-0.0,0.0
mm_0116620,BERT-base,synonym_substitution,noun,0.16666666666666666,2,1,"{""UMLS:C0358514"": 2}",-0.0,-0.0,0.0
mm_0116620,BioBERT,back_translation,mixed,0.07692307692307693,3,1,"{""UMLS:C1707887"": 3}",-0.0,-0.0,0.0
mm_0116620,BioBERT,synonym_substitution,modifier,0.16551724137931034,2,1,"{""UMLS:C1707887"": 2}",-0.0,-0.0,0.0
mm_0116620,BioBERT,synonym_substitution,noun,0.16666666666666666,2,1,"{""UMLS:C1707887"": 2}",-0.0,-0.0,0.0
mm_0116620,PubMedBERT,back_translation,mixed,0.07692307692307693,3,1,"{""C1839576"": 3}",-0.0,-0.0,0.0
mm_0116620,PubMedBERT,synonym_substitution,modifier,0.16551724137931034,2,1,"{""C1839576"": 2}",-0.0,-0.0,0.0
mm_0116620,PubMedBERT,synonym_substitution,noun,0.16666666666666666,2,1,"{""C1839576"": 2}",-0.0,-0.0,0.0
mm_0117264,BERT-base,back_translation,mixed,0.13989637305699482,3,2,"{""UMLS:C1257990"": 1, ""UMLS:C0752046"": 2}",0.9182958340544896,0.579380164285695,0.6666666666666666
mm_0117264,BERT-base,controlled_paraphrase,mixed,0.18446601941747573,3,1,"{""UMLS:C1257990"": 3}",-0.0,-0.0,0.0
mm_0117264,BERT-base,synonym_substitution,noun,0.07655502392344497,3,2,"{""UMLS:C1257990"": 2, ""UMLS:C0752046"": 1}",0.9182958340544896,0.579380164285695,0.3333333333333333
mm_0117264,BioBERT,back_translation,mixed,0.13989637305699482,3,1,"{""UMLS:C0752046"": 3}",-0.0,-0.0,1.0
mm_0117264,BioBERT,controlled_paraphrase,mixed,0.18446601941747573,3,1,"{""UMLS:C0752046"": 3}",-0.0,-0.0,1.0
mm_0117264,BioBERT,synonym_substitution,noun,0.07655502392344497,3,1,"{""UMLS:C0752046"": 3}",-0.0,-0.0,1.0
mm_0117264,PubMedBERT,back_translation,mixed,0.13989637305699482,3,1,"{""UMLS:C0752046"": 3}",-0.0,-0.0,1.0
mm_0117264,PubMedBERT,controlled_paraphrase,mixed,0.18446601941747573,3,1,"{""UMLS:C0752046"": 3}",-0.0,-0.0,1.0
mm_0117264,PubMedBERT,synonym_substitution,noun,0.07655502392344497,3,1,"{""UMLS:C0752046"": 3}",-0.0,-0.0,1.0
mm_0117559,BERT-base,back_translation,mixed,0.21014492753623187,3,2,"{""C1868801"": 1, ""C1700928"": 2}",0.9182958340544896,0.579380164285695,0.0
mm_0117559,BERT-base,controlled_paraphrase,mixed,0.4384057971014493,3,2,"{""C1868801"": 2, ""C1700928"": 1}",0.9182958340544896,0.579380164285695,0.0
mm_0117559,BERT-base,synonym_substitution,noun,0.07142857142857142,2,1,"{""C1868801"": 2}",-0.0,-0.0,0.0
mm_0117559,BERT-base,synonym_substitution,verb,0.05755395683453238,2,1,"{""C1868801"": 2}",-0.0,-0.0,0.0
mm_0117559,BERT-base,syntactic_reordering,mixed,0.5797101449275363,2,2,"{""C1868801"": 1, ""UMLS:C0242193"": 1}",1.0,1.0,0.0
mm_0117559,BioBERT,back_translation,mixed,0.21014492753623187,3,2,"{""C0920253"": 1, ""C0030201"": 2}",0.9182958340544896,0.579380164285695,0.0
mm_0117559,BioBERT,controlled_paraphrase,mixed,0.4384057971014493,3,2,"{""C0920253"": 1, ""C1700928"": 2}",0.9182958340544896,0.579380164285695,0.0
mm_0117559,BioBERT,synonym_substitution,noun,0.07142857142857142,2,1,"{""C0920253"": 2}",-0.0,-0.0,0.0
mm_0117559,BioBERT,synonym_substitution,verb,0.05755395683453238,2,2,"{""C0920253"": 1, ""C0030201"": 1}",1.0,1.0,0.0
mm_0117559,BioBERT,syntactic_reordering,mixed,0.5797101449275363,2,2,"{""C0920253"": 1, ""UMLS:C1707887"": 1}",1.0,1.0,0.0
mm_0117559,PubMedBERT,back_translation,mixed,0.21014492753623187,3,1,"{""C1839576"": 3}",-0.0,-0.0,0.0
mm_0117559,PubMedBERT,controlled_paraphrase,mixed,0.4384057971014493,3,1,"{""C1839576"": 3}",-0.0,-0.0,0.0
mm_0117559,PubMedBERT,synonym_substitution,noun,0.07142857142857142,2,1,"{""C1839576"": 2}",-0.0,-0.0,0.0
mm_0117559,PubMedBERT,synonym_substitution,verb,0.05755395683453238,2,1,"{""C1839576"": 2}",-0.0,-0.0,0.0
mm_0117559,PubMedBERT,syntactic_reordering,mixed,0.5797101449275363,2,2,"{""C1839576"": 1, ""UMLS:C0241311"": 1}",1.0,1.0,0.5
mm_0119071,BERT-base,back_translation,mixed,0.21311475409836064,3,2,"{""C1447749"": 1, ""UMLS:C1257990"": 2}",0.9182958340544896,0.579380164285695,0.0
mm_0119071,BERT-base,controlled_paraphrase,mixed,0.21871473810650457,3,1,"{""C1447749"": 3}",-0.0,-0.0,0.0
mm_0119071,BioBERT,back_translation,mixed,0.21311475409836064,3,2,"{""C5392105"": 1, ""C0027609"": 2}",0.9182958340544896,0.579380164285695,0.0
mm_0119071,BioBERT,controlled_paraphrase,mixed,0.21871473810650457,3,3,"{""C5392105"": 1, ""C0265267"": 1, ""C0027609"": 1}",1.584962500721156,1.0,0.0
mm_0119071,PubMedBERT,back_translation,mixed,0.21311475409836064,3,1,"{""C1839576"": 3}",-0.0,-0.0,0.0
mm_0119071,PubMedBERT,controlled_paraphrase,mixed,0.21871473810650457,3,1,"{""C1839576"": 3}",-0.0,-0.0,0.0
mm_0119329,BERT-base,controlled_paraphrase,mixed,0.5346320346320346,3,1,"{""UMLS:C2919551"": 3}",-0.0,-0.0,1.0
mm_0119329,BERT-base,synonym_substitution,noun,0.12790697674418605,2,1,"{""UMLS:C2919551"": 2}",-0.0,-0.0,1.0
mm_0119329,BERT-base,synonym_substitution,verb,0.1411764705882353,2,1,"{""UMLS:C2919551"": 2}",-0.0,-0.0,1.0
mm_0119329,BioBERT,controlled_paraphrase,mixed,0.5346320346320346,3,1,"{""UMLS:C2919551"": 3}",-0.0,-0.0,1.0
mm_0119329,BioBERT,synonym_substitution,noun,0.12790697674418605,2,1,"{""UMLS:C2919551"": 2}",-0.0,-0.0,1.0
mm_0119329,BioBERT,synonym_substitution,verb,0.1411764705882353,2,1,"{""UMLS:C2919551"": 2}",-0.0,-0.0,1.0
mm_0119329,PubMedBERT,controlled_paraphrase,mixed,0.5346320346320346,3,1,"{""UMLS:C2919551"": 3}",-0.0,-0.0,1.0
mm_0119329,PubMedBERT,synonym_substitution,noun,0.12790697674418605,2,1,"{""UMLS:C2919551"": 2}",-0.0,-0.0,1.0
mm_0119329,PubMedBERT,synonym_substitution,verb,0.1411764705882353,2,1,"{""UMLS:C2919551"": 2}",-0.0,-0.0,1.0
mm_0119410,BERT-base,back_translation,mixed,0.2048780487804878,3,1,"{""C1447749"": 3}",-0.0,-0.0,0.0
mm_0119410,BERT-base,synonym_substitution,modifier,0.06467661691542288,2,1,"{""C1447749"": 2}",-0.0,-0.0,0.0
mm_0119410,BERT-base,synonym_substitution,noun,0.06341463414634146,2,1,"{""C1447749"": 2}",-0.0,-0.0,0.0
mm_0119410,BioBERT,back_translation,mixed,0.2048780487804878,3,1,"{""C1868801"": 3}",-0.0,-0.0,0.0
mm_0119410,BioBERT,synonym_substitution,modifier,0.06467661691542288,2,1,"{""C1868801"": 2}",-0.0,-0.0,0.0
mm_0119410,BioBERT,synonym_substitution,noun,0.06341463414634146,2,2,"{""C1868801"": 1, ""C1447749"": 1}",1.0,1.0,0.0
mm_0119410,PubMedBERT,back_translation,mixed,0.2048780487804878,3,1,"{""C1447749"": 3}",-0.0,-0.0,0.0
mm_0119410,PubMedBERT,synonym_substitution,modifier,0.06467661691542288,2,1,"{""C1447749"": 2}",-0.0,-0.0,0.0
mm_0119410,PubMedBERT,synonym_substitution,noun,0.06341463414634146,2,1,"{""C1447749"": 2}",-0.0,-0.0,0.0
mm_0119805,BERT-base,controlled_paraphrase,mixed,0.5703517587939699,3,1,"{""C0282597"": 3}",-0.0,-0.0,0.0
mm_0119805,BERT-base,synonym_substitution,noun,0.06310679611650485,3,1,"{""C0282597"": 3}",-0.0,-0.0,0.0
mm_0119805,BioBERT,controlled_paraphrase,mixed,0.5703517587939699,3,2,"{""UMLS:C1707887"": 2, ""C1447749"": 1}",0.9182958340544896,0.579380164285695,0.0
mm_0119805,BioBERT,synonym_substitution,noun,0.06310679611650485,3,1,"{""UMLS:C1707887"": 3}",-0.0,-0.0,0.0
mm_0119805,PubMedBERT,controlled_paraphrase,mixed,0.5703517587939699,3,1,"{""C1447749"": 3}",-0.0,-0.0,0.0
mm_0119805,PubMedBERT,synonym_substitution,noun,0.06310679611650485,3,1,"{""C1447749"": 3}",-0.0,-0.0,0.0
mm_0120160,BERT-base,back_translation,mixed,0.15172413793103448,3,1,"{""C0282597"": 3}",-0.0,-0.0,0.0
mm_0120160,BERT-base,synonym_substitution,noun,0.08917197452229299,2,1,"{""C0282597"": 2}",-0.0,-0.0,0.0
mm_0120160,BERT-base,synonym_substitution,verb,0.07792207792207792,2,1,"{""C0282597"": 2}",-0.0,-0.0,0.0
mm_0120160,BERT-base,syntactic_reordering,modifier,0.12413793103448276,2,1,"{""C0282597"": 2}",-0.0,-0.0,0.0
mm_0120160,BioBERT,back_translation,mixed,0.15172413793103448,3,1,"{""UMLS:C1257990"": 3}",-0.0,-0.0,0.0
mm_0120160,BioBERT,synonym_substitution,noun,0.08917197452229299,2,1,"{""UMLS:C1257990"": 2}",-0.0,-0.0,0.0
mm_0120160,BioBERT,synonym_substitution,verb,0.07792207792207792,2,1,"{""UMLS:C1257990"": 2}",-0.0,-0.0,0.0
mm_0120160,BioBERT,syntactic_reordering,modifier,0.12413793103448276,2,2,"{""UMLS:C1257990"": 1, ""C0059563"": 1}",1.0,1.0,0.0
mm_0120160,PubMedBERT,back_translation,mixed,0.15172413793103448,3,1,"{""C0015131"": 3}",-0.0,-0.0,0.0
mm_0120160,PubMedBERT,synonym_substitution,noun,0.08917197452229299,2,1,"{""C0015131"": 2}",-0.0,-0.0,0.0
mm_0120160,PubMedBERT,synonym_substitution,verb,0.07792207792207792,2,1,"{""C0015131"": 2}",-0.0,-0.0,0.0
mm_0120160,PubMedBERT,syntactic_reordering,modifier,0.12413793103448276,2,1,"{""C0015131"": 2}",-0.0,-0.0,0.0
mm_0120224,BERT-base,back_translation,mixed,0.1615720524017467,3,1,"{""C1312419"": 3}",-0.0,-0.0,0.0
mm_0120224,BERT-base,controlled_paraphrase,mixed,0.3222748815165877,3,1,"{""C1312419"": 3}",-0.0,-0.0,0.0
mm_0120224,BioBERT,back_translation,mixed,0.1615720524017467,3,1,"{""C0317597"": 3}",-0.0,-0.0,0.0
mm_0120224,BioBERT,controlled_paraphrase,mixed,0.3222748815165877,3,1,"{""C0317597"": 3}",-0.0,-0.0,0.0
mm_0120224,PubMedBERT,back_translation,mixed,0.1615720524017467,3,1,"{""C1447749"": 3}",-0.0,-0.0,0.0
mm_0120224,PubMedBERT,controlled_paraphrase,mixed,0.3222748815165877,3,2,"{""C1447749"": 1, ""C1839576"": 2}",0.9182958340544896,0.579380164285695,0.0
mm_0120578,BERT-base,back_translation,mixed,0.19011406844106463,3,1,"{""UMLS:C0242193"": 3}",-0.0,-0.0,0.0
mm_0120578,BERT-base,controlled_paraphrase,mixed,0.30038022813688214,3,2,"{""UMLS:C0242193"": 1, ""C1447749"": 2}",0.9182958340544896,0.579380164285695,0.0
mm_0120578,BERT-base,synonym_substitution,noun,0.057034220532319393,2,1,"{""UMLS:C0242193"": 2}",-0.0,-0.0,0.0
mm_0120578,BioBERT,back_translation,mixed,0.19011406844106463,3,1,"{""UMLS:C1257990"": 3}",-0.0,-0.0,0.0
mm_0120578,BioBERT,controlled_paraphrase,mixed,0.30038022813688214,3,1,"{""UMLS:C1257990"": 3}",-0.0,-0.0,0.0
mm_0120578,BioBERT,synonym_substitution,noun,0.057034220532319393,2,1,"{""UMLS:C1257990"": 2}",-0.0,-0.0,0.0
mm_0120578,PubMedBERT,back_translation,mixed,0.19011406844106463,3,1,"{""C1447749"": 3}",-0.0,-0.0,0.0
mm_0120578,PubMedBERT,controlled_paraphrase,mixed,0.30038022813688214,3,1,"{""C1447749"": 3}",-0.0,-0.0,0.0
mm_0120578,PubMedBERT,synonym_substitution,noun,0.057034220532319393,2,1,"{""C1447749"": 2}",-0.0,-0.0,0.0
mm_0121914,BERT-base,back_translation,mixed,0.17894736842105263,3,1,"{""UMLS:C1257990"": 3}",-0.0,-0.0,0.0
mm_0121914,BERT-base,controlled_paraphrase,mixed,0.21578947368421053,3,1,"{""UMLS:C1257990"": 3}",-0.0,-0.0,0.0
mm_0121914,BERT-base,synonym_substitution,noun,0.09473684210526316,2,1,"{""UMLS:C1257990"": 2}",-0.0,-0.0,0.0
mm_0121914,BERT-base,synonym_substitution,verb,0.09473684210526316,2,1,"{""UMLS:C1257990"": 2}",-0.0,-0.0,0.0
mm_0121914,BioBERT,back_translation,mixed,0.17894736842105263,3,1,"{""UMLS:C1257990"": 3}",-0.0,-0.0,0.0
mm_0121914,BioBERT,controlled_paraphrase,mixed,0.21578947368421053,3,1,"{""UMLS:C1257990"": 3}",-0.0,-0.0,0.0
mm_0121914,BioBERT,synonym_substitution,noun,0.09473684210526316,2,1,"{""UMLS:C1257990"": 2}",-0.0,-0.0,0.0
mm_0121914,BioBERT,synonym_substitution,verb,0.09473684210526316,2,1,"{""UMLS:C1257990"": 2}",-0.0,-0.0,0.0
mm_0121914,PubMedBERT,back_translation,mixed,0.17894736842105263,3,1,"{""UMLS:C1707887"": 3}",-0.0,-0.0,0.0
mm_0121914,PubMedBERT,controlled_paraphrase,mixed,0.21578947368421053,3,2,"{""UMLS:C1707887"": 2, ""C1839576"": 1}",0.9182958340544896,0.579380164285695,0.0
mm_0121914,PubMedBERT,synonym_substitution,noun,0.09473684210526316,2,1,"{""UMLS:C1707887"": 2}",-0.0,-0.0,0.0
mm_0121914,PubMedBERT,synonym_substitution,verb,0.09473684210526316,2,1,"{""UMLS:C1707887"": 2}",-0.0,-0.0,0.0
mm_0123151,BERT-base,back_translation,mixed,0.1566265060240964,3,1,"{""UMLS:C0242193"": 3}",-0.0,-0.0,0.0
mm_0123151,BERT-base,controlled_paraphrase,mixed,0.2558139534883721,3,2,"{""UMLS:C0242193"": 1, ""UMLS:C1257990"": 2}",0.9182958340544896,0.579380164285695,0.0
mm_0123151,BERT-base,synonym_substitution,noun,0.06666666666666667,2,2,"{""UMLS:C0242193"": 1, ""UMLS:C1257990"": 1}",1.0,1.0,0.0
mm_0123151,BioBERT,back_translation,mixed,0.1566265060240964,3,1,"{""C1839576"": 3}",-0.0,-0.0,0.0
mm_0123151,BioBERT,controlled_paraphrase,mixed,0.2558139534883721,3,1,"{""C1839576"": 3}",-0.0,-0.0,0.0
mm_0123151,BioBERT,synonym_substitution,noun,0.06666666666666667,2,2,"{""C1839576"": 1, ""UMLS:C1707887"": 1}",1.0,1.0,0.0
mm_0123151,PubMedBERT,back_translation,mixed,0.1566265060240964,3,1,"{""C1839576"": 3}",-0.0,-0.0,0.0
mm_0123151,PubMedBERT,controlled_paraphrase,mixed,0.2558139534883721,3,1,"{""C1839576"": 3}",-0.0,-0.0,0.0
mm_0123151,PubMedBERT,synonym_substitution,noun,0.06666666666666667,2,1,"{""C1839576"": 2}",-0.0,-0.0,0.0
mm_0123559,BERT-base,controlled_paraphrase,mixed,0.5301507537688442,3,1,"{""C3714500"": 3}",-0.0,-0.0,0.0
mm_0123559,BioBERT,controlled_paraphrase,mixed,0.5301507537688442,3,2,"{""C1868801"": 2, ""C1447749"": 1}",0.9182958340544896,0.579380164285695,0.0
mm_0123559,PubMedBERT,controlled_paraphrase,mixed,0.5301507537688442,3,1,"{""C1839576"": 3}",-0.0,-0.0,0.0
mm_0123712,BERT-base,back_translation,mixed,0.24896265560165975,3,1,"{""UMLS:C1257990"": 3}",-0.0,-0.0,0.0
mm_0123712,BERT-base,controlled_paraphrase,mixed,0.25143638850889194,3,2,"{""UMLS:C1257990"": 1, ""C1312419"": 2}",0.9182958340544896,0.579380164285695,0.0
mm_0123712,BERT-base,synonym_substitution,verb,0.05485232067510549,2,1,"{""UMLS:C1257990"": 2}",-0.0,-0.0,0.0
mm_0123712,BioBERT,back_translation,mixed,0.24896265560165975,3,2,"{""UMLS:C1257990"": 1, ""C1312419"": 2}",0.9182958340544896,0.579380164285695,0.0
mm_0123712,BioBERT,controlled_paraphrase,mixed,0.25143638850889194,3,1,"{""UMLS:C1257990"": 3}",-0.0,-0.0,0.0
mm_0123712,BioBERT,synonym_substitution,verb,0.05485232067510549,2,1,"{""UMLS:C1257990"": 2}",-0.0,-0.0,0.0
mm_0123712,PubMedBERT,back_translation,mixed,0.24896265560165975,3,1,"{""C1447749"": 3}",-0.0,-0.0,0.0
mm_0123712,PubMedBERT,controlled_paraphrase,mixed,0.25143638850889194,3,1,"{""C1447749"": 3}",-0.0,-0.0,0.0
mm_0123712,PubMedBERT,synonym_substitution,verb,0.05485232067510549,2,1,"{""C1447749"": 2}",-0.0,-0.0,0.0
mm_0123740,BERT-base,back_translation,mixed,0.16346153846153846,3,1,"{""C1312419"": 3}",-0.0,-0.0,0.0
mm_0123740,BERT-base,controlled_paraphrase,mixed,0.4217406831109864,3,1,"{""C1312419"": 3}",-0.0,-0.0,0.0
mm_0123740,BERT-base,synonym_substitution,modifier,0.050761421319796954,2,1,"{""C1312419"": 2}",-0.0,-0.0,0.0
mm_0123740,BERT-base,synonym_substitution,verb,0.06091370558375635,2,1,"{""C1312419"": 2}",-0.0,-0.0,0.0
mm_0123740,BioBERT,back_translation,mixed,0.16346153846153846,3,1,"{""C1312419"": 3}",-0.0,-0.0,0.0
mm_0123740,BioBERT,controlled_paraphrase,mixed,0.4217406831109864,3,1,"{""C1312419"": 3}",-0.0,-0.0,0.0
mm_0123740,BioBERT,synonym_substitution,modifier,0.050761421319796954,2,1,"{""C1312419"": 2}",-0.0,-0.0,0.0
mm_0123740,BioBERT,synonym_substitution,verb,0.06091370558375635,2,1,"{""C1312419"": 2}",-0.0,-0.0,0.0
mm_0123740,PubMedBERT,back_translation,mixed,0.16346153846153846,3,1,"{""C1447749"": 3}",-0.0,-0.0,0.0
mm_0123740,PubMedBERT,controlled_paraphrase,mixed,0.4217406831109864,3,1,"{""C1447749"": 3}",-0.0,-0.0,0.0
mm_0123740,PubMedBERT,synonym_substitution,modifier,0.050761421319796954,2,1,"{""C1447749"": 2}",-0.0,-0.0,0.0
mm_0123740,PubMedBERT,synonym_substitution,verb,0.06091370558375635,2,1,"{""C1447749"": 2}",-0.0,-0.0,0.0
mm_0123877,BERT-base,controlled_paraphrase,mixed,0.4791666666666667,2,1,"{""C1447749"": 2}",-0.0,-0.0,0.0
mm_0123877,BERT-base,synonym_substitution,noun,0.10738255033557047,2,1,"{""C1447749"": 2}",-0.0,-0.0,0.0
mm_0123877,BERT-base,synonym_substitution,verb,0.11409395973154363,2,1,"{""C1447749"": 2}",-0.0,-0.0,0.0
mm_0123877,BERT-base,syntactic_reordering,modifier,0.1267605633802817,3,1,"{""C1447749"": 3}",-0.0,-0.0,0.0
mm_0123877,BioBERT,controlled_paraphrase,mixed,0.4791666666666667,2,1,"{""C0018081"": 2}",-0.0,-0.0,0.0
mm_0123877,BioBERT,synonym_substitution,noun,0.10738255033557047,2,1,"{""C0018081"": 2}",-0.0,-0.0,0.0
mm_0123877,BioBERT,synonym_substitution,verb,0.11409395973154363,2,1,"{""C0018081"": 2}",-0.0,-0.0,0.0
mm_0123877,BioBERT,syntactic_reordering,modifier,0.1267605633802817,3,1,"{""C0018081"": 3}",-0.0,-0.0,0.0
mm_0123877,PubMedBERT,controlled_paraphrase,mixed,0.4791666666666667,2,1,"{""C1839576"": 2}",-0.0,-0.0,0.0
mm_0123877,PubMedBERT,synonym_substitution,noun,0.10738255033557047,2,1,"{""C1839576"": 2}",-0.0,-0.0,0.0
mm_0123877,PubMedBERT,synonym_substitution,verb,0.11409395973154363,2,1,"{""C1839576"": 2}",-0.0,-0.0,0.0
mm_0123877,PubMedBERT,syntactic_reordering,modifier,0.1267605633802817,3,1,"{""C1839576"": 3}",-0.0,-0.0,0.0
mm_0123899,BERT-base,synonym_substitution,modifier,0.060714285714285714,2,1,"{""C1447749"": 2}",-0.0,-0.0,0.0
mm_0123899,BERT-base,synonym_substitution,noun,0.06028368794326241,2,1,"{""C1447749"": 2}",-0.0,-0.0,0.0
mm_0123899,BioBERT,synonym_substitution,modifier,0.060714285714285714,2,1,"{""C1868801"": 2}",-0.0,-0.0,0.0
mm_0123899,BioBERT,synonym_substitution,noun,0.06028368794326241,2,1,"{""C1868801"": 2}",-0.0,-0.0,0.0
mm_0123899,PubMedBERT,synonym_substitution,modifier,0.060714285714285714,2,1,"{""C1839576"": 2}",-0.0,-0.0,0.0
mm_0123899,PubMedBERT,synonym_substitution,noun,0.06028368794326241,2,1,"{""C1839576"": 2}",-0.0,-0.0,0.0
mm_0124157,BERT-base,back_translation,mixed,0.16806722689075632,3,1,"{""UMLS:C1257990"": 3}",-0.0,-0.0,0.0
mm_0124157,BERT-base,controlled_paraphrase,mixed,0.27278315660058394,3,1,"{""UMLS:C1257990"": 3}",-0.0,-0.0,0.0
mm_0124157,BERT-base,synonym_substitution,modifier,0.07114624505928854,2,1,"{""UMLS:C1257990"": 2}",-0.0,-0.0,0.0
mm_0124157,BERT-base,synonym_substitution,verb,0.075,2,1,"{""UMLS:C1257990"": 2}",-0.0,-0.0,0.0
mm_0124157,BioBERT,back_translation,mixed,0.16806722689075632,3,2,"{""C1447749"": 1, ""C1257738"": 2}",0.9182958340544896,0.579380164285695,0.0
mm_0124157,BioBERT,controlled_paraphrase,mixed,0.27278315660058394,3,1,"{""C1447749"": 3}",-0.0,-0.0,0.0
mm_0124157,BioBERT,synonym_substitution,modifier,0.07114624505928854,2,1,"{""C1447749"": 2}",-0.0,-0.0,0.0
mm_0124157,BioBERT,synonym_substitution,verb,0.075,2,1,"{""C1447749"": 2}",-0.0,-0.0,0.0
mm_0124157,PubMedBERT,back_translation,mixed,0.16806722689075632,3,1,"{""C1839576"": 3}",-0.0,-0.0,0.0
mm_0124157,PubMedBERT,controlled_paraphrase,mixed,0.27278315660058394,3,1,"{""C1839576"": 3}",-0.0,-0.0,0.0
mm_0124157,PubMedBERT,synonym_substitution,modifier,0.07114624505928854,2,1,"{""C1839576"": 2}",-0.0,-0.0,0.0
mm_0124157,PubMedBERT,synonym_substitution,verb,0.075,2,1,"{""C1839576"": 2}",-0.0,-0.0,0.0
mm_0124433,BERT-base,back_translation,mixed,0.13545816733067728,3,1,"{""UMLS:C1257990"": 3}",-0.0,-0.0,0.0
mm_0124433,BERT-base,synonym_substitution,modifier,0.07171314741035857,2,1,"{""UMLS:C1257990"": 2}",-0.0,-0.0,0.0
mm_0124433,BERT-base,synonym_substitution,verb,0.05976095617529881,2,1,"{""UMLS:C1257990"": 2}",-0.0,-0.0,0.0
mm_0124433,BioBERT,back_translation,mixed,0.13545816733067728,3,1,"{""UMLS:C1257990"": 3}",-0.0,-0.0,0.0
mm_0124433,BioBERT,synonym_substitution,modifier,0.07171314741035857,2,1,"{""UMLS:C1257990"": 2}",-0.0,-0.0,0.0
mm_0124433,BioBERT,synonym_substitution,verb,0.05976095617529881,2,1,"{""UMLS:C1257990"": 2}",-0.0,-0.0,0.0
mm_0124433,PubMedBERT,back_translation,mixed,0.13545816733067728,3,1,"{""C1839576"": 3}",-0.0,-0.0,0.0
mm_0124433,PubMedBERT,synonym_substitution,modifier,0.07171314741035857,2,1,"{""C1839576"": 2}",-0.0,-0.0,0.0
mm_0124433,PubMedBERT,synonym_substitution,verb,0.05976095617529881,2,1,"{""C1839576"": 2}",-0.0,-0.0,0.0
mm_0124748,BERT-base,back_translation,mixed,0.19607843137254902,3,1,"{""UMLS:C1257990"": 3}",-0.0,-0.0,0.0
mm_0124748,BERT-base,controlled_paraphrase,mixed,0.3137254901960784,3,2,"{""UMLS:C1257990"": 1, ""UMLS:C0444254"": 2}",0.9182958340544896,0.579380164285695,0.0
mm_0124748,BERT-base,synonym_substitution,modifier,0.1574074074074074,2,2,"{""UMLS:C1257990"": 1, ""C1839576"": 1}",1.0,1.0,0.0
mm_0124748,BERT-base,synonym_substitution,verb,0.125,2,1,"{""UMLS:C1257990"": 2}",-0.0,-0.0,0.0
mm_0124748,BioBERT,back_translation,mixed,0.19607843137254902,3,1,"{""UMLS:C2919551"": 3}",-0.0,-0.0,0.0
mm_0124748,BioBERT,controlled_paraphrase,mixed,0.3137254901960784,3,1,"{""UMLS:C2919551"": 3}",-0.0,-0.0,0.0
mm_0124748,BioBERT,synonym_substitution,modifier,0.1574074074074074,2,1,"{""UMLS:C2919551"": 2}",-0.0,-0.0,0.0
mm_0124748,BioBERT,synonym_substitution,verb,0.125,2,1,"{""UMLS:C2919551"": 2}",-0.0,-0.0,0.0
mm_0124748,PubMedBERT,back_translation,mixed,0.19607843137254902,3,1,"{""C1839576"": 3}",-0.0,-0.0,0.0
mm_0124748,PubMedBERT,controlled_paraphrase,mixed,0.3137254901960784,3,1,"{""C1839576"": 3}",-0.0,-0.0,0.0
mm_0124748,PubMedBERT,synonym_substitution,modifier,0.1574074074074074,2,1,"{""C1839576"": 2}",-0.0,-0.0,0.0
mm_0124748,PubMedBERT,synonym_substitution,verb,0.125,2,1,"{""C1839576"": 2}",-0.0,-0.0,0.0
mm_0124772,BERT-base,synonym_substitution,noun,0.06097560975609756,3,2,"{""UMLS:C0242193"": 1, ""UMLS:C0358514"": 2}",0.9182958340544896,0.579380164285695,0.0
mm_0124772,BioBERT,synonym_substitution,noun,0.06097560975609756,3,1,"{""UMLS:C1257990"": 3}",-0.0,-0.0,0.0
mm_0124772,PubMedBERT,synonym_substitution,noun,0.06097560975609756,3,2,"{""C1839576"": 1, ""UMLS:C0681906"": 2}",0.9182958340544896,0.579380164285695,0.0
mm_0124804,BERT-base,controlled_paraphrase,mixed,0.2947247706422018,3,1,"{""C0203378"": 3}",-0.0,-0.0,0.0
mm_0124804,BERT-base,synonym_substitution,modifier,0.07058823529411765,2,2,"{""C0203378"": 1, ""UMLS:C1707887"": 1}",1.0,1.0,0.0
mm_0124804,BERT-base,synonym_substitution,noun,0.07058823529411765,2,2,"{""C0203378"": 1, ""C0242913"": 1}",1.0,1.0,0.0
mm_0124804,BERT-base,syntactic_reordering,modifier,0.14634146341463414,3,2,"{""C0203378"": 1, ""C0242913"": 2}",0.9182958340544896,0.579380164285695,0.0
mm_0124804,BioBERT,controlled_paraphrase,mixed,0.2947247706422018,3,2,"{""C0038441"": 1, ""UMLS:C1257990"": 2}",0.9182958340544896,0.579380164285695,0.0
mm_0124804,BioBERT,synonym_substitution,modifier,0.07058823529411765,2,1,"{""C0038441"": 2}",-0.0,-0.0,0.0
mm_0124804,BioBERT,synonym_substitution,noun,0.07058823529411765,2,1,"{""C0038441"": 2}",-0.0,-0.0,0.0
mm_0124804,BioBERT,syntactic_reordering,modifier,0.14634146341463414,3,2,"{""C0038441"": 1, ""UMLS:C1707887"": 2}",0.9182958340544896,0.579380164285695,0.0
mm_0124804,PubMedBERT,controlled_paraphrase,mixed,0.2947247706422018,3,1,"{""UMLS:C0681906"": 3}",-0.0,-0.0,0.0
mm_0124804,PubMedBERT,synonym_substitution,modifier,0.07058823529411765,2,1,"{""UMLS:C0681906"": 2}",-0.0,-0.0,0.0
mm_0124804,PubMedBERT,synonym_substitution,noun,0.07058823529411765,2,1,"{""UMLS:C0681906"": 2}",-0.0,-0.0,0.0
mm_0124804,PubMedBERT,syntactic_reordering,modifier,0.14634146341463414,3,1,"{""UMLS:C0681906"": 3}",-0.0,-0.0,0.0
mm_0124847,BERT-base,controlled_paraphrase,mixed,0.3108164983164983,3,1,"{""C0027609"": 3}",-0.0,-0.0,0.0
mm_0124847,BERT-base,synonym_substitution,modifier,0.0851063829787234,2,1,"{""C0027609"": 2}",-0.0,-0.0,0.0
mm_0124847,BERT-base,synonym_substitution,noun,0.07575757575757576,2,1,"{""C0027609"": 2}",-0.0,-0.0,0.0
mm_0124847,BioBERT,controlled_paraphrase,mixed,0.3108164983164983,3,2,"{""C1447749"": 2, ""C0027609"": 1}",0.9182958340544896,0.579380164285695,0.0
mm_0124847,BioBERT,synonym_substitution,modifier,0.0851063829787234,2,1,"{""C1447749"": 2}",-0.0,-0.0,0.0
mm_0124847,BioBERT,synonym_substitution,noun,0.07575757575757576,2,1,"{""C1447749"": 2}",-0.0,-0.0,0.0
mm_0124847,PubMedBERT,controlled_paraphrase,mixed,0.3108164983164983,3,2,"{""C1447749"": 2, ""C1839576"": 1}",0.9182958340544896,0.579380164285695,0.0
mm_0124847,PubMedBERT,synonym_substitution,modifier,0.0851063829787234,2,1,"{""C1447749"": 2}",-0.0,-0.0,0.0
mm_0124847,PubMedBERT,synonym_substitution,noun,0.07575757575757576,2,1,"{""C1447749"": 2}",-0.0,-0.0,0.0
mm_0124918,BERT-base,back_translation,mixed,0.16025641025641027,3,2,"{""C1447749"": 1, ""UMLS:C1257990"": 2}",0.9182958340544896,0.579380164285695,0.0
mm_0124918,BERT-base,controlled_paraphrase,mixed,0.4678362573099415,3,1,"{""C1447749"": 3}",-0.0,-0.0,0.0
mm_0124918,BERT-base,synonym_substitution,verb,0.05769230769230769,3,1,"{""C1447749"": 3}",-0.0,-0.0,0.0
mm_0124918,BioBERT,back_translation,mixed,0.16025641025641027,3,1,"{""UMLS:C1257990"": 3}",-0.0,-0.0,0.0
mm_0124918,BioBERT,controlled_paraphrase,mixed,0.4678362573099415,3,1,"{""UMLS:C1257990"": 3}",-0.0,-0.0,0.0
mm_0124918,BioBERT,synonym_substitution,verb,0.05769230769230769,3,1,"{""UMLS:C1257990"": 3}",-0.0,-0.0,0.0
mm_0124918,PubMedBERT,back_translation,mixed,0.16025641025641027,3,1,"{""C1839576"": 3}",-0.0,-0.0,0.0
mm_0124918,PubMedBERT,controlled_paraphrase,mixed,0.4678362573099415,3,1,"{""C1839576"": 3}",-0.0,-0.0,0.0
mm_0124918,PubMedBERT,synonym_substitution,verb,0.05769230769230769,3,1,"{""C1839576"": 3}",-0.0,-0.0,0.0
mm_0125021,BERT-base,back_translation,verb,0.0856269113149847,3,1,"{""C1447749"": 3}",-0.0,-0.0,0.0
mm_0125021,BERT-base,controlled_paraphrase,function_word,0.07250755287009064,2,1,"{""C1447749"": 2}",-0.0,-0.0,0.0
mm_0125021,BERT-base,controlled_paraphrase,mixed,0.3698224852071006,2,1,"{""C1447749"": 2}",-0.0,-0.0,0.0
mm_0125021,BERT-base,synonym_substitution,modifier,0.13186813186813187,2,1,"{""C1447749"": 2}",-0.0,-0.0,0.0
mm_0125021,BERT-base,synonym_substitution,noun,0.1226158038147139,2,1,"{""C1447749"": 2}",-0.0,-0.0,0.0
mm_0125021,BioBERT,back_translation,verb,0.0856269113149847,3,2,"{""C1370369"": 1, ""C1447749"": 2}",0.9182958340544896,0.579380164285695,0.0
mm_0125021,BioBERT,controlled_paraphrase,function_word,0.07250755287009064,2,1,"{""C1370369"": 2}",-0.0,-0.0,0.0
mm_0125021,BioBERT,controlled_paraphrase,mixed,0.3698224852071006,2,1,"{""C1370369"": 2}",-0.0,-0.0,0.0
mm_0125021,BioBERT,synonym_substitution,modifier,0.13186813186813187,2,1,"{""C1370369"": 2}",-0.0,-0.0,0.0
mm_0125021,BioBERT,synonym_substitution,noun,0.1226158038147139,2,1,"{""C1370369"": 2}",-0.0,-0.0,0.0
mm_0125021,PubMedBERT,back_translation,verb,0.0856269113149847,3,1,"{""C1999375"": 3}",-0.0,-0.0,0.0
mm_0125021,PubMedBERT,controlled_paraphrase,function_word,0.07250755287009064,2,1,"{""C1999375"": 2}",-0.0,-0.0,0.0
mm_0125021,PubMedBERT,controlled_paraphrase,mixed,0.3698224852071006,2,1,"{""C1999375"": 2}",-0.0,-0.0,0.0
mm_0125021,PubMedBERT,synonym_substitution,modifier,0.13186813186813187,2,1,"{""C1999375"": 2}",-0.0,-0.0,0.0
mm_0125021,PubMedBERT,synonym_substitution,noun,0.1226158038147139,2,1,"{""C1999375"": 2}",-0.0,-0.0,0.0
mm_0125530,BERT-base,back_translation,mixed,0.1518987341772152,3,1,"{""UMLS:C1257990"": 3}",-0.0,-0.0,0.0
mm_0125530,BERT-base,controlled_paraphrase,mixed,0.2563291139240506,3,1,"{""UMLS:C1257990"": 3}",-0.0,-0.0,0.0
mm_0125530,BERT-base,synonym_substitution,modifier,0.06097560975609756,2,1,"{""UMLS:C1257990"": 2}",-0.0,-0.0,0.0
mm_0125530,BERT-base,synonym_substitution,verb,0.0736196319018405,2,1,"{""UMLS:C1257990"": 2}",-0.0,-0.0,0.0
mm_0125530,BERT-base,syntactic_reordering,modifier,0.16455696202531644,2,2,"{""UMLS:C1257990"": 1, ""C0021665"": 1}",1.0,1.0,0.0
mm_0125530,BioBERT,back_translation,mixed,0.1518987341772152,3,1,"{""UMLS:C0358514"": 3}",-0.0,-0.0,0.0
mm_0125530,BioBERT,controlled_paraphrase,mixed,0.2563291139240506,3,1,"{""UMLS:C0358514"": 3}",-0.0,-0.0,0.0
mm_0125530,BioBERT,synonym_substitution,modifier,0.06097560975609756,2,1,"{""UMLS:C0358514"": 2}",-0.0,-0.0,0.0
mm_0125530,BioBERT,synonym_substitution,verb,0.0736196319018405,2,1,"{""UMLS:C0358514"": 2}",-0.0,-0.0,0.0
mm_0125530,BioBERT,syntactic_reordering,modifier,0.16455696202531644,2,1,"{""UMLS:C0358514"": 2}",-0.0,-0.0,0.0
mm_0125530,PubMedBERT,back_translation,mixed,0.1518987341772152,3,1,"{""UMLS:C0358514"": 3}",-0.0,-0.0,0.0
mm_0125530,PubMedBERT,controlled_paraphrase,mixed,0.2563291139240506,3,1,"{""UMLS:C0358514"": 3}",-0.0,-0.0,0.0
mm_0125530,PubMedBERT,synonym_substitution,modifier,0.06097560975609756,2,1,"{""UMLS:C0358514"": 2}",-0.0,-0.0,0.0
mm_0125530,PubMedBERT,synonym_substitution,verb,0.0736196319018405,2,1,"{""UMLS:C0358514"": 2}",-0.0,-0.0,0.0
mm_0125530,PubMedBERT,syntactic_reordering,modifier,0.16455696202531644,2,1,"{""UMLS:C0358514"": 2}",-0.0,-0.0,0.0
mm_0125540,BERT-base,back_translation,mixed,0.26595744680851063,3,1,"{""C0386482"": 3}",-0.0,-0.0,0.0
mm_0125540,BERT-base,controlled_paraphrase,mixed,0.2335641112236857,3,1,"{""C0386482"": 3}",-0.0,-0.0,0.0
mm_0125540,BERT-base,synonym_substitution,noun,0.13327938831034805,3,1,"{""C0386482"": 3}",-0.0,-0.0,0.0
mm_0125540,BioBERT,back_translation,mixed,0.26595744680851063,3,1,"{""UMLS:C0358514"": 3}",-0.0,-0.0,0.0
mm_0125540,BioBERT,controlled_paraphrase,mixed,0.2335641112236857,3,1,"{""UMLS:C0358514"": 3}",-0.0,-0.0,0.0
mm_0125540,BioBERT,synonym_substitution,noun,0.13327938831034805,3,1,"{""UMLS:C0358514"": 3}",-0.0,-0.0,0.0
mm_0125540,PubMedBERT,back_translation,mixed,0.26595744680851063,3,1,"{""UMLS:C0358514"": 3}",-0.0,-0.0,0.0
mm_0125540,PubMedBERT,controlled_paraphrase,mixed,0.2335641112236857,3,1,"{""UMLS:C0358514"": 3}",-0.0,-0.0,0.0
mm_0125540,PubMedBERT,synonym_substitution,noun,0.13327938831034805,3,1,"{""UMLS:C0358514"": 3}",-0.0,-0.0,0.0
mm_0125575,BERT-base,back_translation,mixed,0.21159420289855072,3,1,"{""UMLS:C1257990"": 3}",-0.0,-0.0,0.0
mm_0125575,BERT-base,controlled_paraphrase,mixed,0.40165887430318287,3,1,"{""UMLS:C1257990"": 3}",-0.0,-0.0,0.0
mm_0125575,BERT-base,synonym_substitution,noun,0.1278950953678474,3,2,"{""UMLS:C1257990"": 2, ""C1447749"": 1}",0.9182958340544896,0.579380164285695,0.0
mm_0125575,BioBERT,back_translation,mixed,0.21159420289855072,3,1,"{""UMLS:C0358514"": 3}",-0.0,-0.0,1.0
mm_0125575,BioBERT,controlled_paraphrase,mixed,0.40165887430318287,3,1,"{""UMLS:C0358514"": 3}",-0.0,-0.0,1.0
mm_0125575,BioBERT,synonym_substitution,noun,0.1278950953678474,3,1,"{""UMLS:C0358514"": 3}",-0.0,-0.0,1.0
mm_0125575,PubMedBERT,back_translation,mixed,0.21159420289855072,3,1,"{""UMLS:C0358514"": 3}",-0.0,-0.0,1.0
mm_0125575,PubMedBERT,controlled_paraphrase,mixed,0.40165887430318287,3,1,"{""UMLS:C0358514"": 3}",-0.0,-0.0,1.0
mm_0125575,PubMedBERT,synonym_substitution,noun,0.1278950953678474,3,1,"{""UMLS:C0358514"": 3}",-0.0,-0.0,1.0
mm_0125604,BERT-base,back_translation,mixed,0.1347517730496454,3,1,"{""C1312419"": 3}",-0.0,-0.0,0.0
mm_0125604,BERT-base,controlled_paraphrase,mixed,0.28756313131313127,3,1,"{""C1312419"": 3}",-0.0,-0.0,0.0
mm_0125604,BERT-base,synonym_substitution,noun,0.058823529411764705,2,1,"{""C1312419"": 2}",-0.0,-0.0,0.0
mm_0125604,BERT-base,synonym_substitution,verb,0.05970149253731343,2,1,"{""C1312419"": 2}",-0.0,-0.0,0.0
mm_0125604,BioBERT,back_translation,mixed,0.1347517730496454,3,1,"{""UMLS:C1257990"": 3}",-0.0,-0.0,0.0
mm_0125604,BioBERT,controlled_paraphrase,mixed,0.28756313131313127,3,1,"{""UMLS:C1257990"": 3}",-0.0,-0.0,0.0
mm_0125604,BioBERT,synonym_substitution,noun,0.058823529411764705,2,1,"{""UMLS:C1257990"": 2}",-0.0,-0.0,0.0
mm_0125604,BioBERT,synonym_substitution,verb,0.05970149253731343,2,1,"{""UMLS:C1257990"": 2}",-0.0,-0.0,0.0
mm_0125604,PubMedBERT,back_translation,mixed,0.1347517730496454,3,1,"{""C1447749"": 3}",-0.0,-0.0,0.0
mm_0125604,PubMedBERT,controlled_paraphrase,mixed,0.28756313131313127,3,1,"{""C1447749"": 3}",-0.0,-0.0,0.0
mm_0125604,PubMedBERT,synonym_substitution,noun,0.058823529411764705,2,1,"{""C1447749"": 2}",-0.0,-0.0,0.0
mm_0125604,PubMedBERT,synonym_substitution,verb,0.05970149253731343,2,1,"{""C1447749"": 2}",-0.0,-0.0,0.0
mm_0125831,BERT-base,back_translation,mixed,0.07076923076923076,3,1,"{""C1447749"": 3}",-0.0,-0.0,0.0
mm_0125831,BERT-base,controlled_paraphrase,mixed,0.3495440729483283,3,1,"{""C1447749"": 3}",-0.0,-0.0,0.0
mm_0125831,BERT-base,synonym_substitution,verb,0.052941176470588235,2,1,"{""C1447749"": 2}",-0.0,-0.0,0.0
mm_0125831,BioBERT,back_translation,mixed,0.07076923076923076,3,1,"{""C1447749"": 3}",-0.0,-0.0,0.0
mm_0125831,BioBERT,controlled_paraphrase,mixed,0.3495440729483283,3,1,"{""C1447749"": 3}",-0.0,-0.0,0.0
mm_0125831,BioBERT,synonym_substitution,verb,0.052941176470588235,2,1,"{""C1447749"": 2}",-0.0,-0.0,0.0
mm_0125831,PubMedBERT,back_translation,mixed,0.07076923076923076,3,1,"{""C1839576"": 3}",-0.0,-0.0,0.0
mm_0125831,PubMedBERT,controlled_paraphrase,mixed,0.3495440729483283,3,1,"{""C1839576"": 3}",-0.0,-0.0,0.0
mm_0125831,PubMedBERT,synonym_substitution,verb,0.052941176470588235,2,2,"{""C1839576"": 1, ""C1447749"": 1}",1.0,1.0,0.0
mm_0126004,BERT-base,back_translation,mixed,0.21962616822429906,3,1,"{""C4505290"": 3}",-0.0,-0.0,0.0
mm_0126004,BERT-base,controlled_paraphrase,mixed,0.5381165919282511,3,1,"{""C4505290"": 3}",-0.0,-0.0,0.0
mm_0126004,BERT-base,synonym_substitution,verb,0.0971542726679713,3,1,"{""C4505290"": 3}",-0.0,-0.0,0.0
mm_0126004,BioBERT,back_translation,mixed,0.21962616822429906,3,1,"{""C4505290"": 3}",-0.0,-0.0,0.0
mm_0126004,BioBERT,controlled_paraphrase,mixed,0.5381165919282511,3,1,"{""C4505290"": 3}",-0.0,-0.0,0.0
mm_0126004,BioBERT,synonym_substitution,verb,0.0971542726679713,3,1,"{""C4505290"": 3}",-0.0,-0.0,0.0
mm_0126004,PubMedBERT,back_translation,mixed,0.21962616822429906,3,1,"{""C0018966"": 3}",-0.0,-0.0,0.0
mm_0126004,PubMedBERT,controlled_paraphrase,mixed,0.5381165919282511,3,1,"{""C0018966"": 3}",-0.0,-0.0,0.0
mm_0126004,PubMedBERT,synonym_substitution,verb,0.0971542726679713,3,1,"{""C0018966"": 3}",-0.0,-0.0,0.0
mm_0126513,BERT-base,back_translation,mixed,0.07692307692307693,3,1,"{""UMLS:C0358514"": 3}",-0.0,-0.0,0.0
mm_0126513,BERT-base,synonym_substitution,noun,0.2680851063829787,2,1,"{""UMLS:C0358514"": 2}",-0.0,-0.0,0.0
mm_0126513,BERT-base,synonym_substitution,verb,0.26180257510729615,2,1,"{""UMLS:C0358514"": 2}",-0.0,-0.0,0.0
mm_0126513,BioBERT,back_translation,mixed,0.07692307692307693,3,1,"{""C1999375"": 3}",-0.0,-0.0,0.0
mm_0126513,BioBERT,synonym_substitution,noun,0.2680851063829787,2,1,"{""C1999375"": 2}",-0.0,-0.0,0.0
mm_0126513,BioBERT,synonym_substitution,verb,0.26180257510729615,2,1,"{""C1999375"": 2}",-0.0,-0.0,0.0
mm_0126513,PubMedBERT,back_translation,mixed,0.07692307692307693,3,1,"{""C0018966"": 3}",-0.0,-0.0,0.0
mm_0126513,PubMedBERT,synonym_substitution,noun,0.2680851063829787,2,1,"{""C0018966"": 2}",-0.0,-0.0,0.0
mm_0126513,PubMedBERT,synonym_substitution,verb,0.26180257510729615,2,1,"{""C0018966"": 2}",-0.0,-0.0,0.0
mm_0127390,BERT-base,back_translation,mixed,0.299625468164794,3,1,"{""C1447749"": 3}",-0.0,-0.0,0.0
mm_0127390,BERT-base,controlled_paraphrase,mixed,0.5880149812734082,3,1,"{""C1447749"": 3}",-0.0,-0.0,0.0
mm_0127390,BERT-base,synonym_substitution,verb,0.052434456928838954,2,1,"{""C1447749"": 2}",-0.0,-0.0,0.0
mm_0127390,BioBERT,back_translation,mixed,0.299625468164794,3,1,"{""C1955876"": 3}",-0.0,-0.0,0.0
mm_0127390,BioBERT,controlled_paraphrase,mixed,0.5880149812734082,3,1,"{""C1955876"": 3}",-0.0,-0.0,0.0
mm_0127390,BioBERT,synonym_substitution,verb,0.052434456928838954,2,1,"{""C1955876"": 2}",-0.0,-0.0,0.0
mm_0127390,PubMedBERT,back_translation,mixed,0.299625468164794,3,1,"{""C1839576"": 3}",-0.0,-0.0,0.0
mm_0127390,PubMedBERT,controlled_paraphrase,mixed,0.5880149812734082,3,1,"{""C1839576"": 3}",-0.0,-0.0,0.0
mm_0127390,PubMedBERT,synonym_substitution,verb,0.052434456928838954,2,1,"{""C1839576"": 2}",-0.0,-0.0,0.0
mm_0127475,BERT-base,back_translation,mixed,0.17543859649122806,3,1,"{""C4318429"": 3}",-0.0,-0.0,0.0
mm_0127475,BERT-base,controlled_paraphrase,mixed,0.42400587394211076,3,1,"{""C4318429"": 3}",-0.0,-0.0,0.0
mm_0127475,BERT-base,synonym_substitution,noun,0.0502283105022831,2,1,"{""C4318429"": 2}",-0.0,-0.0,0.0
mm_0127475,BERT-base,syntactic_reordering,modifier,0.11926605504587157,3,1,"{""C4318429"": 3}",-0.0,-0.0,0.0
mm_0127475,BioBERT,back_translation,mixed,0.17543859649122806,3,1,"{""UMLS:C0282498"": 3}",-0.0,-0.0,1.0
mm_0127475,BioBERT,controlled_paraphrase,mixed,0.42400587394211076,3,1,"{""UMLS:C0282498"": 3}",-0.0,-0.0,1.0
mm_0127475,BioBERT,synonym_substitution,noun,0.0502283105022831,2,1,"{""UMLS:C0282498"": 2}",-0.0,-0.0,1.0
mm_0127475,BioBERT,syntactic_reordering,modifier,0.11926605504587157,3,1,"{""UMLS:C0282498"": 3}",-0.0,-0.0,1.0
mm_0127475,PubMedBERT,back_translation,mixed,0.17543859649122806,3,2,"{""C1839576"": 1, ""C1447749"": 2}",0.9182958340544896,0.579380164285695,0.0
mm_0127475,PubMedBERT,controlled_paraphrase,mixed,0.42400587394211076,3,2,"{""C1839576"": 2, ""C1447749"": 1}",0.9182958340544896,0.579380164285695,0.0
mm_0127475,PubMedBERT,synonym_substitution,noun,0.0502283105022831,2,2,"{""C1839576"": 1, ""C1447749"": 1}",1.0,1.0,0.0
mm_0127475,PubMedBERT,syntactic_reordering,modifier,0.11926605504587157,3,2,"{""C1839576"": 1, ""C1447749"": 2}",0.9182958340544896,0.579380164285695,0.0
mm_0127702,BERT-base,back_translation,mixed,0.17757009345794392,3,1,"{""UMLS:C1257990"": 3}",-0.0,-0.0,0.0
mm_0127702,BioBERT,back_translation,mixed,0.17757009345794392,3,1,"{""C1312419"": 3}",-0.0,-0.0,0.0
mm_0127702,PubMedBERT,back_translation,mixed,0.17757009345794392,3,1,"{""C1447749"": 3}",-0.0,-0.0,0.0
mm_0127798,BERT-base,back_translation,function_word,0.07103825136612021,3,1,"{""UMLS:C1257990"": 3}",-0.0,-0.0,0.0
mm_0127798,BERT-base,synonym_substitution,modifier,0.08080808080808081,2,1,"{""UMLS:C1257990"": 2}",-0.0,-0.0,0.0
mm_0127798,BERT-base,synonym_substitution,verb,0.06315789473684211,2,1,"{""UMLS:C1257990"": 2}",-0.0,-0.0,0.0
mm_0127798,BioBERT,back_translation,function_word,0.07103825136612021,3,1,"{""UMLS:C1257990"": 3}",-0.0,-0.0,0.0
mm_0127798,BioBERT,synonym_substitution,modifier,0.08080808080808081,2,1,"{""UMLS:C1257990"": 2}",-0.0,-0.0,0.0
mm_0127798,BioBERT,synonym_substitution,verb,0.06315789473684211,2,1,"{""UMLS:C1257990"": 2}",-0.0,-0.0,0.0
mm_0127798,PubMedBERT,back_translation,function_word,0.07103825136612021,3,1,"{""UMLS:C1257990"": 3}",-0.0,-0.0,0.0
mm_0127798,PubMedBERT,synonym_substitution,modifier,0.08080808080808081,2,1,"{""UMLS:C1257990"": 2}",-0.0,-0.0,0.0
mm_0127798,PubMedBERT,synonym_substitution,verb,0.06315789473684211,2,1,"{""UMLS:C1257990"": 2}",-0.0,-0.0,0.0
mm_0128071,BERT-base,back_translation,mixed,0.1111111111111111,3,2,"{""UMLS:C0242193"": 1, ""C1447749"": 2}",0.9182958340544896,0.579380164285695,0.0
mm_0128071,BERT-base,controlled_paraphrase,mixed,0.4579710144927536,3,2,"{""UMLS:C0242193"": 1, ""C1447749"": 2}",0.9182958340544896,0.579380164285695,0.0
mm_0128071,BERT-base,synonym_substitution,noun,0.05373134328358209,2,1,"{""UMLS:C0242193"": 2}",-0.0,-0.0,0.0
mm_0128071,BioBERT,back_translation,mixed,0.1111111111111111,3,1,"{""UMLS:C0681906"": 3}",-0.0,-0.0,0.0
mm_0128071,BioBERT,controlled_paraphrase,mixed,0.4579710144927536,3,1,"{""UMLS:C0681906"": 3}",-0.0,-0.0,0.0
mm_0128071,BioBERT,synonym_substitution,noun,0.05373134328358209,2,1,"{""UMLS:C0681906"": 2}",-0.0,-0.0,0.0
mm_0128071,PubMedBERT,back_translation,mixed,0.1111111111111111,3,1,"{""C1839576"": 3}",-0.0,-0.0,0.0
mm_0128071,PubMedBERT,controlled_paraphrase,mixed,0.4579710144927536,3,1,"{""C1839576"": 3}",-0.0,-0.0,0.0
mm_0128071,PubMedBERT,synonym_substitution,noun,0.05373134328358209,2,1,"{""C1839576"": 2}",-0.0,-0.0,0.0
mm_0128293,BERT-base,back_translation,mixed,0.19383259911894274,3,1,"{""UMLS:C1257990"": 3}",-0.0,-0.0,0.0
mm_0128293,BERT-base,controlled_paraphrase,mixed,0.3788546255506608,3,1,"{""UMLS:C1257990"": 3}",-0.0,-0.0,0.0
mm_0128293,BioBERT,back_translation,mixed,0.19383259911894274,3,2,"{""UMLS:C1257990"": 1, ""C0008396"": 2}",0.9182958340544896,0.579380164285695,0.0
mm_0128293,BioBERT,controlled_paraphrase,mixed,0.3788546255506608,3,2,"{""UMLS:C1257990"": 1, ""C0008396"": 2}",0.9182958340544896,0.579380164285695,0.0
mm_0128293,PubMedBERT,back_translation,mixed,0.19383259911894274,3,1,"{""C1839576"": 3}",-0.0,-0.0,0.0
mm_0128293,PubMedBERT,controlled_paraphrase,mixed,0.3788546255506608,3,1,"{""C1839576"": 3}",-0.0,-0.0,0.0
mm_0128830,BERT-base,back_translation,mixed,0.15714285714285714,3,1,"{""C0169661"": 3}",-0.0,-0.0,0.0
mm_0128830,BERT-base,synonym_substitution,noun,0.055,2,1,"{""C0169661"": 2}",-0.0,-0.0,0.0
mm_0128830,BERT-base,synonym_substitution,verb,0.05,2,1,"{""C0169661"": 2}",-0.0,-0.0,0.0
mm_0128830,BioBERT,back_translation,mixed,0.15714285714285714,3,2,"{""C0013728"": 1, ""C1431322"": 2}",0.9182958340544896,0.579380164285695,0.0
mm_0128830,BioBERT,synonym_substitution,noun,0.055,2,1,"{""C0013728"": 2}",-0.0,-0.0,0.0
mm_0128830,BioBERT,synonym_substitution,verb,0.05,2,1,"{""C0013728"": 2}",-0.0,-0.0,0.0
mm_0128830,PubMedBERT,back_translation,mixed,0.15714285714285714,3,1,"{""C1370369"": 3}",-0.0,-0.0,0.0
mm_0128830,PubMedBERT,synonym_substitution,noun,0.055,2,1,"{""C1370369"": 2}",-0.0,-0.0,0.0
mm_0128830,PubMedBERT,synonym_substitution,verb,0.05,2,1,"{""C1370369"": 2}",-0.0,-0.0,0.0
mm_0128980,BERT-base,back_translation,mixed,0.1111111111111111,3,1,"{""UMLS:C0358514"": 3}",-0.0,-0.0,0.0
mm_0128980,BERT-base,controlled_paraphrase,mixed,0.34909469048201613,3,2,"{""UMLS:C0358514"": 2, ""C0282597"": 1}",0.9182958340544896,0.579380164285695,0.0
mm_0128980,BERT-base,synonym_substitution,noun,0.14956308610400681,3,2,"{""UMLS:C0358514"": 2, ""UMLS:C0038467"": 1}",0.9182958340544896,0.579380164285695,0.0
mm_0128980,BERT-base,syntactic_reordering,mixed,0.2905982905982906,2,2,"{""UMLS:C0358514"": 1, ""UMLS:C0038467"": 1}",1.0,1.0,0.0
mm_0128980,BioBERT,back_translation,mixed,0.1111111111111111,3,1,"{""UMLS:C1257990"": 3}",-0.0,-0.0,0.0
mm_0128980,BioBERT,controlled_paraphrase,mixed,0.34909469048201613,3,1,"{""UMLS:C1257990"": 3}",-0.0,-0.0,0.0
mm_0128980,BioBERT,synonym_substitution,noun,0.14956308610400681,3,1,"{""UMLS:C1257990"": 3}",-0.0,-0.0,0.0
mm_0128980,BioBERT,syntactic_reordering,mixed,0.2905982905982906,2,2,"{""UMLS:C1257990"": 1, ""UMLS:C4041873"": 1}",1.0,1.0,0.0
mm_0128980,PubMedBERT,back_translation,mixed,0.1111111111111111,3,1,"{""C0018966"": 3}",-0.0,-0.0,0.0
mm_0128980,PubMedBERT,controlled_paraphrase,mixed,0.34909469048201613,3,1,"{""C0018966"": 3}",-0.0,-0.0,0.0
mm_0128980,PubMedBERT,synonym_substitution,noun,0.14956308610400681,3,1,"{""C0018966"": 3}",-0.0,-0.0,0.0
mm_0128980,PubMedBERT,syntactic_reordering,mixed,0.2905982905982906,2,1,"{""C0018966"": 2}",-0.0,-0.0,0.0
mm_0129592,BERT-base,controlled_paraphrase,mixed,0.2151394422310757,3,1,"{""C0525041"": 3}",-0.0,-0.0,0.0
mm_0129592,BERT-base,synonym_substitution,noun,0.054474708171206226,2,1,"{""C0525041"": 2}",-0.0,-0.0,0.0
mm_0129592,BioBERT,controlled_paraphrase,mixed,0.2151394422310757,3,2,"{""C1447749"": 1, ""UMLS:C4285807"": 2}",0.9182958340544896,0.579380164285695,0.6666666666666666
mm_0129592,BioBERT,synonym_substitution,noun,0.054474708171206226,2,1,"{""C1447749"": 2}",-0.0,-0.0,0.0
mm_0129592,PubMedBERT,controlled_paraphrase,mixed,0.2151394422310757,3,1,"{""C1447749"": 3}",-0.0,-0.0,0.0
mm_0129592,PubMedBERT,synonym_substitution,noun,0.054474708171206226,2,1,"{""C1447749"": 2}",-0.0,-0.0,0.0
mm_0130154,BERT-base,back_translation,mixed,0.1956521739130435,3,1,"{""UMLS:C1257990"": 3}",-0.0,-0.0,0.0
mm_0130154,BERT-base,synonym_substitution,verb,0.06373340128542711,3,1,"{""UMLS:C1257990"": 3}",-0.0,-0.0,0.0
mm_0130154,BioBERT,back_translation,mixed,0.1956521739130435,3,1,"{""UMLS:C1707887"": 3}",-0.0,-0.0,0.0
mm_0130154,BioBERT,synonym_substitution,verb,0.06373340128542711,3,2,"{""UMLS:C1707887"": 2, ""UMLS:C0282498"": 1}",0.9182958340544896,0.579380164285695,0.0
mm_0130154,PubMedBERT,back_translation,mixed,0.1956521739130435,3,1,"{""C1839576"": 3}",-0.0,-0.0,0.0
mm_0130154,PubMedBERT,synonym_substitution,verb,0.06373340128542711,3,1,"{""C1839576"": 3}",-0.0,-0.0,0.0
mm_0130631,BERT-base,back_translation,mixed,0.08571428571428572,3,1,"{""C1447749"": 3}",-0.0,-0.0,0.0
mm_0130631,BERT-base,controlled_paraphrase,mixed,0.5755102040816327,2,1,"{""C1447749"": 2}",-0.0,-0.0,0.0
mm_0130631,BERT-base,synonym_substitution,verb,0.053061224489795916,2,1,"{""C1447749"": 2}",-0.0,-0.0,0.0
mm_0130631,BioBERT,back_translation,mixed,0.08571428571428572,3,1,"{""C0008396"": 3}",-0.0,-0.0,0.0
mm_0130631,BioBERT,controlled_paraphrase,mixed,0.5755102040816327,2,1,"{""C0008396"": 2}",-0.0,-0.0,0.0
mm_0130631,BioBERT,synonym_substitution,verb,0.053061224489795916,2,1,"{""C0008396"": 2}",-0.0,-0.0,0.0
mm_0130631,PubMedBERT,back_translation,mixed,0.08571428571428572,3,1,"{""C1447749"": 3}",-0.0,-0.0,0.0
mm_0130631,PubMedBERT,controlled_paraphrase,mixed,0.5755102040816327,2,1,"{""C1447749"": 2}",-0.0,-0.0,0.0
mm_0130631,PubMedBERT,synonym_substitution,verb,0.053061224489795916,2,1,"{""C1447749"": 2}",-0.0,-0.0,0.0
mm_0132142,BERT-base,controlled_paraphrase,mixed,0.4797979797979798,3,2,"{""C1431519"": 1, ""C3179121"": 2}",0.9182958340544896,0.579380164285695,0.0
mm_0132142,BioBERT,controlled_paraphrase,mixed,0.4797979797979798,3,1,"{""UMLS:C1257990"": 3}",-0.0,-0.0,0.0
mm_0132142,PubMedBERT,controlled_paraphrase,mixed,0.4797979797979798,3,1,"{""C1839576"": 3}",-0.0,-0.0,0.0
mm_0132151,BERT-base,back_translation,noun,0.06190476190476191,3,1,"{""C0282597"": 3}",-0.0,-0.0,0.0
mm_0132151,BERT-base,controlled_paraphrase,mixed,0.25476190476190474,3,1,"{""C0282597"": 3}",-0.0,-0.0,0.0
mm_0132151,BioBERT,back_translation,noun,0.06190476190476191,3,1,"{""UMLS:C1257990"": 3}",-0.0,-0.0,0.0
mm_0132151,BioBERT,controlled_paraphrase,mixed,0.25476190476190474,3,1,"{""UMLS:C1257990"": 3}",-0.0,-0.0,0.0
mm_0132151,PubMedBERT,back_translation,noun,0.06190476190476191,3,1,"{""C1447749"": 3}",-0.0,-0.0,0.0
mm_0132151,PubMedBERT,controlled_paraphrase,mixed,0.25476190476190474,3,1,"{""C1447749"": 3}",-0.0,-0.0,0.0
mm_0132452,BERT-base,back_translation,mixed,0.07692307692307693,3,2,"{""C0034394"": 1, ""C4042892"": 2}",0.9182958340544896,0.579380164285695,0.0
mm_0132452,BERT-base,synonym_substitution,verb,0.1111111111111111,2,2,"{""C0034394"": 1, ""C4042892"": 1}",1.0,1.0,0.0
mm_0132452,BioBERT,back_translation,mixed,0.07692307692307693,3,1,"{""UMLS:C1257990"": 3}",-0.0,-0.0,0.0
mm_0132452,BioBERT,synonym_substitution,verb,0.1111111111111111,2,1,"{""UMLS:C1257990"": 2}",-0.0,-0.0,0.0
mm_0132452,PubMedBERT,back_translation,mixed,0.07692307692307693,3,1,"{""C1839576"": 3}",-0.0,-0.0,0.0
mm_0132452,PubMedBERT,synonym_substitution,verb,0.1111111111111111,2,1,"{""C1839576"": 2}",-0.0,-0.0,0.0
mm_0132655,BERT-base,back_translation,mixed,0.2507936507936508,3,1,"{""C1312419"": 3}",-0.0,-0.0,0.0
mm_0132655,BERT-base,synonym_substitution,verb,0.050314465408805034,3,1,"{""C1312419"": 3}",-0.0,-0.0,0.0
mm_0132655,BioBERT,back_translation,mixed,0.2507936507936508,3,1,"{""C0013728"": 3}",-0.0,-0.0,0.0
mm_0132655,BioBERT,synonym_substitution,verb,0.050314465408805034,3,1,"{""C0013728"": 3}",-0.0,-0.0,0.0
mm_0132655,PubMedBERT,back_translation,mixed,0.2507936507936508,3,1,"{""C1447749"": 3}",-0.0,-0.0,0.0
mm_0132655,PubMedBERT,synonym_substitution,verb,0.050314465408805034,3,1,"{""C1447749"": 3}",-0.0,-0.0,0.0
mm_0132764,BERT-base,back_translation,mixed,0.29285714285714287,3,1,"{""UMLS:C1257990"": 3}",-0.0,-0.0,0.0
mm_0132764,BERT-base,controlled_paraphrase,mixed,0.25153374233128833,3,1,"{""UMLS:C1257990"": 3}",-0.0,-0.0,0.0
mm_0132764,BERT-base,synonym_substitution,noun,0.0889564336372847,3,1,"{""UMLS:C1257990"": 3}",-0.0,-0.0,0.0
mm_0132764,BERT-base,syntactic_reordering,modifier,0.15714285714285714,3,2,"{""UMLS:C1257990"": 1, ""C1431519"": 2}",0.9182958340544896,0.579380164285695,0.0
mm_0132764,BioBERT,back_translation,mixed,0.29285714285714287,3,1,"{""UMLS:C1257990"": 3}",-0.0,-0.0,0.0
mm_0132764,BioBERT,controlled_paraphrase,mixed,0.25153374233128833,3,1,"{""UMLS:C1257990"": 3}",-0.0,-0.0,0.0
mm_0132764,BioBERT,synonym_substitution,noun,0.0889564336372847,3,1,"{""UMLS:C1257990"": 3}",-0.0,-0.0,0.0
mm_0132764,BioBERT,syntactic_reordering,modifier,0.15714285714285714,3,1,"{""UMLS:C1257990"": 3}",-0.0,-0.0,0.0
mm_0132764,PubMedBERT,back_translation,mixed,0.29285714285714287,3,2,"{""UMLS:C1257990"": 1, ""C1447749"": 2}",0.9182958340544896,0.579380164285695,0.0
mm_0132764,PubMedBERT,controlled_paraphrase,mixed,0.25153374233128833,3,1,"{""UMLS:C1257990"": 3}",-0.0,-0.0,0.0
mm_0132764,PubMedBERT,synonym_substitution,noun,0.0889564336372847,3,1,"{""UMLS:C1257990"": 3}",-0.0,-0.0,0.0
mm_0132764,PubMedBERT,syntactic_reordering,modifier,0.15714285714285714,3,1,"{""UMLS:C1257990"": 3}",-0.0,-0.0,0.0
mm_0132893,BERT-base,back_translation,function_word,0.15625,3,1,"{""UMLS:C0444254"": 3}",-0.0,-0.0,0.0
mm_0132893,BERT-base,controlled_paraphrase,function_word,0.15873015873015872,3,1,"{""UMLS:C0444254"": 3}",-0.0,-0.0,0.0
mm_0132893,BERT-base,synonym_substitution,verb,0.12698412698412698,3,1,"{""UMLS:C0444254"": 3}",-0.0,-0.0,0.0
mm_0132893,BioBERT,back_translation,function_word,0.15625,3,2,"{""UMLS:C1707887"": 1, ""UMLS:C1257990"": 2}",0.9182958340544896,0.579380164285695,0.0
mm_0132893,BioBERT,controlled_paraphrase,function_word,0.15873015873015872,3,2,"{""UMLS:C1707887"": 1, ""UMLS:C1257990"": 2}",0.9182958340544896,0.579380164285695,0.0
mm_0132893,BioBERT,synonym_substitution,verb,0.12698412698412698,3,2,"{""UMLS:C1707887"": 1, ""C0016709"": 2}",0.9182958340544896,0.579380164285695,0.0
mm_0132893,PubMedBERT,back_translation,function_word,0.15625,3,2,"{""UMLS:C1707887"": 1, ""UMLS:C1423931"": 2}",0.9182958340544896,0.579380164285695,0.0
mm_0132893,PubMedBERT,controlled_paraphrase,function_word,0.15873015873015872,3,2,"{""UMLS:C1707887"": 1, ""UMLS:C1423931"": 2}",0.9182958340544896,0.579380164285695,0.0
mm_0132893,PubMedBERT,synonym_substitution,verb,0.12698412698412698,3,1,"{""UMLS:C1707887"": 3}",-0.0,-0.0,0.0
mm_0133360,BERT-base,back_translation,mixed,0.20175438596491227,3,1,"{""UMLS:C1257990"": 3}",-0.0,-0.0,0.0
mm_0133360,BERT-base,controlled_paraphrase,mixed,0.4605263157894737,3,3,"{""UMLS:C1257990"": 1, ""C1566790"": 1, ""C0055966"": 1}",1.584962500721156,1.0,0.0
mm_0133360,BERT-base,synonym_substitution,modifier,0.075,2,2,"{""UMLS:C1257990"": 1, ""C1447749"": 1}",1.0,1.0,0.0
mm_0133360,BERT-base,synonym_substitution,verb,0.08547008547008547,2,1,"{""UMLS:C1257990"": 2}",-0.0,-0.0,0.0
mm_0133360,BioBERT,back_translation,mixed,0.20175438596491227,3,1,"{""C0258846"": 3}",-0.0,-0.0,0.0
mm_0133360,BioBERT,controlled_paraphrase,mixed,0.4605263157894737,3,1,"{""C0258846"": 3}",-0.0,-0.0,0.0
mm_0133360,BioBERT,synonym_substitution,modifier,0.075,2,1,"{""C0258846"": 2}",-0.0,-0.0,0.0
mm_0133360,BioBERT,synonym_substitution,verb,0.08547008547008547,2,1,"{""C0258846"": 2}",-0.0,-0.0,0.0
mm_0133360,PubMedBERT,back_translation,mixed,0.20175438596491227,3,1,"{""UMLS:C1423931"": 3}",-0.0,-0.0,0.0
mm_0133360,PubMedBERT,controlled_paraphrase,mixed,0.4605263157894737,3,1,"{""UMLS:C1423931"": 3}",-0.0,-0.0,0.0
mm_0133360,PubMedBERT,synonym_substitution,modifier,0.075,2,2,"{""UMLS:C1423931"": 1, ""C1447749"": 1}",1.0,1.0,0.0
mm_0133360,PubMedBERT,synonym_substitution,verb,0.08547008547008547,2,2,"{""UMLS:C1423931"": 1, ""C1447749"": 1}",1.0,1.0,0.0
mm_0133554,BERT-base,back_translation,mixed,0.22302158273381295,3,1,"{""UMLS:C0242193"": 3}",-0.0,-0.0,0.0
mm_0133554,BERT-base,controlled_paraphrase,mixed,0.31153846153846154,3,1,"{""UMLS:C0242193"": 3}",-0.0,-0.0,0.0
mm_0133554,BERT-base,synonym_substitution,noun,0.06766917293233082,2,1,"{""UMLS:C0242193"": 2}",-0.0,-0.0,0.0
mm_0133554,BERT-base,synonym_substitution,verb,0.05384615384615385,2,1,"{""UMLS:C0242193"": 2}",-0.0,-0.0,0.0
mm_0133554,BioBERT,back_translation,mixed,0.22302158273381295,3,2,"{""UMLS:C0242193"": 1, ""UMLS:C1707887"": 2}",0.9182958340544896,0.579380164285695,0.0
mm_0133554,BioBERT,controlled_paraphrase,mixed,0.31153846153846154,3,2,"{""UMLS:C0242193"": 1, ""C0027609"": 2}",0.9182958340544896,0.579380164285695,0.0
mm_0133554,BioBERT,synonym_substitution,noun,0.06766917293233082,2,1,"{""UMLS:C0242193"": 2}",-0.0,-0.0,0.0
mm_0133554,BioBERT,synonym_substitution,verb,0.05384615384615385,2,1,"{""UMLS:C0242193"": 2}",-0.0,-0.0,0.0
mm_0133554,PubMedBERT,back_translation,mixed,0.22302158273381295,3,1,"{""C1447749"": 3}",-0.0,-0.0,0.0
mm_0133554,PubMedBERT,controlled_paraphrase,mixed,0.31153846153846154,3,1,"{""C1447749"": 3}",-0.0,-0.0,0.0
mm_0133554,PubMedBERT,synonym_substitution,noun,0.06766917293233082,2,1,"{""C1447749"": 2}",-0.0,-0.0,0.0
mm_0133554,PubMedBERT,synonym_substitution,verb,0.05384615384615385,2,1,"{""C1447749"": 2}",-0.0,-0.0,0.0
mm_0133581,BERT-base,back_translation,mixed,0.205607476635514,3,1,"{""UMLS:C0032521"": 3}",-0.0,-0.0,1.0
mm_0133581,BERT-base,controlled_paraphrase,mixed,0.5693069306930693,3,1,"{""UMLS:C0032521"": 3}",-0.0,-0.0,1.0
mm_0133581,BERT-base,synonym_substitution,modifier,0.0594059405940594,2,1,"{""UMLS:C0032521"": 2}",-0.0,-0.0,1.0
mm_0133581,BERT-base,syntactic_reordering,mixed,0.5073891625615764,2,1,"{""UMLS:C0032521"": 2}",-0.0,-0.0,1.0
mm_0133581,BioBERT,back_translation,mixed,0.205607476635514,3,1,"{""UMLS:C0032521"": 3}",-0.0,-0.0,1.0
mm_0133581,BioBERT,controlled_paraphrase,mixed,0.5693069306930693,3,1,"{""UMLS:C0032521"": 3}",-0.0,-0.0,1.0
mm_0133581,BioBERT,synonym_substitution,modifier,0.0594059405940594,2,1,"{""UMLS:C0032521"": 2}",-0.0,-0.0,1.0
mm_0133581,BioBERT,syntactic_reordering,mixed,0.5073891625615764,2,1,"{""UMLS:C0032521"": 2}",-0.0,-0.0,1.0
mm_0133581,PubMedBERT,back_translation,mixed,0.205607476635514,3,1,"{""C1447749"": 3}",-0.0,-0.0,0.0
mm_0133581,PubMedBERT,controlled_paraphrase,mixed,0.5693069306930693,3,2,"{""C1447749"": 1, ""UMLS:C1257990"": 2}",0.9182958340544896,0.579380164285695,0.0
mm_0133581,PubMedBERT,synonym_substitution,modifier,0.0594059405940594,2,1,"{""C1447749"": 2}",-0.0,-0.0,0.0
mm_0133581,PubMedBERT,syntactic_reordering,mixed,0.5073891625615764,2,1,"{""C1447749"": 2}",-0.0,-0.0,0.0
mm_0133687,BERT-base,controlled_paraphrase,mixed,0.5277777777777778,3,1,"{""C0282597"": 3}",-0.0,-0.0,0.0
mm_0133687,BERT-base,synonym_substitution,modifier,0.05752212389380531,2,1,"{""C0282597"": 2}",-0.0,-0.0,0.0
mm_0133687,BioBERT,controlled_paraphrase,mixed,0.5277777777777778,3,1,"{""UMLS:C1257990"": 3}",-0.0,-0.0,0.0
mm_0133687,BioBERT,synonym_substitution,modifier,0.05752212389380531,2,1,"{""UMLS:C1257990"": 2}",-0.0,-0.0,0.0
mm_0133687,PubMedBERT,controlled_paraphrase,mixed,0.5277777777777778,3,1,"{""C1839576"": 3}",-0.0,-0.0,0.0
mm_0133687,PubMedBERT,synonym_substitution,modifier,0.05752212389380531,2,1,"{""C1839576"": 2}",-0.0,-0.0,0.0
mm_0134026,BERT-base,back_translation,mixed,0.10457516339869281,3,1,"{""UMLS:C1257990"": 3}",-0.0,-0.0,0.0
mm_0134026,BERT-base,synonym_substitution,noun,0.08176100628930817,2,1,"{""UMLS:C1257990"": 2}",-0.0,-0.0,0.0
mm_0134026,BERT-base,synonym_substitution,verb,0.06289308176100629,2,1,"{""UMLS:C1257990"": 2}",-0.0,-0.0,0.0
mm_0134026,BioBERT,back_translation,mixed,0.10457516339869281,3,1,"{""UMLS:C1257990"": 3}",-0.0,-0.0,0.0
mm_0134026,BioBERT,synonym_substitution,noun,0.08176100628930817,2,1,"{""UMLS:C1257990"": 2}",-0.0,-0.0,0.0
mm_0134026,BioBERT,synonym_substitution,verb,0.06289308176100629,2,1,"{""UMLS:C1257990"": 2}",-0.0,-0.0,0.0
mm_0134026,PubMedBERT,back_translation,mixed,0.10457516339869281,3,1,"{""C1839576"": 3}",-0.0,-0.0,0.0
mm_0134026,PubMedBERT,synonym_substitution,noun,0.08176100628930817,2,1,"{""C1839576"": 2}",-0.0,-0.0,0.0
mm_0134026,PubMedBERT,synonym_substitution,verb,0.06289308176100629,2,1,"{""C1839576"": 2}",-0.0,-0.0,0.0
mm_0135029,BERT-base,back_translation,mixed,0.15367965367965367,3,1,"{""C1447749"": 3}",-0.0,-0.0,0.0
mm_0135029,BERT-base,controlled_paraphrase,mixed,0.24507658643326038,3,1,"{""C1447749"": 3}",-0.0,-0.0,0.0
mm_0135029,BERT-base,synonym_substitution,noun,0.058881034100029025,3,1,"{""C1447749"": 3}",-0.0,-0.0,0.0
mm_0135029,BioBERT,back_translation,mixed,0.15367965367965367,3,2,"{""C1370369"": 1, ""C0025677"": 2}",0.9182958340544896,0.579380164285695,0.0
mm_0135029,BioBERT,controlled_paraphrase,mixed,0.24507658643326038,3,1,"{""C1370369"": 3}",-0.0,-0.0,0.0
mm_0135029,BioBERT,synonym_substitution,noun,0.058881034100029025,3,2,"{""C1370369"": 2, ""C1447749"": 1}",0.9182958340544896,0.579380164285695,0.0
mm_0135029,PubMedBERT,back_translation,mixed,0.15367965367965367,3,1,"{""C0015131"": 3}",-0.0,-0.0,0.0
mm_0135029,PubMedBERT,controlled_paraphrase,mixed,0.24507658643326038,3,2,"{""C0015131"": 1, ""C0018966"": 2}",0.9182958340544896,0.579380164285695,0.0
mm_0135029,PubMedBERT,synonym_substitution,noun,0.058881034100029025,3,1,"{""C0015131"": 3}",-0.0,-0.0,0.0
mm_0135287,BERT-base,back_translation,mixed,0.2866666666666667,3,1,"{""C0242913"": 3}",-0.0,-0.0,0.0
mm_0135287,BERT-base,controlled_paraphrase,mixed,0.4499636665628568,3,2,"{""C0242913"": 1, ""C0728747"": 2}",0.9182958340544896,0.579380164285695,0.0
mm_0135287,BERT-base,synonym_substitution,noun,0.08536585365853659,2,1,"{""C0242913"": 2}",-0.0,-0.0,0.0
mm_0135287,BERT-base,synonym_substitution,verb,0.07006369426751592,2,1,"{""C0242913"": 2}",-0.0,-0.0,0.0
mm_0135287,BioBERT,back_translation,mixed,0.2866666666666667,3,1,"{""C0949359"": 3}",-0.0,-0.0,0.0
mm_0135287,BioBERT,controlled_paraphrase,mixed,0.4499636665628568,3,1,"{""C0949359"": 3}",-0.0,-0.0,0.0
mm_0135287,BioBERT,synonym_substitution,noun,0.08536585365853659,2,1,"{""C0949359"": 2}",-0.0,-0.0,0.0
mm_0135287,BioBERT,synonym_substitution,verb,0.07006369426751592,2,1,"{""C0949359"": 2}",-0.0,-0.0,0.0
mm_0135287,PubMedBERT,back_translation,mixed,0.2866666666666667,3,1,"{""C1839576"": 3}",-0.0,-0.0,0.0
mm_0135287,PubMedBERT,controlled_paraphrase,mixed,0.4499636665628568,3,1,"{""C1839576"": 3}",-0.0,-0.0,0.0
mm_0135287,PubMedBERT,synonym_substitution,noun,0.08536585365853659,2,1,"{""C1839576"": 2}",-0.0,-0.0,0.0
mm_0135287,PubMedBERT,synonym_substitution,verb,0.07006369426751592,2,1,"{""C1839576"": 2}",-0.0,-0.0,0.0
mm_0135623,BERT-base,back_translation,unknown,0.11764705882352941,3,2,"{""UMLS:C0242193"": 1, ""UMLS:C0444254"": 2}",0.9182958340544896,0.579380164285695,0.0
mm_0135623,BERT-base,synonym_substitution,verb,0.09909456740442656,3,2,"{""UMLS:C0242193"": 2, ""C3850091"": 1}",0.9182958340544896,0.579380164285695,0.0
mm_0135623,BioBERT,back_translation,unknown,0.11764705882352941,3,1,"{""UMLS:C1707887"": 3}",-0.0,-0.0,0.0
mm_0135623,BioBERT,synonym_substitution,verb,0.09909456740442656,3,1,"{""UMLS:C1707887"": 3}",-0.0,-0.0,0.0
mm_0135623,PubMedBERT,back_translation,unknown,0.11764705882352941,3,1,"{""UMLS:C0681906"": 3}",-0.0,-0.0,0.0
mm_0135623,PubMedBERT,synonym_substitution,verb,0.09909456740442656,3,3,"{""UMLS:C0681906"": 1, ""UMLS:C1707887"": 1, ""C0036669"": 1}",1.584962500721156,1.0,0.0
mm_0135626,BERT-base,back_translation,mixed,0.2727272727272727,3,2,"{""C1447749"": 1, ""UMLS:C0242193"": 2}",0.9182958340544896,0.579380164285695,0.0
mm_0135626,BERT-base,synonym_substitution,noun,0.05045871559633028,2,2,"{""C1447749"": 1, ""UMLS:C0242193"": 1}",1.0,1.0,0.0
mm_0135626,BERT-base,synonym_substitution,verb,0.06220095693779904,2,1,"{""C1447749"": 2}",-0.0,-0.0,0.0
mm_0135626,BioBERT,back_translation,mixed,0.2727272727272727,3,1,"{""UMLS:C1257990"": 3}",-0.0,-0.0,0.0
mm_0135626,BioBERT,synonym_substitution,noun,0.05045871559633028,2,1,"{""UMLS:C1257990"": 2}",-0.0,-0.0,0.0
mm_0135626,BioBERT,synonym_substitution,verb,0.06220095693779904,2,1,"{""UMLS:C1257990"": 2}",-0.0,-0.0,0.0
mm_0135626,PubMedBERT,back_translation,mixed,0.2727272727272727,3,1,"{""C1839576"": 3}",-0.0,-0.0,0.0
mm_0135626,PubMedBERT,synonym_substitution,noun,0.05045871559633028,2,1,"{""C1839576"": 2}",-0.0,-0.0,0.0
mm_0135626,PubMedBERT,synonym_substitution,verb,0.06220095693779904,2,1,"{""C1839576"": 2}",-0.0,-0.0,0.0
mm_0136871,BERT-base,synonym_substitution,modifier,0.07692307692307693,2,1,"{""UMLS:C1257990"": 2}",-0.0,-0.0,0.0
mm_0136871,BERT-base,synonym_substitution,noun,0.06493506493506493,2,1,"{""UMLS:C1257990"": 2}",-0.0,-0.0,0.0
mm_0136871,BioBERT,synonym_substitution,modifier,0.07692307692307693,2,1,"{""UMLS:C0752046"": 2}",-0.0,-0.0,0.0
mm_0136871,BioBERT,synonym_substitution,noun,0.06493506493506493,2,1,"{""UMLS:C0752046"": 2}",-0.0,-0.0,0.0
mm_0136871,PubMedBERT,synonym_substitution,modifier,0.07692307692307693,2,1,"{""UMLS:C0752046"": 2}",-0.0,-0.0,0.0
mm_0136871,PubMedBERT,synonym_substitution,noun,0.06493506493506493,2,1,"{""UMLS:C0752046"": 2}",-0.0,-0.0,0.0
mm_0137011,BERT-base,synonym_substitution,modifier,0.055865921787709494,2,1,"{""C1447749"": 2}",-0.0,-0.0,0.0
mm_0137011,BERT-base,synonym_substitution,noun,0.07222222222222222,2,1,"{""C1447749"": 2}",-0.0,-0.0,0.0
mm_0137011,BioBERT,synonym_substitution,modifier,0.055865921787709494,2,1,"{""C1447749"": 2}",-0.0,-0.0,0.0
mm_0137011,BioBERT,synonym_substitution,noun,0.07222222222222222,2,1,"{""C1447749"": 2}",-0.0,-0.0,0.0
mm_0137011,PubMedBERT,synonym_substitution,modifier,0.055865921787709494,2,1,"{""C1447749"": 2}",-0.0,-0.0,0.0
mm_0137011,PubMedBERT,synonym_substitution,noun,0.07222222222222222,2,1,"{""C1447749"": 2}",-0.0,-0.0,0.0
mm_0137460,BERT-base,back_translation,unknown,0.12863070539419086,3,2,"{""C1447749"": 1, ""UMLS:C0242193"": 2}",0.9182958340544896,0.579380164285695,0.0
mm_0137460,BERT-base,synonym_substitution,noun,0.09019607843137255,2,1,"{""C1447749"": 2}",-0.0,-0.0,0.0
mm_0137460,BERT-base,synonym_substitution,verb,0.09163346613545817,2,1,"{""C1447749"": 2}",-0.0,-0.0,0.0
mm_0137460,BioBERT,back_translation,unknown,0.12863070539419086,3,1,"{""UMLS:C0681906"": 3}",-0.0,-0.0,1.0
mm_0137460,BioBERT,synonym_substitution,noun,0.09019607843137255,2,1,"{""UMLS:C0681906"": 2}",-0.0,-0.0,1.0
mm_0137460,BioBERT,synonym_substitution,verb,0.09163346613545817,2,1,"{""UMLS:C0681906"": 2}",-0.0,-0.0,1.0
mm_0137460,PubMedBERT,back_translation,unknown,0.12863070539419086,3,1,"{""UMLS:C0681906"": 3}",-0.0,-0.0,1.0
mm_0137460,PubMedBERT,synonym_substitution,noun,0.09019607843137255,2,1,"{""UMLS:C0681906"": 2}",-0.0,-0.0,1.0
mm_0137460,PubMedBERT,synonym_substitution,verb,0.09163346613545817,2,1,"{""UMLS:C0681906"": 2}",-0.0,-0.0,1.0
mm_0137480,BERT-base,synonym_substitution,verb,0.09950002537942236,3,1,"{""C1447749"": 3}",-0.0,-0.0,0.0
mm_0137480,BioBERT,synonym_substitution,verb,0.09950002537942236,3,1,"{""C1370369"": 3}",-0.0,-0.0,0.0
mm_0137480,PubMedBERT,synonym_substitution,verb,0.09950002537942236,3,1,"{""C0015131"": 3}",-0.0,-0.0,0.0
mm_0137726,BERT-base,back_translation,mixed,0.24691358024691357,3,2,"{""C0034698"": 1, ""UMLS:C0242193"": 2}",0.9182958340544896,0.579380164285695,0.0
mm_0137726,BERT-base,controlled_paraphrase,mixed,0.5421686746987951,3,1,"{""C0034698"": 3}",-0.0,-0.0,0.0
mm_0137726,BERT-base,synonym_substitution,modifier,0.06896551724137931,2,1,"{""C0034698"": 2}",-0.0,-0.0,0.0
mm_0137726,BERT-base,synonym_substitution,noun,0.08433734939759036,2,1,"{""C0034698"": 2}",-0.0,-0.0,0.0
mm_0137726,BERT-base,syntactic_reordering,noun,0.2716049382716049,2,1,"{""C0034698"": 2}",-0.0,-0.0,0.0
mm_0137726,BioBERT,back_translation,mixed,0.24691358024691357,3,2,"{""C0265267"": 1, ""C2935436"": 2}",0.9182958340544896,0.579380164285695,0.0
mm_0137726,BioBERT,controlled_paraphrase,mixed,0.5421686746987951,3,1,"{""C0265267"": 3}",-0.0,-0.0,0.0
mm_0137726,BioBERT,synonym_substitution,modifier,0.06896551724137931,2,1,"{""C0265267"": 2}",-0.0,-0.0,0.0
mm_0137726,BioBERT,synonym_substitution,noun,0.08433734939759036,2,1,"{""C0265267"": 2}",-0.0,-0.0,0.0
mm_0137726,BioBERT,syntactic_reordering,noun,0.2716049382716049,2,2,"{""C0265267"": 1, ""UMLS:C1707887"": 1}",1.0,1.0,0.0
mm_0137726,PubMedBERT,back_translation,mixed,0.24691358024691357,3,1,"{""C1839576"": 3}",-0.0,-0.0,0.0
mm_0137726,PubMedBERT,controlled_paraphrase,mixed,0.5421686746987951,3,1,"{""C1839576"": 3}",-0.0,-0.0,0.0
mm_0137726,PubMedBERT,synonym_substitution,modifier,0.06896551724137931,2,2,"{""C1839576"": 1, ""C1447749"": 1}",1.0,1.0,0.0
mm_0137726,PubMedBERT,synonym_substitution,noun,0.08433734939759036,2,1,"{""C1839576"": 2}",-0.0,-0.0,0.0
mm_0137726,PubMedBERT,syntactic_reordering,noun,0.2716049382716049,2,2,"{""C1839576"": 1, ""C1447749"": 1}",1.0,1.0,0.0
mm_0138166,BERT-base,back_translation,noun,0.13551401869158877,3,2,"{""UMLS:C0393786"": 1, ""C1839576"": 2}",0.9182958340544896,0.579380164285695,0.0
mm_0138166,BioBERT,back_translation,noun,0.13551401869158877,3,1,"{""C0265267"": 3}",-0.0,-0.0,0.0
mm_0138166,PubMedBERT,back_translation,noun,0.13551401869158877,3,2,"{""C1839576"": 1, ""C0338508"": 2}",0.9182958340544896,0.579380164285695,0.0
mm_0138562,BERT-base,back_translation,mixed,0.2570281124497992,3,1,"{""C1447749"": 3}",-0.0,-0.0,0.0
mm_0138562,BERT-base,controlled_paraphrase,mixed,0.47590361445783136,3,1,"{""C1447749"": 3}",-0.0,-0.0,0.0
mm_0138562,BERT-base,synonym_substitution,verb,0.05220883534136546,2,1,"{""C1447749"": 2}",-0.0,-0.0,0.0
mm_0138562,BioBERT,back_translation,mixed,0.2570281124497992,3,2,"{""C0027609"": 1, ""C1447749"": 2}",0.9182958340544896,0.579380164285695,0.0
mm_0138562,BioBERT,controlled_paraphrase,mixed,0.47590361445783136,3,1,"{""C0027609"": 3}",-0.0,-0.0,0.0
mm_0138562,BioBERT,synonym_substitution,verb,0.05220883534136546,2,1,"{""C0027609"": 2}",-0.0,-0.0,0.0
mm_0138562,PubMedBERT,back_translation,mixed,0.2570281124497992,3,1,"{""C1447749"": 3}",-0.0,-0.0,0.0
mm_0138562,PubMedBERT,controlled_paraphrase,mixed,0.47590361445783136,3,1,"{""C1447749"": 3}",-0.0,-0.0,0.0
mm_0138562,PubMedBERT,synonym_substitution,verb,0.05220883534136546,2,1,"{""C1447749"": 2}",-0.0,-0.0,0.0
mm_0138803,BERT-base,back_translation,mixed,0.3359683794466403,3,1,"{""UMLS:C1257990"": 3}",-0.0,-0.0,0.0
mm_0138803,BERT-base,controlled_paraphrase,mixed,0.5573122529644269,3,1,"{""UMLS:C1257990"": 3}",-0.0,-0.0,0.0
mm_0138803,BioBERT,back_translation,mixed,0.3359683794466403,3,1,"{""C1839576"": 3}",-0.0,-0.0,0.0
mm_0138803,BioBERT,controlled_paraphrase,mixed,0.5573122529644269,3,1,"{""C1839576"": 3}",-0.0,-0.0,0.0
mm_0138803,PubMedBERT,back_translation,mixed,0.3359683794466403,3,1,"{""C1839576"": 3}",-0.0,-0.0,0.0
mm_0138803,PubMedBERT,controlled_paraphrase,mixed,0.5573122529644269,3,1,"{""C1839576"": 3}",-0.0,-0.0,0.0
mm_0139717,BERT-base,back_translation,mixed,0.08888888888888889,3,2,"{""UMLS:C1705920"": 1, ""C0317597"": 2}",0.9182958340544896,0.579380164285695,0.0
mm_0139717,BERT-base,synonym_substitution,verb,0.06949210706932052,3,1,"{""UMLS:C1705920"": 3}",-0.0,-0.0,0.0
mm_0139717,BioBERT,back_translation,mixed,0.08888888888888889,3,1,"{""UMLS:C1705920"": 3}",-0.0,-0.0,0.0
mm_0139717,BioBERT,synonym_substitution,verb,0.06949210706932052,3,1,"{""UMLS:C1705920"": 3}",-0.0,-0.0,0.0
mm_0139717,PubMedBERT,back_translation,mixed,0.08888888888888889,3,1,"{""C1839576"": 3}",-0.0,-0.0,0.0
mm_0139717,PubMedBERT,synonym_substitution,verb,0.06949210706932052,3,2,"{""C1839576"": 1, ""C1447749"": 2}",0.9182958340544896,0.579380164285695,0.0
mm_0139812,BERT-base,back_translation,mixed,0.13071895424836602,3,2,"{""C0085104"": 1, ""C4042892"": 2}",0.9182958340544896,0.579380164285695,0.0
mm_0139812,BERT-base,controlled_paraphrase,mixed,0.5642458100558659,3,2,"{""C0085104"": 1, ""UMLS:C1283169"": 2}",0.9182958340544896,0.579380164285695,0.0
mm_0139812,BERT-base,synonym_substitution,noun,0.05592105263157894,3,2,"{""C0085104"": 2, ""UMLS:C0358514"": 1}",0.9182958340544896,0.579380164285695,0.0
mm_0139812,BioBERT,back_translation,mixed,0.13071895424836602,3,1,"{""UMLS:C1707887"": 3}",-0.0,-0.0,0.0
mm_0139812,BioBERT,controlled_paraphrase,mixed,0.5642458100558659,3,1,"{""UMLS:C1707887"": 3}",-0.0,-0.0,0.0
mm_0139812,BioBERT,synonym_substitution,noun,0.05592105263157894,3,1,"{""UMLS:C1707887"": 3}",-0.0,-0.0,0.0
mm_0139812,PubMedBERT,back_translation,mixed,0.13071895424836602,3,1,"{""C1447749"": 3}",-0.0,-0.0,0.0
mm_0139812,PubMedBERT,controlled_paraphrase,mixed,0.5642458100558659,3,1,"{""C1447749"": 3}",-0.0,-0.0,0.0
mm_0139812,PubMedBERT,synonym_substitution,noun,0.05592105263157894,3,1,"{""C1447749"": 3}",-0.0,-0.0,0.0
mm_0140869,BERT-base,back_translation,mixed,0.2489451476793249,3,1,"{""UMLS:C1257990"": 3}",-0.0,-0.0,0.0
mm_0140869,BERT-base,controlled_paraphrase,mixed,0.5061728395061729,3,1,"{""UMLS:C1257990"": 3}",-0.0,-0.0,0.0
mm_0140869,BioBERT,back_translation,mixed,0.2489451476793249,3,1,"{""UMLS:C1257990"": 3}",-0.0,-0.0,0.0
mm_0140869,BioBERT,controlled_paraphrase,mixed,0.5061728395061729,3,1,"{""UMLS:C1257990"": 3}",-0.0,-0.0,0.0
mm_0140869,PubMedBERT,back_translation,mixed,0.2489451476793249,3,1,"{""C1839576"": 3}",-0.0,-0.0,0.0
mm_0140869,PubMedBERT,controlled_paraphrase,mixed,0.5061728395061729,3,1,"{""C1839576"": 3}",-0.0,-0.0,0.0
mm_0141066,BERT-base,back_translation,mixed,0.11917098445595854,3,1,"{""UMLS:C1257990"": 3}",-0.0,-0.0,0.0
mm_0141066,BERT-base,controlled_paraphrase,mixed,0.35904255319148937,3,1,"{""UMLS:C1257990"": 3}",-0.0,-0.0,0.0
mm_0141066,BERT-base,synonym_substitution,verb,0.07894736842105263,2,1,"{""UMLS:C1257990"": 2}",-0.0,-0.0,0.0
mm_0141066,BioBERT,back_translation,mixed,0.11917098445595854,3,1,"{""UMLS:C1257990"": 3}",-0.0,-0.0,0.0
mm_0141066,BioBERT,controlled_paraphrase,mixed,0.35904255319148937,3,1,"{""UMLS:C1257990"": 3}",-0.0,-0.0,0.0
mm_0141066,BioBERT,synonym_substitution,verb,0.07894736842105263,2,1,"{""UMLS:C1257990"": 2}",-0.0,-0.0,0.0
mm_0141066,PubMedBERT,back_translation,mixed,0.11917098445595854,3,1,"{""C1447749"": 3}",-0.0,-0.0,0.0
mm_0141066,PubMedBERT,controlled_paraphrase,mixed,0.35904255319148937,3,1,"{""C1447749"": 3}",-0.0,-0.0,0.0
mm_0141066,PubMedBERT,synonym_substitution,verb,0.07894736842105263,2,1,"{""C1447749"": 2}",-0.0,-0.0,0.0
mm_0141706,BERT-base,back_translation,mixed,0.16666666666666666,3,1,"{""C0059563"": 3}",-0.0,-0.0,0.0
mm_0141706,BERT-base,synonym_substitution,noun,0.05472636815920398,2,1,"{""C0059563"": 2}",-0.0,-0.0,0.0
mm_0141706,BERT-base,synonym_substitution,verb,0.06,2,1,"{""C0059563"": 2}",-0.0,-0.0,0.0
mm_0141706,BioBERT,back_translation,mixed,0.16666666666666666,3,1,"{""C1312419"": 3}",-0.0,-0.0,0.0
mm_0141706,BioBERT,synonym_substitution,noun,0.05472636815920398,2,2,"{""C1312419"": 1, ""C0059563"": 1}",1.0,1.0,0.0
mm_0141706,BioBERT,synonym_substitution,verb,0.06,2,1,"{""C1312419"": 2}",-0.0,-0.0,0.0
mm_0141706,PubMedBERT,back_translation,mixed,0.16666666666666666,3,1,"{""C0015131"": 3}",-0.0,-0.0,0.0
mm_0141706,PubMedBERT,synonym_substitution,noun,0.05472636815920398,2,1,"{""C0015131"": 2}",-0.0,-0.0,0.0
mm_0141706,PubMedBERT,synonym_substitution,verb,0.06,2,1,"{""C0015131"": 2}",-0.0,-0.0,0.0
mm_0141847,BERT-base,back_translation,mixed,0.12468193384223919,3,1,"{""C1447749"": 3}",-0.0,-0.0,0.0
mm_0141847,BERT-base,controlled_paraphrase,mixed,0.5851063829787234,3,1,"{""C1447749"": 3}",-0.0,-0.0,0.0
mm_0141847,BERT-base,synonym_substitution,verb,0.06600959835088736,3,1,"{""C1447749"": 3}",-0.0,-0.0,0.0
mm_0141847,BioBERT,back_translation,mixed,0.12468193384223919,3,1,"{""UMLS:C1257990"": 3}",-0.0,-0.0,0.0
mm_0141847,BioBERT,controlled_paraphrase,mixed,0.5851063829787234,3,1,"{""UMLS:C1257990"": 3}",-0.0,-0.0,0.0
mm_0141847,BioBERT,synonym_substitution,verb,0.06600959835088736,3,1,"{""UMLS:C1257990"": 3}",-0.0,-0.0,0.0
mm_0141847,PubMedBERT,back_translation,mixed,0.12468193384223919,3,1,"{""C1839576"": 3}",-0.0,-0.0,0.0
mm_0141847,PubMedBERT,controlled_paraphrase,mixed,0.5851063829787234,3,1,"{""C1839576"": 3}",-0.0,-0.0,0.0
mm_0141847,PubMedBERT,synonym_substitution,verb,0.06600959835088736,3,1,"{""C1839576"": 3}",-0.0,-0.0,0.0
mm_0142210,BERT-base,back_translation,mixed,0.12290502793296089,3,2,"{""UMLS:C1257990"": 1, ""C0017263"": 2}",0.9182958340544896,0.579380164285695,0.0
mm_0142210,BERT-base,controlled_paraphrase,mixed,0.4095744680851064,3,2,"{""UMLS:C1257990"": 1, ""C0017263"": 2}",0.9182958340544896,0.579380164285695,0.0
mm_0142210,BERT-base,syntactic_reordering,mixed,0.16759776536312848,3,1,"{""UMLS:C1257990"": 3}",-0.0,-0.0,0.0
mm_0142210,BioBERT,back_translation,mixed,0.12290502793296089,3,1,"{""UMLS:C1257990"": 3}",-0.0,-0.0,0.0
mm_0142210,BioBERT,controlled_paraphrase,mixed,0.4095744680851064,3,1,"{""UMLS:C1257990"": 3}",-0.0,-0.0,0.0
mm_0142210,BioBERT,syntactic_reordering,mixed,0.16759776536312848,3,1,"{""UMLS:C1257990"": 3}",-0.0,-0.0,0.0
mm_0142210,PubMedBERT,back_translation,mixed,0.12290502793296089,3,1,"{""UMLS:C1257990"": 3}",-0.0,-0.0,0.0
mm_0142210,PubMedBERT,controlled_paraphrase,mixed,0.4095744680851064,3,2,"{""UMLS:C1257990"": 1, ""C1447749"": 2}",0.9182958340544896,0.579380164285695,0.0
mm_0142210,PubMedBERT,syntactic_reordering,mixed,0.16759776536312848,3,1,"{""UMLS:C1257990"": 3}",-0.0,-0.0,0.0
mm_0142481,BERT-base,back_translation,mixed,0.20080321285140562,3,1,"{""C1447749"": 3}",-0.0,-0.0,0.0
mm_0142481,BERT-base,controlled_paraphrase,mixed,0.21583278812713058,3,2,"{""C1447749"": 2, ""UMLS:C0242193"": 1}",0.9182958340544896,0.579380164285695,0.0
mm_0142481,BERT-base,synonym_substitution,noun,0.05128205128205128,2,1,"{""C1447749"": 2}",-0.0,-0.0,0.0
mm_0142481,BERT-base,synonym_substitution,verb,0.05106382978723404,2,1,"{""C1447749"": 2}",-0.0,-0.0,0.0
mm_0142481,BioBERT,back_translation,mixed,0.20080321285140562,3,2,"{""UMLS:C1257990"": 1, ""UMLS:C1707887"": 2}",0.9182958340544896,0.579380164285695,0.0
mm_0142481,BioBERT,controlled_paraphrase,mixed,0.21583278812713058,3,1,"{""UMLS:C1257990"": 3}",-0.0,-0.0,0.0
mm_0142481,BioBERT,synonym_substitution,noun,0.05128205128205128,2,1,"{""UMLS:C1257990"": 2}",-0.0,-0.0,0.0
mm_0142481,BioBERT,synonym_substitution,verb,0.05106382978723404,2,1,"{""UMLS:C1257990"": 2}",-0.0,-0.0,0.0
mm_0142481,PubMedBERT,back_translation,mixed,0.20080321285140562,3,2,"{""C1839576"": 1, ""C1447749"": 2}",0.9182958340544896,0.579380164285695,0.0
mm_0142481,PubMedBERT,controlled_paraphrase,mixed,0.21583278812713058,3,2,"{""C1839576"": 1, ""C0018966"": 2}",0.9182958340544896,0.579380164285695,0.0
mm_0142481,PubMedBERT,synonym_substitution,noun,0.05128205128205128,2,2,"{""C1839576"": 1, ""C1447749"": 1}",1.0,1.0,0.0
mm_0142481,PubMedBERT,synonym_substitution,verb,0.05106382978723404,2,2,"{""C1839576"": 1, ""C1447749"": 1}",1.0,1.0,0.0
mm_0142698,BERT-base,back_translation,mixed,0.055900621118012424,3,1,"{""UMLS:C1257990"": 3}",-0.0,-0.0,0.0
mm_0142698,BERT-base,controlled_paraphrase,mixed,0.515527950310559,3,1,"{""UMLS:C1257990"": 3}",-0.0,-0.0,0.0
mm_0142698,BERT-base,synonym_substitution,verb,0.11299435028248588,3,1,"{""UMLS:C1257990"": 3}",-0.0,-0.0,0.0
mm_0142698,BioBERT,back_translation,mixed,0.055900621118012424,3,1,"{""C0018081"": 3}",-0.0,-0.0,0.0
mm_0142698,BioBERT,controlled_paraphrase,mixed,0.515527950310559,3,1,"{""C0018081"": 3}",-0.0,-0.0,0.0
mm_0142698,BioBERT,synonym_substitution,verb,0.11299435028248588,3,1,"{""C0018081"": 3}",-0.0,-0.0,0.0
mm_0142698,PubMedBERT,back_translation,mixed,0.055900621118012424,3,1,"{""C1839576"": 3}",-0.0,-0.0,0.0
mm_0142698,PubMedBERT,controlled_paraphrase,mixed,0.515527950310559,3,1,"{""C1839576"": 3}",-0.0,-0.0,0.0
mm_0142698,PubMedBERT,synonym_substitution,verb,0.11299435028248588,3,1,"{""C1839576"": 3}",-0.0,-0.0,0.0
mm_0143950,BERT-base,back_translation,mixed,0.09230769230769231,3,1,"{""C0017973"": 3}",-0.0,-0.0,0.0
mm_0143950,BERT-base,synonym_substitution,noun,0.07043886955990966,3,1,"{""C0017973"": 3}",-0.0,-0.0,0.0
mm_0143950,BioBERT,back_translation,mixed,0.09230769230769231,3,1,"{""C1257880"": 3}",-0.0,-0.0,0.0
mm_0143950,BioBERT,synonym_substitution,noun,0.07043886955990966,3,1,"{""C1257880"": 3}",-0.0,-0.0,0.0
mm_0143950,PubMedBERT,back_translation,mixed,0.09230769230769231,3,1,"{""C1447749"": 3}",-0.0,-0.0,0.0
mm_0143950,PubMedBERT,synonym_substitution,noun,0.07043886955990966,3,1,"{""C1447749"": 3}",-0.0,-0.0,0.0
mm_0144339,BERT-base,back_translation,mixed,0.14444444444444443,3,1,"{""UMLS:C1257990"": 3}",-0.0,-0.0,0.0
mm_0144339,BERT-base,synonym_substitution,verb,0.06142270861833106,3,1,"{""UMLS:C1257990"": 3}",-0.0,-0.0,0.0
mm_0144339,BERT-base,syntactic_reordering,mixed,0.5294117647058824,2,1,"{""UMLS:C1257990"": 2}",-0.0,-0.0,0.0
mm_0144339,BERT-base,syntactic_reordering,noun,0.09411764705882353,2,1,"{""UMLS:C1257990"": 2}",-0.0,-0.0,0.0
mm_0144339,BioBERT,back_translation,mixed,0.14444444444444443,3,1,"{""C0061751"": 3}",-0.0,-0.0,0.0
mm_0144339,BioBERT,synonym_substitution,verb,0.06142270861833106,3,1,"{""C0061751"": 3}",-0.0,-0.0,0.0
mm_0144339,BioBERT,syntactic_reordering,mixed,0.5294117647058824,2,1,"{""C0061751"": 2}",-0.0,-0.0,0.0
mm_0144339,BioBERT,syntactic_reordering,noun,0.09411764705882353,2,1,"{""C0061751"": 2}",-0.0,-0.0,0.0
mm_0144339,PubMedBERT,back_translation,mixed,0.14444444444444443,3,1,"{""C1839576"": 3}",-0.0,-0.0,0.0
mm_0144339,PubMedBERT,synonym_substitution,verb,0.06142270861833106,3,1,"{""C1839576"": 3}",-0.0,-0.0,0.0
mm_0144339,PubMedBERT,syntactic_reordering,mixed,0.5294117647058824,2,1,"{""C1839576"": 2}",-0.0,-0.0,0.0
mm_0144339,PubMedBERT,syntactic_reordering,noun,0.09411764705882353,2,1,"{""C1839576"": 2}",-0.0,-0.0,0.0
mm_0144431,BERT-base,back_translation,mixed,0.2175925925925926,3,2,"{""C1447749"": 1, ""C1431519"": 2}",0.9182958340544896,0.579380164285695,0.0
mm_0144431,BERT-base,controlled_paraphrase,mixed,0.4342105263157895,3,1,"{""C1447749"": 3}",-0.0,-0.0,0.0
mm_0144431,BERT-base,synonym_substitution,verb,0.057753029527223075,3,1,"{""C1447749"": 3}",-0.0,-0.0,0.0
mm_0144431,BioBERT,back_translation,mixed,0.2175925925925926,3,1,"{""C1312419"": 3}",-0.0,-0.0,0.0
mm_0144431,BioBERT,controlled_paraphrase,mixed,0.4342105263157895,3,1,"{""C1312419"": 3}",-0.0,-0.0,0.0
mm_0144431,BioBERT,synonym_substitution,verb,0.057753029527223075,3,2,"{""C1312419"": 2, ""UMLS:C0280313"": 1}",0.9182958340544896,0.579380164285695,0.0
mm_0144431,PubMedBERT,back_translation,mixed,0.2175925925925926,3,2,"{""C0280321"": 1, ""C1839576"": 2}",0.9182958340544896,0.579380164285695,0.0
mm_0144431,PubMedBERT,controlled_paraphrase,mixed,0.4342105263157895,3,2,"{""C0280321"": 1, ""C1839576"": 2}",0.9182958340544896,0.579380164285695,0.0
mm_0144431,PubMedBERT,synonym_substitution,verb,0.057753029527223075,3,2,"{""C0280321"": 2, ""C1839576"": 1}",0.9182958340544896,0.579380164285695,0.0
mm_0144945,BERT-base,back_translation,mixed,0.16666666666666666,3,1,"{""C1447749"": 3}",-0.0,-0.0,0.0
mm_0144945,BERT-base,controlled_paraphrase,mixed,0.35802469135802467,3,1,"{""C1447749"": 3}",-0.0,-0.0,0.0
mm_0144945,BioBERT,back_translation,mixed,0.16666666666666666,3,2,"{""C1447749"": 1, ""UMLS:C1707887"": 2}",0.9182958340544896,0.579380164285695,0.0
mm_0144945,BioBERT,controlled_paraphrase,mixed,0.35802469135802467,3,3,"{""C1447749"": 1, ""UMLS:C1707887"": 1, ""C0075128"": 1}",1.584962500721156,1.0,0.0
mm_0144945,PubMedBERT,back_translation,mixed,0.16666666666666666,3,2,"{""C1839576"": 1, ""C1447749"": 2}",0.9182958340544896,0.579380164285695,0.0
mm_0144945,PubMedBERT,controlled_paraphrase,mixed,0.35802469135802467,3,2,"{""C1839576"": 1, ""C1447749"": 2}",0.9182958340544896,0.579380164285695,0.0
mm_0146127,BERT-base,back_translation,mixed,0.1391304347826087,3,1,"{""UMLS:C0358514"": 3}",-0.0,-0.0,0.0
mm_0146127,BERT-base,controlled_paraphrase,mixed,0.17699115044247787,3,1,"{""UMLS:C0358514"": 3}",-0.0,-0.0,0.0
mm_0146127,BERT-base,synonym_substitution,noun,0.0931174089068826,2,1,"{""UMLS:C0358514"": 2}",-0.0,-0.0,0.0
mm_0146127,BERT-base,synonym_substitution,verb,0.1375,2,1,"{""UMLS:C0358514"": 2}",-0.0,-0.0,0.0
mm_0146127,BioBERT,back_translation,mixed,0.1391304347826087,3,2,"{""UMLS:C1707887"": 1, ""UMLS:C1257990"": 2}",0.9182958340544896,0.579380164285695,0.0
mm_0146127,BioBERT,controlled_paraphrase,mixed,0.17699115044247787,3,1,"{""UMLS:C1707887"": 3}",-0.0,-0.0,0.0
mm_0146127,BioBERT,synonym_substitution,noun,0.0931174089068826,2,1,"{""UMLS:C1707887"": 2}",-0.0,-0.0,0.0
mm_0146127,BioBERT,synonym_substitution,verb,0.1375,2,1,"{""UMLS:C1707887"": 2}",-0.0,-0.0,0.0
mm_0146127,PubMedBERT,back_translation,mixed,0.1391304347826087,3,1,"{""C0018966"": 3}",-0.0,-0.0,0.0
mm_0146127,PubMedBERT,controlled_paraphrase,mixed,0.17699115044247787,3,1,"{""C0018966"": 3}",-0.0,-0.0,0.0
mm_0146127,PubMedBERT,synonym_substitution,noun,0.0931174089068826,2,1,"{""C0018966"": 2}",-0.0,-0.0,0.0
mm_0146127,PubMedBERT,synonym_substitution,verb,0.1375,2,1,"{""C0018966"": 2}",-0.0,-0.0,0.0
mm_0146149,BERT-base,controlled_paraphrase,mixed,0.4632144878324844,3,2,"{""C1312419"": 2, ""UMLS:C3808257"": 1}",0.9182958340544896,0.579380164285695,0.0
mm_0146149,BERT-base,synonym_substitution,modifier,0.10526315789473684,2,1,"{""C1312419"": 2}",-0.0,-0.0,0.0
mm_0146149,BERT-base,synonym_substitution,verb,0.09574468085106383,2,1,"{""C1312419"": 2}",-0.0,-0.0,0.0
mm_0146149,BioBERT,controlled_paraphrase,mixed,0.4632144878324844,3,1,"{""UMLS:C1707887"": 3}",-0.0,-0.0,0.0
mm_0146149,BioBERT,synonym_substitution,modifier,0.10526315789473684,2,1,"{""UMLS:C1707887"": 2}",-0.0,-0.0,0.0
mm_0146149,BioBERT,synonym_substitution,verb,0.09574468085106383,2,1,"{""UMLS:C1707887"": 2}",-0.0,-0.0,0.0
mm_0146149,PubMedBERT,controlled_paraphrase,mixed,0.4632144878324844,3,2,"{""C1839576"": 2, ""UMLS:C1707887"": 1}",0.9182958340544896,0.579380164285695,0.0
mm_0146149,PubMedBERT,synonym_substitution,modifier,0.10526315789473684,2,2,"{""C1839576"": 1, ""UMLS:C1707887"": 1}",1.0,1.0,0.0
mm_0146149,PubMedBERT,synonym_substitution,verb,0.09574468085106383,2,2,"{""C1839576"": 1, ""UMLS:C1707887"": 1}",1.0,1.0,0.0
mm_0146435,BERT-base,back_translation,mixed,0.23628691983122363,3,1,"{""C1447749"": 3}",-0.0,-0.0,0.0
mm_0146435,BERT-base,controlled_paraphrase,mixed,0.27705627705627706,3,1,"{""C1447749"": 3}",-0.0,-0.0,0.0
mm_0146435,BERT-base,synonym_substitution,modifier,0.07234042553191489,2,1,"{""C1447749"": 2}",-0.0,-0.0,0.0
mm_0146435,BERT-base,synonym_substitution,verb,0.05531914893617021,2,1,"{""C1447749"": 2}",-0.0,-0.0,0.0
mm_0146435,BERT-base,syntactic_reordering,modifier,0.07792207792207792,3,1,"{""C1447749"": 3}",-0.0,-0.0,0.0
mm_0146435,BioBERT,back_translation,mixed,0.23628691983122363,3,1,"{""UMLS:C1257990"": 3}",-0.0,-0.0,0.0
mm_0146435,BioBERT,controlled_paraphrase,mixed,0.27705627705627706,3,1,"{""UMLS:C1257990"": 3}",-0.0,-0.0,0.0
mm_0146435,BioBERT,synonym_substitution,modifier,0.07234042553191489,2,1,"{""UMLS:C1257990"": 2}",-0.0,-0.0,0.0
mm_0146435,BioBERT,synonym_substitution,verb,0.05531914893617021,2,1,"{""UMLS:C1257990"": 2}",-0.0,-0.0,0.0
mm_0146435,BioBERT,syntactic_reordering,modifier,0.07792207792207792,3,2,"{""UMLS:C1257990"": 1, ""UMLS:C1707887"": 2}",0.9182958340544896,0.579380164285695,0.0
mm_0146435,PubMedBERT,back_translation,mixed,0.23628691983122363,3,1,"{""C1447749"": 3}",-0.0,-0.0,0.0
mm_0146435,PubMedBERT,controlled_paraphrase,mixed,0.27705627705627706,3,1,"{""C1447749"": 3}",-0.0,-0.0,0.0
mm_0146435,PubMedBERT,synonym_substitution,modifier,0.07234042553191489,2,1,"{""C1447749"": 2}",-0.0,-0.0,0.0
mm_0146435,PubMedBERT,synonym_substitution,verb,0.05531914893617021,2,1,"{""C1447749"": 2}",-0.0,-0.0,0.0
mm_0146435,PubMedBERT,syntactic_reordering,modifier,0.07792207792207792,3,1,"{""C1447749"": 3}",-0.0,-0.0,0.0
mm_0146865,BERT-base,controlled_paraphrase,mixed,0.11969111969111969,3,1,"{""C0085472"": 3}",-0.0,-0.0,0.0
mm_0146865,BERT-base,synonym_substitution,modifier,0.05220883534136546,2,1,"{""C0085472"": 2}",-0.0,-0.0,0.0
mm_0146865,BERT-base,synonym_substitution,noun,0.05138339920948617,2,1,"{""C0085472"": 2}",-0.0,-0.0,0.0
mm_0146865,BioBERT,controlled_paraphrase,mixed,0.11969111969111969,3,2,"{""C0265267"": 1, ""C1447749"": 2}",0.9182958340544896,0.579380164285695,0.0
mm_0146865,BioBERT,synonym_substitution,modifier,0.05220883534136546,2,2,"{""C0265267"": 1, ""C1447749"": 1}",1.0,1.0,0.0
mm_0146865,BioBERT,synonym_substitution,noun,0.05138339920948617,2,1,"{""C0265267"": 2}",-0.0,-0.0,0.0
mm_0146865,PubMedBERT,controlled_paraphrase,mixed,0.11969111969111969,3,1,"{""C1447749"": 3}",-0.0,-0.0,0.0
mm_0146865,PubMedBERT,synonym_substitution,modifier,0.05220883534136546,2,1,"{""C1447749"": 2}",-0.0,-0.0,0.0
mm_0146865,PubMedBERT,synonym_substitution,noun,0.05138339920948617,2,1,"{""C1447749"": 2}",-0.0,-0.0,0.0
mm_0146868,BERT-base,back_translation,mixed,0.1118421052631579,3,1,"{""UMLS:C0242724"": 3}",-0.0,-0.0,1.0
mm_0146868,BERT-base,controlled_paraphrase,mixed,0.5133333333333333,3,1,"{""UMLS:C0242724"": 3}",-0.0,-0.0,1.0
mm_0146868,BERT-base,synonym_substitution,verb,0.08142347848230201,3,1,"{""UMLS:C0242724"": 3}",-0.0,-0.0,1.0
mm_0146868,BioBERT,back_translation,mixed,0.1118421052631579,3,1,"{""C0265267"": 3}",-0.0,-0.0,0.0
mm_0146868,BioBERT,controlled_paraphrase,mixed,0.5133333333333333,3,1,"{""C0265267"": 3}",-0.0,-0.0,0.0
mm_0146868,BioBERT,synonym_substitution,verb,0.08142347848230201,3,1,"{""C0265267"": 3}",-0.0,-0.0,0.0
mm_0146868,PubMedBERT,back_translation,mixed,0.1118421052631579,3,2,"{""C1447749"": 1, ""UMLS:C0242724"": 2}",0.9182958340544896,0.579380164285695,0.6666666666666666
mm_0146868,PubMedBERT,controlled_paraphrase,mixed,0.5133333333333333,3,2,"{""C1447749"": 1, ""UMLS:C0242724"": 2}",0.9182958340544896,0.579380164285695,0.6666666666666666
mm_0146868,PubMedBERT,synonym_substitution,verb,0.08142347848230201,3,1,"{""C1447749"": 3}",-0.0,-0.0,0.0
mm_0147167,BERT-base,back_translation,mixed,0.2727272727272727,3,1,"{""UMLS:C1257990"": 3}",-0.0,-0.0,0.0
mm_0147167,BERT-base,synonym_substitution,noun,0.1,2,1,"{""UMLS:C1257990"": 2}",-0.0,-0.0,0.0
mm_0147167,BERT-base,synonym_substitution,verb,0.09569377990430622,2,1,"{""UMLS:C1257990"": 2}",-0.0,-0.0,0.0
mm_0147167,BioBERT,back_translation,mixed,0.2727272727272727,3,1,"{""UMLS:C2919551"": 3}",-0.0,-0.0,0.0
mm_0147167,BioBERT,synonym_substitution,noun,0.1,2,1,"{""UMLS:C2919551"": 2}",-0.0,-0.0,0.0
mm_0147167,BioBERT,synonym_substitution,verb,0.09569377990430622,2,1,"{""UMLS:C2919551"": 2}",-0.0,-0.0,0.0
mm_0147167,PubMedBERT,back_translation,mixed,0.2727272727272727,3,1,"{""C1839576"": 3}",-0.0,-0.0,0.0
mm_0147167,PubMedBERT,synonym_substitution,noun,0.1,2,1,"{""C1839576"": 2}",-0.0,-0.0,0.0
mm_0147167,PubMedBERT,synonym_substitution,verb,0.09569377990430622,2,1,"{""C1839576"": 2}",-0.0,-0.0,0.0
mm_0147345,BERT-base,back_translation,mixed,0.053763440860215055,3,1,"{""C1447749"": 3}",-0.0,-0.0,0.0
mm_0147345,BERT-base,controlled_paraphrase,mixed,0.49636363636363634,3,1,"{""C1447749"": 3}",-0.0,-0.0,0.0
mm_0147345,BioBERT,back_translation,mixed,0.053763440860215055,3,1,"{""C0008396"": 3}",-0.0,-0.0,0.0
mm_0147345,BioBERT,controlled_paraphrase,mixed,0.49636363636363634,3,1,"{""C0008396"": 3}",-0.0,-0.0,0.0
mm_0147345,PubMedBERT,back_translation,mixed,0.053763440860215055,3,1,"{""C1370369"": 3}",-0.0,-0.0,0.0
mm_0147345,PubMedBERT,controlled_paraphrase,mixed,0.49636363636363634,3,2,"{""C1370369"": 1, ""C1447749"": 2}",0.9182958340544896,0.579380164285695,0.0
mm_0148129,BERT-base,back_translation,verb,0.05181347150259067,3,1,"{""C1447749"": 3}",-0.0,-0.0,0.0
mm_0148129,BERT-base,controlled_paraphrase,mixed,0.53125,3,1,"{""C1447749"": 3}",-0.0,-0.0,0.0
mm_0148129,BERT-base,synonym_substitution,modifier,0.085,2,1,"{""C1447749"": 2}",-0.0,-0.0,0.0
mm_0148129,BERT-base,synonym_substitution,noun,0.08080808080808081,2,1,"{""C1447749"": 2}",-0.0,-0.0,0.0
mm_0148129,BioBERT,back_translation,verb,0.05181347150259067,3,1,"{""UMLS:C1257990"": 3}",-0.0,-0.0,0.0
mm_0148129,BioBERT,controlled_paraphrase,mixed,0.53125,3,1,"{""UMLS:C1257990"": 3}",-0.0,-0.0,0.0
mm_0148129,BioBERT,synonym_substitution,modifier,0.085,2,1,"{""UMLS:C1257990"": 2}",-0.0,-0.0,0.0
mm_0148129,BioBERT,synonym_substitution,noun,0.08080808080808081,2,1,"{""UMLS:C1257990"": 2}",-0.0,-0.0,0.0
mm_0148129,PubMedBERT,back_translation,verb,0.05181347150259067,3,1,"{""C1839576"": 3}",-0.0,-0.0,0.0
mm_0148129,PubMedBERT,controlled_paraphrase,mixed,0.53125,3,1,"{""C1839576"": 3}",-0.0,-0.0,0.0
mm_0148129,PubMedBERT,synonym_substitution,modifier,0.085,2,1,"{""C1839576"": 2}",-0.0,-0.0,0.0
mm_0148129,PubMedBERT,synonym_substitution,noun,0.08080808080808081,2,1,"{""C1839576"": 2}",-0.0,-0.0,0.0
mm_0148711,BERT-base,back_translation,modifier,0.11267605633802817,3,2,"{""UMLS:C0752046"": 1, ""C1308232"": 2}",0.9182958340544896,0.579380164285695,0.0
mm_0148711,BERT-base,controlled_paraphrase,mixed,0.5192307692307693,3,2,"{""UMLS:C0752046"": 1, ""C2936621"": 2}",0.9182958340544896,0.579380164285695,0.0
mm_0148711,BERT-base,synonym_substitution,verb,0.06521739130434782,3,3,"{""UMLS:C0752046"": 1, ""C3640077"": 1, ""C1136156"": 1}",1.584962500721156,1.0,0.0
mm_0148711,BioBERT,back_translation,modifier,0.11267605633802817,3,1,"{""UMLS:C1257990"": 3}",-0.0,-0.0,0.0
mm_0148711,BioBERT,controlled_paraphrase,mixed,0.5192307692307693,3,1,"{""UMLS:C1257990"": 3}",-0.0,-0.0,0.0
mm_0148711,BioBERT,synonym_substitution,verb,0.06521739130434782,3,1,"{""UMLS:C1257990"": 3}",-0.0,-0.0,0.0
mm_0148711,PubMedBERT,back_translation,modifier,0.11267605633802817,3,2,"{""C1447749"": 1, ""UMLS:C1257990"": 2}",0.9182958340544896,0.579380164285695,0.0
mm_0148711,PubMedBERT,controlled_paraphrase,mixed,0.5192307692307693,3,2,"{""C1447749"": 1, ""UMLS:C1257990"": 2}",0.9182958340544896,0.579380164285695,0.0
mm_0148711,PubMedBERT,synonym_substitution,verb,0.06521739130434782,3,2,"{""C1447749"": 2, ""C0752170"": 1}",0.9182958340544896,0.579380164285695,0.0
mm_0148991,BERT-base,back_translation,noun,0.1048951048951049,3,2,"{""UMLS:C0752046"": 1, ""UMLS:C1257990"": 2}",0.9182958340544896,0.579380164285695,0.0
mm_0148991,BERT-base,controlled_paraphrase,mixed,0.4195804195804196,3,1,"{""UMLS:C0752046"": 3}",-0.0,-0.0,0.0
mm_0148991,BERT-base,synonym_substitution,function_word,0.07692307692307693,2,1,"{""UMLS:C0752046"": 2}",-0.0,-0.0,0.0
mm_0148991,BERT-base,synonym_substitution,modifier,0.06622516556291391,2,1,"{""UMLS:C0752046"": 2}",-0.0,-0.0,0.0
mm_0148991,BioBERT,back_translation,noun,0.1048951048951049,3,2,"{""UMLS:C1257990"": 1, ""UMLS:C1707887"": 2}",0.9182958340544896,0.579380164285695,0.0
mm_0148991,BioBERT,controlled_paraphrase,mixed,0.4195804195804196,3,2,"{""UMLS:C1257990"": 2, ""UMLS:C1707887"": 1}",0.9182958340544896,0.579380164285695,0.0
mm_0148991,BioBERT,synonym_substitution,function_word,0.07692307692307693,2,1,"{""UMLS:C1257990"": 2}",-0.0,-0.0,0.0
mm_0148991,BioBERT,synonym_substitution,modifier,0.06622516556291391,2,1,"{""UMLS:C1257990"": 2}",-0.0,-0.0,0.0
mm_0148991,PubMedBERT,back_translation,noun,0.1048951048951049,3,1,"{""C1839576"": 3}",-0.0,-0.0,0.0
mm_0148991,PubMedBERT,controlled_paraphrase,mixed,0.4195804195804196,3,1,"{""C1839576"": 3}",-0.0,-0.0,0.0
mm_0148991,PubMedBERT,synonym_substitution,function_word,0.07692307692307693,2,1,"{""C1839576"": 2}",-0.0,-0.0,0.0
mm_0148991,PubMedBERT,synonym_substitution,modifier,0.06622516556291391,2,1,"{""C1839576"": 2}",-0.0,-0.0,0.0
mm_0150343,BERT-base,back_translation,mixed,0.1743119266055046,3,1,"{""UMLS:C1257990"": 3}",-0.0,-0.0,0.0
mm_0150343,BERT-base,controlled_paraphrase,mixed,0.27522935779816515,2,1,"{""UMLS:C1257990"": 2}",-0.0,-0.0,0.0
mm_0150343,BERT-base,controlled_paraphrase,verb,0.10091743119266056,2,1,"{""UMLS:C1257990"": 2}",-0.0,-0.0,0.0
mm_0150343,BERT-base,synonym_substitution,noun,0.11415289256198347,3,1,"{""UMLS:C1257990"": 3}",-0.0,-0.0,0.0
mm_0150343,BioBERT,back_translation,mixed,0.1743119266055046,3,2,"{""C1312419"": 1, ""UMLS:C1257990"": 2}",0.9182958340544896,0.579380164285695,0.0
mm_0150343,BioBERT,controlled_paraphrase,mixed,0.27522935779816515,2,2,"{""C1312419"": 1, ""UMLS:C1257990"": 1}",1.0,1.0,0.0
mm_0150343,BioBERT,controlled_paraphrase,verb,0.10091743119266056,2,1,"{""C1312419"": 2}",-0.0,-0.0,0.0
mm_0150343,BioBERT,synonym_substitution,noun,0.11415289256198347,3,2,"{""C1312419"": 2, ""UMLS:C1257990"": 1}",0.9182958340544896,0.579380164285695,0.0
mm_0150343,PubMedBERT,back_translation,mixed,0.1743119266055046,3,1,"{""C1447749"": 3}",-0.0,-0.0,0.0
mm_0150343,PubMedBERT,controlled_paraphrase,mixed,0.27522935779816515,2,1,"{""C1447749"": 2}",-0.0,-0.0,0.0
mm_0150343,PubMedBERT,controlled_paraphrase,verb,0.10091743119266056,2,1,"{""C1447749"": 2}",-0.0,-0.0,0.0
mm_0150343,PubMedBERT,synonym_substitution,noun,0.11415289256198347,3,1,"{""C1447749"": 3}",-0.0,-0.0,0.0
mm_0150931,BERT-base,back_translation,mixed,0.08936170212765958,3,1,"{""UMLS:C1257990"": 3}",-0.0,-0.0,0.0
mm_0150931,BERT-base,controlled_paraphrase,mixed,0.32978723404255317,3,1,"{""UMLS:C1257990"": 3}",-0.0,-0.0,0.0
mm_0150931,BERT-base,synonym_substitution,verb,0.05531914893617021,2,1,"{""UMLS:C1257990"": 2}",-0.0,-0.0,0.0
mm_0150931,BioBERT,back_translation,mixed,0.08936170212765958,3,1,"{""UMLS:C1257990"": 3}",-0.0,-0.0,0.0
mm_0150931,BioBERT,controlled_paraphrase,mixed,0.32978723404255317,3,2,"{""UMLS:C1257990"": 2, ""C1868801"": 1}",0.9182958340544896,0.579380164285695,0.0
mm_0150931,BioBERT,synonym_substitution,verb,0.05531914893617021,2,1,"{""UMLS:C1257990"": 2}",-0.0,-0.0,0.0
mm_0150931,PubMedBERT,back_translation,mixed,0.08936170212765958,3,1,"{""C1839576"": 3}",-0.0,-0.0,0.0
mm_0150931,PubMedBERT,controlled_paraphrase,mixed,0.32978723404255317,3,1,"{""C1839576"": 3}",-0.0,-0.0,0.0
mm_0150931,PubMedBERT,synonym_substitution,verb,0.05531914893617021,2,1,"{""C1839576"": 2}",-0.0,-0.0,0.0
mm_0151404,BERT-base,back_translation,mixed,0.17647058823529413,3,2,"{""C0080092"": 1, ""C1447749"": 2}",0.9182958340544896,0.579380164285695,0.0
mm_0151404,BERT-base,controlled_paraphrase,mixed,0.531648407969761,3,3,"{""C0080092"": 1, ""C0055966"": 1, ""C0524984"": 1}",1.584962500721156,1.0,0.0
mm_0151404,BERT-base,synonym_substitution,noun,0.1,2,2,"{""C0080092"": 1, ""C1447749"": 1}",1.0,1.0,0.0
mm_0151404,BERT-base,synonym_substitution,verb,0.08196721311475409,2,2,"{""C0080092"": 1, ""C1447749"": 1}",1.0,1.0,0.0
mm_0151404,BioBERT,back_translation,mixed,0.17647058823529413,3,1,"{""UMLS:C1707887"": 3}",-0.0,-0.0,0.0
mm_0151404,BioBERT,controlled_paraphrase,mixed,0.531648407969761,3,3,"{""UMLS:C1707887"": 1, ""UMLS:C1257990"": 1, ""C1370369"": 1}",1.584962500721156,1.0,0.0
mm_0151404,BioBERT,synonym_substitution,noun,0.1,2,1,"{""UMLS:C1707887"": 2}",-0.0,-0.0,0.0
mm_0151404,BioBERT,synonym_substitution,verb,0.08196721311475409,2,1,"{""UMLS:C1707887"": 2}",-0.0,-0.0,0.0
mm_0151404,PubMedBERT,back_translation,mixed,0.17647058823529413,3,1,"{""C1839576"": 3}",-0.0,-0.0,0.0
mm_0151404,PubMedBERT,controlled_paraphrase,mixed,0.531648407969761,3,1,"{""C1839576"": 3}",-0.0,-0.0,0.0
mm_0151404,PubMedBERT,synonym_substitution,noun,0.1,2,1,"{""C1839576"": 2}",-0.0,-0.0,0.0
mm_0151404,PubMedBERT,synonym_substitution,verb,0.08196721311475409,2,2,"{""C1839576"": 1, ""C1447749"": 1}",1.0,1.0,0.0
mm_0151426,BERT-base,back_translation,mixed,0.20491803278688525,3,2,"{""UMLS:C0242193"": 1, ""UMLS:C0358514"": 2}",0.9182958340544896,0.579380164285695,0.0
mm_0151426,BERT-base,controlled_paraphrase,mixed,0.06086956521739131,3,1,"{""UMLS:C0242193"": 3}",-0.0,-0.0,0.0
mm_0151426,BERT-base,synonym_substitution,noun,0.05519293184276956,3,1,"{""UMLS:C0242193"": 3}",-0.0,-0.0,0.0
mm_0151426,BioBERT,back_translation,mixed,0.20491803278688525,3,1,"{""C0265267"": 3}",-0.0,-0.0,0.0
mm_0151426,BioBERT,controlled_paraphrase,mixed,0.06086956521739131,3,1,"{""C0265267"": 3}",-0.0,-0.0,0.0
mm_0151426,BioBERT,synonym_substitution,noun,0.05519293184276956,3,1,"{""C0265267"": 3}",-0.0,-0.0,0.0
mm_0151426,PubMedBERT,back_translation,mixed,0.20491803278688525,3,1,"{""C1839576"": 3}",-0.0,-0.0,0.0
mm_0151426,PubMedBERT,controlled_paraphrase,mixed,0.06086956521739131,3,1,"{""C1839576"": 3}",-0.0,-0.0,0.0
mm_0151426,PubMedBERT,synonym_substitution,noun,0.05519293184276956,3,1,"{""C1839576"": 3}",-0.0,-0.0,0.0
mm_0152117,BERT-base,back_translation,mixed,0.24509803921568626,3,2,"{""C1739108"": 1, ""C3714500"": 2}",0.9182958340544896,0.579380164285695,0.0
mm_0152117,BERT-base,controlled_paraphrase,mixed,0.5360824742268041,3,2,"{""C1739108"": 1, ""C3714500"": 2}",0.9182958340544896,0.579380164285695,0.0
mm_0152117,BERT-base,synonym_substitution,noun,0.05,2,1,"{""C1739108"": 2}",-0.0,-0.0,0.0
mm_0152117,BERT-base,synonym_substitution,verb,0.08163265306122448,2,2,"{""C1739108"": 1, ""UMLS:C2350390"": 1}",1.0,1.0,0.0
mm_0152117,BERT-base,syntactic_reordering,mixed,0.4536082474226804,3,1,"{""C1739108"": 3}",-0.0,-0.0,0.0
mm_0152117,BioBERT,back_translation,mixed,0.24509803921568626,3,2,"{""UMLS:C1707887"": 1, ""UMLS:C0919821"": 2}",0.9182958340544896,0.579380164285695,0.0
mm_0152117,BioBERT,controlled_paraphrase,mixed,0.5360824742268041,3,2,"{""UMLS:C1707887"": 1, ""UMLS:C0919821"": 2}",0.9182958340544896,0.579380164285695,0.0
mm_0152117,BioBERT,synonym_substitution,noun,0.05,2,2,"{""UMLS:C1707887"": 1, ""UMLS:C0919821"": 1}",1.0,1.0,0.0
mm_0152117,BioBERT,synonym_substitution,verb,0.08163265306122448,2,1,"{""UMLS:C1707887"": 2}",-0.0,-0.0,0.0
mm_0152117,BioBERT,syntactic_reordering,mixed,0.4536082474226804,3,1,"{""UMLS:C1707887"": 3}",-0.0,-0.0,0.0
mm_0152117,PubMedBERT,back_translation,mixed,0.24509803921568626,3,1,"{""C1839576"": 3}",-0.0,-0.0,0.0
mm_0152117,PubMedBERT,controlled_paraphrase,mixed,0.5360824742268041,3,1,"{""C1839576"": 3}",-0.0,-0.0,0.0
mm_0152117,PubMedBERT,synonym_substitution,noun,0.05,2,1,"{""C1839576"": 2}",-0.0,-0.0,0.0
mm_0152117,PubMedBERT,synonym_substitution,verb,0.08163265306122448,2,1,"{""C1839576"": 2}",-0.0,-0.0,0.0
mm_0152117,PubMedBERT,syntactic_reordering,mixed,0.4536082474226804,3,2,"{""C1839576"": 1, ""C1447749"": 2}",0.9182958340544896,0.579380164285695,0.0
mm_0152683,BERT-base,back_translation,mixed,0.3147632311977716,3,1,"{""UMLS:C0919821"": 3}",-0.0,-0.0,0.0
mm_0152683,BERT-base,controlled_paraphrase,mixed,0.3176470588235294,3,1,"{""UMLS:C0919821"": 3}",-0.0,-0.0,0.0
mm_0152683,BioBERT,back_translation,mixed,0.3147632311977716,3,1,"{""C1447749"": 3}",-0.0,-0.0,0.0
mm_0152683,BioBERT,controlled_paraphrase,mixed,0.3176470588235294,3,1,"{""C1447749"": 3}",-0.0,-0.0,0.0
mm_0152683,PubMedBERT,back_translation,mixed,0.3147632311977716,3,1,"{""C1447749"": 3}",-0.0,-0.0,0.0
mm_0152683,PubMedBERT,controlled_paraphrase,mixed,0.3176470588235294,3,1,"{""C1447749"": 3}",-0.0,-0.0,0.0
mm_0153470,BERT-base,back_translation,mixed,0.18396226415094338,3,2,"{""C1447749"": 1, ""UMLS:C2350390"": 2}",0.9182958340544896,0.579380164285695,0.0
mm_0153470,BERT-base,controlled_paraphrase,mixed,0.3333333333333333,3,1,"{""C1447749"": 3}",-0.0,-0.0,0.0
mm_0153470,BioBERT,back_translation,mixed,0.18396226415094338,3,1,"{""UMLS:C1707887"": 3}",-0.0,-0.0,0.0
mm_0153470,BioBERT,controlled_paraphrase,mixed,0.3333333333333333,3,2,"{""UMLS:C1707887"": 1, ""UMLS:C1257990"": 2}",0.9182958340544896,0.579380164285695,0.0
mm_0153470,PubMedBERT,back_translation,mixed,0.18396226415094338,3,1,"{""C1447749"": 3}",-0.0,-0.0,0.0
mm_0153470,PubMedBERT,controlled_paraphrase,mixed,0.3333333333333333,3,2,"{""C1447749"": 1, ""C1839576"": 2}",0.9182958340544896,0.579380164285695,0.0
mm_0153880,BERT-base,back_translation,mixed,0.23743016759776536,3,1,"{""C1447749"": 3}",-0.0,-0.0,0.0
mm_0153880,BERT-base,controlled_paraphrase,mixed,0.3226256983240223,3,1,"{""C1447749"": 3}",-0.0,-0.0,0.0
mm_0153880,BERT-base,synonym_substitution,verb,0.05509641873278237,2,1,"{""C1447749"": 2}",-0.0,-0.0,0.0
mm_0153880,BioBERT,back_translation,mixed,0.23743016759776536,3,1,"{""C0027609"": 3}",-0.0,-0.0,0.0
mm_0153880,BioBERT,controlled_paraphrase,mixed,0.3226256983240223,3,1,"{""C0027609"": 3}",-0.0,-0.0,0.0
mm_0153880,BioBERT,synonym_substitution,verb,0.05509641873278237,2,1,"{""C0027609"": 2}",-0.0,-0.0,0.0
mm_0153880,PubMedBERT,back_translation,mixed,0.23743016759776536,3,1,"{""C1839576"": 3}",-0.0,-0.0,0.0
mm_0153880,PubMedBERT,controlled_paraphrase,mixed,0.3226256983240223,3,1,"{""C1839576"": 3}",-0.0,-0.0,0.0
mm_0153880,PubMedBERT,synonym_substitution,verb,0.05509641873278237,2,1,"{""C1839576"": 2}",-0.0,-0.0,0.0
mm_0155776,BERT-base,back_translation,mixed,0.09433962264150944,3,1,"{""C1447749"": 3}",-0.0,-0.0,0.0
mm_0155776,BERT-base,controlled_paraphrase,mixed,0.4119496855345912,3,2,"{""C1447749"": 1, ""C0246486"": 2}",0.9182958340544896,0.579380164285695,0.0
mm_0155776,BioBERT,back_translation,mixed,0.09433962264150944,3,1,"{""C1312419"": 3}",-0.0,-0.0,0.0
mm_0155776,BioBERT,controlled_paraphrase,mixed,0.4119496855345912,3,1,"{""C1312419"": 3}",-0.0,-0.0,0.0
mm_0155776,PubMedBERT,back_translation,mixed,0.09433962264150944,3,1,"{""C1447749"": 3}",-0.0,-0.0,0.0
mm_0155776,PubMedBERT,controlled_paraphrase,mixed,0.4119496855345912,3,1,"{""C1447749"": 3}",-0.0,-0.0,0.0
mm_0156493,BERT-base,back_translation,mixed,0.33984375,3,1,"{""C1447749"": 3}",-0.0,-0.0,0.0
mm_0156493,BERT-base,controlled_paraphrase,mixed,0.32916666666666666,3,2,"{""C1447749"": 1, ""C0525041"": 2}",0.9182958340544896,0.579380164285695,0.0
mm_0156493,BERT-base,syntactic_reordering,mixed,0.11666666666666667,3,1,"{""C1447749"": 3}",-0.0,-0.0,0.0
mm_0156493,BioBERT,back_translation,mixed,0.33984375,3,2,"{""UMLS:C1257990"": 1, ""C1447749"": 2}",0.9182958340544896,0.579380164285695,0.0
mm_0156493,BioBERT,controlled_paraphrase,mixed,0.32916666666666666,3,1,"{""UMLS:C1257990"": 3}",-0.0,-0.0,0.0
mm_0156493,BioBERT,syntactic_reordering,mixed,0.11666666666666667,3,2,"{""UMLS:C1257990"": 1, ""C1447749"": 2}",0.9182958340544896,0.579380164285695,0.0
mm_0156493,PubMedBERT,back_translation,mixed,0.33984375,3,1,"{""C1839576"": 3}",-0.0,-0.0,0.0
mm_0156493,PubMedBERT,controlled_paraphrase,mixed,0.32916666666666666,3,1,"{""C1839576"": 3}",-0.0,-0.0,0.0
mm_0156493,PubMedBERT,syntactic_reordering,mixed,0.11666666666666667,3,1,"{""C1839576"": 3}",-0.0,-0.0,0.0
mm_0156624,BERT-base,back_translation,mixed,0.15945945945945947,3,1,"{""UMLS:C1257990"": 3}",-0.0,-0.0,0.0
mm_0156624,BERT-base,controlled_paraphrase,mixed,0.13108108108108107,3,1,"{""UMLS:C1257990"": 3}",-0.0,-0.0,0.0
mm_0156624,BERT-base,synonym_substitution,noun,0.07427055702917772,3,1,"{""UMLS:C1257990"": 3}",-0.0,-0.0,0.0
mm_0156624,BioBERT,back_translation,mixed,0.15945945945945947,3,1,"{""UMLS:C1257990"": 3}",-0.0,-0.0,0.0
mm_0156624,BioBERT,controlled_paraphrase,mixed,0.13108108108108107,3,2,"{""UMLS:C1257990"": 2, ""C1312419"": 1}",0.9182958340544896,0.579380164285695,0.0
mm_0156624,BioBERT,synonym_substitution,noun,0.07427055702917772,3,1,"{""UMLS:C1257990"": 3}",-0.0,-0.0,0.0
mm_0156624,PubMedBERT,back_translation,mixed,0.15945945945945947,3,1,"{""C1447749"": 3}",-0.0,-0.0,0.0
mm_0156624,PubMedBERT,controlled_paraphrase,mixed,0.13108108108108107,3,1,"{""C1447749"": 3}",-0.0,-0.0,0.0
mm_0156624,PubMedBERT,synonym_substitution,noun,0.07427055702917772,3,1,"{""C1447749"": 3}",-0.0,-0.0,0.0
mm_0156642,BERT-base,controlled_paraphrase,mixed,0.4406661600810537,3,1,"{""UMLS:C1257990"": 3}",-0.0,-0.0,0.0
mm_0156642,BERT-base,synonym_substitution,noun,0.07703595011005135,3,1,"{""UMLS:C1257990"": 3}",-0.0,-0.0,0.0
mm_0156642,BioBERT,controlled_paraphrase,mixed,0.4406661600810537,3,1,"{""UMLS:C1257990"": 3}",-0.0,-0.0,0.0
mm_0156642,BioBERT,synonym_substitution,noun,0.07703595011005135,3,2,"{""UMLS:C1257990"": 2, ""UMLS:C1707887"": 1}",0.9182958340544896,0.579380164285695,0.0
mm_0156642,PubMedBERT,controlled_paraphrase,mixed,0.4406661600810537,3,2,"{""C1447749"": 2, ""C1839576"": 1}",0.9182958340544896,0.579380164285695,0.0
mm_0156642,PubMedBERT,synonym_substitution,noun,0.07703595011005135,3,1,"{""C1447749"": 3}",-0.0,-0.0,0.0
mm_0158296,BERT-base,controlled_paraphrase,mixed,0.2681564245810056,3,1,"{""C4277543"": 3}",-0.0,-0.0,0.0
mm_0158296,BERT-base,synonym_substitution,noun,0.055865921787709494,2,1,"{""C4277543"": 2}",-0.0,-0.0,0.0
mm_0158296,BERT-base,synonym_substitution,verb,0.07027027027027027,2,1,"{""C4277543"": 2}",-0.0,-0.0,0.0
mm_0158296,BERT-base,syntactic_reordering,mixed,0.3575418994413408,2,2,"{""C4277543"": 1, ""C0040048"": 1}",1.0,1.0,0.0
mm_0158296,BioBERT,controlled_paraphrase,mixed,0.2681564245810056,3,1,"{""C0040048"": 3}",-0.0,-0.0,0.0
mm_0158296,BioBERT,synonym_substitution,noun,0.055865921787709494,2,1,"{""C0040048"": 2}",-0.0,-0.0,0.0
mm_0158296,BioBERT,synonym_substitution,verb,0.07027027027027027,2,1,"{""C0040048"": 2}",-0.0,-0.0,0.0
mm_0158296,BioBERT,syntactic_reordering,mixed,0.3575418994413408,2,1,"{""C0040048"": 2}",-0.0,-0.0,0.0
mm_0158296,PubMedBERT,controlled_paraphrase,mixed,0.2681564245810056,3,1,"{""C1447749"": 3}",-0.0,-0.0,0.0
mm_0158296,PubMedBERT,synonym_substitution,noun,0.055865921787709494,2,1,"{""C1447749"": 2}",-0.0,-0.0,0.0
mm_0158296,PubMedBERT,synonym_substitution,verb,0.07027027027027027,2,1,"{""C1447749"": 2}",-0.0,-0.0,0.0
mm_0158296,PubMedBERT,syntactic_reordering,mixed,0.3575418994413408,2,1,"{""C1447749"": 2}",-0.0,-0.0,0.0
mm_0158759,BERT-base,back_translation,mixed,0.1464968152866242,3,1,"{""UMLS:C0444254"": 3}",-0.0,-0.0,0.0
mm_0158759,BERT-base,controlled_paraphrase,mixed,0.4088235294117647,3,1,"{""UMLS:C0444254"": 3}",-0.0,-0.0,0.0
mm_0158759,BERT-base,synonym_substitution,verb,0.052307692307692305,3,1,"{""UMLS:C0444254"": 3}",-0.0,-0.0,0.0
mm_0158759,BioBERT,back_translation,mixed,0.1464968152866242,3,1,"{""C0027609"": 3}",-0.0,-0.0,0.0
mm_0158759,BioBERT,controlled_paraphrase,mixed,0.4088235294117647,3,2,"{""C0027609"": 1, ""C1447749"": 2}",0.9182958340544896,0.579380164285695,0.0
mm_0158759,BioBERT,synonym_substitution,verb,0.052307692307692305,3,1,"{""C0027609"": 3}",-0.0,-0.0,0.0
mm_0158759,PubMedBERT,back_translation,mixed,0.1464968152866242,3,1,"{""C0018966"": 3}",-0.0,-0.0,0.0
mm_0158759,PubMedBERT,controlled_paraphrase,mixed,0.4088235294117647,3,1,"{""C0018966"": 3}",-0.0,-0.0,0.0
mm_0158759,PubMedBERT,synonym_substitution,verb,0.052307692307692305,3,1,"{""C0018966"": 3}",-0.0,-0.0,0.0
mm_0159530,BERT-base,back_translation,mixed,0.06934306569343066,3,1,"{""C1312419"": 3}",-0.0,-0.0,0.0
mm_0159530,BERT-base,controlled_paraphrase,mixed,0.19372693726937268,3,1,"{""C1312419"": 3}",-0.0,-0.0,0.0
mm_0159530,BERT-base,synonym_substitution,noun,0.051094890510948905,2,1,"{""C1312419"": 2}",-0.0,-0.0,0.0
mm_0159530,BioBERT,back_translation,mixed,0.06934306569343066,3,1,"{""UMLS:C1257990"": 3}",-0.0,-0.0,0.0
mm_0159530,BioBERT,controlled_paraphrase,mixed,0.19372693726937268,3,1,"{""UMLS:C1257990"": 3}",-0.0,-0.0,0.0
mm_0159530,BioBERT,synonym_substitution,noun,0.051094890510948905,2,1,"{""UMLS:C1257990"": 2}",-0.0,-0.0,0.0
mm_0159530,PubMedBERT,back_translation,mixed,0.06934306569343066,3,1,"{""C1447749"": 3}",-0.0,-0.0,0.0
mm_0159530,PubMedBERT,controlled_paraphrase,mixed,0.19372693726937268,3,1,"{""C1447749"": 3}",-0.0,-0.0,0.0
mm_0159530,PubMedBERT,synonym_substitution,noun,0.051094890510948905,2,1,"{""C1447749"": 2}",-0.0,-0.0,0.0
mm_0159654,BERT-base,back_translation,function_word,0.14666666666666667,3,1,"{""C1447749"": 3}",-0.0,-0.0,0.0
mm_0159654,BERT-base,controlled_paraphrase,mixed,0.5493111985779584,3,1,"{""C1447749"": 3}",-0.0,-0.0,0.0
mm_0159654,BERT-base,synonym_substitution,noun,0.13953488372093023,2,2,"{""C1447749"": 1, ""UMLS:C0358514"": 1}",1.0,1.0,0.0
mm_0159654,BERT-base,synonym_substitution,verb,0.16666666666666666,2,1,"{""C1447749"": 2}",-0.0,-0.0,0.0
mm_0159654,BERT-base,syntactic_reordering,noun,0.2,2,2,"{""C1447749"": 1, ""UMLS:C0358514"": 1}",1.0,1.0,0.0
mm_0159654,BioBERT,back_translation,function_word,0.14666666666666667,3,1,"{""UMLS:C1257990"": 3}",-0.0,-0.0,0.0
mm_0159654,BioBERT,controlled_paraphrase,mixed,0.5493111985779584,3,1,"{""UMLS:C1257990"": 3}",-0.0,-0.0,0.0
mm_0159654,BioBERT,synonym_substitution,noun,0.13953488372093023,2,1,"{""UMLS:C1257990"": 2}",-0.0,-0.0,0.0
mm_0159654,BioBERT,synonym_substitution,verb,0.16666666666666666,2,1,"{""UMLS:C1257990"": 2}",-0.0,-0.0,0.0
mm_0159654,BioBERT,syntactic_reordering,noun,0.2,2,1,"{""UMLS:C1257990"": 2}",-0.0,-0.0,0.0
mm_0159654,PubMedBERT,back_translation,function_word,0.14666666666666667,3,1,"{""C1839576"": 3}",-0.0,-0.0,0.0
mm_0159654,PubMedBERT,controlled_paraphrase,mixed,0.5493111985779584,3,2,"{""C1839576"": 2, ""C0015131"": 1}",0.9182958340544896,0.579380164285695,0.0
mm_0159654,PubMedBERT,synonym_substitution,noun,0.13953488372093023,2,1,"{""C1839576"": 2}",-0.0,-0.0,0.0
mm_0159654,PubMedBERT,synonym_substitution,verb,0.16666666666666666,2,1,"{""C1839576"": 2}",-0.0,-0.0,0.0
mm_0159654,PubMedBERT,syntactic_reordering,noun,0.2,2,1,"{""C1839576"": 2}",-0.0,-0.0,0.0
mm_0159899,BERT-base,back_translation,mixed,0.18571428571428572,3,1,"{""UMLS:C1257990"": 3}",-0.0,-0.0,0.0
mm_0159899,BERT-base,synonym_substitution,noun,0.06547619047619047,3,1,"{""UMLS:C1257990"": 3}",-0.0,-0.0,0.0
mm_0159899,BERT-base,syntactic_reordering,mixed,0.2814814814814815,2,1,"{""UMLS:C1257990"": 2}",-0.0,-0.0,0.0
mm_0159899,BioBERT,back_translation,mixed,0.18571428571428572,3,1,"{""UMLS:C1257990"": 3}",-0.0,-0.0,0.0
mm_0159899,BioBERT,synonym_substitution,noun,0.06547619047619047,3,1,"{""UMLS:C1257990"": 3}",-0.0,-0.0,0.0
mm_0159899,BioBERT,syntactic_reordering,mixed,0.2814814814814815,2,1,"{""UMLS:C1257990"": 2}",-0.0,-0.0,0.0
mm_0159899,PubMedBERT,back_translation,mixed,0.18571428571428572,3,2,"{""C1839576"": 1, ""C1447749"": 2}",0.9182958340544896,0.579380164285695,0.0
mm_0159899,PubMedBERT,synonym_substitution,noun,0.06547619047619047,3,2,"{""C1839576"": 1, ""C1447749"": 2}",0.9182958340544896,0.579380164285695,0.0
mm_0159899,PubMedBERT,syntactic_reordering,mixed,0.2814814814814815,2,2,"{""C1839576"": 1, ""C1447749"": 1}",1.0,1.0,0.0
mm_0160031,BERT-base,back_translation,mixed,0.2,3,2,"{""C0175173"": 1, ""UMLS:C1257990"": 2}",0.9182958340544896,0.579380164285695,0.0
mm_0160031,BERT-base,synonym_substitution,modifier,0.05426356589147287,2,2,"{""C0175173"": 1, ""UMLS:C0444254"": 1}",1.0,1.0,0.0
mm_0160031,BERT-base,synonym_substitution,noun,0.0967741935483871,2,1,"{""C0175173"": 2}",-0.0,-0.0,0.0
mm_0160031,BioBERT,back_translation,mixed,0.2,3,1,"{""C0376671"": 3}",-0.0,-0.0,0.0
mm_0160031,BioBERT,synonym_substitution,modifier,0.05426356589147287,2,1,"{""C0376671"": 2}",-0.0,-0.0,0.0
mm_0160031,BioBERT,synonym_substitution,noun,0.0967741935483871,2,1,"{""C0376671"": 2}",-0.0,-0.0,0.0
mm_0160031,PubMedBERT,back_translation,mixed,0.2,3,1,"{""C1839576"": 3}",-0.0,-0.0,0.0
mm_0160031,PubMedBERT,synonym_substitution,modifier,0.05426356589147287,2,2,"{""C1839576"": 1, ""C1447749"": 1}",1.0,1.0,0.0
mm_0160031,PubMedBERT,synonym_substitution,noun,0.0967741935483871,2,2,"{""C1839576"": 1, ""C1447749"": 1}",1.0,1.0,0.0
mm_0160569,BERT-base,back_translation,mixed,0.10227272727272728,3,1,"{""UMLS:C1257990"": 3}",-0.0,-0.0,0.0
mm_0160569,BERT-base,controlled_paraphrase,mixed,0.4842105263157895,2,1,"{""UMLS:C1257990"": 2}",-0.0,-0.0,0.0
mm_0160569,BioBERT,back_translation,mixed,0.10227272727272728,3,1,"{""UMLS:C1257990"": 3}",-0.0,-0.0,0.0
mm_0160569,BioBERT,controlled_paraphrase,mixed,0.4842105263157895,2,1,"{""UMLS:C1257990"": 2}",-0.0,-0.0,0.0
mm_0160569,PubMedBERT,back_translation,mixed,0.10227272727272728,3,1,"{""C1839576"": 3}",-0.0,-0.0,0.0
mm_0160569,PubMedBERT,controlled_paraphrase,mixed,0.4842105263157895,2,2,"{""C1839576"": 1, ""C1447749"": 1}",1.0,1.0,0.0
mm_0161840,BERT-base,back_translation,mixed,0.5403726708074534,3,1,"{""UMLS:C0242193"": 3}",-0.0,-0.0,0.0
mm_0161840,BERT-base,synonym_substitution,noun,0.06918238993710692,2,1,"{""UMLS:C0242193"": 2}",-0.0,-0.0,0.0
mm_0161840,BioBERT,back_translation,mixed,0.5403726708074534,3,1,"{""UMLS:C1707887"": 3}",-0.0,-0.0,0.0
mm_0161840,BioBERT,synonym_substitution,noun,0.06918238993710692,2,1,"{""UMLS:C1707887"": 2}",-0.0,-0.0,0.0
mm_0161840,PubMedBERT,back_translation,mixed,0.5403726708074534,3,1,"{""C1447749"": 3}",-0.0,-0.0,0.0
mm_0161840,PubMedBERT,synonym_substitution,noun,0.06918238993710692,2,1,"{""C1447749"": 2}",-0.0,-0.0,0.0
mm_0161896,BERT-base,controlled_paraphrase,mixed,0.32473699590882527,3,1,"{""UMLS:C0242193"": 3}",-0.0,-0.0,0.0
mm_0161896,BERT-base,synonym_substitution,modifier,0.05555555555555555,2,1,"{""UMLS:C0242193"": 2}",-0.0,-0.0,0.0
mm_0161896,BERT-base,synonym_substitution,verb,0.058823529411764705,2,1,"{""UMLS:C0242193"": 2}",-0.0,-0.0,0.0
mm_0161896,BioBERT,controlled_paraphrase,mixed,0.32473699590882527,3,1,"{""C0027609"": 3}",-0.0,-0.0,0.0
mm_0161896,BioBERT,synonym_substitution,modifier,0.05555555555555555,2,1,"{""C0027609"": 2}",-0.0,-0.0,0.0
mm_0161896,BioBERT,synonym_substitution,verb,0.058823529411764705,2,1,"{""C0027609"": 2}",-0.0,-0.0,0.0
mm_0161896,PubMedBERT,controlled_paraphrase,mixed,0.32473699590882527,3,2,"{""C1839576"": 1, ""C1447749"": 2}",0.9182958340544896,0.579380164285695,0.0
mm_0161896,PubMedBERT,synonym_substitution,modifier,0.05555555555555555,2,2,"{""C1839576"": 1, ""C1447749"": 1}",1.0,1.0,0.0
mm_0161896,PubMedBERT,synonym_substitution,verb,0.058823529411764705,2,2,"{""C1839576"": 1, ""C1447749"": 1}",1.0,1.0,0.0
mm_0162411,BERT-base,back_translation,mixed,0.2727272727272727,3,1,"{""C1312419"": 3}",-0.0,-0.0,0.0
mm_0162411,BERT-base,synonym_substitution,noun,0.056451612903225805,2,2,"{""C1312419"": 1, ""UMLS:C1257990"": 1}",1.0,1.0,0.0
mm_0162411,BioBERT,back_translation,mixed,0.2727272727272727,3,1,"{""C0013728"": 3}",-0.0,-0.0,0.0
mm_0162411,BioBERT,synonym_substitution,noun,0.056451612903225805,2,1,"{""C0013728"": 2}",-0.0,-0.0,0.0
mm_0162411,PubMedBERT,back_translation,mixed,0.2727272727272727,3,2,"{""C1447749"": 1, ""C1839576"": 2}",0.9182958340544896,0.579380164285695,0.0
mm_0162411,PubMedBERT,synonym_substitution,noun,0.056451612903225805,2,1,"{""C1447749"": 2}",-0.0,-0.0,0.0
mm_0162448,BERT-base,back_translation,mixed,0.1596244131455399,3,1,"{""C0059563"": 3}",-0.0,-0.0,0.0
mm_0162448,BERT-base,synonym_substitution,noun,0.06018518518518518,2,1,"{""C0059563"": 2}",-0.0,-0.0,0.0
mm_0162448,BERT-base,synonym_substitution,verb,0.05909090909090909,2,1,"{""C0059563"": 2}",-0.0,-0.0,0.0
mm_0162448,BioBERT,back_translation,mixed,0.1596244131455399,3,1,"{""C0059563"": 3}",-0.0,-0.0,0.0
mm_0162448,BioBERT,synonym_substitution,noun,0.06018518518518518,2,1,"{""C0059563"": 2}",-0.0,-0.0,0.0
mm_0162448,BioBERT,synonym_substitution,verb,0.05909090909090909,2,1,"{""C0059563"": 2}",-0.0,-0.0,0.0
mm_0162448,PubMedBERT,back_translation,mixed,0.1596244131455399,3,1,"{""C0018966"": 3}",-0.0,-0.0,0.0
mm_0162448,PubMedBERT,synonym_substitution,noun,0.06018518518518518,2,1,"{""C0018966"": 2}",-0.0,-0.0,0.0
mm_0162448,PubMedBERT,synonym_substitution,verb,0.05909090909090909,2,1,"{""C0018966"": 2}",-0.0,-0.0,0.0
mm_0162509,BERT-base,back_translation,mixed,0.15789473684210525,3,1,"{""UMLS:C1257990"": 3}",-0.0,-0.0,0.0
mm_0162509,BERT-base,synonym_substitution,noun,0.08,2,1,"{""UMLS:C1257990"": 2}",-0.0,-0.0,0.0
mm_0162509,BERT-base,synonym_substitution,verb,0.10204081632653061,2,1,"{""UMLS:C1257990"": 2}",-0.0,-0.0,0.0
mm_0162509,BioBERT,back_translation,mixed,0.15789473684210525,3,1,"{""UMLS:C1257990"": 3}",-0.0,-0.0,0.0
mm_0162509,BioBERT,synonym_substitution,noun,0.08,2,1,"{""UMLS:C1257990"": 2}",-0.0,-0.0,0.0
mm_0162509,BioBERT,synonym_substitution,verb,0.10204081632653061,2,1,"{""UMLS:C1257990"": 2}",-0.0,-0.0,0.0
mm_0162509,PubMedBERT,back_translation,mixed,0.15789473684210525,3,1,"{""UMLS:C1257990"": 3}",-0.0,-0.0,0.0
mm_0162509,PubMedBERT,synonym_substitution,noun,0.08,2,1,"{""UMLS:C1257990"": 2}",-0.0,-0.0,0.0
mm_0162509,PubMedBERT,synonym_substitution,verb,0.10204081632653061,2,1,"{""UMLS:C1257990"": 2}",-0.0,-0.0,0.0
mm_0162520,BERT-base,back_translation,mixed,0.11067193675889328,3,2,"{""UMLS:C1257990"": 1, ""C1312419"": 2}",0.9182958340544896,0.579380164285695,0.0
mm_0162520,BERT-base,controlled_paraphrase,mixed,0.450592885375494,3,2,"{""UMLS:C1257990"": 2, ""C4277543"": 1}",0.9182958340544896,0.579380164285695,0.0
mm_0162520,BERT-base,synonym_substitution,noun,0.06153846153846154,2,1,"{""UMLS:C1257990"": 2}",-0.0,-0.0,0.0
mm_0162520,BERT-base,synonym_substitution,verb,0.06589147286821706,2,1,"{""UMLS:C1257990"": 2}",-0.0,-0.0,0.0
mm_0162520,BioBERT,back_translation,mixed,0.11067193675889328,3,1,"{""UMLS:C1257990"": 3}",-0.0,-0.0,0.0
mm_0162520,BioBERT,controlled_paraphrase,mixed,0.450592885375494,3,1,"{""UMLS:C1257990"": 3}",-0.0,-0.0,0.0
mm_0162520,BioBERT,synonym_substitution,noun,0.06153846153846154,2,1,"{""UMLS:C1257990"": 2}",-0.0,-0.0,0.0
mm_0162520,BioBERT,synonym_substitution,verb,0.06589147286821706,2,1,"{""UMLS:C1257990"": 2}",-0.0,-0.0,0.0
mm_0162520,PubMedBERT,back_translation,mixed,0.11067193675889328,3,1,"{""C1839576"": 3}",-0.0,-0.0,0.0
mm_0162520,PubMedBERT,controlled_paraphrase,mixed,0.450592885375494,3,1,"{""C1839576"": 3}",-0.0,-0.0,0.0
mm_0162520,PubMedBERT,synonym_substitution,noun,0.06153846153846154,2,1,"{""C1839576"": 2}",-0.0,-0.0,0.0
mm_0162520,PubMedBERT,synonym_substitution,verb,0.06589147286821706,2,1,"{""C1839576"": 2}",-0.0,-0.0,0.0
mm_0162546,BERT-base,back_translation,mixed,0.13095238095238096,3,1,"{""C1447749"": 3}",-0.0,-0.0,0.0
mm_0162546,BERT-base,controlled_paraphrase,mixed,0.5198180231833478,3,1,"{""C1447749"": 3}",-0.0,-0.0,0.0
mm_0162546,BERT-base,synonym_substitution,noun,0.11904761904761904,2,1,"{""C1447749"": 2}",-0.0,-0.0,0.0
mm_0162546,BERT-base,synonym_substitution,verb,0.1375,2,1,"{""C1447749"": 2}",-0.0,-0.0,0.0
mm_0162546,BioBERT,back_translation,mixed,0.13095238095238096,3,1,"{""C1447749"": 3}",-0.0,-0.0,0.0
mm_0162546,BioBERT,controlled_paraphrase,mixed,0.5198180231833478,3,1,"{""C1447749"": 3}",-0.0,-0.0,0.0
mm_0162546,BioBERT,synonym_substitution,noun,0.11904761904761904,2,1,"{""C1447749"": 2}",-0.0,-0.0,0.0
mm_0162546,BioBERT,synonym_substitution,verb,0.1375,2,1,"{""C1447749"": 2}",-0.0,-0.0,0.0
mm_0162546,PubMedBERT,back_translation,mixed,0.13095238095238096,3,1,"{""C1447749"": 3}",-0.0,-0.0,0.0
mm_0162546,PubMedBERT,controlled_paraphrase,mixed,0.5198180231833478,3,1,"{""C1447749"": 3}",-0.0,-0.0,0.0
mm_0162546,PubMedBERT,synonym_substitution,noun,0.11904761904761904,2,1,"{""C1447749"": 2}",-0.0,-0.0,0.0
mm_0162546,PubMedBERT,synonym_substitution,verb,0.1375,2,1,"{""C1447749"": 2}",-0.0,-0.0,0.0
mm_0164466,BERT-base,back_translation,mixed,0.12857142857142856,3,1,"{""C1447749"": 3}",-0.0,-0.0,0.0
mm_0164466,BERT-base,controlled_paraphrase,mixed,0.4107841258749141,3,2,"{""C1447749"": 2, ""UMLS:C1257990"": 1}",0.9182958340544896,0.579380164285695,0.0
mm_0164466,BERT-base,synonym_substitution,noun,0.10819672131147541,2,1,"{""C1447749"": 2}",-0.0,-0.0,0.0
mm_0164466,BERT-base,synonym_substitution,verb,0.09427609427609428,2,1,"{""C1447749"": 2}",-0.0,-0.0,0.0
mm_0164466,BERT-base,syntactic_reordering,modifier,0.06593406593406594,3,1,"{""C1447749"": 3}",-0.0,-0.0,0.0
mm_0164466,BioBERT,back_translation,mixed,0.12857142857142856,3,1,"{""UMLS:C1257990"": 3}",-0.0,-0.0,0.0
mm_0164466,BioBERT,controlled_paraphrase,mixed,0.4107841258749141,3,1,"{""UMLS:C1257990"": 3}",-0.0,-0.0,0.0
mm_0164466,BioBERT,synonym_substitution,noun,0.10819672131147541,2,1,"{""UMLS:C1257990"": 2}",-0.0,-0.0,0.0
mm_0164466,BioBERT,synonym_substitution,verb,0.09427609427609428,2,1,"{""UMLS:C1257990"": 2}",-0.0,-0.0,0.0
mm_0164466,BioBERT,syntactic_reordering,modifier,0.06593406593406594,3,2,"{""UMLS:C1257990"": 1, ""C1447749"": 2}",0.9182958340544896,0.579380164285695,0.0
mm_0164466,PubMedBERT,back_translation,mixed,0.12857142857142856,3,1,"{""C0015131"": 3}",-0.0,-0.0,0.0
mm_0164466,PubMedBERT,controlled_paraphrase,mixed,0.4107841258749141,3,2,"{""C0015131"": 1, ""C1839576"": 2}",0.9182958340544896,0.579380164285695,0.0
mm_0164466,PubMedBERT,synonym_substitution,noun,0.10819672131147541,2,1,"{""C0015131"": 2}",-0.0,-0.0,0.0
mm_0164466,PubMedBERT,synonym_substitution,verb,0.09427609427609428,2,1,"{""C0015131"": 2}",-0.0,-0.0,0.0
mm_0164466,PubMedBERT,syntactic_reordering,modifier,0.06593406593406594,3,1,"{""C0015131"": 3}",-0.0,-0.0,0.0
mm_0164998,BERT-base,back_translation,mixed,0.10752688172043011,3,1,"{""C0282597"": 3}",-0.0,-0.0,0.0
mm_0164998,BERT-base,controlled_paraphrase,mixed,0.47935459621993126,3,1,"{""C0282597"": 3}",-0.0,-0.0,0.0
mm_0164998,BERT-base,synonym_substitution,modifier,0.05291005291005291,2,1,"{""C0282597"": 2}",-0.0,-0.0,0.0
mm_0164998,BERT-base,synonym_substitution,verb,0.05291005291005291,2,1,"{""C0282597"": 2}",-0.0,-0.0,0.0
mm_0164998,BioBERT,back_translation,mixed,0.10752688172043011,3,1,"{""UMLS:C1707887"": 3}",-0.0,-0.0,0.0
mm_0164998,BioBERT,controlled_paraphrase,mixed,0.47935459621993126,3,2,"{""UMLS:C1707887"": 2, ""C0203378"": 1}",0.9182958340544896,0.579380164285695,0.0
mm_0164998,BioBERT,synonym_substitution,modifier,0.05291005291005291,2,1,"{""UMLS:C1707887"": 2}",-0.0,-0.0,0.0
mm_0164998,BioBERT,synonym_substitution,verb,0.05291005291005291,2,1,"{""UMLS:C1707887"": 2}",-0.0,-0.0,0.0
mm_0164998,PubMedBERT,back_translation,mixed,0.10752688172043011,3,1,"{""C1447749"": 3}",-0.0,-0.0,0.0
mm_0164998,PubMedBERT,controlled_paraphrase,mixed,0.47935459621993126,3,2,"{""C1447749"": 2, ""C1839576"": 1}",0.9182958340544896,0.579380164285695,0.0
mm_0164998,PubMedBERT,synonym_substitution,modifier,0.05291005291005291,2,1,"{""C1447749"": 2}",-0.0,-0.0,0.0
mm_0164998,PubMedBERT,synonym_substitution,verb,0.05291005291005291,2,1,"{""C1447749"": 2}",-0.0,-0.0,0.0
mm_0165626,BERT-base,back_translation,mixed,0.11019283746556474,3,1,"{""C1447749"": 3}",-0.0,-0.0,0.0
mm_0165626,BERT-base,controlled_paraphrase,mixed,0.5661157024793388,3,1,"{""C1447749"": 3}",-0.0,-0.0,0.0
mm_0165626,BERT-base,synonym_substitution,verb,0.06053355373737654,3,1,"{""C1447749"": 3}",-0.0,-0.0,0.0
mm_0165626,BioBERT,back_translation,mixed,0.11019283746556474,3,1,"{""C1447749"": 3}",-0.0,-0.0,0.0
mm_0165626,BioBERT,controlled_paraphrase,mixed,0.5661157024793388,3,1,"{""C1447749"": 3}",-0.0,-0.0,0.0
mm_0165626,BioBERT,synonym_substitution,verb,0.06053355373737654,3,1,"{""C1447749"": 3}",-0.0,-0.0,0.0
mm_0165626,PubMedBERT,back_translation,mixed,0.11019283746556474,3,1,"{""C1839576"": 3}",-0.0,-0.0,0.0
mm_0165626,PubMedBERT,controlled_paraphrase,mixed,0.5661157024793388,3,1,"{""C1839576"": 3}",-0.0,-0.0,0.0
mm_0165626,PubMedBERT,synonym_substitution,verb,0.06053355373737654,3,1,"{""C1839576"": 3}",-0.0,-0.0,0.0
mm_0166051,BERT-base,back_translation,mixed,0.1773049645390071,3,2,"{""C0597336"": 1, ""C1136156"": 2}",0.9182958340544896,0.579380164285695,0.0
mm_0166051,BERT-base,controlled_paraphrase,mixed,0.5945945945945946,3,2,"{""C0597336"": 1, ""C1136156"": 2}",0.9182958340544896,0.579380164285695,0.0
mm_0166051,BERT-base,synonym_substitution,modifier,0.07801418439716312,2,1,"{""C0597336"": 2}",-0.0,-0.0,0.0
mm_0166051,BERT-base,synonym_substitution,verb,0.05517241379310345,2,1,"{""C0597336"": 2}",-0.0,-0.0,0.0
mm_0166051,BioBERT,back_translation,mixed,0.1773049645390071,3,1,"{""C0027609"": 3}",-0.0,-0.0,0.0
mm_0166051,BioBERT,controlled_paraphrase,mixed,0.5945945945945946,3,1,"{""C0027609"": 3}",-0.0,-0.0,0.0
mm_0166051,BioBERT,synonym_substitution,modifier,0.07801418439716312,2,1,"{""C0027609"": 2}",-0.0,-0.0,0.0
mm_0166051,BioBERT,synonym_substitution,verb,0.05517241379310345,2,1,"{""C0027609"": 2}",-0.0,-0.0,0.0
mm_0166051,PubMedBERT,back_translation,mixed,0.1773049645390071,3,1,"{""C1839576"": 3}",-0.0,-0.0,0.0
mm_0166051,PubMedBERT,controlled_paraphrase,mixed,0.5945945945945946,3,1,"{""C1839576"": 3}",-0.0,-0.0,0.0
mm_0166051,PubMedBERT,synonym_substitution,modifier,0.07801418439716312,2,1,"{""C1839576"": 2}",-0.0,-0.0,0.0
mm_0166051,PubMedBERT,synonym_substitution,verb,0.05517241379310345,2,1,"{""C1839576"": 2}",-0.0,-0.0,0.0
mm_0166571,BERT-base,back_translation,modifier,0.25,3,1,"{""UMLS:C1257990"": 3}",-0.0,-0.0,0.0
mm_0166571,BERT-base,controlled_paraphrase,mixed,0.5304878048780488,2,1,"{""UMLS:C1257990"": 2}",-0.0,-0.0,0.0
mm_0166571,BERT-base,synonym_substitution,modifier,0.27044025157232704,3,1,"{""UMLS:C1257990"": 3}",-0.0,-0.0,0.0
mm_0166571,BioBERT,back_translation,modifier,0.25,3,1,"{""UMLS:C0026473"": 3}",-0.0,-0.0,1.0
mm_0166571,BioBERT,controlled_paraphrase,mixed,0.5304878048780488,2,1,"{""UMLS:C0026473"": 2}",-0.0,-0.0,1.0
mm_0166571,BioBERT,synonym_substitution,modifier,0.27044025157232704,3,1,"{""UMLS:C0026473"": 3}",-0.0,-0.0,1.0
mm_0166571,PubMedBERT,back_translation,modifier,0.25,3,1,"{""UMLS:C0026473"": 3}",-0.0,-0.0,1.0
mm_0166571,PubMedBERT,controlled_paraphrase,mixed,0.5304878048780488,2,1,"{""UMLS:C0026473"": 2}",-0.0,-0.0,1.0
mm_0166571,PubMedBERT,synonym_substitution,modifier,0.27044025157232704,3,1,"{""UMLS:C0026473"": 3}",-0.0,-0.0,1.0
mm_0166771,BERT-base,back_translation,mixed,0.145,3,1,"{""UMLS:C1257990"": 3}",-0.0,-0.0,0.0
mm_0166771,BERT-base,synonym_substitution,verb,0.06370299170972005,3,1,"{""UMLS:C1257990"": 3}",-0.0,-0.0,0.0
mm_0166771,BioBERT,back_translation,mixed,0.145,3,1,"{""UMLS:C1257990"": 3}",-0.0,-0.0,0.0
mm_0166771,BioBERT,synonym_substitution,verb,0.06370299170972005,3,1,"{""UMLS:C1257990"": 3}",-0.0,-0.0,0.0
mm_0166771,PubMedBERT,back_translation,mixed,0.145,3,2,"{""C1447749"": 1, ""UMLS:C1257990"": 2}",0.9182958340544896,0.579380164285695,0.0
mm_0166771,PubMedBERT,synonym_substitution,verb,0.06370299170972005,3,2,"{""C1447749"": 2, ""UMLS:C1257990"": 1}",0.9182958340544896,0.579380164285695,0.0
mm_0167745,BERT-base,controlled_paraphrase,mixed,0.17721518987341772,3,1,"{""UMLS:C0242193"": 3}",-0.0,-0.0,0.0
mm_0167745,BioBERT,controlled_paraphrase,mixed,0.17721518987341772,3,1,"{""C0027609"": 3}",-0.0,-0.0,0.0
mm_0167745,PubMedBERT,controlled_paraphrase,mixed,0.17721518987341772,3,1,"{""C1839576"": 3}",-0.0,-0.0,0.0
mm_0168156,BERT-base,synonym_substitution,modifier,0.050761421319796954,2,1,"{""UMLS:C1257990"": 2}",-0.0,-0.0,0.0
mm_0168156,BERT-base,synonym_substitution,verb,0.07368421052631578,2,1,"{""UMLS:C1257990"": 2}",-0.0,-0.0,0.0
mm_0168156,BioBERT,synonym_substitution,modifier,0.050761421319796954,2,1,"{""C0075128"": 2}",-0.0,-0.0,0.0
mm_0168156,BioBERT,synonym_substitution,verb,0.07368421052631578,2,1,"{""C0075128"": 2}",-0.0,-0.0,0.0
mm_0168156,PubMedBERT,synonym_substitution,modifier,0.050761421319796954,2,2,"{""C1431322"": 1, ""C1447749"": 1}",1.0,1.0,0.0
mm_0168156,PubMedBERT,synonym_substitution,verb,0.07368421052631578,2,1,"{""C1431322"": 2}",-0.0,-0.0,0.0
mm_0168172,BERT-base,back_translation,mixed,0.16101694915254236,3,2,"{""UMLS:C1257990"": 1, ""UMLS:C0752046"": 2}",0.9182958340544896,0.579380164285695,0.0
mm_0168172,BERT-base,controlled_paraphrase,mixed,0.2646661259799946,3,1,"{""UMLS:C1257990"": 3}",-0.0,-0.0,0.0
mm_0168172,BERT-base,synonym_substitution,verb,0.07543073259560162,3,1,"{""UMLS:C1257990"": 3}",-0.0,-0.0,0.0
mm_0168172,BioBERT,back_translation,mixed,0.16101694915254236,3,1,"{""UMLS:C1257990"": 3}",-0.0,-0.0,0.0
mm_0168172,BioBERT,controlled_paraphrase,mixed,0.2646661259799946,3,1,"{""UMLS:C1257990"": 3}",-0.0,-0.0,0.0
mm_0168172,BioBERT,synonym_substitution,verb,0.07543073259560162,3,2,"{""UMLS:C1257990"": 2, ""C1447749"": 1}",0.9182958340544896,0.579380164285695,0.0
mm_0168172,PubMedBERT,back_translation,mixed,0.16101694915254236,3,1,"{""C1447749"": 3}",-0.0,-0.0,0.0
mm_0168172,PubMedBERT,controlled_paraphrase,mixed,0.2646661259799946,3,1,"{""C1447749"": 3}",-0.0,-0.0,0.0
mm_0168172,PubMedBERT,synonym_substitution,verb,0.07543073259560162,3,1,"{""C1447749"": 3}",-0.0,-0.0,0.0
mm_0168205,BERT-base,back_translation,mixed,0.10670731707317073,3,1,"{""C1739108"": 3}",-0.0,-0.0,0.0
mm_0168205,BioBERT,back_translation,mixed,0.10670731707317073,3,1,"{""C1447749"": 3}",-0.0,-0.0,0.0
mm_0168205,PubMedBERT,back_translation,mixed,0.10670731707317073,3,2,"{""C1447749"": 1, ""C1839576"": 2}",0.9182958340544896,0.579380164285695,0.0
mm_0168214,BERT-base,back_translation,mixed,0.10670731707317073,3,1,"{""C1739108"": 3}",-0.0,-0.0,0.0
mm_0168214,BioBERT,back_translation,mixed,0.10670731707317073,3,1,"{""C1447749"": 3}",-0.0,-0.0,0.0
mm_0168214,PubMedBERT,back_translation,mixed,0.10670731707317073,3,2,"{""C1447749"": 1, ""C1839576"": 2}",0.9182958340544896,0.579380164285695,0.0
mm_0169244,BERT-base,synonym_substitution,modifier,0.0625,2,1,"{""UMLS:C2350390"": 2}",-0.0,-0.0,0.0
mm_0169244,BERT-base,synonym_substitution,verb,0.07142857142857142,2,1,"{""UMLS:C2350390"": 2}",-0.0,-0.0,0.0
mm_0169244,BERT-base,syntactic_reordering,mixed,0.15714285714285714,3,1,"{""UMLS:C2350390"": 3}",-0.0,-0.0,0.0
mm_0169244,BioBERT,synonym_substitution,modifier,0.0625,2,1,"{""UMLS:C0919821"": 2}",-0.0,-0.0,0.0
mm_0169244,BioBERT,synonym_substitution,verb,0.07142857142857142,2,1,"{""UMLS:C0919821"": 2}",-0.0,-0.0,0.0
mm_0169244,BioBERT,syntactic_reordering,mixed,0.15714285714285714,3,2,"{""UMLS:C0919821"": 1, ""UMLS:C1707887"": 2}",0.9182958340544896,0.579380164285695,0.0
mm_0169244,PubMedBERT,synonym_substitution,modifier,0.0625,2,2,"{""C1839576"": 1, ""C1447749"": 1}",1.0,1.0,0.0
mm_0169244,PubMedBERT,synonym_substitution,verb,0.07142857142857142,2,2,"{""C1839576"": 1, ""C1447749"": 1}",1.0,1.0,0.0
mm_0169244,PubMedBERT,syntactic_reordering,mixed,0.15714285714285714,3,2,"{""C1839576"": 1, ""C1447749"": 2}",0.9182958340544896,0.579380164285695,0.0
mm_0169777,BERT-base,back_translation,mixed,0.20382165605095542,3,1,"{""UMLS:C1257990"": 3}",-0.0,-0.0,0.0
mm_0169777,BERT-base,synonym_substitution,noun,0.08904109589041095,2,1,"{""UMLS:C1257990"": 2}",-0.0,-0.0,0.0
mm_0169777,BERT-base,synonym_substitution,verb,0.10416666666666667,2,1,"{""UMLS:C1257990"": 2}",-0.0,-0.0,0.0
mm_0169777,BERT-base,syntactic_reordering,modifier,0.08333333333333333,3,1,"{""UMLS:C1257990"": 3}",-0.0,-0.0,0.0
mm_0169777,BioBERT,back_translation,mixed,0.20382165605095542,3,1,"{""UMLS:C1257990"": 3}",-0.0,-0.0,0.0
mm_0169777,BioBERT,synonym_substitution,noun,0.08904109589041095,2,1,"{""UMLS:C1257990"": 2}",-0.0,-0.0,0.0
mm_0169777,BioBERT,synonym_substitution,verb,0.10416666666666667,2,1,"{""UMLS:C1257990"": 2}",-0.0,-0.0,0.0
mm_0169777,BioBERT,syntactic_reordering,modifier,0.08333333333333333,3,1,"{""UMLS:C1257990"": 3}",-0.0,-0.0,0.0
mm_0169777,PubMedBERT,back_translation,mixed,0.20382165605095542,3,1,"{""C1839576"": 3}",-0.0,-0.0,0.0
mm_0169777,PubMedBERT,synonym_substitution,noun,0.08904109589041095,2,1,"{""C1839576"": 2}",-0.0,-0.0,0.0
mm_0169777,PubMedBERT,synonym_substitution,verb,0.10416666666666667,2,1,"{""C1839576"": 2}",-0.0,-0.0,0.0
mm_0169777,PubMedBERT,syntactic_reordering,modifier,0.08333333333333333,3,1,"{""C1839576"": 3}",-0.0,-0.0,0.0
mm_0169892,BERT-base,back_translation,mixed,0.24293785310734464,3,1,"{""C1739108"": 3}",-0.0,-0.0,0.0
mm_0169892,BERT-base,controlled_paraphrase,mixed,0.5136612021857924,3,2,"{""C1739108"": 1, ""C1447749"": 2}",0.9182958340544896,0.579380164285695,0.0
mm_0169892,BERT-base,synonym_substitution,noun,0.05454545454545454,2,1,"{""C1739108"": 2}",-0.0,-0.0,0.0
mm_0169892,BERT-base,synonym_substitution,verb,0.0650887573964497,2,2,"{""C1739108"": 1, ""C1447749"": 1}",1.0,1.0,0.0
mm_0169892,BioBERT,back_translation,mixed,0.24293785310734464,3,1,"{""UMLS:C1707887"": 3}",-0.0,-0.0,0.0
mm_0169892,BioBERT,controlled_paraphrase,mixed,0.5136612021857924,3,1,"{""UMLS:C1707887"": 3}",-0.0,-0.0,0.0
mm_0169892,BioBERT,synonym_substitution,noun,0.05454545454545454,2,1,"{""UMLS:C1707887"": 2}",-0.0,-0.0,0.0
mm_0169892,BioBERT,synonym_substitution,verb,0.0650887573964497,2,1,"{""UMLS:C1707887"": 2}",-0.0,-0.0,0.0
mm_0169892,PubMedBERT,back_translation,mixed,0.24293785310734464,3,2,"{""C1839576"": 1, ""C1447749"": 2}",0.9182958340544896,0.579380164285695,0.0
mm_0169892,PubMedBERT,controlled_paraphrase,mixed,0.5136612021857924,3,2,"{""C1839576"": 1, ""C1447749"": 2}",0.9182958340544896,0.579380164285695,0.0
mm_0169892,PubMedBERT,synonym_substitution,noun,0.05454545454545454,2,2,"{""C1839576"": 1, ""C1447749"": 1}",1.0,1.0,0.0
mm_0169892,PubMedBERT,synonym_substitution,verb,0.0650887573964497,2,2,"{""C1839576"": 1, ""C1447749"": 1}",1.0,1.0,0.0
mm_0170315,BERT-base,back_translation,mixed,0.3333333333333333,3,1,"{""C1257880"": 3}",-0.0,-0.0,0.0
mm_0170315,BERT-base,controlled_paraphrase,mixed,0.3218390804597701,3,2,"{""C1257880"": 1, ""C0949359"": 2}",0.9182958340544896,0.579380164285695,0.0
mm_0170315,BERT-base,synonym_substitution,modifier,0.07608695652173914,2,1,"{""C1257880"": 2}",-0.0,-0.0,0.0
mm_0170315,BERT-base,synonym_substitution,verb,0.11494252873563218,2,1,"{""C1257880"": 2}",-0.0,-0.0,0.0
mm_0170315,BERT-base,syntactic_reordering,noun,0.4942528735632184,3,1,"{""C1257880"": 3}",-0.0,-0.0,0.0
mm_0170315,BioBERT,back_translation,mixed,0.3333333333333333,3,1,"{""C0061751"": 3}",-0.0,-0.0,0.0
mm_0170315,BioBERT,controlled_paraphrase,mixed,0.3218390804597701,3,1,"{""C0061751"": 3}",-0.0,-0.0,0.0
mm_0170315,BioBERT,synonym_substitution,modifier,0.07608695652173914,2,1,"{""C0061751"": 2}",-0.0,-0.0,0.0
mm_0170315,BioBERT,synonym_substitution,verb,0.11494252873563218,2,1,"{""C0061751"": 2}",-0.0,-0.0,0.0
mm_0170315,BioBERT,syntactic_reordering,noun,0.4942528735632184,3,1,"{""C0061751"": 3}",-0.0,-0.0,0.0
mm_0170315,PubMedBERT,back_translation,mixed,0.3333333333333333,3,1,"{""C0015131"": 3}",-0.0,-0.0,0.0
mm_0170315,PubMedBERT,controlled_paraphrase,mixed,0.3218390804597701,3,1,"{""C0015131"": 3}",-0.0,-0.0,0.0
mm_0170315,PubMedBERT,synonym_substitution,modifier,0.07608695652173914,2,2,"{""C0015131"": 1, ""C1431322"": 1}",1.0,1.0,0.0
mm_0170315,PubMedBERT,synonym_substitution,verb,0.11494252873563218,2,1,"{""C0015131"": 2}",-0.0,-0.0,0.0
mm_0170315,PubMedBERT,syntactic_reordering,noun,0.4942528735632184,3,2,"{""C0015131"": 1, ""UMLS:C0048220"": 2}",0.9182958340544896,0.579380164285695,0.0
mm_0170417,BERT-base,back_translation,mixed,0.25365853658536586,3,1,"{""UMLS:C1257990"": 3}",-0.0,-0.0,0.0
mm_0170417,BERT-base,controlled_paraphrase,mixed,0.5804878048780487,3,1,"{""UMLS:C1257990"": 3}",-0.0,-0.0,0.0
mm_0170417,BERT-base,synonym_substitution,verb,0.05609756097560976,3,1,"{""UMLS:C1257990"": 3}",-0.0,-0.0,0.0
mm_0170417,BioBERT,back_translation,mixed,0.25365853658536586,3,1,"{""UMLS:C1257990"": 3}",-0.0,-0.0,0.0
mm_0170417,BioBERT,controlled_paraphrase,mixed,0.5804878048780487,3,1,"{""UMLS:C1257990"": 3}",-0.0,-0.0,0.0
mm_0170417,BioBERT,synonym_substitution,verb,0.05609756097560976,3,1,"{""UMLS:C1257990"": 3}",-0.0,-0.0,0.0
mm_0170417,PubMedBERT,back_translation,mixed,0.25365853658536586,3,1,"{""C1447749"": 3}",-0.0,-0.0,0.0
mm_0170417,PubMedBERT,controlled_paraphrase,mixed,0.5804878048780487,3,2,"{""C1447749"": 1, ""C1839576"": 2}",0.9182958340544896,0.579380164285695,0.0
mm_0170417,PubMedBERT,synonym_substitution,verb,0.05609756097560976,3,1,"{""C1447749"": 3}",-0.0,-0.0,0.0
mm_0170901,BERT-base,back_translation,mixed,0.102880658436214,3,1,"{""UMLS:C1257990"": 3}",-0.0,-0.0,0.0
mm_0170901,BERT-base,controlled_paraphrase,mixed,0.5743243243243243,3,1,"{""UMLS:C1257990"": 3}",-0.0,-0.0,0.0
mm_0170901,BERT-base,synonym_substitution,noun,0.05721288515406162,3,1,"{""UMLS:C1257990"": 3}",-0.0,-0.0,0.0
mm_0170901,BioBERT,back_translation,mixed,0.102880658436214,3,1,"{""UMLS:C1257990"": 3}",-0.0,-0.0,0.0
mm_0170901,BioBERT,controlled_paraphrase,mixed,0.5743243243243243,3,1,"{""UMLS:C1257990"": 3}",-0.0,-0.0,0.0
mm_0170901,BioBERT,synonym_substitution,noun,0.05721288515406162,3,1,"{""UMLS:C1257990"": 3}",-0.0,-0.0,0.0
mm_0170901,PubMedBERT,back_translation,mixed,0.102880658436214,3,1,"{""C1447749"": 3}",-0.0,-0.0,0.0
mm_0170901,PubMedBERT,controlled_paraphrase,mixed,0.5743243243243243,3,1,"{""C1447749"": 3}",-0.0,-0.0,0.0
mm_0170901,PubMedBERT,synonym_substitution,noun,0.05721288515406162,3,1,"{""C1447749"": 3}",-0.0,-0.0,0.0
mm_0171131,BERT-base,back_translation,mixed,0.064,3,1,"{""C1447749"": 3}",-0.0,-0.0,0.0
mm_0171131,BERT-base,controlled_paraphrase,mixed,0.532,3,1,"{""C1447749"": 3}",-0.0,-0.0,0.0
mm_0171131,BioBERT,back_translation,mixed,0.064,3,1,"{""UMLS:C1257990"": 3}",-0.0,-0.0,0.0
mm_0171131,BioBERT,controlled_paraphrase,mixed,0.532,3,1,"{""UMLS:C1257990"": 3}",-0.0,-0.0,0.0
mm_0171131,PubMedBERT,back_translation,mixed,0.064,3,1,"{""C1447749"": 3}",-0.0,-0.0,0.0
mm_0171131,PubMedBERT,controlled_paraphrase,mixed,0.532,3,1,"{""C1447749"": 3}",-0.0,-0.0,0.0
mm_0171518,BERT-base,back_translation,mixed,0.1762114537444934,3,1,"{""C0016474"": 3}",-0.0,-0.0,0.0
mm_0171518,BERT-base,controlled_paraphrase,mixed,0.25,3,1,"{""C0016474"": 3}",-0.0,-0.0,0.0
mm_0171518,BioBERT,back_translation,mixed,0.1762114537444934,3,2,"{""UMLS:C1707887"": 1, ""UMLS:C1257990"": 2}",0.9182958340544896,0.579380164285695,0.0
mm_0171518,BioBERT,controlled_paraphrase,mixed,0.25,3,2,"{""UMLS:C1707887"": 1, ""UMLS:C1257990"": 2}",0.9182958340544896,0.579380164285695,0.0
mm_0171518,PubMedBERT,back_translation,mixed,0.1762114537444934,3,1,"{""C1447749"": 3}",-0.0,-0.0,0.0
mm_0171518,PubMedBERT,controlled_paraphrase,mixed,0.25,3,2,"{""C1447749"": 1, ""C1839576"": 2}",0.9182958340544896,0.579380164285695,0.0
mm_0171649,BERT-base,back_translation,mixed,0.22631578947368422,3,2,"{""UMLS:C2347609"": 1, ""C0752170"": 2}",0.9182958340544896,0.579380164285695,0.0
mm_0171649,BERT-base,controlled_paraphrase,mixed,0.506489391016809,3,2,"{""UMLS:C2347609"": 2, ""C0752170"": 1}",0.9182958340544896,0.579380164285695,0.0
mm_0171649,BERT-base,synonym_substitution,verb,0.05670103092783505,2,2,"{""UMLS:C2347609"": 1, ""C0752170"": 1}",1.0,1.0,0.0
mm_0171649,BioBERT,back_translation,mixed,0.22631578947368422,3,2,"{""UMLS:C1707887"": 1, ""UMLS:C1257990"": 2}",0.9182958340544896,0.579380164285695,0.0
mm_0171649,BioBERT,controlled_paraphrase,mixed,0.506489391016809,3,2,"{""UMLS:C1707887"": 1, ""UMLS:C1257990"": 2}",0.9182958340544896,0.579380164285695,0.0
mm_0171649,BioBERT,synonym_substitution,verb,0.05670103092783505,2,1,"{""UMLS:C1707887"": 2}",-0.0,-0.0,0.0
mm_0171649,PubMedBERT,back_translation,mixed,0.22631578947368422,3,1,"{""C1447749"": 3}",-0.0,-0.0,0.0
mm_0171649,PubMedBERT,controlled_paraphrase,mixed,0.506489391016809,3,1,"{""C1447749"": 3}",-0.0,-0.0,0.0
mm_0171649,PubMedBERT,synonym_substitution,verb,0.05670103092783505,2,1,"{""C1447749"": 2}",-0.0,-0.0,0.0
mm_0171666,BERT-base,back_translation,mixed,0.2376237623762376,3,1,"{""UMLS:C1257990"": 3}",-0.0,-0.0,0.0
mm_0171666,BERT-base,controlled_paraphrase,mixed,0.38095238095238093,2,1,"{""UMLS:C1257990"": 2}",-0.0,-0.0,0.0
mm_0171666,BERT-base,synonym_substitution,noun,0.0891089108910891,3,2,"{""UMLS:C1257990"": 1, ""C1447749"": 2}",0.9182958340544896,0.579380164285695,0.0
mm_0171666,BERT-base,syntactic_reordering,function_word,0.37623762376237624,3,2,"{""UMLS:C1257990"": 1, ""C1447749"": 2}",0.9182958340544896,0.579380164285695,0.0
mm_0171666,BioBERT,back_translation,mixed,0.2376237623762376,3,2,"{""C1839576"": 1, ""C0265267"": 2}",0.9182958340544896,0.579380164285695,0.0
mm_0171666,BioBERT,controlled_paraphrase,mixed,0.38095238095238093,2,1,"{""C1839576"": 2}",-0.0,-0.0,0.0
mm_0171666,BioBERT,synonym_substitution,noun,0.0891089108910891,3,2,"{""C1839576"": 1, ""C0038436"": 2}",0.9182958340544896,0.579380164285695,0.0
mm_0171666,BioBERT,syntactic_reordering,function_word,0.37623762376237624,3,2,"{""C1839576"": 1, ""C0038436"": 2}",0.9182958340544896,0.579380164285695,0.0
mm_0171666,PubMedBERT,back_translation,mixed,0.2376237623762376,3,1,"{""C1839576"": 3}",-0.0,-0.0,0.0
mm_0171666,PubMedBERT,controlled_paraphrase,mixed,0.38095238095238093,2,1,"{""C1839576"": 2}",-0.0,-0.0,0.0
mm_0171666,PubMedBERT,synonym_substitution,noun,0.0891089108910891,3,1,"{""C1839576"": 3}",-0.0,-0.0,0.0
mm_0171666,PubMedBERT,syntactic_reordering,function_word,0.37623762376237624,3,1,"{""C1839576"": 3}",-0.0,-0.0,0.0
mm_0171783,BERT-base,back_translation,mixed,0.050314465408805034,3,1,"{""C1312419"": 3}",-0.0,-0.0,0.0
mm_0171783,BERT-base,controlled_paraphrase,mixed,0.5251572327044025,3,1,"{""C1312419"": 3}",-0.0,-0.0,0.0
mm_0171783,BERT-base,synonym_substitution,verb,0.05263157894736842,2,1,"{""C1312419"": 2}",-0.0,-0.0,0.0
mm_0171783,BioBERT,back_translation,mixed,0.050314465408805034,3,1,"{""C0013728"": 3}",-0.0,-0.0,0.0
mm_0171783,BioBERT,controlled_paraphrase,mixed,0.5251572327044025,3,2,"{""C0013728"": 1, ""UMLS:C1257990"": 2}",0.9182958340544896,0.579380164285695,0.0
mm_0171783,BioBERT,synonym_substitution,verb,0.05263157894736842,2,2,"{""C0013728"": 1, ""C0050795"": 1}",1.0,1.0,0.0
mm_0171783,PubMedBERT,back_translation,mixed,0.050314465408805034,3,1,"{""C1839576"": 3}",-0.0,-0.0,0.0
mm_0171783,PubMedBERT,controlled_paraphrase,mixed,0.5251572327044025,3,2,"{""C1839576"": 1, ""C1447749"": 2}",0.9182958340544896,0.579380164285695,0.0
mm_0171783,PubMedBERT,synonym_substitution,verb,0.05263157894736842,2,1,"{""C1839576"": 2}",-0.0,-0.0,0.0
mm_0172460,BERT-base,synonym_substitution,noun,0.26022695432894366,3,2,"{""UMLS:C3808257"": 1, ""UMLS:C0358514"": 2}",0.9182958340544896,0.579380164285695,0.3333333333333333
mm_0172460,BioBERT,synonym_substitution,noun,0.26022695432894366,3,1,"{""UMLS:C3808257"": 3}",-0.0,-0.0,1.0
mm_0172460,PubMedBERT,synonym_substitution,noun,0.26022695432894366,3,1,"{""C1839576"": 3}",-0.0,-0.0,0.0
mm_0172661,BERT-base,back_translation,mixed,0.08843537414965986,3,1,"{""UMLS:C1257990"": 3}",-0.0,-0.0,0.0
mm_0172661,BERT-base,controlled_paraphrase,mixed,0.4421768707482993,3,1,"{""UMLS:C1257990"": 3}",-0.0,-0.0,0.0
mm_0172661,BERT-base,synonym_substitution,noun,0.061224489795918366,3,1,"{""UMLS:C1257990"": 3}",-0.0,-0.0,0.0
mm_0172661,BioBERT,back_translation,mixed,0.08843537414965986,3,1,"{""C1431322"": 3}",-0.0,-0.0,0.0
mm_0172661,BioBERT,controlled_paraphrase,mixed,0.4421768707482993,3,1,"{""C1431322"": 3}",-0.0,-0.0,0.0
mm_0172661,BioBERT,synonym_substitution,noun,0.061224489795918366,3,1,"{""C1431322"": 3}",-0.0,-0.0,0.0
mm_0172661,PubMedBERT,back_translation,mixed,0.08843537414965986,3,1,"{""C1839576"": 3}",-0.0,-0.0,0.0
mm_0172661,PubMedBERT,controlled_paraphrase,mixed,0.4421768707482993,3,2,"{""C1839576"": 1, ""C1447749"": 2}",0.9182958340544896,0.579380164285695,0.0
mm_0172661,PubMedBERT,synonym_substitution,noun,0.061224489795918366,3,1,"{""C1839576"": 3}",-0.0,-0.0,0.0
mm_0173765,BERT-base,controlled_paraphrase,modifier,0.23529411764705882,3,1,"{""UMLS:C0032521"": 3}",-0.0,-0.0,0.0
mm_0173765,BERT-base,synonym_substitution,noun,0.05555555555555555,2,1,"{""UMLS:C0032521"": 2}",-0.0,-0.0,0.0
mm_0173765,BERT-base,synonym_substitution,verb,0.07407407407407407,2,2,"{""UMLS:C0032521"": 1, ""C0016474"": 1}",1.0,1.0,0.0
mm_0173765,BioBERT,controlled_paraphrase,modifier,0.23529411764705882,3,1,"{""UMLS:C0032521"": 3}",-0.0,-0.0,0.0
mm_0173765,BioBERT,synonym_substitution,noun,0.05555555555555555,2,1,"{""UMLS:C0032521"": 2}",-0.0,-0.0,0.0
mm_0173765,BioBERT,synonym_substitution,verb,0.07407407407407407,2,1,"{""UMLS:C0032521"": 2}",-0.0,-0.0,0.0
mm_0173765,PubMedBERT,controlled_paraphrase,modifier,0.23529411764705882,3,1,"{""C1447749"": 3}",-0.0,-0.0,0.0
mm_0173765,PubMedBERT,synonym_substitution,noun,0.05555555555555555,2,1,"{""C1447749"": 2}",-0.0,-0.0,0.0
mm_0173765,PubMedBERT,synonym_substitution,verb,0.07407407407407407,2,1,"{""C1447749"": 2}",-0.0,-0.0,0.0
mm_0174037,BERT-base,back_translation,mixed,0.12101910828025478,3,1,"{""C1312419"": 3}",-0.0,-0.0,0.0
mm_0174037,BERT-base,synonym_substitution,noun,0.06918238993710692,2,1,"{""C1312419"": 2}",-0.0,-0.0,0.0
mm_0174037,BERT-base,synonym_substitution,verb,0.050314465408805034,2,1,"{""C1312419"": 2}",-0.0,-0.0,0.0
mm_0174037,BioBERT,back_translation,mixed,0.12101910828025478,3,1,"{""C0008354"": 3}",-0.0,-0.0,0.0
mm_0174037,BioBERT,synonym_substitution,noun,0.06918238993710692,2,1,"{""C0008354"": 2}",-0.0,-0.0,0.0
mm_0174037,BioBERT,synonym_substitution,verb,0.050314465408805034,2,1,"{""C0008354"": 2}",-0.0,-0.0,0.0
mm_0174037,PubMedBERT,back_translation,mixed,0.12101910828025478,3,1,"{""C1447749"": 3}",-0.0,-0.0,0.0
mm_0174037,PubMedBERT,synonym_substitution,noun,0.06918238993710692,2,1,"{""C1447749"": 2}",-0.0,-0.0,0.0
mm_0174037,PubMedBERT,synonym_substitution,verb,0.050314465408805034,2,1,"{""C1447749"": 2}",-0.0,-0.0,0.0
mm_0174527,BERT-base,back_translation,modifier,0.13656387665198239,3,1,"{""C1447749"": 3}",-0.0,-0.0,0.0
mm_0174527,BERT-base,controlled_paraphrase,mixed,0.23643226643756743,3,1,"{""C1447749"": 3}",-0.0,-0.0,0.0
mm_0174527,BERT-base,synonym_substitution,modifier,0.10441767068273092,2,1,"{""C1447749"": 2}",-0.0,-0.0,0.0
mm_0174527,BERT-base,synonym_substitution,noun,0.10080645161290322,2,1,"{""C1447749"": 2}",-0.0,-0.0,0.0
mm_0174527,BioBERT,back_translation,modifier,0.13656387665198239,3,2,"{""C0021665"": 1, ""C1431322"": 2}",0.9182958340544896,0.579380164285695,0.0
mm_0174527,BioBERT,controlled_paraphrase,mixed,0.23643226643756743,3,1,"{""C0021665"": 3}",-0.0,-0.0,0.0
mm_0174527,BioBERT,synonym_substitution,modifier,0.10441767068273092,2,1,"{""C0021665"": 2}",-0.0,-0.0,0.0
mm_0174527,BioBERT,synonym_substitution,noun,0.10080645161290322,2,1,"{""C0021665"": 2}",-0.0,-0.0,0.0
mm_0174527,PubMedBERT,back_translation,modifier,0.13656387665198239,3,1,"{""C1431322"": 3}",-0.0,-0.0,0.0
mm_0174527,PubMedBERT,controlled_paraphrase,mixed,0.23643226643756743,3,1,"{""C1431322"": 3}",-0.0,-0.0,0.0
mm_0174527,PubMedBERT,synonym_substitution,modifier,0.10441767068273092,2,1,"{""C1431322"": 2}",-0.0,-0.0,0.0
mm_0174527,PubMedBERT,synonym_substitution,noun,0.10080645161290322,2,1,"{""C1431322"": 2}",-0.0,-0.0,0.0
mm_0174783,BERT-base,back_translation,mixed,0.17647058823529413,3,1,"{""UMLS:C1257990"": 3}",-0.0,-0.0,0.0
mm_0174783,BERT-base,controlled_paraphrase,mixed,0.5764878048780488,3,1,"{""UMLS:C1257990"": 3}",-0.0,-0.0,0.0
mm_0174783,BERT-base,synonym_substitution,modifier,0.06609067426739111,3,1,"{""UMLS:C1257990"": 3}",-0.0,-0.0,0.0
mm_0174783,BioBERT,back_translation,mixed,0.17647058823529413,3,1,"{""UMLS:C1257990"": 3}",-0.0,-0.0,0.0
mm_0174783,BioBERT,controlled_paraphrase,mixed,0.5764878048780488,3,1,"{""UMLS:C1257990"": 3}",-0.0,-0.0,0.0
mm_0174783,BioBERT,synonym_substitution,modifier,0.06609067426739111,3,1,"{""UMLS:C1257990"": 3}",-0.0,-0.0,0.0
mm_0174783,PubMedBERT,back_translation,mixed,0.17647058823529413,3,1,"{""C1839576"": 3}",-0.0,-0.0,0.0
mm_0174783,PubMedBERT,controlled_paraphrase,mixed,0.5764878048780488,3,1,"{""C1839576"": 3}",-0.0,-0.0,0.0
mm_0174783,PubMedBERT,synonym_substitution,modifier,0.06609067426739111,3,1,"{""C1839576"": 3}",-0.0,-0.0,0.0
mm_0175215,BERT-base,back_translation,mixed,0.2345132743362832,3,1,"{""UMLS:C0242193"": 3}",-0.0,-0.0,0.0
mm_0175215,BERT-base,controlled_paraphrase,mixed,0.4,3,1,"{""UMLS:C0242193"": 3}",-0.0,-0.0,0.0
mm_0175215,BERT-base,syntactic_reordering,mixed,0.29545454545454547,3,1,"{""UMLS:C0242193"": 3}",-0.0,-0.0,0.0
mm_0175215,BioBERT,back_translation,mixed,0.2345132743362832,3,1,"{""UMLS:C1707887"": 3}",-0.0,-0.0,0.0
mm_0175215,BioBERT,controlled_paraphrase,mixed,0.4,3,1,"{""UMLS:C1707887"": 3}",-0.0,-0.0,0.0
mm_0175215,BioBERT,syntactic_reordering,mixed,0.29545454545454547,3,1,"{""UMLS:C1707887"": 3}",-0.0,-0.0,0.0
mm_0175215,PubMedBERT,back_translation,mixed,0.2345132743362832,3,2,"{""C1447749"": 1, ""C1431322"": 2}",0.9182958340544896,0.579380164285695,0.0
mm_0175215,PubMedBERT,controlled_paraphrase,mixed,0.4,3,2,"{""C1447749"": 1, ""UMLS:C0681906"": 2}",0.9182958340544896,0.579380164285695,0.0
mm_0175215,PubMedBERT,syntactic_reordering,mixed,0.29545454545454547,3,1,"{""C1447749"": 3}",-0.0,-0.0,0.0
mm_0175242,BERT-base,back_translation,mixed,0.07981220657276995,3,1,"{""C1447749"": 3}",-0.0,-0.0,0.0
mm_0175242,BERT-base,synonym_substitution,noun,0.08154789628939606,3,1,"{""C1447749"": 3}",-0.0,-0.0,0.0
mm_0175242,BioBERT,back_translation,mixed,0.07981220657276995,3,1,"{""C0050795"": 3}",-0.0,-0.0,0.0
mm_0175242,BioBERT,synonym_substitution,noun,0.08154789628939606,3,1,"{""C0050795"": 3}",-0.0,-0.0,0.0
mm_0175242,PubMedBERT,back_translation,mixed,0.07981220657276995,3,1,"{""C1447749"": 3}",-0.0,-0.0,0.0
mm_0175242,PubMedBERT,synonym_substitution,noun,0.08154789628939606,3,2,"{""C1447749"": 2, ""C1370369"": 1}",0.9182958340544896,0.579380164285695,0.0
mm_0175769,BERT-base,back_translation,mixed,0.1901840490797546,3,2,"{""C4277667"": 1, ""C0001623"": 2}",0.9182958340544896,0.579380164285695,0.0
mm_0175769,BERT-base,controlled_paraphrase,mixed,0.5526315789473685,3,2,"{""C4277667"": 1, ""C0001623"": 2}",0.9182958340544896,0.579380164285695,0.0
mm_0175769,BERT-base,synonym_substitution,noun,0.07236842105263158,2,1,"{""C4277667"": 2}",-0.0,-0.0,0.0
mm_0175769,BioBERT,back_translation,mixed,0.1901840490797546,3,2,"{""C0027609"": 1, ""UMLS:C1707887"": 2}",0.9182958340544896,0.579380164285695,0.0
mm_0175769,BioBERT,controlled_paraphrase,mixed,0.5526315789473685,3,2,"{""C0027609"": 1, ""C0265267"": 2}",0.9182958340544896,0.579380164285695,0.0
mm_0175769,BioBERT,synonym_substitution,noun,0.07236842105263158,2,1,"{""C0027609"": 2}",-0.0,-0.0,0.0
mm_0175769,PubMedBERT,back_translation,mixed,0.1901840490797546,3,2,"{""UMLS:C0681906"": 1, ""C1839576"": 2}",0.9182958340544896,0.579380164285695,0.0
mm_0175769,PubMedBERT,controlled_paraphrase,mixed,0.5526315789473685,3,2,"{""UMLS:C0681906"": 1, ""C1839576"": 2}",0.9182958340544896,0.579380164285695,0.0
mm_0175769,PubMedBERT,synonym_substitution,noun,0.07236842105263158,2,1,"{""UMLS:C0681906"": 2}",-0.0,-0.0,0.0
mm_0176132,BERT-base,back_translation,mixed,0.1130952380952381,3,1,"{""UMLS:C0242193"": 3}",-0.0,-0.0,0.0
mm_0176132,BERT-base,controlled_paraphrase,mixed,0.16430458803747297,3,1,"{""UMLS:C0242193"": 3}",-0.0,-0.0,0.0
mm_0176132,BERT-base,synonym_substitution,modifier,0.05917159763313609,2,1,"{""UMLS:C0242193"": 2}",-0.0,-0.0,0.0
mm_0176132,BERT-base,synonym_substitution,noun,0.059880239520958084,2,1,"{""UMLS:C0242193"": 2}",-0.0,-0.0,0.0
mm_0176132,BioBERT,back_translation,mixed,0.1130952380952381,3,2,"{""UMLS:C1707887"": 1, ""C0008396"": 2}",0.9182958340544896,0.579380164285695,0.0
mm_0176132,BioBERT,controlled_paraphrase,mixed,0.16430458803747297,3,2,"{""UMLS:C1707887"": 1, ""C0265267"": 2}",0.9182958340544896,0.579380164285695,0.0
mm_0176132,BioBERT,synonym_substitution,modifier,0.05917159763313609,2,2,"{""UMLS:C1707887"": 1, ""C0008396"": 1}",1.0,1.0,0.0
mm_0176132,BioBERT,synonym_substitution,noun,0.059880239520958084,2,1,"{""UMLS:C1707887"": 2}",-0.0,-0.0,0.0
mm_0176132,PubMedBERT,back_translation,mixed,0.1130952380952381,3,1,"{""C1839576"": 3}",-0.0,-0.0,0.0
mm_0176132,PubMedBERT,controlled_paraphrase,mixed,0.16430458803747297,3,1,"{""C1839576"": 3}",-0.0,-0.0,0.0
mm_0176132,PubMedBERT,synonym_substitution,modifier,0.05917159763313609,2,1,"{""C1839576"": 2}",-0.0,-0.0,0.0
mm_0176132,PubMedBERT,synonym_substitution,noun,0.059880239520958084,2,1,"{""C1839576"": 2}",-0.0,-0.0,0.0
mm_0176153,BERT-base,back_translation,mixed,0.1941747572815534,3,2,"{""UMLS:C0242193"": 1, ""UMLS:C0444254"": 2}",0.9182958340544896,0.579380164285695,0.0
mm_0176153,BERT-base,controlled_paraphrase,mixed,0.48490268035490314,3,2,"{""UMLS:C0242193"": 2, ""UMLS:C0358514"": 1}",0.9182958340544896,0.579380164285695,0.0
mm_0176153,BERT-base,synonym_substitution,noun,0.10538116591928251,3,2,"{""UMLS:C0242193"": 1, ""UMLS:C0358514"": 2}",0.9182958340544896,0.579380164285695,0.0
mm_0176153,BioBERT,back_translation,mixed,0.1941747572815534,3,1,"{""UMLS:C1257990"": 3}",-0.0,-0.0,0.0
mm_0176153,BioBERT,controlled_paraphrase,mixed,0.48490268035490314,3,2,"{""UMLS:C1257990"": 2, ""C1447749"": 1}",0.9182958340544896,0.579380164285695,0.0
mm_0176153,BioBERT,synonym_substitution,noun,0.10538116591928251,3,1,"{""UMLS:C1257990"": 3}",-0.0,-0.0,0.0
mm_0176153,PubMedBERT,back_translation,mixed,0.1941747572815534,3,1,"{""C0018966"": 3}",-0.0,-0.0,0.0
mm_0176153,PubMedBERT,controlled_paraphrase,mixed,0.48490268035490314,3,1,"{""C0018966"": 3}",-0.0,-0.0,0.0
mm_0176153,PubMedBERT,synonym_substitution,noun,0.10538116591928251,3,1,"{""C0018966"": 3}",-0.0,-0.0,0.0
mm_0176433,BERT-base,back_translation,mixed,0.06827309236947791,3,1,"{""C1447749"": 3}",-0.0,-0.0,0.0
mm_0176433,BERT-base,synonym_substitution,modifier,0.0642724413950829,3,1,"{""C1447749"": 3}",-0.0,-0.0,0.0
mm_0176433,BioBERT,back_translation,mixed,0.06827309236947791,3,1,"{""C1312419"": 3}",-0.0,-0.0,0.0
mm_0176433,BioBERT,synonym_substitution,modifier,0.0642724413950829,3,1,"{""C1312419"": 3}",-0.0,-0.0,0.0
mm_0176433,PubMedBERT,back_translation,mixed,0.06827309236947791,3,1,"{""C1447749"": 3}",-0.0,-0.0,0.0
mm_0176433,PubMedBERT,synonym_substitution,modifier,0.0642724413950829,3,1,"{""C1447749"": 3}",-0.0,-0.0,0.0
mm_0176562,BERT-base,back_translation,mixed,0.18840579710144928,3,1,"{""UMLS:C0681906"": 3}",-0.0,-0.0,0.0
mm_0176562,BERT-base,controlled_paraphrase,mixed,0.5072463768115942,3,2,"{""UMLS:C0681906"": 1, ""UMLS:C0242193"": 2}",0.9182958340544896,0.579380164285695,0.0
mm_0176562,BERT-base,synonym_substitution,verb,0.05045871559633028,2,2,"{""UMLS:C0681906"": 1, ""C1447749"": 1}",1.0,1.0,0.0
mm_0176562,BioBERT,back_translation,mixed,0.18840579710144928,3,2,"{""C1839576"": 1, ""UMLS:C0681906"": 2}",0.9182958340544896,0.579380164285695,0.0
mm_0176562,BioBERT,controlled_paraphrase,mixed,0.5072463768115942,3,1,"{""C1839576"": 3}",-0.0,-0.0,0.0
mm_0176562,BioBERT,synonym_substitution,verb,0.05045871559633028,2,2,"{""C1839576"": 1, ""C0027609"": 1}",1.0,1.0,0.0
mm_0176562,PubMedBERT,back_translation,mixed,0.18840579710144928,3,1,"{""C1839576"": 3}",-0.0,-0.0,0.0
mm_0176562,PubMedBERT,controlled_paraphrase,mixed,0.5072463768115942,3,1,"{""C1839576"": 3}",-0.0,-0.0,0.0
mm_0176562,PubMedBERT,synonym_substitution,verb,0.05045871559633028,2,1,"{""C1839576"": 2}",-0.0,-0.0,0.0
mm_0176770,BERT-base,back_translation,mixed,0.1636828644501279,3,1,"{""UMLS:C0242193"": 3}",-0.0,-0.0,0.0
mm_0176770,BioBERT,back_translation,mixed,0.1636828644501279,3,2,"{""C1447749"": 1, ""C0265267"": 2}",0.9182958340544896,0.579380164285695,0.0
mm_0176770,PubMedBERT,back_translation,mixed,0.1636828644501279,3,1,"{""C1447749"": 3}",-0.0,-0.0,0.0
mm_0177411,BERT-base,back_translation,mixed,0.12946428571428573,3,2,"{""C0282597"": 1, ""UMLS:C1257990"": 2}",0.9182958340544896,0.579380164285695,0.0
mm_0177411,BERT-base,controlled_paraphrase,mixed,0.5272727272727272,3,2,"{""C0282597"": 1, ""UMLS:C1257990"": 2}",0.9182958340544896,0.579380164285695,0.0
mm_0177411,BERT-base,synonym_substitution,verb,0.05,2,2,"{""C0282597"": 1, ""UMLS:C1257990"": 1}",1.0,1.0,0.0
mm_0177411,BioBERT,back_translation,mixed,0.12946428571428573,3,1,"{""UMLS:C1707887"": 3}",-0.0,-0.0,0.0
mm_0177411,BioBERT,controlled_paraphrase,mixed,0.5272727272727272,3,1,"{""UMLS:C1707887"": 3}",-0.0,-0.0,0.0
mm_0177411,BioBERT,synonym_substitution,verb,0.05,2,2,"{""UMLS:C1707887"": 1, ""C1312419"": 1}",1.0,1.0,0.0
mm_0177411,PubMedBERT,back_translation,mixed,0.12946428571428573,3,1,"{""C1447749"": 3}",-0.0,-0.0,0.0
mm_0177411,PubMedBERT,controlled_paraphrase,mixed,0.5272727272727272,3,1,"{""C1447749"": 3}",-0.0,-0.0,0.0
mm_0177411,PubMedBERT,synonym_substitution,verb,0.05,2,1,"{""C1447749"": 2}",-0.0,-0.0,0.0
mm_0177471,BERT-base,back_translation,mixed,0.2191780821917808,3,2,"{""C1096777"": 1, ""C0282440"": 2}",0.9182958340544896,0.579380164285695,0.0
mm_0177471,BERT-base,controlled_paraphrase,mixed,0.29928165720013367,3,1,"{""C1096777"": 3}",-0.0,-0.0,0.0
mm_0177471,BERT-base,synonym_substitution,verb,0.0782051282051282,3,2,"{""C1096777"": 2, ""C3850091"": 1}",0.9182958340544896,0.579380164285695,0.0
mm_0177471,BioBERT,back_translation,mixed,0.2191780821917808,3,1,"{""C3850091"": 3}",-0.0,-0.0,0.0
mm_0177471,BioBERT,controlled_paraphrase,mixed,0.29928165720013367,3,1,"{""C3850091"": 3}",-0.0,-0.0,0.0
mm_0177471,BioBERT,synonym_substitution,verb,0.0782051282051282,3,1,"{""C3850091"": 3}",-0.0,-0.0,0.0
mm_0177471,PubMedBERT,back_translation,mixed,0.2191780821917808,3,1,"{""C5197817"": 3}",-0.0,-0.0,0.0
mm_0177471,PubMedBERT,controlled_paraphrase,mixed,0.29928165720013367,3,1,"{""C5197817"": 3}",-0.0,-0.0,0.0
mm_0177471,PubMedBERT,synonym_substitution,verb,0.0782051282051282,3,1,"{""C5197817"": 3}",-0.0,-0.0,0.0
mm_0177777,BERT-base,back_translation,mixed,0.41935483870967744,3,1,"{""UMLS:C0242193"": 3}",-0.0,-0.0,0.0
mm_0177777,BERT-base,synonym_substitution,verb,0.0697439476874472,3,1,"{""UMLS:C0242193"": 3}",-0.0,-0.0,0.0
mm_0177777,BERT-base,syntactic_reordering,mixed,0.44171779141104295,3,1,"{""UMLS:C0242193"": 3}",-0.0,-0.0,0.0
mm_0177777,BioBERT,back_translation,mixed,0.41935483870967744,3,1,"{""C0027609"": 3}",-0.0,-0.0,0.0
mm_0177777,BioBERT,synonym_substitution,verb,0.0697439476874472,3,2,"{""C0027609"": 2, ""C1447749"": 1}",0.9182958340544896,0.579380164285695,0.0
mm_0177777,BioBERT,syntactic_reordering,mixed,0.44171779141104295,3,2,"{""C0027609"": 1, ""C1447749"": 2}",0.9182958340544896,0.579380164285695,0.0
mm_0177777,PubMedBERT,back_translation,mixed,0.41935483870967744,3,1,"{""C1839576"": 3}",-0.0,-0.0,0.0
mm_0177777,PubMedBERT,synonym_substitution,verb,0.0697439476874472,3,2,"{""C1839576"": 2, ""C1447749"": 1}",0.9182958340544896,0.579380164285695,0.0
mm_0177777,PubMedBERT,syntactic_reordering,mixed,0.44171779141104295,3,2,"{""C1839576"": 1, ""C1447749"": 2}",0.9182958340544896,0.579380164285695,0.0
mm_0177855,BERT-base,back_translation,mixed,0.13617021276595745,3,1,"{""UMLS:C0358514"": 3}",-0.0,-0.0,0.0
mm_0177855,BERT-base,controlled_paraphrase,mixed,0.3991769547325103,3,1,"{""UMLS:C0358514"": 3}",-0.0,-0.0,0.0
mm_0177855,BERT-base,synonym_substitution,verb,0.09507340485601355,3,1,"{""UMLS:C0358514"": 3}",-0.0,-0.0,0.0
mm_0177855,BERT-base,syntactic_reordering,modifier,0.44017094017094016,3,1,"{""UMLS:C0358514"": 3}",-0.0,-0.0,0.0
mm_0177855,BioBERT,back_translation,mixed,0.13617021276595745,3,1,"{""UMLS:C1257990"": 3}",-0.0,-0.0,0.0
mm_0177855,BioBERT,controlled_paraphrase,mixed,0.3991769547325103,3,1,"{""UMLS:C1257990"": 3}",-0.0,-0.0,0.0
mm_0177855,BioBERT,synonym_substitution,verb,0.09507340485601355,3,1,"{""UMLS:C1257990"": 3}",-0.0,-0.0,0.0
mm_0177855,BioBERT,syntactic_reordering,modifier,0.44017094017094016,3,2,"{""UMLS:C1257990"": 1, ""UMLS:C1707887"": 2}",0.9182958340544896,0.579380164285695,0.0
mm_0177855,PubMedBERT,back_translation,mixed,0.13617021276595745,3,1,"{""C0018966"": 3}",-0.0,-0.0,0.0
mm_0177855,PubMedBERT,controlled_paraphrase,mixed,0.3991769547325103,3,1,"{""C0018966"": 3}",-0.0,-0.0,0.0
mm_0177855,PubMedBERT,synonym_substitution,verb,0.09507340485601355,3,1,"{""C0018966"": 3}",-0.0,-0.0,0.0
mm_0177855,PubMedBERT,syntactic_reordering,modifier,0.44017094017094016,3,2,"{""C0018966"": 1, ""C1447749"": 2}",0.9182958340544896,0.579380164285695,0.0
mm_0178262,BERT-base,back_translation,mixed,0.0962962962962963,3,1,"{""UMLS:C1257990"": 3}",-0.0,-0.0,0.0
mm_0178262,BERT-base,controlled_paraphrase,mixed,0.3200984200984201,3,1,"{""UMLS:C1257990"": 3}",-0.0,-0.0,0.0
mm_0178262,BERT-base,synonym_substitution,noun,0.08927727916863486,3,1,"{""UMLS:C1257990"": 3}",-0.0,-0.0,0.0
mm_0178262,BERT-base,syntactic_reordering,mixed,0.5333333333333333,3,1,"{""UMLS:C1257990"": 3}",-0.0,-0.0,0.0
mm_0178262,BioBERT,back_translation,mixed,0.0962962962962963,3,1,"{""UMLS:C1257990"": 3}",-0.0,-0.0,0.0
mm_0178262,BioBERT,controlled_paraphrase,mixed,0.3200984200984201,3,2,"{""UMLS:C1257990"": 2, ""C1431322"": 1}",0.9182958340544896,0.579380164285695,0.0
mm_0178262,BioBERT,synonym_substitution,noun,0.08927727916863486,3,1,"{""UMLS:C1257990"": 3}",-0.0,-0.0,0.0
mm_0178262,BioBERT,syntactic_reordering,mixed,0.5333333333333333,3,2,"{""UMLS:C1257990"": 1, ""C1431322"": 2}",0.9182958340544896,0.579380164285695,0.0
mm_0178262,PubMedBERT,back_translation,mixed,0.0962962962962963,3,1,"{""UMLS:C1257990"": 3}",-0.0,-0.0,0.0
mm_0178262,PubMedBERT,controlled_paraphrase,mixed,0.3200984200984201,3,2,"{""UMLS:C1257990"": 2, ""C1431322"": 1}",0.9182958340544896,0.579380164285695,0.0
mm_0178262,PubMedBERT,synonym_substitution,noun,0.08927727916863486,3,1,"{""UMLS:C1257990"": 3}",-0.0,-0.0,0.0
mm_0178262,PubMedBERT,syntactic_reordering,mixed,0.5333333333333333,3,1,"{""UMLS:C1257990"": 3}",-0.0,-0.0,0.0
mm_0178424,BERT-base,back_translation,mixed,0.18238993710691823,3,1,"{""C3714500"": 3}",-0.0,-0.0,0.0
mm_0178424,BERT-base,controlled_paraphrase,mixed,0.5628930817610063,3,1,"{""C3714500"": 3}",-0.0,-0.0,0.0
mm_0178424,BERT-base,synonym_substitution,modifier,0.08383233532934131,2,1,"{""C3714500"": 2}",-0.0,-0.0,0.0
mm_0178424,BERT-base,synonym_substitution,noun,0.09036144578313253,2,1,"{""C3714500"": 2}",-0.0,-0.0,0.0
mm_0178424,BioBERT,back_translation,mixed,0.18238993710691823,3,1,"{""C2935436"": 3}",-0.0,-0.0,0.0
mm_0178424,BioBERT,controlled_paraphrase,mixed,0.5628930817610063,3,1,"{""C2935436"": 3}",-0.0,-0.0,0.0
mm_0178424,BioBERT,synonym_substitution,modifier,0.08383233532934131,2,1,"{""C2935436"": 2}",-0.0,-0.0,0.0
mm_0178424,BioBERT,synonym_substitution,noun,0.09036144578313253,2,1,"{""C2935436"": 2}",-0.0,-0.0,0.0
mm_0178424,PubMedBERT,back_translation,mixed,0.18238993710691823,3,2,"{""C0015131"": 1, ""C1839576"": 2}",0.9182958340544896,0.579380164285695,0.0
mm_0178424,PubMedBERT,controlled_paraphrase,mixed,0.5628930817610063,3,2,"{""C0015131"": 1, ""C1839576"": 2}",0.9182958340544896,0.579380164285695,0.0
mm_0178424,PubMedBERT,synonym_substitution,modifier,0.08383233532934131,2,1,"{""C0015131"": 2}",-0.0,-0.0,0.0
mm_0178424,PubMedBERT,synonym_substitution,noun,0.09036144578313253,2,2,"{""C0015131"": 1, ""C1839576"": 1}",1.0,1.0,0.0
mm_0178559,BERT-base,back_translation,mixed,0.1971153846153846,3,2,"{""C1312419"": 1, ""C4318429"": 2}",0.9182958340544896,0.579380164285695,0.0
mm_0178559,BioBERT,back_translation,mixed,0.1971153846153846,3,1,"{""UMLS:C1257990"": 3}",-0.0,-0.0,0.0
mm_0178559,PubMedBERT,back_translation,mixed,0.1971153846153846,3,2,"{""UMLS:C1423931"": 1, ""C1447749"": 2}",0.9182958340544896,0.579380164285695,0.3333333333333333
mm_0178996,BERT-base,back_translation,mixed,0.20408163265306123,3,1,"{""UMLS:C1257990"": 3}",-0.0,-0.0,0.0
mm_0178996,BERT-base,controlled_paraphrase,mixed,0.3010204081632653,3,1,"{""UMLS:C1257990"": 3}",-0.0,-0.0,0.0
mm_0178996,BERT-base,synonym_substitution,noun,0.07082556081695127,3,1,"{""UMLS:C1257990"": 3}",-0.0,-0.0,0.0
mm_0178996,BioBERT,back_translation,mixed,0.20408163265306123,3,2,"{""C1312419"": 1, ""UMLS:C1257990"": 2}",0.9182958340544896,0.579380164285695,0.0
mm_0178996,BioBERT,controlled_paraphrase,mixed,0.3010204081632653,3,1,"{""C1312419"": 3}",-0.0,-0.0,0.0
mm_0178996,BioBERT,synonym_substitution,noun,0.07082556081695127,3,1,"{""C1312419"": 3}",-0.0,-0.0,0.0
mm_0178996,PubMedBERT,back_translation,mixed,0.20408163265306123,3,1,"{""C1839576"": 3}",-0.0,-0.0,0.0
mm_0178996,PubMedBERT,controlled_paraphrase,mixed,0.3010204081632653,3,1,"{""C1839576"": 3}",-0.0,-0.0,0.0
mm_0178996,PubMedBERT,synonym_substitution,noun,0.07082556081695127,3,1,"{""C1839576"": 3}",-0.0,-0.0,0.0
mm_0179114,BERT-base,back_translation,mixed,0.24188790560471976,3,1,"{""C1447749"": 3}",-0.0,-0.0,0.0
mm_0179114,BERT-base,synonym_substitution,modifier,0.06353591160220995,2,1,"{""C1447749"": 2}",-0.0,-0.0,0.0
mm_0179114,BERT-base,synonym_substitution,verb,0.05322128851540616,2,1,"{""C1447749"": 2}",-0.0,-0.0,0.0
mm_0179114,BioBERT,back_translation,mixed,0.24188790560471976,3,1,"{""UMLS:C0681906"": 3}",-0.0,-0.0,0.0
mm_0179114,BioBERT,synonym_substitution,modifier,0.06353591160220995,2,1,"{""UMLS:C0681906"": 2}",-0.0,-0.0,0.0
mm_0179114,BioBERT,synonym_substitution,verb,0.05322128851540616,2,1,"{""UMLS:C0681906"": 2}",-0.0,-0.0,0.0
mm_0179114,PubMedBERT,back_translation,mixed,0.24188790560471976,3,1,"{""UMLS:C0681906"": 3}",-0.0,-0.0,0.0
mm_0179114,PubMedBERT,synonym_substitution,modifier,0.06353591160220995,2,1,"{""UMLS:C0681906"": 2}",-0.0,-0.0,0.0
mm_0179114,PubMedBERT,synonym_substitution,verb,0.05322128851540616,2,1,"{""UMLS:C0681906"": 2}",-0.0,-0.0,0.0
mm_0180560,BERT-base,back_translation,verb,0.1,3,1,"{""C0034394"": 3}",-0.0,-0.0,0.0
mm_0180560,BERT-base,controlled_paraphrase,mixed,0.38024408848207475,3,1,"{""C0034394"": 3}",-0.0,-0.0,0.0
mm_0180560,BERT-base,synonym_substitution,noun,0.12222222222222222,3,1,"{""C0034394"": 3}",-0.0,-0.0,0.0
mm_0180560,BioBERT,back_translation,verb,0.1,3,1,"{""C4042892"": 3}",-0.0,-0.0,0.0
mm_0180560,BioBERT,controlled_paraphrase,mixed,0.38024408848207475,3,1,"{""C4042892"": 3}",-0.0,-0.0,0.0
mm_0180560,BioBERT,synonym_substitution,noun,0.12222222222222222,3,2,"{""C4042892"": 2, ""UMLS:C0034394"": 1}",0.9182958340544896,0.579380164285695,0.3333333333333333
mm_0180560,PubMedBERT,back_translation,verb,0.1,3,1,"{""UMLS:C0681906"": 3}",-0.0,-0.0,0.0
mm_0180560,PubMedBERT,controlled_paraphrase,mixed,0.38024408848207475,3,1,"{""UMLS:C0681906"": 3}",-0.0,-0.0,0.0
mm_0180560,PubMedBERT,synonym_substitution,noun,0.12222222222222222,3,1,"{""UMLS:C0681906"": 3}",-0.0,-0.0,0.0
mm_0180790,BERT-base,back_translation,mixed,0.27058823529411763,3,1,"{""UMLS:C1257990"": 3}",-0.0,-0.0,1.0
mm_0180790,BERT-base,controlled_paraphrase,mixed,0.3925079757126685,3,1,"{""UMLS:C1257990"": 3}",-0.0,-0.0,1.0
mm_0180790,BERT-base,synonym_substitution,noun,0.06451612903225806,2,1,"{""UMLS:C1257990"": 2}",-0.0,-0.0,1.0
mm_0180790,BERT-base,synonym_substitution,verb,0.05416666666666667,2,1,"{""UMLS:C1257990"": 2}",-0.0,-0.0,1.0
mm_0180790,BioBERT,back_translation,mixed,0.27058823529411763,3,1,"{""UMLS:C1257990"": 3}",-0.0,-0.0,1.0
mm_0180790,BioBERT,controlled_paraphrase,mixed,0.3925079757126685,3,1,"{""UMLS:C1257990"": 3}",-0.0,-0.0,1.0
mm_0180790,BioBERT,synonym_substitution,noun,0.06451612903225806,2,1,"{""UMLS:C1257990"": 2}",-0.0,-0.0,1.0
mm_0180790,BioBERT,synonym_substitution,verb,0.05416666666666667,2,1,"{""UMLS:C1257990"": 2}",-0.0,-0.0,1.0
mm_0180790,PubMedBERT,back_translation,mixed,0.27058823529411763,3,1,"{""UMLS:C1257990"": 3}",-0.0,-0.0,1.0
mm_0180790,PubMedBERT,controlled_paraphrase,mixed,0.3925079757126685,3,1,"{""UMLS:C1257990"": 3}",-0.0,-0.0,1.0
mm_0180790,PubMedBERT,synonym_substitution,noun,0.06451612903225806,2,1,"{""UMLS:C1257990"": 2}",-0.0,-0.0,1.0
mm_0180790,PubMedBERT,synonym_substitution,verb,0.05416666666666667,2,1,"{""UMLS:C1257990"": 2}",-0.0,-0.0,1.0
mm_0180796,BERT-base,back_translation,mixed,0.27058823529411763,3,1,"{""UMLS:C1257990"": 3}",-0.0,-0.0,0.0
mm_0180796,BERT-base,controlled_paraphrase,mixed,0.35443037974683544,3,1,"{""UMLS:C1257990"": 3}",-0.0,-0.0,0.0
mm_0180796,BERT-base,synonym_substitution,modifier,0.058091286307053944,2,1,"{""UMLS:C1257990"": 2}",-0.0,-0.0,0.0
mm_0180796,BERT-base,synonym_substitution,verb,0.05416666666666667,2,1,"{""UMLS:C1257990"": 2}",-0.0,-0.0,0.0
mm_0180796,BioBERT,back_translation,mixed,0.27058823529411763,3,1,"{""UMLS:C1257990"": 3}",-0.0,-0.0,0.0
mm_0180796,BioBERT,controlled_paraphrase,mixed,0.35443037974683544,3,1,"{""UMLS:C1257990"": 3}",-0.0,-0.0,0.0
mm_0180796,BioBERT,synonym_substitution,modifier,0.058091286307053944,2,1,"{""UMLS:C1257990"": 2}",-0.0,-0.0,0.0
mm_0180796,BioBERT,synonym_substitution,verb,0.05416666666666667,2,1,"{""UMLS:C1257990"": 2}",-0.0,-0.0,0.0
mm_0180796,PubMedBERT,back_translation,mixed,0.27058823529411763,3,1,"{""UMLS:C1257990"": 3}",-0.0,-0.0,0.0
mm_0180796,PubMedBERT,controlled_paraphrase,mixed,0.35443037974683544,3,1,"{""UMLS:C1257990"": 3}",-0.0,-0.0,0.0
mm_0180796,PubMedBERT,synonym_substitution,modifier,0.058091286307053944,2,1,"{""UMLS:C1257990"": 2}",-0.0,-0.0,0.0
mm_0180796,PubMedBERT,synonym_substitution,verb,0.05416666666666667,2,1,"{""UMLS:C1257990"": 2}",-0.0,-0.0,0.0
mm_0181168,BERT-base,back_translation,mixed,0.2222222222222222,3,1,"{""UMLS:C0444254"": 3}",-0.0,-0.0,0.0
mm_0181168,BERT-base,controlled_paraphrase,mixed,0.46331440929981077,3,1,"{""UMLS:C0444254"": 3}",-0.0,-0.0,0.0
mm_0181168,BERT-base,synonym_substitution,modifier,0.12505425608873885,3,1,"{""UMLS:C0444254"": 3}",-0.0,-0.0,0.0
mm_0181168,BioBERT,back_translation,mixed,0.2222222222222222,3,1,"{""UMLS:C0010362"": 3}",-0.0,-0.0,1.0
mm_0181168,BioBERT,controlled_paraphrase,mixed,0.46331440929981077,3,1,"{""UMLS:C0010362"": 3}",-0.0,-0.0,1.0
mm_0181168,BioBERT,synonym_substitution,modifier,0.12505425608873885,3,1,"{""UMLS:C0010362"": 3}",-0.0,-0.0,1.0
mm_0181168,PubMedBERT,back_translation,mixed,0.2222222222222222,3,1,"{""C1839576"": 3}",-0.0,-0.0,0.0
mm_0181168,PubMedBERT,controlled_paraphrase,mixed,0.46331440929981077,3,1,"{""C1839576"": 3}",-0.0,-0.0,0.0
mm_0181168,PubMedBERT,synonym_substitution,modifier,0.12505425608873885,3,1,"{""C1839576"": 3}",-0.0,-0.0,0.0
mm_0181222,BERT-base,back_translation,mixed,0.273542600896861,3,2,"{""UMLS:C1283169"": 1, ""UMLS:C1707887"": 2}",0.9182958340544896,0.579380164285695,0.0
mm_0181222,BERT-base,controlled_paraphrase,mixed,0.5650224215246636,2,2,"{""UMLS:C1283169"": 1, ""UMLS:C1257990"": 1}",1.0,1.0,0.0
mm_0181222,BioBERT,back_translation,mixed,0.273542600896861,3,2,"{""UMLS:C1707887"": 1, ""C1447749"": 2}",0.9182958340544896,0.579380164285695,0.0
mm_0181222,BioBERT,controlled_paraphrase,mixed,0.5650224215246636,2,2,"{""UMLS:C1707887"": 1, ""UMLS:C1257990"": 1}",1.0,1.0,0.0
mm_0181222,PubMedBERT,back_translation,mixed,0.273542600896861,3,1,"{""C1839576"": 3}",-0.0,-0.0,0.0
mm_0181222,PubMedBERT,controlled_paraphrase,mixed,0.5650224215246636,2,2,"{""C1839576"": 1, ""C1447749"": 1}",1.0,1.0,0.0
mm_0181309,BERT-base,back_translation,mixed,0.14634146341463414,3,2,"{""C0282597"": 1, ""UMLS:C1257990"": 2}",0.9182958340544896,0.579380164285695,0.0
mm_0181309,BERT-base,controlled_paraphrase,mixed,0.46743754772553725,3,1,"{""C0282597"": 3}",-0.0,-0.0,0.0
mm_0181309,BERT-base,synonym_substitution,noun,0.10344827586206896,2,1,"{""C0282597"": 2}",-0.0,-0.0,0.0
mm_0181309,BERT-base,synonym_substitution,verb,0.13095238095238096,2,2,"{""C0282597"": 1, ""UMLS:C2350390"": 1}",1.0,1.0,0.0
mm_0181309,BioBERT,back_translation,mixed,0.14634146341463414,3,1,"{""UMLS:C1707887"": 3}",-0.0,-0.0,0.0
mm_0181309,BioBERT,controlled_paraphrase,mixed,0.46743754772553725,3,1,"{""UMLS:C1707887"": 3}",-0.0,-0.0,0.0
mm_0181309,BioBERT,synonym_substitution,noun,0.10344827586206896,2,1,"{""UMLS:C1707887"": 2}",-0.0,-0.0,0.0
mm_0181309,BioBERT,synonym_substitution,verb,0.13095238095238096,2,1,"{""UMLS:C1707887"": 2}",-0.0,-0.0,0.0
mm_0181309,PubMedBERT,back_translation,mixed,0.14634146341463414,3,1,"{""UMLS:C1257990"": 3}",-0.0,-0.0,0.0
mm_0181309,PubMedBERT,controlled_paraphrase,mixed,0.46743754772553725,3,3,"{""UMLS:C1257990"": 1, ""C1447749"": 1, ""C1839576"": 1}",1.584962500721156,1.0,0.0
mm_0181309,PubMedBERT,synonym_substitution,noun,0.10344827586206896,2,1,"{""UMLS:C1257990"": 2}",-0.0,-0.0,0.0
mm_0181309,PubMedBERT,synonym_substitution,verb,0.13095238095238096,2,1,"{""UMLS:C1257990"": 2}",-0.0,-0.0,0.0
mm_0181675,BERT-base,back_translation,mixed,0.11936339522546419,3,1,"{""UMLS:C1257990"": 3}",-0.0,-0.0,0.0
mm_0181675,BERT-base,controlled_paraphrase,mixed,0.11113604907791867,3,2,"{""UMLS:C1257990"": 1, ""C1447749"": 2}",0.9182958340544896,0.579380164285695,0.0
mm_0181675,BERT-base,synonym_substitution,noun,0.0675,2,1,"{""UMLS:C1257990"": 2}",-0.0,-0.0,0.0
mm_0181675,BERT-base,synonym_substitution,verb,0.07575757575757576,2,2,"{""UMLS:C1257990"": 1, ""C1447749"": 1}",1.0,1.0,0.0
mm_0181675,BioBERT,back_translation,mixed,0.11936339522546419,3,1,"{""UMLS:C1257990"": 3}",-0.0,-0.0,0.0
mm_0181675,BioBERT,controlled_paraphrase,mixed,0.11113604907791867,3,1,"{""UMLS:C1257990"": 3}",-0.0,-0.0,0.0
mm_0181675,BioBERT,synonym_substitution,noun,0.0675,2,1,"{""UMLS:C1257990"": 2}",-0.0,-0.0,0.0
mm_0181675,BioBERT,synonym_substitution,verb,0.07575757575757576,2,1,"{""UMLS:C1257990"": 2}",-0.0,-0.0,0.0
mm_0181675,PubMedBERT,back_translation,mixed,0.11936339522546419,3,1,"{""C1447749"": 3}",-0.0,-0.0,0.0
mm_0181675,PubMedBERT,controlled_paraphrase,mixed,0.11113604907791867,3,1,"{""C1447749"": 3}",-0.0,-0.0,0.0
mm_0181675,PubMedBERT,synonym_substitution,noun,0.0675,2,1,"{""C1447749"": 2}",-0.0,-0.0,0.0
mm_0181675,PubMedBERT,synonym_substitution,verb,0.07575757575757576,2,1,"{""C1447749"": 2}",-0.0,-0.0,0.0
mm_0184130,BERT-base,controlled_paraphrase,unknown,0.17117117117117117,3,2,"{""UMLS:C1257990"": 1, ""UMLS:C0444254"": 2}",0.9182958340544896,0.579380164285695,0.0
mm_0184130,BERT-base,synonym_substitution,noun,0.1401463811330984,3,1,"{""UMLS:C1257990"": 3}",-0.0,-0.0,0.0
mm_0184130,BERT-base,syntactic_reordering,mixed,0.46846846846846846,3,2,"{""UMLS:C1257990"": 1, ""UMLS:C0358514"": 2}",0.9182958340544896,0.579380164285695,0.0
mm_0184130,BioBERT,controlled_paraphrase,unknown,0.17117117117117117,3,1,"{""UMLS:C1707887"": 3}",-0.0,-0.0,0.0
mm_0184130,BioBERT,synonym_substitution,noun,0.1401463811330984,3,2,"{""UMLS:C1707887"": 2, ""C1839576"": 1}",0.9182958340544896,0.579380164285695,0.0
mm_0184130,BioBERT,syntactic_reordering,mixed,0.46846846846846846,3,1,"{""UMLS:C1707887"": 3}",-0.0,-0.0,0.0
mm_0184130,PubMedBERT,controlled_paraphrase,unknown,0.17117117117117117,3,1,"{""C1839576"": 3}",-0.0,-0.0,0.0
mm_0184130,PubMedBERT,synonym_substitution,noun,0.1401463811330984,3,1,"{""C1839576"": 3}",-0.0,-0.0,0.0
mm_0184130,PubMedBERT,syntactic_reordering,mixed,0.46846846846846846,3,1,"{""C1839576"": 3}",-0.0,-0.0,0.0
mm_0184313,BERT-base,back_translation,mixed,0.3583815028901734,3,1,"{""UMLS:C0243095"": 3}",-0.0,-0.0,0.0
mm_0184313,BERT-base,controlled_paraphrase,mixed,0.5578034682080926,3,1,"{""UMLS:C0243095"": 3}",-0.0,-0.0,0.0
mm_0184313,BERT-base,synonym_substitution,modifier,0.06554054054054054,3,1,"{""UMLS:C0243095"": 3}",-0.0,-0.0,0.0
mm_0184313,BERT-base,syntactic_reordering,mixed,0.23121387283236994,3,1,"{""UMLS:C0243095"": 3}",-0.0,-0.0,0.0
mm_0184313,BioBERT,back_translation,mixed,0.3583815028901734,3,1,"{""UMLS:C1707887"": 3}",-0.0,-0.0,0.0
mm_0184313,BioBERT,controlled_paraphrase,mixed,0.5578034682080926,3,1,"{""UMLS:C1707887"": 3}",-0.0,-0.0,0.0
mm_0184313,BioBERT,synonym_substitution,modifier,0.06554054054054054,3,1,"{""UMLS:C1707887"": 3}",-0.0,-0.0,0.0
mm_0184313,BioBERT,syntactic_reordering,mixed,0.23121387283236994,3,1,"{""UMLS:C1707887"": 3}",-0.0,-0.0,0.0
mm_0184313,PubMedBERT,back_translation,mixed,0.3583815028901734,3,1,"{""C1839576"": 3}",-0.0,-0.0,0.0
mm_0184313,PubMedBERT,controlled_paraphrase,mixed,0.5578034682080926,3,2,"{""C1839576"": 2, ""C1447749"": 1}",0.9182958340544896,0.579380164285695,0.0
mm_0184313,PubMedBERT,synonym_substitution,modifier,0.06554054054054054,3,2,"{""C1839576"": 2, ""C1447749"": 1}",0.9182958340544896,0.579380164285695,0.0
mm_0184313,PubMedBERT,syntactic_reordering,mixed,0.23121387283236994,3,2,"{""C1839576"": 1, ""C1447749"": 2}",0.9182958340544896,0.579380164285695,0.0
mm_0184320,BERT-base,back_translation,mixed,0.16459627329192547,3,1,"{""UMLS:C0242193"": 3}",-0.0,-0.0,0.0
mm_0184320,BERT-base,controlled_paraphrase,mixed,0.20496894409937888,3,1,"{""UMLS:C0242193"": 3}",-0.0,-0.0,0.0
mm_0184320,BioBERT,back_translation,mixed,0.16459627329192547,3,2,"{""C1868801"": 1, ""UMLS:C1707887"": 2}",0.9182958340544896,0.579380164285695,0.0
mm_0184320,BioBERT,controlled_paraphrase,mixed,0.20496894409937888,3,2,"{""C1868801"": 1, ""C1312419"": 2}",0.9182958340544896,0.579380164285695,0.0
mm_0184320,PubMedBERT,back_translation,mixed,0.16459627329192547,3,1,"{""C1447749"": 3}",-0.0,-0.0,0.0
mm_0184320,PubMedBERT,controlled_paraphrase,mixed,0.20496894409937888,3,1,"{""C1447749"": 3}",-0.0,-0.0,0.0
mm_0184337,BERT-base,back_translation,mixed,0.2638888888888889,3,2,"{""UMLS:C0242193"": 1, ""UMLS:C1257990"": 2}",0.9182958340544896,0.579380164285695,0.0
mm_0184337,BERT-base,synonym_substitution,modifier,0.08771929824561403,2,1,"{""UMLS:C0242193"": 2}",-0.0,-0.0,0.0
mm_0184337,BERT-base,synonym_substitution,verb,0.07407407407407407,2,2,"{""UMLS:C0242193"": 1, ""UMLS:C1257990"": 1}",1.0,1.0,0.0
mm_0184337,BioBERT,back_translation,mixed,0.2638888888888889,3,1,"{""UMLS:C1707887"": 3}",-0.0,-0.0,0.0
mm_0184337,BioBERT,synonym_substitution,modifier,0.08771929824561403,2,1,"{""UMLS:C1707887"": 2}",-0.0,-0.0,0.0
mm_0184337,BioBERT,synonym_substitution,verb,0.07407407407407407,2,1,"{""UMLS:C1707887"": 2}",-0.0,-0.0,0.0
mm_0184337,PubMedBERT,back_translation,mixed,0.2638888888888889,3,1,"{""C1839576"": 3}",-0.0,-0.0,0.0
mm_0184337,PubMedBERT,synonym_substitution,modifier,0.08771929824561403,2,2,"{""C1839576"": 1, ""UMLS:C1707887"": 1}",1.0,1.0,0.0
mm_0184337,PubMedBERT,synonym_substitution,verb,0.07407407407407407,2,2,"{""C1839576"": 1, ""UMLS:C1707887"": 1}",1.0,1.0,0.0
mm_0184531,BERT-base,controlled_paraphrase,mixed,0.4206896551724138,2,1,"{""UMLS:C1257990"": 2}",-0.0,-0.0,0.0
mm_0184531,BioBERT,controlled_paraphrase,mixed,0.4206896551724138,2,1,"{""UMLS:C1257990"": 2}",-0.0,-0.0,0.0
mm_0184531,PubMedBERT,controlled_paraphrase,mixed,0.4206896551724138,2,2,"{""C1447749"": 1, ""C1431322"": 1}",1.0,1.0,0.0
mm_0185245,BERT-base,back_translation,mixed,0.2681564245810056,3,2,"{""UMLS:C0358514"": 1, ""C1447749"": 2}",0.9182958340544896,0.579380164285695,0.0
mm_0185245,BERT-base,controlled_paraphrase,mixed,0.12569832402234637,3,1,"{""UMLS:C0358514"": 3}",-0.0,-0.0,0.0
mm_0185245,BERT-base,synonym_substitution,noun,0.1580188679245283,2,2,"{""UMLS:C0358514"": 1, ""C1447749"": 1}",1.0,1.0,0.0
mm_0185245,BERT-base,synonym_substitution,verb,0.14148681055155876,2,1,"{""UMLS:C0358514"": 2}",-0.0,-0.0,0.0
mm_0185245,BERT-base,syntactic_reordering,mixed,0.5977653631284916,2,2,"{""UMLS:C0358514"": 1, ""C1447749"": 1}",1.0,1.0,0.0
mm_0185245,BioBERT,back_translation,mixed,0.2681564245810056,3,1,"{""C0008396"": 3}",-0.0,-0.0,0.0
mm_0185245,BioBERT,controlled_paraphrase,mixed,0.12569832402234637,3,1,"{""C0008396"": 3}",-0.0,-0.0,0.0
mm_0185245,BioBERT,synonym_substitution,noun,0.1580188679245283,2,1,"{""C0008396"": 2}",-0.0,-0.0,0.0
mm_0185245,BioBERT,synonym_substitution,verb,0.14148681055155876,2,1,"{""C0008396"": 2}",-0.0,-0.0,0.0
mm_0185245,BioBERT,syntactic_reordering,mixed,0.5977653631284916,2,2,"{""C0008396"": 1, ""UMLS:C1257990"": 1}",1.0,1.0,0.0
mm_0185245,PubMedBERT,back_translation,mixed,0.2681564245810056,3,1,"{""C1999375"": 3}",-0.0,-0.0,0.0
mm_0185245,PubMedBERT,controlled_paraphrase,mixed,0.12569832402234637,3,1,"{""C1999375"": 3}",-0.0,-0.0,0.0
mm_0185245,PubMedBERT,synonym_substitution,noun,0.1580188679245283,2,1,"{""C1999375"": 2}",-0.0,-0.0,0.0
mm_0185245,PubMedBERT,synonym_substitution,verb,0.14148681055155876,2,1,"{""C1999375"": 2}",-0.0,-0.0,0.0
mm_0185245,PubMedBERT,syntactic_reordering,mixed,0.5977653631284916,2,2,"{""C1999375"": 1, ""C1839576"": 1}",1.0,1.0,0.0
mm_0185936,BERT-base,back_translation,mixed,0.10726643598615918,3,2,"{""C1447749"": 1, ""C2983775"": 2}",0.9182958340544896,0.579380164285695,0.0
mm_0185936,BERT-base,controlled_paraphrase,mixed,0.18706293706293706,3,1,"{""C1447749"": 3}",-0.0,-0.0,0.0
mm_0185936,BioBERT,back_translation,mixed,0.10726643598615918,3,2,"{""UMLS:C1257990"": 1, ""C1257880"": 2}",0.9182958340544896,0.579380164285695,0.0
mm_0185936,BioBERT,controlled_paraphrase,mixed,0.18706293706293706,3,2,"{""UMLS:C1257990"": 1, ""C1447749"": 2}",0.9182958340544896,0.579380164285695,0.0
mm_0185936,PubMedBERT,back_translation,mixed,0.10726643598615918,3,1,"{""C1447749"": 3}",-0.0,-0.0,0.0
mm_0185936,PubMedBERT,controlled_paraphrase,mixed,0.18706293706293706,3,1,"{""C1447749"": 3}",-0.0,-0.0,0.0
mm_0186119,BERT-base,back_translation,mixed,0.11702127659574468,3,2,"{""C1312419"": 1, ""C4505290"": 2}",0.9182958340544896,0.579380164285695,0.0
mm_0186119,BERT-base,controlled_paraphrase,mixed,0.1891891891891892,3,1,"{""C1312419"": 3}",-0.0,-0.0,0.0
mm_0186119,BioBERT,back_translation,mixed,0.11702127659574468,3,2,"{""C4042843"": 1, ""C4505290"": 2}",0.9182958340544896,0.579380164285695,0.0
mm_0186119,BioBERT,controlled_paraphrase,mixed,0.1891891891891892,3,2,"{""C4042843"": 1, ""C0013728"": 2}",0.9182958340544896,0.579380164285695,0.0
mm_0186119,PubMedBERT,back_translation,mixed,0.11702127659574468,3,1,"{""C1839576"": 3}",-0.0,-0.0,0.0
mm_0186119,PubMedBERT,controlled_paraphrase,mixed,0.1891891891891892,3,1,"{""C1839576"": 3}",-0.0,-0.0,0.0
mm_0186465,BERT-base,back_translation,mixed,0.2747747747747748,3,1,"{""UMLS:C0242193"": 3}",-0.0,-0.0,0.0
mm_0186465,BERT-base,controlled_paraphrase,mixed,0.591743119266055,3,1,"{""UMLS:C0242193"": 3}",-0.0,-0.0,0.0
mm_0186465,BERT-base,synonym_substitution,noun,0.05820146074254413,3,1,"{""UMLS:C0242193"": 3}",-0.0,-0.0,0.0
mm_0186465,BERT-base,syntactic_reordering,mixed,0.47115384615384615,2,1,"{""UMLS:C0242193"": 2}",-0.0,-0.0,0.0
mm_0186465,BioBERT,back_translation,mixed,0.2747747747747748,3,1,"{""UMLS:C1707887"": 3}",-0.0,-0.0,0.0
mm_0186465,BioBERT,controlled_paraphrase,mixed,0.591743119266055,3,1,"{""UMLS:C1707887"": 3}",-0.0,-0.0,0.0
mm_0186465,BioBERT,synonym_substitution,noun,0.05820146074254413,3,1,"{""UMLS:C1707887"": 3}",-0.0,-0.0,0.0
mm_0186465,BioBERT,syntactic_reordering,mixed,0.47115384615384615,2,1,"{""UMLS:C1707887"": 2}",-0.0,-0.0,0.0
mm_0186465,PubMedBERT,back_translation,mixed,0.2747747747747748,3,1,"{""C1839576"": 3}",-0.0,-0.0,0.0
mm_0186465,PubMedBERT,controlled_paraphrase,mixed,0.591743119266055,3,1,"{""C1839576"": 3}",-0.0,-0.0,0.0
mm_0186465,PubMedBERT,synonym_substitution,noun,0.05820146074254413,3,2,"{""C1839576"": 2, ""C1447749"": 1}",0.9182958340544896,0.579380164285695,0.0
mm_0186465,PubMedBERT,syntactic_reordering,mixed,0.47115384615384615,2,2,"{""C1839576"": 1, ""C1447749"": 1}",1.0,1.0,0.0
mm_0187173,BERT-base,controlled_paraphrase,mixed,0.4144144144144144,3,1,"{""C1447749"": 3}",-0.0,-0.0,0.0
mm_0187173,BERT-base,synonym_substitution,noun,0.05936274509803921,3,1,"{""C1447749"": 3}",-0.0,-0.0,0.0
mm_0187173,BioBERT,controlled_paraphrase,mixed,0.4144144144144144,3,1,"{""C1447749"": 3}",-0.0,-0.0,0.0
mm_0187173,BioBERT,synonym_substitution,noun,0.05936274509803921,3,1,"{""C1447749"": 3}",-0.0,-0.0,0.0
mm_0187173,PubMedBERT,controlled_paraphrase,mixed,0.4144144144144144,3,1,"{""C1839576"": 3}",-0.0,-0.0,0.0
mm_0187173,PubMedBERT,synonym_substitution,noun,0.05936274509803921,3,2,"{""C1839576"": 1, ""C1447749"": 2}",0.9182958340544896,0.579380164285695,0.0
mm_0187489,BERT-base,back_translation,mixed,0.27611940298507465,3,1,"{""C1447749"": 3}",-0.0,-0.0,0.0
mm_0187489,BERT-base,controlled_paraphrase,mixed,0.45436507936507936,3,1,"{""C1447749"": 3}",-0.0,-0.0,0.0
mm_0187489,BERT-base,synonym_substitution,noun,0.053640634174985324,3,1,"{""C1447749"": 3}",-0.0,-0.0,0.0
mm_0187489,BioBERT,back_translation,mixed,0.27611940298507465,3,1,"{""UMLS:C1257990"": 3}",-0.0,-0.0,0.0
mm_0187489,BioBERT,controlled_paraphrase,mixed,0.45436507936507936,3,1,"{""UMLS:C1257990"": 3}",-0.0,-0.0,0.0
mm_0187489,BioBERT,synonym_substitution,noun,0.053640634174985324,3,1,"{""UMLS:C1257990"": 3}",-0.0,-0.0,0.0
mm_0187489,PubMedBERT,back_translation,mixed,0.27611940298507465,3,1,"{""C1839576"": 3}",-0.0,-0.0,0.0
mm_0187489,PubMedBERT,controlled_paraphrase,mixed,0.45436507936507936,3,1,"{""C1839576"": 3}",-0.0,-0.0,0.0
mm_0187489,PubMedBERT,synonym_substitution,noun,0.053640634174985324,3,1,"{""C1839576"": 3}",-0.0,-0.0,0.0
mm_0187588,BERT-base,synonym_substitution,verb,0.06382978723404256,3,1,"{""C0597336"": 3}",-0.0,-0.0,0.0
mm_0187588,BioBERT,synonym_substitution,verb,0.06382978723404256,3,1,"{""UMLS:C1707887"": 3}",-0.0,-0.0,0.0
mm_0187588,PubMedBERT,synonym_substitution,verb,0.06382978723404256,3,2,"{""C1839576"": 1, ""C1447749"": 2}",0.9182958340544896,0.579380164285695,0.0
mm_0187792,BERT-base,back_translation,mixed,0.09486166007905138,3,1,"{""UMLS:C0810516"": 3}",-0.0,-0.0,1.0
mm_0187792,BERT-base,controlled_paraphrase,mixed,0.383399209486166,2,1,"{""UMLS:C0810516"": 2}",-0.0,-0.0,1.0
mm_0187792,BERT-base,synonym_substitution,verb,0.05970149253731343,3,1,"{""UMLS:C0810516"": 3}",-0.0,-0.0,1.0
mm_0187792,BERT-base,syntactic_reordering,mixed,0.5889328063241107,3,1,"{""UMLS:C0810516"": 3}",-0.0,-0.0,1.0
mm_0187792,BioBERT,back_translation,mixed,0.09486166007905138,3,1,"{""UMLS:C0810516"": 3}",-0.0,-0.0,1.0
mm_0187792,BioBERT,controlled_paraphrase,mixed,0.383399209486166,2,1,"{""UMLS:C0810516"": 2}",-0.0,-0.0,1.0
mm_0187792,BioBERT,synonym_substitution,verb,0.05970149253731343,3,1,"{""UMLS:C0810516"": 3}",-0.0,-0.0,1.0
mm_0187792,BioBERT,syntactic_reordering,mixed,0.5889328063241107,3,1,"{""UMLS:C0810516"": 3}",-0.0,-0.0,1.0
mm_0187792,PubMedBERT,back_translation,mixed,0.09486166007905138,3,1,"{""UMLS:C0810516"": 3}",-0.0,-0.0,1.0
mm_0187792,PubMedBERT,controlled_paraphrase,mixed,0.383399209486166,2,2,"{""UMLS:C0810516"": 1, ""C1839576"": 1}",1.0,1.0,0.5
mm_0187792,PubMedBERT,synonym_substitution,verb,0.05970149253731343,3,1,"{""UMLS:C0810516"": 3}",-0.0,-0.0,1.0
mm_0187792,PubMedBERT,syntactic_reordering,mixed,0.5889328063241107,3,1,"{""UMLS:C0810516"": 3}",-0.0,-0.0,1.0
mm_0187940,BERT-base,back_translation,mixed,0.2874251497005988,3,1,"{""UMLS:C1257990"": 3}",-0.0,-0.0,0.0
mm_0187940,BERT-base,controlled_paraphrase,mixed,0.3231707317073171,3,1,"{""UMLS:C1257990"": 3}",-0.0,-0.0,0.0
mm_0187940,BERT-base,synonym_substitution,function_word,0.08383233532934131,2,1,"{""UMLS:C1257990"": 2}",-0.0,-0.0,0.0
mm_0187940,BERT-base,synonym_substitution,verb,0.05263157894736842,2,1,"{""UMLS:C1257990"": 2}",-0.0,-0.0,0.0
mm_0187940,BERT-base,syntactic_reordering,mixed,0.18292682926829268,2,1,"{""UMLS:C1257990"": 2}",-0.0,-0.0,0.0
mm_0187940,BioBERT,back_translation,mixed,0.2874251497005988,3,1,"{""UMLS:C0752046"": 3}",-0.0,-0.0,0.0
mm_0187940,BioBERT,controlled_paraphrase,mixed,0.3231707317073171,3,1,"{""UMLS:C0752046"": 3}",-0.0,-0.0,0.0
mm_0187940,BioBERT,synonym_substitution,function_word,0.08383233532934131,2,1,"{""UMLS:C0752046"": 2}",-0.0,-0.0,0.0
mm_0187940,BioBERT,synonym_substitution,verb,0.05263157894736842,2,1,"{""UMLS:C0752046"": 2}",-0.0,-0.0,0.0
mm_0187940,BioBERT,syntactic_reordering,mixed,0.18292682926829268,2,1,"{""UMLS:C0752046"": 2}",-0.0,-0.0,0.0
mm_0187940,PubMedBERT,back_translation,mixed,0.2874251497005988,3,1,"{""C1839576"": 3}",-0.0,-0.0,0.0
mm_0187940,PubMedBERT,controlled_paraphrase,mixed,0.3231707317073171,3,2,"{""C1839576"": 2, ""UMLS:C0752046"": 1}",0.9182958340544896,0.579380164285695,0.0
mm_0187940,PubMedBERT,synonym_substitution,function_word,0.08383233532934131,2,2,"{""C1839576"": 1, ""UMLS:C0752046"": 1}",1.0,1.0,0.0
mm_0187940,PubMedBERT,synonym_substitution,verb,0.05263157894736842,2,2,"{""C1839576"": 1, ""UMLS:C0752046"": 1}",1.0,1.0,0.0
mm_0187940,PubMedBERT,syntactic_reordering,mixed,0.18292682926829268,2,2,"{""C1839576"": 1, ""UMLS:C0752046"": 1}",1.0,1.0,0.0
mm_0188057,BERT-base,back_translation,mixed,0.2303370786516854,3,1,"{""C1447749"": 3}",-0.0,-0.0,0.0
mm_0188057,BERT-base,controlled_paraphrase,mixed,0.404012637444649,3,1,"{""C1447749"": 3}",-0.0,-0.0,0.0
mm_0188057,BERT-base,synonym_substitution,noun,0.05027932960893855,2,2,"{""C1447749"": 1, ""C0265267"": 1}",1.0,1.0,0.0
mm_0188057,BERT-base,synonym_substitution,verb,0.07386363636363637,2,2,"{""C1447749"": 1, ""C0265267"": 1}",1.0,1.0,0.0
mm_0188057,BioBERT,back_translation,mixed,0.2303370786516854,3,2,"{""C0265267"": 1, ""C1447749"": 2}",0.9182958340544896,0.579380164285695,0.0
mm_0188057,BioBERT,controlled_paraphrase,mixed,0.404012637444649,3,1,"{""C0265267"": 3}",-0.0,-0.0,0.0
mm_0188057,BioBERT,synonym_substitution,noun,0.05027932960893855,2,1,"{""C0265267"": 2}",-0.0,-0.0,0.0
mm_0188057,BioBERT,synonym_substitution,verb,0.07386363636363637,2,2,"{""C0265267"": 1, ""C1447749"": 1}",1.0,1.0,0.0
mm_0188057,PubMedBERT,back_translation,mixed,0.2303370786516854,3,1,"{""C1447749"": 3}",-0.0,-0.0,0.0
mm_0188057,PubMedBERT,controlled_paraphrase,mixed,0.404012637444649,3,1,"{""C1447749"": 3}",-0.0,-0.0,0.0
mm_0188057,PubMedBERT,synonym_substitution,noun,0.05027932960893855,2,1,"{""C1447749"": 2}",-0.0,-0.0,0.0
mm_0188057,PubMedBERT,synonym_substitution,verb,0.07386363636363637,2,1,"{""C1447749"": 2}",-0.0,-0.0,0.0
mm_0188249,BERT-base,back_translation,mixed,0.06349206349206349,3,1,"{""C1447749"": 3}",-0.0,-0.0,0.0
mm_0188249,BERT-base,controlled_paraphrase,mixed,0.4369105066900636,3,1,"{""C1447749"": 3}",-0.0,-0.0,0.0
mm_0188249,BERT-base,synonym_substitution,verb,0.053475935828877004,2,1,"{""C1447749"": 2}",-0.0,-0.0,0.0
mm_0188249,BioBERT,back_translation,mixed,0.06349206349206349,3,1,"{""UMLS:C1257990"": 3}",-0.0,-0.0,0.0
mm_0188249,BioBERT,controlled_paraphrase,mixed,0.4369105066900636,3,1,"{""UMLS:C1257990"": 3}",-0.0,-0.0,0.0
mm_0188249,BioBERT,synonym_substitution,verb,0.053475935828877004,2,1,"{""UMLS:C1257990"": 2}",-0.0,-0.0,0.0
mm_0188249,PubMedBERT,back_translation,mixed,0.06349206349206349,3,1,"{""UMLS:C1257990"": 3}",-0.0,-0.0,0.0
mm_0188249,PubMedBERT,controlled_paraphrase,mixed,0.4369105066900636,3,1,"{""UMLS:C1257990"": 3}",-0.0,-0.0,0.0
mm_0188249,PubMedBERT,synonym_substitution,verb,0.053475935828877004,2,1,"{""UMLS:C1257990"": 2}",-0.0,-0.0,0.0
mm_0189033,BERT-base,back_translation,mixed,0.0783132530120482,3,2,"{""UMLS:C1257990"": 1, ""C1447749"": 2}",0.9182958340544896,0.579380164285695,0.0
mm_0189033,BERT-base,controlled_paraphrase,mixed,0.3674698795180723,3,1,"{""UMLS:C1257990"": 3}",-0.0,-0.0,0.0
mm_0189033,BERT-base,synonym_substitution,modifier,0.05847953216374269,2,1,"{""UMLS:C1257990"": 2}",-0.0,-0.0,0.0
mm_0189033,BERT-base,synonym_substitution,verb,0.05847953216374269,2,1,"{""UMLS:C1257990"": 2}",-0.0,-0.0,0.0
mm_0189033,BioBERT,back_translation,mixed,0.0783132530120482,3,2,"{""C1839576"": 1, ""UMLS:C1257990"": 2}",0.9182958340544896,0.579380164285695,0.0
mm_0189033,BioBERT,controlled_paraphrase,mixed,0.3674698795180723,3,1,"{""C1839576"": 3}",-0.0,-0.0,0.0
mm_0189033,BioBERT,synonym_substitution,modifier,0.05847953216374269,2,2,"{""C1839576"": 1, ""UMLS:C1257990"": 1}",1.0,1.0,0.0
mm_0189033,BioBERT,synonym_substitution,verb,0.05847953216374269,2,2,"{""C1839576"": 1, ""UMLS:C1257990"": 1}",1.0,1.0,0.0
mm_0189033,PubMedBERT,back_translation,mixed,0.0783132530120482,3,1,"{""C1839576"": 3}",-0.0,-0.0,0.0
mm_0189033,PubMedBERT,controlled_paraphrase,mixed,0.3674698795180723,3,1,"{""C1839576"": 3}",-0.0,-0.0,0.0
mm_0189033,PubMedBERT,synonym_substitution,modifier,0.05847953216374269,2,1,"{""C1839576"": 2}",-0.0,-0.0,0.0
mm_0189033,PubMedBERT,synonym_substitution,verb,0.05847953216374269,2,1,"{""C1839576"": 2}",-0.0,-0.0,0.0
mm_0189388,BERT-base,back_translation,mixed,0.1553398058252427,3,1,"{""C0169661"": 3}",-0.0,-0.0,0.0
mm_0189388,BERT-base,controlled_paraphrase,mixed,0.23300970873786409,3,1,"{""C0169661"": 3}",-0.0,-0.0,0.0
mm_0189388,BERT-base,synonym_substitution,noun,0.054739698649999016,3,1,"{""C0169661"": 3}",-0.0,-0.0,0.0
mm_0189388,BioBERT,back_translation,mixed,0.1553398058252427,3,2,"{""UMLS:C1257990"": 1, ""C1312419"": 2}",0.9182958340544896,0.579380164285695,0.0
mm_0189388,BioBERT,controlled_paraphrase,mixed,0.23300970873786409,3,2,"{""UMLS:C1257990"": 1, ""C1312419"": 2}",0.9182958340544896,0.579380164285695,0.0
mm_0189388,BioBERT,synonym_substitution,noun,0.054739698649999016,3,1,"{""UMLS:C1257990"": 3}",-0.0,-0.0,0.0
mm_0189388,PubMedBERT,back_translation,mixed,0.1553398058252427,3,2,"{""C1447749"": 1, ""C1431322"": 2}",0.9182958340544896,0.579380164285695,0.0
mm_0189388,PubMedBERT,controlled_paraphrase,mixed,0.23300970873786409,3,1,"{""C1447749"": 3}",-0.0,-0.0,0.0
mm_0189388,PubMedBERT,synonym_substitution,noun,0.054739698649999016,3,1,"{""C1447749"": 3}",-0.0,-0.0,0.0
mm_0189542,BERT-base,back_translation,mixed,0.13988095238095238,3,1,"{""C1447749"": 3}",-0.0,-0.0,0.0
mm_0189542,BERT-base,controlled_paraphrase,mixed,0.5030864197530864,2,2,"{""C1447749"": 1, ""C1312419"": 1}",1.0,1.0,0.0
mm_0189542,BERT-base,synonym_substitution,noun,0.10339943342776203,3,1,"{""C1447749"": 3}",-0.0,-0.0,0.0
mm_0189542,BioBERT,back_translation,mixed,0.13988095238095238,3,1,"{""C1431322"": 3}",-0.0,-0.0,0.0
mm_0189542,BioBERT,controlled_paraphrase,mixed,0.5030864197530864,2,1,"{""C1431322"": 2}",-0.0,-0.0,0.0
mm_0189542,BioBERT,synonym_substitution,noun,0.10339943342776203,3,1,"{""C1431322"": 3}",-0.0,-0.0,0.0
mm_0189542,PubMedBERT,back_translation,mixed,0.13988095238095238,3,1,"{""C0018966"": 3}",-0.0,-0.0,0.0
mm_0189542,PubMedBERT,controlled_paraphrase,mixed,0.5030864197530864,2,2,"{""C0018966"": 1, ""C1431322"": 1}",1.0,1.0,0.0
mm_0189542,PubMedBERT,synonym_substitution,noun,0.10339943342776203,3,1,"{""C0018966"": 3}",-0.0,-0.0,0.0
mm_0189992,BERT-base,back_translation,mixed,0.09803921568627451,3,1,"{""C1447749"": 3}",-0.0,-0.0,0.0
mm_0189992,BioBERT,back_translation,mixed,0.09803921568627451,3,1,"{""C1447749"": 3}",-0.0,-0.0,0.0
mm_0189992,PubMedBERT,back_translation,mixed,0.09803921568627451,3,2,"{""C1839576"": 1, ""C1447749"": 2}",0.9182958340544896,0.579380164285695,0.0
mm_0190644,BERT-base,controlled_paraphrase,mixed,0.4489795918367347,3,1,"{""UMLS:C0235946"": 3}",-0.0,-0.0,1.0
mm_0190644,BERT-base,synonym_substitution,verb,0.06382978723404255,2,1,"{""UMLS:C0235946"": 2}",-0.0,-0.0,1.0
mm_0190644,BioBERT,controlled_paraphrase,mixed,0.4489795918367347,3,1,"{""UMLS:C0235946"": 3}",-0.0,-0.0,1.0
mm_0190644,BioBERT,synonym_substitution,verb,0.06382978723404255,2,1,"{""UMLS:C0235946"": 2}",-0.0,-0.0,1.0
mm_0190644,PubMedBERT,controlled_paraphrase,mixed,0.4489795918367347,3,1,"{""C1839576"": 3}",-0.0,-0.0,0.0
mm_0190644,PubMedBERT,synonym_substitution,verb,0.06382978723404255,2,1,"{""C1839576"": 2}",-0.0,-0.0,0.0
mm_0191008,BERT-base,back_translation,mixed,0.41134751773049644,3,1,"{""UMLS:C1257990"": 3}",-0.0,-0.0,0.0
mm_0191008,BERT-base,controlled_paraphrase,mixed,0.4035714285714286,3,2,"{""UMLS:C1257990"": 2, ""C4277543"": 1}",0.9182958340544896,0.579380164285695,0.0
mm_0191008,BERT-base,synonym_substitution,modifier,0.05925925925925926,2,1,"{""UMLS:C1257990"": 2}",-0.0,-0.0,0.0
mm_0191008,BioBERT,back_translation,mixed,0.41134751773049644,3,1,"{""C0008396"": 3}",-0.0,-0.0,0.0
mm_0191008,BioBERT,controlled_paraphrase,mixed,0.4035714285714286,3,1,"{""C0008396"": 3}",-0.0,-0.0,0.0
mm_0191008,BioBERT,synonym_substitution,modifier,0.05925925925925926,2,1,"{""C0008396"": 2}",-0.0,-0.0,0.0
mm_0191008,PubMedBERT,back_translation,mixed,0.41134751773049644,3,1,"{""C1839576"": 3}",-0.0,-0.0,0.0
mm_0191008,PubMedBERT,controlled_paraphrase,mixed,0.4035714285714286,3,1,"{""C1839576"": 3}",-0.0,-0.0,0.0
mm_0191008,PubMedBERT,synonym_substitution,modifier,0.05925925925925926,2,1,"{""C1839576"": 2}",-0.0,-0.0,0.0
mm_0191715,BERT-base,back_translation,mixed,0.0924092409240924,3,2,"{""UMLS:C1257990"": 1, ""UMLS:C0752046"": 2}",0.9182958340544896,0.579380164285695,0.0
mm_0191715,BERT-base,synonym_substitution,verb,0.052376441183584616,3,2,"{""UMLS:C1257990"": 2, ""UMLS:C0752046"": 1}",0.9182958340544896,0.579380164285695,0.0
mm_0191715,BioBERT,back_translation,mixed,0.0924092409240924,3,2,"{""C0265267"": 1, ""C1447749"": 2}",0.9182958340544896,0.579380164285695,0.0
mm_0191715,BioBERT,synonym_substitution,verb,0.052376441183584616,3,1,"{""C0265267"": 3}",-0.0,-0.0,0.0
mm_0191715,PubMedBERT,back_translation,mixed,0.0924092409240924,3,1,"{""C1447749"": 3}",-0.0,-0.0,0.0
mm_0191715,PubMedBERT,synonym_substitution,verb,0.052376441183584616,3,1,"{""C1447749"": 3}",-0.0,-0.0,0.0
mm_0192165,BERT-base,back_translation,mixed,0.3575418994413408,3,1,"{""UMLS:C1257990"": 3}",-0.0,-0.0,0.0
mm_0192165,BERT-base,controlled_paraphrase,mixed,0.35195530726256985,2,1,"{""UMLS:C1257990"": 2}",-0.0,-0.0,0.0
mm_0192165,BioBERT,back_translation,mixed,0.3575418994413408,3,1,"{""C0032914"": 3}",-0.0,-0.0,0.0
mm_0192165,BioBERT,controlled_paraphrase,mixed,0.35195530726256985,2,1,"{""C0032914"": 2}",-0.0,-0.0,0.0
mm_0192165,PubMedBERT,back_translation,mixed,0.3575418994413408,3,1,"{""C1839576"": 3}",-0.0,-0.0,0.0
mm_0192165,PubMedBERT,controlled_paraphrase,mixed,0.35195530726256985,2,1,"{""C1839576"": 2}",-0.0,-0.0,0.0
mm_0193015,BERT-base,controlled_paraphrase,mixed,0.5206185567010309,3,1,"{""C0265267"": 3}",-0.0,-0.0,0.0
mm_0193015,BERT-base,synonym_substitution,noun,0.08327285921625543,3,2,"{""C0265267"": 2, ""UMLS:C1257990"": 1}",0.9182958340544896,0.579380164285695,0.0
mm_0193015,BioBERT,controlled_paraphrase,mixed,0.5206185567010309,3,1,"{""C1868801"": 3}",-0.0,-0.0,0.0
mm_0193015,BioBERT,synonym_substitution,noun,0.08327285921625543,3,2,"{""C1868801"": 1, ""C0265267"": 2}",0.9182958340544896,0.579380164285695,0.0
mm_0193015,PubMedBERT,controlled_paraphrase,mixed,0.5206185567010309,3,1,"{""C1839576"": 3}",-0.0,-0.0,0.0
mm_0193015,PubMedBERT,synonym_substitution,noun,0.08327285921625543,3,1,"{""C1839576"": 3}",-0.0,-0.0,0.0
mm_0193331,BERT-base,back_translation,mixed,0.24705882352941178,3,2,"{""C0030201"": 1, ""UMLS:C0242193"": 2}",0.9182958340544896,0.579380164285695,0.0
mm_0193331,BERT-base,synonym_substitution,verb,0.07461187214611872,3,3,"{""C0030201"": 1, ""UMLS:C0242193"": 1, ""C0005976"": 1}",1.584962500721156,1.0,0.0
mm_0193331,BioBERT,back_translation,mixed,0.24705882352941178,3,1,"{""C0376671"": 3}",-0.0,-0.0,0.0
mm_0193331,BioBERT,synonym_substitution,verb,0.07461187214611872,3,1,"{""C0376671"": 3}",-0.0,-0.0,0.0
mm_0193331,PubMedBERT,back_translation,mixed,0.24705882352941178,3,1,"{""C1839576"": 3}",-0.0,-0.0,0.0
mm_0193331,PubMedBERT,synonym_substitution,verb,0.07461187214611872,3,2,"{""C1839576"": 2, ""UMLS:C1707887"": 1}",0.9182958340544896,0.579380164285695,0.0
mm_0193351,BERT-base,back_translation,mixed,0.1323529411764706,3,2,"{""UMLS:C2350390"": 1, ""C1447749"": 2}",0.9182958340544896,0.579380164285695,0.0
mm_0193351,BERT-base,synonym_substitution,modifier,0.05392156862745098,2,1,"{""UMLS:C2350390"": 2}",-0.0,-0.0,0.0
mm_0193351,BERT-base,synonym_substitution,verb,0.05392156862745098,2,1,"{""UMLS:C2350390"": 2}",-0.0,-0.0,0.0
mm_0193351,BioBERT,back_translation,mixed,0.1323529411764706,3,1,"{""C0376671"": 3}",-0.0,-0.0,0.0
mm_0193351,BioBERT,synonym_substitution,modifier,0.05392156862745098,2,1,"{""C0376671"": 2}",-0.0,-0.0,0.0
mm_0193351,BioBERT,synonym_substitution,verb,0.05392156862745098,2,1,"{""C0376671"": 2}",-0.0,-0.0,0.0
mm_0193351,PubMedBERT,back_translation,mixed,0.1323529411764706,3,1,"{""C1839576"": 3}",-0.0,-0.0,0.0
mm_0193351,PubMedBERT,synonym_substitution,modifier,0.05392156862745098,2,2,"{""C1839576"": 1, ""UMLS:C1257990"": 1}",1.0,1.0,0.0
mm_0193351,PubMedBERT,synonym_substitution,verb,0.05392156862745098,2,1,"{""C1839576"": 2}",-0.0,-0.0,0.0
mm_0193717,BERT-base,back_translation,mixed,0.19230769230769232,3,1,"{""UMLS:C0242193"": 3}",-0.0,-0.0,0.0
mm_0193717,BERT-base,synonym_substitution,noun,0.06914893617021277,2,1,"{""UMLS:C0242193"": 2}",-0.0,-0.0,0.0
mm_0193717,BERT-base,synonym_substitution,verb,0.06842105263157895,2,1,"{""UMLS:C0242193"": 2}",-0.0,-0.0,0.0
mm_0193717,BioBERT,back_translation,mixed,0.19230769230769232,3,2,"{""UMLS:C0242193"": 1, ""C1839576"": 2}",0.9182958340544896,0.579380164285695,0.0
mm_0193717,BioBERT,synonym_substitution,noun,0.06914893617021277,2,1,"{""UMLS:C0242193"": 2}",-0.0,-0.0,0.0
mm_0193717,BioBERT,synonym_substitution,verb,0.06842105263157895,2,1,"{""UMLS:C0242193"": 2}",-0.0,-0.0,0.0
mm_0193717,PubMedBERT,back_translation,mixed,0.19230769230769232,3,1,"{""C1839576"": 3}",-0.0,-0.0,0.0
mm_0193717,PubMedBERT,synonym_substitution,noun,0.06914893617021277,2,1,"{""C1839576"": 2}",-0.0,-0.0,0.0
mm_0193717,PubMedBERT,synonym_substitution,verb,0.06842105263157895,2,1,"{""C1839576"": 2}",-0.0,-0.0,0.0
mm_0194015,BERT-base,back_translation,mixed,0.19230769230769232,3,2,"{""UMLS:C0242193"": 1, ""UMLS:C1283169"": 2}",0.9182958340544896,0.579380164285695,0.0
mm_0194015,BERT-base,controlled_paraphrase,mixed,0.47226250232385203,3,2,"{""UMLS:C0242193"": 1, ""UMLS:C1283169"": 2}",0.9182958340544896,0.579380164285695,0.0
mm_0194015,BERT-base,synonym_substitution,verb,0.09640176600441501,3,2,"{""UMLS:C0242193"": 2, ""UMLS:C1283169"": 1}",0.9182958340544896,0.579380164285695,0.0
mm_0194015,BERT-base,syntactic_reordering,mixed,0.5466666666666666,3,2,"{""UMLS:C0242193"": 1, ""UMLS:C0358514"": 2}",0.9182958340544896,0.579380164285695,0.0
mm_0194015,BioBERT,back_translation,mixed,0.19230769230769232,3,1,"{""C0027609"": 3}",-0.0,-0.0,0.0
mm_0194015,BioBERT,controlled_paraphrase,mixed,0.47226250232385203,3,2,"{""C0027609"": 1, ""C1447749"": 2}",0.9182958340544896,0.579380164285695,0.0
mm_0194015,BioBERT,synonym_substitution,verb,0.09640176600441501,3,2,"{""C0027609"": 1, ""C1447749"": 2}",0.9182958340544896,0.579380164285695,0.0
mm_0194015,BioBERT,syntactic_reordering,mixed,0.5466666666666666,3,2,"{""C0027609"": 1, ""UMLS:C1707887"": 2}",0.9182958340544896,0.579380164285695,0.0
mm_0194015,PubMedBERT,back_translation,mixed,0.19230769230769232,3,1,"{""C1447749"": 3}",-0.0,-0.0,0.0
mm_0194015,PubMedBERT,controlled_paraphrase,mixed,0.47226250232385203,3,2,"{""C1447749"": 1, ""C1839576"": 2}",0.9182958340544896,0.579380164285695,0.0
mm_0194015,PubMedBERT,synonym_substitution,verb,0.09640176600441501,3,1,"{""C1447749"": 3}",-0.0,-0.0,0.0
mm_0194015,PubMedBERT,syntactic_reordering,mixed,0.5466666666666666,3,1,"{""C1447749"": 3}",-0.0,-0.0,0.0
mm_0194026,BERT-base,synonym_substitution,noun,0.10204081632653061,3,2,"{""C1447749"": 2, ""C1431519"": 1}",0.9182958340544896,0.579380164285695,0.0
mm_0194026,BioBERT,synonym_substitution,noun,0.10204081632653061,3,1,"{""UMLS:C1707887"": 3}",-0.0,-0.0,0.0
mm_0194026,PubMedBERT,synonym_substitution,noun,0.10204081632653061,3,1,"{""C1839576"": 3}",-0.0,-0.0,0.0
mm_0194085,BERT-base,back_translation,mixed,0.05319148936170213,3,1,"{""C1447749"": 3}",-0.0,-0.0,0.0
mm_0194085,BioBERT,back_translation,mixed,0.05319148936170213,3,1,"{""C0027609"": 3}",-0.0,-0.0,0.0
mm_0194085,PubMedBERT,back_translation,mixed,0.05319148936170213,3,1,"{""C1839576"": 3}",-0.0,-0.0,0.0
mm_0194562,BERT-base,back_translation,mixed,0.15051020408163265,3,1,"{""C1447749"": 3}",-0.0,-0.0,0.0
mm_0194562,BERT-base,synonym_substitution,verb,0.07038287293143164,3,2,"{""C1447749"": 2, ""UMLS:C1257990"": 1}",0.9182958340544896,0.579380164285695,0.0
mm_0194562,BioBERT,back_translation,mixed,0.15051020408163265,3,1,"{""UMLS:C1257990"": 3}",-0.0,-0.0,0.0
mm_0194562,BioBERT,synonym_substitution,verb,0.07038287293143164,3,1,"{""UMLS:C1257990"": 3}",-0.0,-0.0,0.0
mm_0194562,PubMedBERT,back_translation,mixed,0.15051020408163265,3,2,"{""C1370369"": 1, ""C1447749"": 2}",0.9182958340544896,0.579380164285695,0.0
mm_0194562,PubMedBERT,synonym_substitution,verb,0.07038287293143164,3,2,"{""C1370369"": 1, ""C1447749"": 2}",0.9182958340544896,0.579380164285695,0.0
mm_0195338,BERT-base,back_translation,mixed,0.3233082706766917,3,1,"{""UMLS:C0444254"": 3}",-0.0,-0.0,0.0
mm_0195338,BERT-base,controlled_paraphrase,mixed,0.49624060150375937,2,2,"{""UMLS:C0444254"": 1, ""C2985410"": 1}",1.0,1.0,0.0
mm_0195338,BERT-base,synonym_substitution,noun,0.08039906103286384,3,3,"{""UMLS:C0444254"": 1, ""UMLS:C0358514"": 1, ""C1706962"": 1}",1.584962500721156,1.0,0.0
mm_0195338,BioBERT,back_translation,mixed,0.3233082706766917,3,1,"{""UMLS:C1257990"": 3}",-0.0,-0.0,0.0
mm_0195338,BioBERT,controlled_paraphrase,mixed,0.49624060150375937,2,1,"{""UMLS:C1257990"": 2}",-0.0,-0.0,0.0
mm_0195338,BioBERT,synonym_substitution,noun,0.08039906103286384,3,1,"{""UMLS:C1257990"": 3}",-0.0,-0.0,0.0
mm_0195338,PubMedBERT,back_translation,mixed,0.3233082706766917,3,1,"{""C1839576"": 3}",-0.0,-0.0,0.0
mm_0195338,PubMedBERT,controlled_paraphrase,mixed,0.49624060150375937,2,1,"{""C1839576"": 2}",-0.0,-0.0,0.0
mm_0195338,PubMedBERT,synonym_substitution,noun,0.08039906103286384,3,1,"{""C1839576"": 3}",-0.0,-0.0,0.0
mm_0196116,BERT-base,controlled_paraphrase,mixed,0.29347826086956524,3,1,"{""C1312419"": 3}",-0.0,-0.0,0.0
mm_0196116,BERT-base,synonym_substitution,modifier,0.05789473684210526,2,1,"{""C1312419"": 2}",-0.0,-0.0,0.0
mm_0196116,BioBERT,controlled_paraphrase,mixed,0.29347826086956524,3,1,"{""C1312419"": 3}",-0.0,-0.0,0.0
mm_0196116,BioBERT,synonym_substitution,modifier,0.05789473684210526,2,1,"{""C1312419"": 2}",-0.0,-0.0,0.0
mm_0196116,PubMedBERT,controlled_paraphrase,mixed,0.29347826086956524,3,1,"{""C1447749"": 3}",-0.0,-0.0,0.0
mm_0196116,PubMedBERT,synonym_substitution,modifier,0.05789473684210526,2,1,"{""C1447749"": 2}",-0.0,-0.0,0.0
mm_0196264,BERT-base,back_translation,mixed,0.27717391304347827,3,2,"{""C1447749"": 1, ""UMLS:C1257990"": 2}",0.9182958340544896,0.579380164285695,0.0
mm_0196264,BERT-base,controlled_paraphrase,mixed,0.4879295422115137,3,2,"{""C1447749"": 2, ""UMLS:C1257990"": 1}",0.9182958340544896,0.579380164285695,0.0
mm_0196264,BERT-base,synonym_substitution,noun,0.056818181818181816,2,2,"{""C1447749"": 1, ""UMLS:C1257990"": 1}",1.0,1.0,0.0
mm_0196264,BERT-base,synonym_substitution,verb,0.05113636363636364,2,1,"{""C1447749"": 2}",-0.0,-0.0,0.0
mm_0196264,BioBERT,back_translation,mixed,0.27717391304347827,3,1,"{""UMLS:C1257990"": 3}",-0.0,-0.0,0.0
mm_0196264,BioBERT,controlled_paraphrase,mixed,0.4879295422115137,3,1,"{""UMLS:C1257990"": 3}",-0.0,-0.0,0.0
mm_0196264,BioBERT,synonym_substitution,noun,0.056818181818181816,2,1,"{""UMLS:C1257990"": 2}",-0.0,-0.0,0.0
mm_0196264,BioBERT,synonym_substitution,verb,0.05113636363636364,2,1,"{""UMLS:C1257990"": 2}",-0.0,-0.0,0.0
mm_0196264,PubMedBERT,back_translation,mixed,0.27717391304347827,3,1,"{""C1447749"": 3}",-0.0,-0.0,0.0
mm_0196264,PubMedBERT,controlled_paraphrase,mixed,0.4879295422115137,3,1,"{""C1447749"": 3}",-0.0,-0.0,0.0
mm_0196264,PubMedBERT,synonym_substitution,noun,0.056818181818181816,2,1,"{""C1447749"": 2}",-0.0,-0.0,0.0
mm_0196264,PubMedBERT,synonym_substitution,verb,0.05113636363636364,2,1,"{""C1447749"": 2}",-0.0,-0.0,0.0
mm_0196838,BERT-base,back_translation,mixed,0.19093851132686085,3,1,"{""UMLS:C1257990"": 3}",-0.0,-0.0,0.0
mm_0196838,BERT-base,controlled_paraphrase,mixed,0.30527027027027026,3,1,"{""UMLS:C1257990"": 3}",-0.0,-0.0,0.0
mm_0196838,BioBERT,back_translation,mixed,0.19093851132686085,3,1,"{""C1447749"": 3}",-0.0,-0.0,0.0
mm_0196838,BioBERT,controlled_paraphrase,mixed,0.30527027027027026,3,1,"{""C1447749"": 3}",-0.0,-0.0,0.0
mm_0196838,PubMedBERT,back_translation,mixed,0.19093851132686085,3,1,"{""C1447749"": 3}",-0.0,-0.0,0.0
mm_0196838,PubMedBERT,controlled_paraphrase,mixed,0.30527027027027026,3,1,"{""C1447749"": 3}",-0.0,-0.0,0.0
mm_0197067,BERT-base,back_translation,mixed,0.1414141414141414,3,1,"{""UMLS:C0444254"": 3}",-0.0,-0.0,0.0
mm_0197067,BERT-base,controlled_paraphrase,mixed,0.2828282828282829,3,2,"{""UMLS:C0444254"": 1, ""UMLS:C0441633"": 2}",0.9182958340544896,0.579380164285695,0.6666666666666666
mm_0197067,BERT-base,synonym_substitution,modifier,0.0802403204272363,3,1,"{""UMLS:C0444254"": 3}",-0.0,-0.0,0.0
mm_0197067,BERT-base,syntactic_reordering,modifier,0.26262626262626265,2,2,"{""UMLS:C0444254"": 1, ""UMLS:C0242193"": 1}",1.0,1.0,0.0
mm_0197067,BioBERT,back_translation,mixed,0.1414141414141414,3,1,"{""UMLS:C0441633"": 3}",-0.0,-0.0,1.0
mm_0197067,BioBERT,controlled_paraphrase,mixed,0.2828282828282829,3,1,"{""UMLS:C0441633"": 3}",-0.0,-0.0,1.0
mm_0197067,BioBERT,synonym_substitution,modifier,0.0802403204272363,3,1,"{""UMLS:C0441633"": 3}",-0.0,-0.0,1.0
mm_0197067,BioBERT,syntactic_reordering,modifier,0.26262626262626265,2,1,"{""UMLS:C0441633"": 2}",-0.0,-0.0,1.0
mm_0197067,PubMedBERT,back_translation,mixed,0.1414141414141414,3,1,"{""UMLS:C0441633"": 3}",-0.0,-0.0,1.0
mm_0197067,PubMedBERT,controlled_paraphrase,mixed,0.2828282828282829,3,1,"{""UMLS:C0441633"": 3}",-0.0,-0.0,1.0
mm_0197067,PubMedBERT,synonym_substitution,modifier,0.0802403204272363,3,1,"{""UMLS:C0441633"": 3}",-0.0,-0.0,1.0
mm_0197067,PubMedBERT,syntactic_reordering,modifier,0.26262626262626265,2,1,"{""UMLS:C0441633"": 2}",-0.0,-0.0,1.0
mm_0197241,BERT-base,back_translation,mixed,0.08333333333333333,3,2,"{""UMLS:C1707887"": 1, ""UMLS:C0358514"": 2}",0.9182958340544896,0.579380164285695,0.0
mm_0197241,BERT-base,synonym_substitution,verb,0.05735117732466384,3,2,"{""UMLS:C1707887"": 1, ""UMLS:C0358514"": 2}",0.9182958340544896,0.579380164285695,0.0
mm_0197241,BioBERT,back_translation,mixed,0.08333333333333333,3,1,"{""UMLS:C1707887"": 3}",-0.0,-0.0,0.0
mm_0197241,BioBERT,synonym_substitution,verb,0.05735117732466384,3,1,"{""UMLS:C1707887"": 3}",-0.0,-0.0,0.0
mm_0197241,PubMedBERT,back_translation,mixed,0.08333333333333333,3,1,"{""C1839576"": 3}",-0.0,-0.0,0.0
mm_0197241,PubMedBERT,synonym_substitution,verb,0.05735117732466384,3,1,"{""C1839576"": 3}",-0.0,-0.0,0.0
mm_0197765,BERT-base,back_translation,mixed,0.365,3,1,"{""UMLS:C1257990"": 3}",-0.0,-0.0,0.0
mm_0197765,BERT-base,controlled_paraphrase,mixed,0.4725,3,1,"{""UMLS:C1257990"": 3}",-0.0,-0.0,0.0
mm_0197765,BERT-base,synonym_substitution,modifier,0.1031390134529148,2,1,"{""UMLS:C1257990"": 2}",-0.0,-0.0,0.0
mm_0197765,BERT-base,synonym_substitution,noun,0.12719298245614036,2,1,"{""UMLS:C1257990"": 2}",-0.0,-0.0,0.0
mm_0197765,BioBERT,back_translation,mixed,0.365,3,1,"{""UMLS:C1257990"": 3}",-0.0,-0.0,0.0
mm_0197765,BioBERT,controlled_paraphrase,mixed,0.4725,3,1,"{""UMLS:C1257990"": 3}",-0.0,-0.0,0.0
mm_0197765,BioBERT,synonym_substitution,modifier,0.1031390134529148,2,1,"{""UMLS:C1257990"": 2}",-0.0,-0.0,0.0
mm_0197765,BioBERT,synonym_substitution,noun,0.12719298245614036,2,1,"{""UMLS:C1257990"": 2}",-0.0,-0.0,0.0
mm_0197765,PubMedBERT,back_translation,mixed,0.365,3,1,"{""UMLS:C1257990"": 3}",-0.0,-0.0,0.0
mm_0197765,PubMedBERT,controlled_paraphrase,mixed,0.4725,3,1,"{""UMLS:C1257990"": 3}",-0.0,-0.0,0.0
mm_0197765,PubMedBERT,synonym_substitution,modifier,0.1031390134529148,2,1,"{""UMLS:C1257990"": 2}",-0.0,-0.0,0.0
mm_0197765,PubMedBERT,synonym_substitution,noun,0.12719298245614036,2,1,"{""UMLS:C1257990"": 2}",-0.0,-0.0,0.0
mm_0198299,BERT-base,back_translation,mixed,0.1411764705882353,3,1,"{""UMLS:C1257990"": 3}",-0.0,-0.0,0.0
mm_0198299,BERT-base,controlled_paraphrase,verb,0.08235294117647059,3,1,"{""UMLS:C1257990"": 3}",-0.0,-0.0,0.0
mm_0198299,BERT-base,synonym_substitution,modifier,0.11235955056179775,2,1,"{""UMLS:C1257990"": 2}",-0.0,-0.0,0.0
mm_0198299,BERT-base,synonym_substitution,noun,0.08139534883720931,2,1,"{""UMLS:C1257990"": 2}",-0.0,-0.0,0.0
mm_0198299,BioBERT,back_translation,mixed,0.1411764705882353,3,1,"{""UMLS:C1432679"": 3}",-0.0,-0.0,1.0
mm_0198299,BioBERT,controlled_paraphrase,verb,0.08235294117647059,3,2,"{""UMLS:C1432679"": 1, ""C0075128"": 2}",0.9182958340544896,0.579380164285695,0.3333333333333333
mm_0198299,BioBERT,synonym_substitution,modifier,0.11235955056179775,2,1,"{""UMLS:C1432679"": 2}",-0.0,-0.0,1.0
mm_0198299,BioBERT,synonym_substitution,noun,0.08139534883720931,2,1,"{""UMLS:C1432679"": 2}",-0.0,-0.0,1.0
mm_0198299,PubMedBERT,back_translation,mixed,0.1411764705882353,3,2,"{""C1431322"": 1, ""C1447749"": 2}",0.9182958340544896,0.579380164285695,0.0
mm_0198299,PubMedBERT,controlled_paraphrase,verb,0.08235294117647059,3,1,"{""C1431322"": 3}",-0.0,-0.0,0.0
mm_0198299,PubMedBERT,synonym_substitution,modifier,0.11235955056179775,2,1,"{""C1431322"": 2}",-0.0,-0.0,0.0
mm_0198299,PubMedBERT,synonym_substitution,noun,0.08139534883720931,2,1,"{""C1431322"": 2}",-0.0,-0.0,0.0
mm_0198407,BERT-base,back_translation,mixed,0.12681159420289856,3,1,"{""UMLS:C0242193"": 3}",-0.0,-0.0,0.0
mm_0198407,BERT-base,controlled_paraphrase,mixed,0.47405913978494624,3,1,"{""UMLS:C0242193"": 3}",-0.0,-0.0,0.0
mm_0198407,BERT-base,synonym_substitution,noun,0.05862068965517241,2,1,"{""UMLS:C0242193"": 2}",-0.0,-0.0,0.0
mm_0198407,BERT-base,synonym_substitution,verb,0.07017543859649122,2,1,"{""UMLS:C0242193"": 2}",-0.0,-0.0,0.0
mm_0198407,BERT-base,syntactic_reordering,mixed,0.2246376811594203,3,1,"{""UMLS:C0242193"": 3}",-0.0,-0.0,0.0
mm_0198407,BioBERT,back_translation,mixed,0.12681159420289856,3,2,"{""C0027609"": 1, ""C1447749"": 2}",0.9182958340544896,0.579380164285695,0.0
mm_0198407,BioBERT,controlled_paraphrase,mixed,0.47405913978494624,3,2,"{""C0027609"": 1, ""UMLS:C1707887"": 2}",0.9182958340544896,0.579380164285695,0.0
mm_0198407,BioBERT,synonym_substitution,noun,0.05862068965517241,2,2,"{""C0027609"": 1, ""UMLS:C1707887"": 1}",1.0,1.0,0.0
mm_0198407,BioBERT,synonym_substitution,verb,0.07017543859649122,2,1,"{""C0027609"": 2}",-0.0,-0.0,0.0
mm_0198407,BioBERT,syntactic_reordering,mixed,0.2246376811594203,3,2,"{""C0027609"": 1, ""C1447749"": 2}",0.9182958340544896,0.579380164285695,0.0
mm_0198407,PubMedBERT,back_translation,mixed,0.12681159420289856,3,2,"{""C1431322"": 1, ""C1839576"": 2}",0.9182958340544896,0.579380164285695,0.0
mm_0198407,PubMedBERT,controlled_paraphrase,mixed,0.47405913978494624,3,3,"{""C1431322"": 1, ""C1839576"": 1, ""C1447749"": 1}",1.584962500721156,1.0,0.0
mm_0198407,PubMedBERT,synonym_substitution,noun,0.05862068965517241,2,1,"{""C1431322"": 2}",-0.0,-0.0,0.0
mm_0198407,PubMedBERT,synonym_substitution,verb,0.07017543859649122,2,1,"{""C1431322"": 2}",-0.0,-0.0,0.0
mm_0198407,PubMedBERT,syntactic_reordering,mixed,0.2246376811594203,3,1,"{""C1431322"": 3}",-0.0,-0.0,0.0
mm_0198476,BERT-base,back_translation,verb,0.096045197740113,3,1,"{""C1447749"": 3}",-0.0,-0.0,0.0
mm_0198476,BERT-base,synonym_substitution,noun,0.07329842931937172,2,1,"{""C1447749"": 2}",-0.0,-0.0,0.0
mm_0198476,BERT-base,synonym_substitution,verb,0.10382513661202186,2,1,"{""C1447749"": 2}",-0.0,-0.0,0.0
mm_0198476,BioBERT,back_translation,verb,0.096045197740113,3,1,"{""UMLS:C1257990"": 3}",-0.0,-0.0,0.0
mm_0198476,BioBERT,synonym_substitution,noun,0.07329842931937172,2,1,"{""UMLS:C1257990"": 2}",-0.0,-0.0,0.0
mm_0198476,BioBERT,synonym_substitution,verb,0.10382513661202186,2,1,"{""UMLS:C1257990"": 2}",-0.0,-0.0,0.0
mm_0198476,PubMedBERT,back_translation,verb,0.096045197740113,3,1,"{""C1447749"": 3}",-0.0,-0.0,0.0
mm_0198476,PubMedBERT,synonym_substitution,noun,0.07329842931937172,2,1,"{""C1447749"": 2}",-0.0,-0.0,0.0
mm_0198476,PubMedBERT,synonym_substitution,verb,0.10382513661202186,2,1,"{""C1447749"": 2}",-0.0,-0.0,0.0
mm_0198970,BERT-base,back_translation,mixed,0.12056737588652482,3,1,"{""C0393786"": 3}",-0.0,-0.0,0.0
mm_0198970,BERT-base,controlled_paraphrase,mixed,0.5663945578231293,3,2,"{""C0393786"": 1, ""C1447749"": 2}",0.9182958340544896,0.579380164285695,0.0
mm_0198970,BERT-base,synonym_substitution,noun,0.06649547566642211,3,2,"{""C0393786"": 2, ""UMLS:C0393786"": 1}",0.9182958340544896,0.579380164285695,0.3333333333333333
mm_0198970,BioBERT,back_translation,mixed,0.12056737588652482,3,2,"{""UMLS:C0393786"": 1, ""C1839576"": 2}",0.9182958340544896,0.579380164285695,0.3333333333333333
mm_0198970,BioBERT,controlled_paraphrase,mixed,0.5663945578231293,3,3,"{""UMLS:C0393786"": 1, ""C1447749"": 1, ""C0393786"": 1}",1.584962500721156,1.0,0.3333333333333333
mm_0198970,BioBERT,synonym_substitution,noun,0.06649547566642211,3,1,"{""UMLS:C0393786"": 3}",-0.0,-0.0,1.0
mm_0198970,PubMedBERT,back_translation,mixed,0.12056737588652482,3,1,"{""C1447749"": 3}",-0.0,-0.0,0.0
mm_0198970,PubMedBERT,controlled_paraphrase,mixed,0.5663945578231293,3,2,"{""C1447749"": 2, ""C1839576"": 1}",0.9182958340544896,0.579380164285695,0.0
mm_0198970,PubMedBERT,synonym_substitution,noun,0.06649547566642211,3,1,"{""C1447749"": 3}",-0.0,-0.0,0.0
mm_0199321,BERT-base,back_translation,mixed,0.09937888198757763,3,1,"{""C0282597"": 3}",-0.0,-0.0,0.0
mm_0199321,BERT-base,controlled_paraphrase,mixed,0.38819875776397517,3,2,"{""C0282597"": 1, ""UMLS:C0032521"": 2}",0.9182958340544896,0.579380164285695,0.0
mm_0199321,BERT-base,synonym_substitution,verb,0.05421686746987952,2,1,"{""C0282597"": 2}",-0.0,-0.0,0.0
mm_0199321,BioBERT,back_translation,mixed,0.09937888198757763,3,1,"{""UMLS:C1707887"": 3}",-0.0,-0.0,0.0
mm_0199321,BioBERT,controlled_paraphrase,mixed,0.38819875776397517,3,1,"{""UMLS:C1707887"": 3}",-0.0,-0.0,0.0
mm_0199321,BioBERT,synonym_substitution,verb,0.05421686746987952,2,1,"{""UMLS:C1707887"": 2}",-0.0,-0.0,0.0
mm_0199321,PubMedBERT,back_translation,mixed,0.09937888198757763,3,1,"{""UMLS:C1257990"": 3}",-0.0,-0.0,0.0
mm_0199321,PubMedBERT,controlled_paraphrase,mixed,0.38819875776397517,3,3,"{""UMLS:C1257990"": 1, ""C1839576"": 1, ""C1447749"": 1}",1.584962500721156,1.0,0.0
mm_0199321,PubMedBERT,synonym_substitution,verb,0.05421686746987952,2,1,"{""UMLS:C1257990"": 2}",-0.0,-0.0,0.0
mm_0199585,BERT-base,back_translation,mixed,0.08396946564885496,3,2,"{""C1312419"": 1, ""UMLS:C1257990"": 2}",0.9182958340544896,0.579380164285695,0.0
mm_0199585,BERT-base,controlled_paraphrase,mixed,0.36423841059602646,3,2,"{""C1312419"": 1, ""C1447749"": 2}",0.9182958340544896,0.579380164285695,0.0
mm_0199585,BERT-base,synonym_substitution,modifier,0.05925925925925926,2,1,"{""C1312419"": 2}",-0.0,-0.0,0.0
mm_0199585,BERT-base,synonym_substitution,noun,0.09352517985611511,2,2,"{""C1312419"": 1, ""UMLS:C1257990"": 1}",1.0,1.0,0.0
mm_0199585,BERT-base,syntactic_reordering,modifier,0.10687022900763359,3,2,"{""C1312419"": 1, ""UMLS:C1257990"": 2}",0.9182958340544896,0.579380164285695,0.0
mm_0199585,BioBERT,back_translation,mixed,0.08396946564885496,3,1,"{""C0008396"": 3}",-0.0,-0.0,0.0
mm_0199585,BioBERT,controlled_paraphrase,mixed,0.36423841059602646,3,1,"{""C0008396"": 3}",-0.0,-0.0,0.0
mm_0199585,BioBERT,synonym_substitution,modifier,0.05925925925925926,2,1,"{""C0008396"": 2}",-0.0,-0.0,0.0
mm_0199585,BioBERT,synonym_substitution,noun,0.09352517985611511,2,1,"{""C0008396"": 2}",-0.0,-0.0,0.0
mm_0199585,BioBERT,syntactic_reordering,modifier,0.10687022900763359,3,1,"{""C0008396"": 3}",-0.0,-0.0,0.0
mm_0199585,PubMedBERT,back_translation,mixed,0.08396946564885496,3,2,"{""C1370369"": 1, ""C1447749"": 2}",0.9182958340544896,0.579380164285695,0.0
mm_0199585,PubMedBERT,controlled_paraphrase,mixed,0.36423841059602646,3,2,"{""C1370369"": 1, ""C1447749"": 2}",0.9182958340544896,0.579380164285695,0.0
mm_0199585,PubMedBERT,synonym_substitution,modifier,0.05925925925925926,2,1,"{""C1370369"": 2}",-0.0,-0.0,0.0
mm_0199585,PubMedBERT,synonym_substitution,noun,0.09352517985611511,2,2,"{""C1370369"": 1, ""C1447749"": 1}",1.0,1.0,0.0
mm_0199585,PubMedBERT,syntactic_reordering,modifier,0.10687022900763359,3,2,"{""C1370369"": 1, ""C0008396"": 2}",0.9182958340544896,0.579380164285695,0.0
mm_0199599,BERT-base,back_translation,unknown,0.05472636815920398,3,1,"{""UMLS:C1257990"": 3}",-0.0,-0.0,0.0
mm_0199599,BERT-base,controlled_paraphrase,noun,0.1044776119402985,3,1,"{""UMLS:C1257990"": 3}",-0.0,-0.0,0.0
mm_0199599,BERT-base,synonym_substitution,verb,0.060655351249410655,3,1,"{""UMLS:C1257990"": 3}",-0.0,-0.0,0.0
mm_0199599,BioBERT,back_translation,unknown,0.05472636815920398,3,1,"{""C1839576"": 3}",-0.0,-0.0,0.0
mm_0199599,BioBERT,controlled_paraphrase,noun,0.1044776119402985,3,1,"{""C1839576"": 3}",-0.0,-0.0,0.0
mm_0199599,BioBERT,synonym_substitution,verb,0.060655351249410655,3,1,"{""C1839576"": 3}",-0.0,-0.0,0.0
mm_0199599,PubMedBERT,back_translation,unknown,0.05472636815920398,3,1,"{""C1839576"": 3}",-0.0,-0.0,0.0
mm_0199599,PubMedBERT,controlled_paraphrase,noun,0.1044776119402985,3,1,"{""C1839576"": 3}",-0.0,-0.0,0.0
mm_0199599,PubMedBERT,synonym_substitution,verb,0.060655351249410655,3,1,"{""C1839576"": 3}",-0.0,-0.0,0.0
mm_0199662,BERT-base,back_translation,mixed,0.16666666666666666,3,2,"{""UMLS:C1158849"": 1, ""UMLS:C1283169"": 2}",0.9182958340544896,0.579380164285695,0.0
mm_0199662,BERT-base,synonym_substitution,verb,0.08208333333333334,3,2,"{""UMLS:C1158849"": 2, ""UMLS:C1283169"": 1}",0.9182958340544896,0.579380164285695,0.0
mm_0199662,BioBERT,back_translation,mixed,0.16666666666666666,3,1,"{""C1447749"": 3}",-0.0,-0.0,0.0
mm_0199662,BioBERT,synonym_substitution,verb,0.08208333333333334,3,2,"{""C1447749"": 2, ""UMLS:C1707887"": 1}",0.9182958340544896,0.579380164285695,0.0
mm_0199662,PubMedBERT,back_translation,mixed,0.16666666666666666,3,1,"{""C1447749"": 3}",-0.0,-0.0,0.0
mm_0199662,PubMedBERT,synonym_substitution,verb,0.08208333333333334,3,1,"{""C1447749"": 3}",-0.0,-0.0,0.0
mm_0199885,BERT-base,back_translation,mixed,0.22131147540983606,3,1,"{""UMLS:C1257990"": 3}",-0.0,-0.0,0.0
mm_0199885,BERT-base,controlled_paraphrase,mixed,0.3954918032786885,3,1,"{""UMLS:C1257990"": 3}",-0.0,-0.0,0.0
mm_0199885,BioBERT,back_translation,mixed,0.22131147540983606,3,1,"{""UMLS:C1257990"": 3}",-0.0,-0.0,0.0
mm_0199885,BioBERT,controlled_paraphrase,mixed,0.3954918032786885,3,1,"{""UMLS:C1257990"": 3}",-0.0,-0.0,0.0
mm_0199885,PubMedBERT,back_translation,mixed,0.22131147540983606,3,2,"{""UMLS:C1423931"": 1, ""C1839576"": 2}",0.9182958340544896,0.579380164285695,0.0
mm_0199885,PubMedBERT,controlled_paraphrase,mixed,0.3954918032786885,3,2,"{""UMLS:C1423931"": 1, ""C1447749"": 2}",0.9182958340544896,0.579380164285695,0.0
mm_0200523,BERT-base,back_translation,mixed,0.26143790849673204,3,1,"{""C3714500"": 3}",-0.0,-0.0,0.0
mm_0200523,BERT-base,controlled_paraphrase,mixed,0.37254901960784315,3,1,"{""C3714500"": 3}",-0.0,-0.0,0.0
mm_0200523,BERT-base,synonym_substitution,modifier,0.1111111111111111,2,1,"{""C3714500"": 2}",-0.0,-0.0,0.0
mm_0200523,BERT-base,synonym_substitution,verb,0.11834319526627218,2,1,"{""C3714500"": 2}",-0.0,-0.0,0.0
mm_0200523,BioBERT,back_translation,mixed,0.26143790849673204,3,1,"{""UMLS:C1257990"": 3}",-0.0,-0.0,0.0
mm_0200523,BioBERT,controlled_paraphrase,mixed,0.37254901960784315,3,2,"{""UMLS:C1257990"": 1, ""C1839576"": 2}",0.9182958340544896,0.579380164285695,0.0
mm_0200523,BioBERT,synonym_substitution,modifier,0.1111111111111111,2,1,"{""UMLS:C1257990"": 2}",-0.0,-0.0,0.0
mm_0200523,BioBERT,synonym_substitution,verb,0.11834319526627218,2,1,"{""UMLS:C1257990"": 2}",-0.0,-0.0,0.0
mm_0200523,PubMedBERT,back_translation,mixed,0.26143790849673204,3,2,"{""C1839576"": 1, ""C0015131"": 2}",0.9182958340544896,0.579380164285695,0.0
mm_0200523,PubMedBERT,controlled_paraphrase,mixed,0.37254901960784315,3,2,"{""C1839576"": 1, ""C0015131"": 2}",0.9182958340544896,0.579380164285695,0.0
mm_0200523,PubMedBERT,synonym_substitution,modifier,0.1111111111111111,2,1,"{""C1839576"": 2}",-0.0,-0.0,0.0
mm_0200523,PubMedBERT,synonym_substitution,verb,0.11834319526627218,2,1,"{""C1839576"": 2}",-0.0,-0.0,0.0
mm_0200689,BERT-base,controlled_paraphrase,mixed,0.206204918378538,3,1,"{""C0040048"": 3}",-0.0,-0.0,0.0
mm_0200689,BERT-base,synonym_substitution,modifier,0.05442176870748299,2,2,"{""C0040048"": 1, ""UMLS:C0919821"": 1}",1.0,1.0,0.5
mm_0200689,BERT-base,syntactic_reordering,mixed,0.4657534246575342,2,2,"{""C0040048"": 1, ""UMLS:C0919821"": 1}",1.0,1.0,0.5
mm_0200689,BioBERT,controlled_paraphrase,mixed,0.206204918378538,3,1,"{""UMLS:C0919821"": 3}",-0.0,-0.0,1.0
mm_0200689,BioBERT,synonym_substitution,modifier,0.05442176870748299,2,1,"{""UMLS:C0919821"": 2}",-0.0,-0.0,1.0
mm_0200689,BioBERT,syntactic_reordering,mixed,0.4657534246575342,2,1,"{""UMLS:C0919821"": 2}",-0.0,-0.0,1.0
mm_0200689,PubMedBERT,controlled_paraphrase,mixed,0.206204918378538,3,2,"{""UMLS:C0919821"": 1, ""C1447749"": 2}",0.9182958340544896,0.579380164285695,0.3333333333333333
mm_0200689,PubMedBERT,synonym_substitution,modifier,0.05442176870748299,2,2,"{""UMLS:C0919821"": 1, ""C1447749"": 1}",1.0,1.0,0.5
mm_0200689,PubMedBERT,syntactic_reordering,mixed,0.4657534246575342,2,1,"{""UMLS:C0919821"": 2}",-0.0,-0.0,1.0
mm_0200899,BERT-base,back_translation,mixed,0.33161953727506427,3,1,"{""C1447749"": 3}",-0.0,-0.0,0.0
mm_0200899,BERT-base,controlled_paraphrase,mixed,0.3507853403141361,3,1,"{""C1447749"": 3}",-0.0,-0.0,0.0
mm_0200899,BERT-base,syntactic_reordering,mixed,0.38481675392670156,3,2,"{""C1447749"": 1, ""UMLS:C1257990"": 2}",0.9182958340544896,0.579380164285695,0.0
mm_0200899,BioBERT,back_translation,mixed,0.33161953727506427,3,1,"{""C0265267"": 3}",-0.0,-0.0,0.0
mm_0200899,BioBERT,controlled_paraphrase,mixed,0.3507853403141361,3,1,"{""C0265267"": 3}",-0.0,-0.0,0.0
mm_0200899,BioBERT,syntactic_reordering,mixed,0.38481675392670156,3,1,"{""C0265267"": 3}",-0.0,-0.0,0.0
mm_0200899,PubMedBERT,back_translation,mixed,0.33161953727506427,3,1,"{""C1839576"": 3}",-0.0,-0.0,0.0
mm_0200899,PubMedBERT,controlled_paraphrase,mixed,0.3507853403141361,3,1,"{""C1839576"": 3}",-0.0,-0.0,0.0
mm_0200899,PubMedBERT,syntactic_reordering,mixed,0.38481675392670156,3,1,"{""C1839576"": 3}",-0.0,-0.0,0.0
mm_0201109,BERT-base,controlled_paraphrase,mixed,0.26175572089885113,3,2,"{""C1447749"": 1, ""UMLS:C1707887"": 2}",0.9182958340544896,0.579380164285695,0.0
mm_0201109,BERT-base,synonym_substitution,verb,0.06521739130434782,2,1,"{""C1447749"": 2}",-0.0,-0.0,0.0
mm_0201109,BioBERT,controlled_paraphrase,mixed,0.26175572089885113,3,2,"{""UMLS:C1707887"": 1, ""C1447749"": 2}",0.9182958340544896,0.579380164285695,0.0
mm_0201109,BioBERT,synonym_substitution,verb,0.06521739130434782,2,1,"{""UMLS:C1707887"": 2}",-0.0,-0.0,0.0
mm_0201109,PubMedBERT,controlled_paraphrase,mixed,0.26175572089885113,3,1,"{""C1447749"": 3}",-0.0,-0.0,0.0
mm_0201109,PubMedBERT,synonym_substitution,verb,0.06521739130434782,2,1,"{""C1447749"": 2}",-0.0,-0.0,0.0
mm_0201459,BERT-base,back_translation,noun,0.05737704918032787,3,1,"{""C1309905"": 3}",-0.0,-0.0,0.0
mm_0201459,BERT-base,synonym_substitution,modifier,0.07299248476241198,3,1,"{""C1309905"": 3}",-0.0,-0.0,0.0
mm_0201459,BioBERT,back_translation,noun,0.05737704918032787,3,1,"{""UMLS:C1707887"": 3}",-0.0,-0.0,0.0
mm_0201459,BioBERT,synonym_substitution,modifier,0.07299248476241198,3,1,"{""UMLS:C1707887"": 3}",-0.0,-0.0,0.0
mm_0201459,PubMedBERT,back_translation,noun,0.05737704918032787,3,1,"{""C1839576"": 3}",-0.0,-0.0,0.0
mm_0201459,PubMedBERT,synonym_substitution,modifier,0.07299248476241198,3,2,"{""C1839576"": 1, ""C1447749"": 2}",0.9182958340544896,0.579380164285695,0.0
