candidate_text,candidate_label,source_mention,linker_score
Brain,C0006104||Brain,brain,0.9775201082229614
Cognitive Training,C0870303||Cognitive Training,brain,0.7758468389511108
Brain TIA,C0007787||Brain TIA,brain,0.7522143125534058
"Brains, Hind","C0035507||Brains, Hind",brain,0.7167890667915344
Truncus Cerebrus,C0006121||Truncus Cerebrus,brain,0.702464759349823
brain,UMLS:C0006104||brain,brain,1.0
disease management,C0039798||disease management,treatment,0.9770252108573914
Treatments,C0087111||Treatments,treatment,0.9770252108573914
Retreatments,C0376495||Retreatments,treatment,0.8247855305671692
"Protocols, Treatment","C0040808||Protocols, Treatment",treatment,0.8002223968505859
Overtreatment,C4046039||Overtreatment,treatment,0.7985852956771851
treatment,UMLS:C1533734||treatment,treatment,1.0
"Cucumber, Sea","C0036485||Cucumber, Sea",sea cucumber,0.9825188517570496
sea cucumber,UMLS:C0036485||sea cucumber,sea cucumber,1.0
Meta-Analysis,C0282458||Meta-Analysis,meta-analysis,0.9813014268875122
Clinical Trial Overviews,C0920317||Clinical Trial Overviews,meta-analysis,0.777388334274292
meta-analysis,UMLS:C0282458||meta-analysis,meta-analysis,1.0
Tissue,C0040300||Tissue,tissue,0.9950995445251465
Bone Tissue,C0391978||Bone Tissue,tissue,0.8631117343902588
"Procoagulant Activity, Glomerular","C0040048||Procoagulant Activity, Glomerular",tissue,0.8223515748977661
"Donors, Tissue","C0040288||Donors, Tissue",tissue,0.7982718348503113
"Tissue, Fetal","C0242291||Tissue, Fetal",tissue,0.7929306030273438
tissue,UMLS:C0040300||tissue,tissue,1.0
CVD,UMLS:C2926098||CVD,CVD,1.0
AD,UMLS:C0002395||AD,AD,1.0
AQI,UMLS:C0918012||AQI,AQI,1.0
CD14(++)CD16(-),UMLS:C0026473||CD14(++)CD16(-),CD14(++)CD16(-),1.0
"Leave, Plant","C0242724||Leave, Plant",leaf,0.7590131163597107
Seed Leaf,C0242769||Seed Leaf,leaf,0.7000839114189148
leaf,UMLS:C0242724||leaf,leaf,1.0
Heat-Shock Protein,C0018850||Heat-Shock Protein,stress,0.8813959956169128
Salt Stress,C4704762||Salt Stress,stress,0.7681879997253418
Stress Fibers,C0887904||Stress Fibers,stress,0.7321568131446838
Test Anxiety,C0871504||Test Anxiety,stress,0.7290791869163513
stress,UMLS:C0038435||stress,stress,1.0
Probiotics,C0525033||Probiotics,probiotic,0.954247236251831
probiotic,UMLS:C0525033||probiotic,probiotic,1.0
regions,UMLS:C0205147||regions,regions,1.0
cell,UMLS:C0007634||cell,cell,1.0
Sensitivity Training Groups,C0036669||Sensitivity Training Groups,groups,0.9016461968421936
Age Groups,C0027362||Age Groups,groups,0.8486985564231873
"Groups, Racial","C0034510||Groups, Racial",groups,0.819954514503479
"Unit, Social","C0687744||Unit, Social",groups,0.7907975316047668
Control Groups,C0009932||Control Groups,groups,0.784122109413147
groups,UMLS:C1257890||groups,groups,1.0
JAK-2 Protein Tyrosine Kinase,C0169661||JAK-2 Protein Tyrosine Kinase,janus kinase 2,0.9633340835571289
Janus Kinase,C0597721||Janus Kinase,janus kinase 2,0.9190751910209656
Jak1 Kinase,C0169658||Jak1 Kinase,janus kinase 2,0.8831457495689392
Janus Kinase 3,C0253457||Janus Kinase 3,janus kinase 2,0.8720730543136597
"Janus kinase 1, human","C1527598||Janus kinase 1, human",janus kinase 2,0.7937272787094116
janus kinase 2,UMLS:C1527619||janus kinase 2,janus kinase 2,1.0
feral farm,UMLS:C0557759||feral farm,feral farm,1.0
ScECM4,UMLS:C0033684||ScECM4,ScECM4,1.0
Culture,C0010453||Culture,cultures,0.9820929169654846
Cell Culture,C0007585||Cell Culture,cultures,0.84357750415802
Material Culture,C0680327||Material Culture,cultures,0.7888286709785461
Organ Culture Techniques,C0029205||Organ Culture Techniques,cultures,0.7757288813591003
Coculture Techniques,C0282547||Coculture Techniques,cultures,0.7731387615203857
cultures,UMLS:C0430400||cultures,cultures,1.0
Mitochondrial Proteins,C0949610||Mitochondrial Proteins,mitochondrial,0.9335364103317261
Mitochondrial Genes,C1563761||Mitochondrial Genes,mitochondrial,0.9039945006370544
Mitochondria,C0026237||Mitochondria,mitochondrial,0.890083372592926
"RNA, Mitochondrial","C0073434||RNA, Mitochondrial",mitochondrial,0.8838959336280823
"DNA, Mitochondrial","C0012929||DNA, Mitochondrial",mitochondrial,0.8679020404815674
mitochondrial,UMLS:C0026237||mitochondrial,mitochondrial,1.0
Randomized Controlled Trial,C1096777||Randomized Controlled Trial,Randomized Controlled Trial,0.972573459148407
"Controlled Clinical Trials, Randomized","C0206035||Controlled Clinical Trials, Randomized",Randomized Controlled Trial,0.8330729007720947
"Randomized Controlled Trial, Veterinary","C5197817||Randomized Controlled Trial, Veterinary",Randomized Controlled Trial,0.8257685899734497
Randomized Controlled Trials as Topic,C0282440||Randomized Controlled Trials as Topic,Randomized Controlled Trial,0.8148265480995178
Non-Randomized Controlled Trials as Topic,C2985410||Non-Randomized Controlled Trials as Topic,Randomized Controlled Trial,0.8055707812309265
Randomized Controlled Trial,UMLS:C0206035||Randomized Controlled Trial,Randomized Controlled Trial,1.0
Digestive Tracts,C0017189||Digestive Tracts,tracts,0.7465670704841614
"Opticus, Tractus","C0152405||Opticus, Tractus",tracts,0.707775890827179
tracts,UMLS:C1185740||tracts,tracts,1.0
randomized,UMLS:C0034656||randomized,randomized,1.0
isolates,UMLS:C1764827||isolates,isolates,1.0
proximity,UMLS:C1514583||proximity,proximity,1.0
progressed,UMLS:C0242656||progressed,progressed,1.0
detect,UMLS:C0442726||detect,detect,1.0
top,UMLS:C1704458||top,top,1.0
surgery,C0038895||surgery,surgery,0.9922674298286438
Surgery,C1274039||Surgery,surgery,0.9922674298286438
Oral Surgery,C0038908||Oral Surgery,surgery,0.8348092436790466
Minor Surgical Procedures,C0038904||Minor Surgical Procedures,surgery,0.8315945267677307
Laser Surgery,C0023087||Laser Surgery,surgery,0.8242102861404419
surgery,UMLS:C0543467||surgery,surgery,1.0
Patient Handling,C2350569||Patient Handling,handling,0.7497596144676208
Food Handling,C0016469||Food Handling,handling,0.7458865642547607
handling,UMLS:C1832073||handling,handling,1.0
Triacylglycerol Lipase,C0023764||Triacylglycerol Lipase,lipases,0.8030967712402344
Colipases,C0009306||Colipases,lipases,0.7935869097709656
lipases,UMLS:C0023764||lipases,lipases,1.0
Diagnosis,C0011900||Diagnosis,Diagnosis,0.964364230632782
diagnosis,C1704338||diagnosis,Diagnosis,0.964364230632782
Late Diagnosis,C2718037||Late Diagnosis,Diagnosis,0.852812647819519
"Diagnosis, Oral","C0011914||Diagnosis, Oral",Diagnosis,0.8237369060516357
Overdiagnosis,C0814466||Overdiagnosis,Diagnosis,0.7750687003135681
Diagnosis,UMLS:C0011900||Diagnosis,Diagnosis,1.0
Obesity,C0028754||Obesity,obesity,0.9930850267410278
Weight Prejudice,C5197684||Weight Prejudice,obesity,0.8057866096496582
Abdominal Obesities,C0311277||Abdominal Obesities,obesity,0.7927279472351074
"Obesity, Maternal","C0746977||Obesity, Maternal",obesity,0.7707951664924622
Morbid Obesities,C0028756||Morbid Obesities,obesity,0.7695295810699463
obesity,UMLS:C0028754||obesity,obesity,1.0
Species Specificity,C0037783||Species Specificity,species,0.8524066209793091
Host Specificity,C2936412||Host Specificity,species,0.8090211153030396
Introduced Species,C2936532||Introduced Species,species,0.7648841142654419
Sentinel Species,C4277542||Sentinel Species,species,0.7144546508789062
Speciesism,C0037784||Speciesism,species,0.7080868482589722
species,UMLS:C1705920||species,species,1.0
Genetic Marker,C0017393||Genetic Marker,markers,0.7862920165061951
Cancer Biomarker,C0041365||Cancer Biomarker,markers,0.7815640568733215
Biologic Markers,C0005516||Biologic Markers,markers,0.7437796592712402
"Biomarkers, Tumor","C0041366||Biomarkers, Tumor",markers,0.7052457928657532
markers,UMLS:C0005516||markers,markers,1.0
Method,C0025663||Method,method,0.9613514542579651
method,UMLS:C0025663||method,method,1.0
GRL,UMLS:C0911014||GRL,GRL,1.0
Comprehensive Dental Care,C0009585||Comprehensive Dental Care,comprehensive medical care,0.7920264005661011
Understanding,C0162340||Understanding,comprehensive medical care,0.7745175957679749
Comprehensive Health Care,C0009586||Comprehensive Health Care,comprehensive medical care,0.7577515244483948
CMP Testing,C0519825||CMP Testing,comprehensive medical care,0.7150634527206421
Comprehensive Health Planning,C0009588||Comprehensive Health Planning,comprehensive medical care,0.7083681225776672
comprehensive medical care,UMLS:C0009586||comprehensive medical care,comprehensive medical care,1.0
TCM,UMLS:C4289823||TCM,TCM,1.0
symptoms,C0683368||symptoms,symptoms,0.9782379865646362
Medically Unexplained Symptoms,C3839861||Medically Unexplained Symptoms,symptoms,0.8201242089271545
Prodromal Symptoms,C3494358||Prodromal Symptoms,symptoms,0.7652725577354431
Neurologic Symptoms,C0235031||Neurologic Symptoms,symptoms,0.7301101088523865
Neurobehavioral Manifestations,C0525041||Neurobehavioral Manifestations,symptoms,0.7136462330818176
symptoms,UMLS:C1457887||symptoms,symptoms,1.0
KLHL3,UMLS:C4042100||KLHL3,KLHL3,1.0
Testicles,C0039597||Testicles,left testis,0.7684099674224854
left testis,UMLS:C0227998||left testis,left testis,1.0
Peptides,C0030956||Peptides,Peptide,0.9904359579086304
Proinsulin C-Peptide,C0006558||Proinsulin C-Peptide,Peptide,0.8983185291290283
Peptide T,C0030953||Peptide T,Peptide,0.8360772728919983
Nuclear Export Signals,C1563691||Nuclear Export Signals,Peptide,0.8129579424858093
Peptide,UMLS:C0030956||Peptide,Peptide,1.0
Bombyx,C0037119||Bombyx,Silkworm,0.9657632112503052
Silkworm,UMLS:C0037119||Silkworm,Silkworm,1.0
Viridopromontorius Luna de Carvalho,UMLS:C1015514||Viridopromontorius Luna de Carvalho,Viridopromontorius Luna de Carvalho,1.0
Laparotomies,C0023038||Laparotomies,open laparotomy,0.8205536007881165
open laparotomy,UMLS:C0023038||open laparotomy,open laparotomy,1.0
"Cares, Follow-Up","C3899107||Cares, Follow-Up",follow-up,0.8893150091171265
Lost to Follow Up,C1302313||Lost to Follow Up,follow-up,0.8289649486541748
Follow-Up Studies,C0016441||Follow-Up Studies,follow-up,0.8004769682884216
follow-up,UMLS:C1522577||follow-up,follow-up,1.0
ras Proteins,C0242853||ras Proteins,RAS,0.7780700922012329
ras Genes,C0034677||ras Genes,RAS,0.7021111249923706
RAS,UMLS:C4304837||RAS,RAS,1.0
surgically-treated,UMLS:C0543467||surgically-treated,surgically-treated,1.0
NOS II,C1533698||NOS II,inducible enzymes,0.8188216686248779
"Teap protein, human","C0969348||Teap protein, human",inducible enzymes,0.7239089012145996
Testosterone-Repressed Prostate Message-2 Protein,C0055966||Testosterone-Repressed Prostate Message-2 Protein,inducible enzymes,0.7191320061683655
Enzyme,C0014442||Enzyme,inducible enzymes,0.9896273016929626
enzymes,C0014445||enzymes,inducible enzymes,0.9896273016929626
Enzymes and Coenzymes,C1258127||Enzymes and Coenzymes,inducible enzymes,0.8668336868286133
Enzyme Precursors,C0014436||Enzyme Precursors,inducible enzymes,0.7273792624473572
Coenzymes,C0009235||Coenzymes,inducible enzymes,0.713478147983551
inducible enzymes,UMLS:C0014442||inducible enzymes,inducible enzymes,1.0
WBS,UMLS:C0203669||WBS,WBS,1.0
FerMEG12,UMLS:C0302583||FerMEG12,FerMEG12,1.0
CSCs,UMLS:C1956422||CSCs,CSCs,1.0
Cell Differentiations,C0007589||Cell Differentiations,differentiation,0.8759517669677734
Sex Differentiation,C0036874||Sex Differentiation,differentiation,0.8588297963142395
Differentiation Antigen,C0003324||Differentiation Antigen,differentiation,0.8441703915596008
"Differentiation Factor, B-Cell","C0021760||Differentiation Factor, B-Cell",differentiation,0.7680739760398865
Prostate Differentiation Factor,C0668195||Prostate Differentiation Factor,differentiation,0.7676144242286682
differentiation,UMLS:C0007589||differentiation,differentiation,1.0
Nutrient,C0678695||Nutrient,nutrient,0.9772605299949646
nutrient,UMLS:C0678695||nutrient,nutrient,1.0
MAP Kinase Cascade,C0752319||MAP Kinase Cascade,signaling cascades,0.8173125386238098
signaling cascades,UMLS:C2611812||signaling cascades,signaling cascades,1.0
nonpregnant,UMLS:C0232973||nonpregnant,nonpregnant,1.0
treated with,UMLS:C0332293||treated with,treated with,1.0
Serum,C0229671||Serum,Serum,0.9859862327575684
"Protein, Serum","C0036825||Protein, Serum",Serum,0.8605083227157593
Serum,UMLS:C0229671||Serum,Serum,1.0
"sonic hedgehog homolog (Drosophila) protein, human","C0258846||sonic hedgehog homolog (Drosophila) protein, human",SHH signaling,0.8163920044898987
Cell Signaling,C0037083||Cell Signaling,SHH signaling,0.8367438912391663
Calcium Signaling,C0600431||Calcium Signaling,SHH signaling,0.7481260299682617
Paracrine Communication,C0525011||Paracrine Communication,SHH signaling,0.7417632937431335
SHH signaling,UMLS:C3158055||SHH signaling,SHH signaling,1.0
alpha-Amino-3-hydroxy-5-methyl-4-isoxazolepropionic Acid,C0051318||alpha-Amino-3-hydroxy-5-methyl-4-isoxazolepropionic Acid,AMPA,0.9951375126838684
"Receptors, Quisqualate","C0072899||Receptors, Quisqualate",AMPA,0.7052056789398193
AMPA,UMLS:C0051318||AMPA,AMPA,1.0
epigallocatechin-3-gallate,C0059438||epigallocatechin-3-gallate,epigallocatechin-3-gallate,0.9827315807342529
epigallocatechin-3-gallate,UMLS:C0059438||epigallocatechin-3-gallate,epigallocatechin-3-gallate,1.0
"1,2-cyclopentanediol, 3-(7-(((1R,2S)-2-(3,4-difluorophenyl)cyclopropyl)amino)-5-(propylthio)-3H-1,2,3-triazolo(4,5-d)pyrimidin-3-yl)-5-(2-hydroxyethoxy)-, (1S,2S,3R,5S)-","C1999375||1,2-cyclopentanediol, 3-(7-(((1R,2S)-2-(3,4-difluorophenyl)cyclopropyl)amino)-5-(propylthio)-3H-1,2,3-triazolo(4,5-d)pyrimidin-3-yl)-5-(2-hydroxyethoxy)-, (1S,2S,3R,5S)-",ticagrelor,0.9755220413208008
ticagrelor,UMLS:C1999375||ticagrelor,ticagrelor,1.0
Reduced Vision,C0042798||Reduced Vision,reduced oxygen consumption,0.7688218951225281
Oxygen Consumptions,C0030055||Oxygen Consumptions,reduced oxygen consumption,0.9667053818702698
Consumption,C0009830||Consumption,reduced oxygen consumption,0.7757615447044373
reduced oxygen consumption,UMLS:C1167679||reduced oxygen consumption,reduced oxygen consumption,1.0
Genetic Polymorphism,C0032529||Genetic Polymorphism,rs2229634 C/T polymorphisms,0.9158205986022949
"Polymorphism, Copy Number","C1511518||Polymorphism, Copy Number",rs2229634 C/T polymorphisms,0.7570667862892151
rs2229634 C/T polymorphisms,UMLS:C0752046||rs2229634 C/T polymorphisms,rs2229634 C/T polymorphisms,1.0
Psychopathology,C0033927||Psychopathology,psychopathology,0.9886607527732849
Psychology,C0033909||Psychology,psychopathology,0.8080756068229675
psychology,C1524060||psychology,psychopathology,0.8080756068229675
"Set, Psychology","C0036849||Set, Psychology",psychopathology,0.7089045643806458
psychopathology,UMLS:C0033927||psychopathology,psychopathology,1.0
Cu,UMLS:C0009968||Cu,Cu,1.0
"Expressions, Gene","C0017262||Expressions, Gene",expression,0.8823862671852112
Facial Expression,C0015457||Facial Expression,expression,0.8554725050926208
Ectopic Gene Expression,C1512167||Ectopic Gene Expression,expression,0.7685436606407166
Regulation of Gene Expression,C0017263||Regulation of Gene Expression,expression,0.7592074275016785
"Analysis, Transcript Expression","C0752248||Analysis, Transcript Expression",expression,0.7211131453514099
expression,UMLS:C1171362||expression,expression,1.0
Bacterium coli,C0014834||Bacterium coli,bacterium,0.8187347650527954
Agrobacterium tumefaciens,C0085472||Agrobacterium tumefaciens,bacterium,0.7756980657577515
Corynebacterium renale,C0315176||Corynebacterium renale,bacterium,0.7391824722290039
Empedobacter brevis,C0317526||Empedobacter brevis,bacterium,0.7389454245567322
Yersinia pestis,C0043408||Yersinia pestis,bacterium,0.7352035045623779
bacterium,UMLS:C0004611||bacterium,bacterium,1.0
Memory Deficit,C0233794||Memory Deficit,memory deficit,0.9933372735977173
memory deficit,UMLS:C0233794||memory deficit,memory deficit,1.0
cortical atrophy,UMLS:C0235946||cortical atrophy,cortical atrophy,1.0
"B Cells, Lymphocyte","C0004561||B Cells, Lymphocyte",B-lymphocytes,0.9811733365058899
Memory B Cells,C0682638||Memory B Cells,B-lymphocytes,0.8457388877868652
Pro-B Lymphocytes,C1955926||Pro-B Lymphocytes,B-lymphocytes,0.8330064415931702
Lymphocyte,C0024264||Lymphocyte,B-lymphocytes,0.8278962969779968
Transitional B Cell,C1512631||Transitional B Cell,B-lymphocytes,0.804458498954773
B-lymphocytes,UMLS:C0004561||B-lymphocytes,B-lymphocytes,1.0
CS,UMLS:C0162969||CS,CS,1.0
Case Study,C0085973||Case Study,study,0.8543142080307007
Study Guide,C0681464||Study Guide,study,0.75447016954422
Clinical Study,C0008972||Clinical Study,study,0.7513988614082336
Twin Studies,C1096782||Twin Studies,study,0.7347497940063477
Pilot Projects,C0031928||Pilot Projects,study,0.7283914685249329
study,UMLS:C2603343||study,study,1.0
OLA,UMLS:C0028928||OLA,OLA,1.0
MMAE,UMLS:C1565020||MMAE,MMAE,1.0
Reports,C0684224||Reports,report,0.9863710999488831
report,UMLS:C0700287||report,report,1.0
"Trigeminal Neuralgia, Idiopathic","C0393786||Trigeminal Neuralgia, Idiopathic",Idiopathic Trigeminal Neuralgia,0.9755146503448486
Epileptiform Neuralgias,C0040997||Epileptiform Neuralgias,Idiopathic Trigeminal Neuralgia,0.7877606749534607
Idiopathic Trigeminal Neuralgia,UMLS:C0393786||Idiopathic Trigeminal Neuralgia,Idiopathic Trigeminal Neuralgia,1.0
gene control,UMLS:C0017263||gene control,gene control,1.0
"Thromboembolism, Venous","C1861172||Thromboembolism, Venous",venous thromboembolic,0.8572678565979004
Phlebothrombosis,C0042487||Phlebothrombosis,venous thromboembolic,0.7181499600410461
Thromboembolisms,C0040038||Thromboembolisms,venous thromboembolic,0.7063227295875549
venous thromboembolic,UMLS:C1861172||venous thromboembolic,venous thromboembolic,1.0
"Superfamily, Cytochrome P450","C0010762||Superfamily, Cytochrome P450",cytochrome P450,0.9803073406219482
"Cholesterol,NADPH:oxygen oxidoreductase (7 alpha-hydroxylating)","C0008396||Cholesterol,NADPH:oxygen oxidoreductase (7 alpha-hydroxylating)",cytochrome P450,0.9275426268577576
Cytochrome P-450(AROM),C0003805||Cytochrome P-450(AROM),cytochrome P450,0.8908866047859192
testosterone 7-alpha-hydroxylase,C0599930||testosterone 7-alpha-hydroxylase,cytochrome P450,0.8774405121803284
"N-Demethylase, Erythromycin","C0059563||N-Demethylase, Erythromycin",cytochrome P450,0.8710779547691345
cytochrome P450,UMLS:C0010762||cytochrome P450,cytochrome P450,1.0
virus,UMLS:C1671055||virus,virus,1.0
infection,UMLS:C0439663||infection,infection,1.0
ACC,UMLS:C0181074||ACC,ACC,1.0
Residual Cancer,C0242594||Residual Cancer,residual cancer,0.9745758175849915
residual cancer,UMLS:C0242594||residual cancer,residual cancer,1.0
Autoantibody,C0004358||Autoantibody,autoantibodies,0.9871355891227722
"Factor, Antinuclear","C0003243||Factor, Antinuclear",autoantibodies,0.8238797783851624
anti-Ro52 autoantibodies,C0075128||anti-Ro52 autoantibodies,autoantibodies,0.8046281933784485
"Autoantibody, Cardiolipin","C0162596||Autoantibody, Cardiolipin",autoantibodies,0.7816740870475769
Antibodies,C0003241||Antibodies,autoantibodies,0.7659335136413574
autoantibodies,UMLS:C0004358||autoantibodies,autoantibodies,1.0
Shingles,C0019360||Shingles,zoster,0.9501408338546753
zoster,UMLS:C0019360||zoster,zoster,1.0
Systematics,C0008902||Systematics,misclassification,0.8213908076286316
classification,C0008903||classification,misclassification,0.8213908076286316
misclassification,UMLS:C0008902||misclassification,misclassification,1.0
"Animal, Companion","C0031268||Animal, Companion",pets,0.9833950996398926
pets,UMLS:C0031268||pets,pets,1.0
"Study, Drug Evaluation","C0013175||Study, Drug Evaluation",evaluation,0.8140830397605896
Program Evaluation,C0033336||Program Evaluation,evaluation,0.7909751534461975
Self-Evaluation,C2936633||Self-Evaluation,evaluation,0.7821669578552246
Economic Evaluation,C0150099||Economic Evaluation,evaluation,0.7612223029136658
Drug Utilization Reviews,C0206176||Drug Utilization Reviews,evaluation,0.7433014512062073
evaluation,UMLS:C0220825||evaluation,evaluation,1.0
p-cimene,C0048220||p-cimene,p-cymene,0.9565169215202332
p-cymene,UMLS:C0048220||p-cymene,p-cymene,1.0
NETA,UMLS:C0068980||NETA,NETA,1.0
interlocking screw,UMLS:C0441273||interlocking screw,interlocking screw,1.0
SNAps,UMLS:C0004936||SNAps,SNAps,1.0
Body Identity,C0005891||Body Identity,images,0.7420037388801575
images,UMLS:C1704254||images,images,1.0
"Printing, Three-Dimensional","C3849992||Printing, Three-Dimensional",3D,0.7239183783531189
3D,UMLS:C0450363||3D,3D,1.0
MeHg,UMLS:C0025794||MeHg,MeHg,1.0
Chromatin Assembly,C1456459||Chromatin Assembly,modeling,0.7107288837432861
modeling,UMLS:C0870071||modeling,modeling,1.0
Caspases,C0010656||Caspases,cases,0.7143752574920654
cases,UMLS:C0150093||cases,cases,1.0
Pressure,C0033095||Pressure,pressure,0.9757479429244995
Decubitus Ulcer,C0011127||Decubitus Ulcer,pressure,0.8197790384292603
Atrial Pressure,C0428877||Atrial Pressure,pressure,0.7717530727386475
Air Pressure,C0001876||Air Pressure,pressure,0.7551611661911011
Portal Pressure,C0162523||Portal Pressure,pressure,0.7548481225967407
pressure,UMLS:C0005823||pressure,pressure,1.0
Protein,C0033684||Protein,adapter protein,0.7034165263175964
adapter protein,UMLS:C1449886||adapter protein,adapter protein,1.0
Navajo People,C5690824||Navajo People,people,0.8776397705078125
"Person, Asian","C0078988||Person, Asian",people,0.7774355411529541
Pima People,C5690825||Pima People,people,0.7473679184913635
"People, Indigenous","C4760587||People, Indigenous",people,0.7447186708450317
"Persons, Black","C5574920||Persons, Black",people,0.7057456374168396
people,UMLS:C0027361||people,people,1.0
chest,UMLS:C0817096||chest,chest,1.0
Northeast Chinese Population,UMLS:C0152035||Northeast Chinese Population,Northeast Chinese Population,1.0
"Spectrometry, Mass, Matrix-Assisted Laser Desorption-Ionization","C0282597||Spectrometry, Mass, Matrix-Assisted Laser Desorption-Ionization",MALDI MSI,0.7867043018341064
MALDI MSI,UMLS:C0282597||MALDI MSI,MALDI MSI,1.0
septal flash,UMLS:C3164858||septal flash,septal flash,1.0
Waist-Height Ratio,C1821269||Waist-Height Ratio,waist to height ratio,0.9707265496253967
waist to height ratio,UMLS:C1821269||waist to height ratio,waist to height ratio,1.0
liver tissues,UMLS:C0736268||liver tissues,liver tissues,1.0
One-Hybrid System Techniques,C0752170||One-Hybrid System Techniques,hybrid system,0.7094689607620239
hybrid system,UMLS:C1881073||hybrid system,hybrid system,1.0
China,C0008115||China,China,0.9948666095733643
Mental Region,C0008114||Mental Region,China,0.7271403074264526
China,UMLS:C0008115||China,China,1.0
DCAN,UMLS:C0057843||DCAN,DCAN,1.0
OCD,UMLS:C0028768||OCD,OCD,1.0
Body Mass Index,C1305855||Body Mass Index,body mass index,0.9893221855163574
body mass index,UMLS:C1305855||body mass index,body mass index,1.0
Gallbladder,C0016976||Gallbladder,contractibility of gallbladder,0.9604519605636597
Gall Bladder Cancers,C0153452||Gall Bladder Cancers,contractibility of gallbladder,0.8835110664367676
"Disease, Gall Bladder","C0016977||Disease, Gall Bladder",contractibility of gallbladder,0.8500242829322815
Gallbladder Neoplasms,C0016978||Gallbladder Neoplasms,contractibility of gallbladder,0.7927116751670837
Gallbladder Inflammation,C0008325||Gallbladder Inflammation,contractibility of gallbladder,0.7640677094459534
contractibility of gallbladder,UMLS:C0232772||contractibility of gallbladder,contractibility of gallbladder,1.0
Terahertz Radiation,C2350264||Terahertz Radiation,terahertz,0.7790820002555847
Terahertz Imaging,C2350266||Terahertz Imaging,terahertz,0.7618081569671631
terahertz,UMLS:C2350265||terahertz,terahertz,1.0
beta-Cell Tumor,C0021670||beta-Cell Tumor,insulinoma,0.986343264579773
Insulin Coma,C0021645||Insulin Coma,insulinoma,0.7958182692527771
Soluble Insulin,C0021641||Soluble Insulin,insulinoma,0.7404775023460388
insulinoma,UMLS:C0021670||insulinoma,insulinoma,1.0
Shoulder,C0037004||Shoulder,shoulder,0.9729703068733215
"Pains, Shoulder","C0037011||Pains, Shoulder",shoulder,0.8620812892913818
Scapulae,C0036277||Scapulae,shoulder,0.8171663880348206
"Joints, Glenohumeral","C0037009||Joints, Glenohumeral",shoulder,0.7809709310531616
"Shoulder, Prosthetic","C1961833||Shoulder, Prosthetic",shoulder,0.7763528227806091
shoulder,UMLS:C0037009||shoulder,shoulder,1.0
vapA,UMLS:C1421424||vapA,vapA,1.0
"Illness, Chronic","C0008679||Illness, Chronic",chronic diseases,0.991341233253479
"Disease, Chronic Renal","C1561643||Disease, Chronic Renal",chronic diseases,0.8626846075057983
"Syndromes, Post-Lyme Disease","C2063079||Syndromes, Post-Lyme Disease",chronic diseases,0.768272340297699
Diseases,C0012634||Diseases,chronic diseases,0.7232101559638977
Colonic Disease,C0009373||Colonic Disease,chronic diseases,0.7224581241607666
chronic diseases,UMLS:C0008679||chronic diseases,chronic diseases,1.0
Human papillomavirus 6,C1005556||Human papillomavirus 6,HPV 16,0.8985239267349243
Human papillomavirus 11,C1093046||Human papillomavirus 11,HPV 16,0.8511106371879578
HPV-16,C0999806||HPV-16,HPV 16,0.8337967991828918
Human papillomavirus type 18,C0999807||Human papillomavirus type 18,HPV 16,0.8277440071105957
Human papillomavirus 31,C2936597||Human papillomavirus 31,HPV 16,0.8032068014144897
HPV 16,UMLS:C0999806||HPV 16,HPV 16,1.0
Attention,C0004268||Attention,attention,0.9759864211082458
Attentional Bias,C4277667||Attentional Bias,attention,0.7253313064575195
attention,UMLS:C0004268||attention,attention,1.0
"Corpuscle, Red Blood","C0014792||Corpuscle, Red Blood",red blood cell,0.9833418130874634
"Cell, Blood","C0005773||Cell, Blood",red blood cell,0.8551926612854004
Red Blood Cell Count,C0014772||Red Blood Cell Count,red blood cell,0.8183634877204895
"Transfusion, Red Blood Cell","C0086252||Transfusion, Red Blood Cell",red blood cell,0.7329196929931641
red blood cell,UMLS:C0014792||red blood cell,red blood cell,1.0
split-course CCRT,UMLS:C3178775||split-course CCRT,split-course CCRT,1.0
Memory,C0025260||Memory,memory,0.9950895309448242
"Memory, Remote","C0233793||Memory, Remote",memory,0.7793865203857422
Memory T Cells,C0682639||Memory T Cells,memory,0.7205790281295776
memory,UMLS:C0025260||memory,memory,1.0
jumpers,UMLS:C1257890||jumpers,jumpers,1.0
Lactate,C0376261||Lactate,lactate,0.9895734786987305
Lactates,C0022924||Lactates,lactate,0.777782142162323
Sodium Lactate,C0142874||Sodium Lactate,lactate,0.7013397812843323
lactate,UMLS:C0022924||lactate,lactate,1.0
brain activity,UMLS:C0443158||brain activity,brain activity,1.0
CD138 Antigen,C1609943||CD138 Antigen,CD138,0.8079062104225159
"syndecan 1 protein, human","C0753253||syndecan 1 protein, human",CD138,0.7461591362953186
CD138,UMLS:C1609943||CD138,CD138,1.0
"Grain, Pollen","C0032385||Grain, Pollen",pollen,0.9934297800064087
Pollen Tube,C1136227||Pollen Tube,pollen,0.716404378414154
pollen,UMLS:C0032385||pollen,pollen,1.0
Prognostic Factors,C1514474||Prognostic Factors,prognostic factors,0.9611319899559021
prognostic factors,UMLS:C1514474||prognostic factors,prognostic factors,1.0
Population,C0032659||Population,population,0.9813888669013977
Copulation,C0009990||Copulation,population,0.7943040132522583
Population Control,C0032662||Population Control,population,0.7554655075073242
Population Health,C3242284||Population Health,population,0.7399222254753113
Rural Population,C0035962||Rural Population,population,0.7396398782730103
population,UMLS:C1257890||population,population,1.0
Rains,C0034640||Rains,brains,0.7519207000732422
brains,UMLS:C0006104||brains,brains,1.0
GC/IRMS,UMLS:C0024868||GC/IRMS,GC/IRMS,1.0
Mutations,C0026882||Mutations,mutations,0.9797462821006775
Gain of Function Mutation,C4505109||Gain of Function Mutation,mutations,0.8146849274635315
"Mutations, Deletion","C1511760||Mutations, Deletion",mutations,0.8019609451293945
Insertion Mutation,C1512796||Insertion Mutation,mutations,0.7737244963645935
INDEL Mutation,C1956002||INDEL Mutation,mutations,0.763573408126831
mutations,UMLS:C0596611||mutations,mutations,1.0
EBFST,UMLS:C1705273||EBFST,EBFST,1.0
Inflammations,C0021368||Inflammations,inflammation,0.9800276756286621
Osteitis,C0029400||Osteitis,inflammation,0.8718767166137695
Ear Inflammation,C0029877||Ear Inflammation,inflammation,0.845373272895813
Brain Inflammation,C0014038||Brain Inflammation,inflammation,0.8237006068229675
Pulmonary Inflammation,C3714636||Pulmonary Inflammation,inflammation,0.7948507070541382
inflammation,UMLS:C0021368||inflammation,inflammation,1.0
Classic Apoptoses,C0162638||Classic Apoptoses,apoptosis,0.9803731441497803
Exophthalmos,C0015300||Exophthalmos,apoptosis,0.7336620688438416
Anastasis,C1512772||Anastasis,apoptosis,0.7018066048622131
apoptosis,UMLS:C0162638||apoptosis,apoptosis,1.0
Parasites,C0030498||Parasites,parasite's,0.8008927702903748
parasite's,UMLS:C0030498||parasite's,parasite's,1.0
Donor,C0013018||Donor,donors,0.9985302686691284
"Donors, Organ","C0029206||Donors, Organ",donors,0.72499680519104
Living Donors,C0348050||Living Donors,donors,0.703026533126831
donors,UMLS:C0013018||donors,donors,1.0
satisfied,UMLS:C0242428||satisfied,satisfied,1.0
"Magnetic Resonance Imaging, Cine","C0282596||Magnetic Resonance Imaging, Cine",MRI,0.8375401496887207
"Scan, MRI","C0917711||Scan, MRI",MRI,0.7830029726028442
Fluorine-19 Magnetic Resonance Imaging,C3850007||Fluorine-19 Magnetic Resonance Imaging,MRI,0.7182101607322693
MRI,UMLS:C0024485||MRI,MRI,1.0
FDA,UMLS:C0041714||FDA,FDA,1.0
UC,UMLS:C0009324||UC,UC,1.0
skull specimens,UMLS:C2584668||skull specimens,skull specimens,1.0
Parental Consent,C0600634||Parental Consent,parental knowledge,0.7552717328071594
Parental Death,C0524342||Parental Death,parental knowledge,0.7397258877754211
Parents,C0030551||Parents,parental knowledge,0.7185718417167664
Knowledge,C0376554||Knowledge,parental knowledge,0.9907342195510864
Knowledge Bases,C0022752||Knowledge Bases,parental knowledge,0.9231281876564026
Knowledge Management,C0687753||Knowledge Management,parental knowledge,0.8112568259239197
Knowledge Discovery,C5197924||Knowledge Discovery,parental knowledge,0.8072217702865601
Patient Medication Knowledge,C3494388||Patient Medication Knowledge,parental knowledge,0.8009594082832336
parental knowledge,UMLS:C1319152||parental knowledge,parental knowledge,1.0
offsite,UMLS:C3828730||offsite,offsite,1.0
Offenders,C0699726||Offenders,offenders,0.989672839641571
offenders,UMLS:C0699726||offenders,offenders,1.0
Quantitative Trait Loci,C0597336||Quantitative Trait Loci,quantitative trait locus,0.9801099896430969
"Quantitative Trait, Heritable","C0524868||Quantitative Trait, Heritable",quantitative trait locus,0.7088266015052795
quantitative trait locus,UMLS:C0597336||quantitative trait locus,quantitative trait locus,1.0
"Cancers, Hepatic","C0345904||Cancers, Hepatic",hepatocellular damage,0.718093752861023
hepatocellular damage,UMLS:C0151763||hepatocellular damage,hepatocellular damage,1.0
"nuclear receptor subfamily 3, group C, member 1 (glucocorticoid receptor) protein, human","C1370369||nuclear receptor subfamily 3, group C, member 1 (glucocorticoid receptor) protein, human",NR3C1,0.8892419934272766
NR3C1,UMLS:C1370369||NR3C1,NR3C1,1.0
local field potentials,UMLS:C2350339||local field potentials,local field potentials,1.0
Reading Disorders,C0476254||Reading Disorders,dyslexia,0.9763283729553223
"Dyslexia, Acquired","C0013388||Dyslexia, Acquired",dyslexia,0.7067998647689819
dyslexia,UMLS:C0476254||dyslexia,dyslexia,1.0
Healthy Volunteers,C1708335||Healthy Volunteers,participants,0.7873777151107788
participants,UMLS:C0679646||participants,participants,1.0
wash-out scans,UMLS:C0441633||wash-out scans,wash-out scans,1.0
US,UMLS:C0079891||US,US,1.0
Antioxidative Stress,C5392202||Antioxidative Stress,antioxidative,0.8063544631004333
antioxidative,UMLS:C0003402||antioxidative,antioxidative,1.0
rotigotine,C1700683||rotigotine,rotigotine,0.9544134140014648
rotigotine,UMLS:C1700683||rotigotine,rotigotine,1.0
"Sequences, DNA","C0162326||Sequences, DNA",DNA sequence,0.992293119430542
RNA Sequence,C0162327||RNA Sequence,DNA sequence,0.8137289881706238
DNA Sequence Analysis,C0162802||DNA Sequence Analysis,DNA sequence,0.8104311227798462
"Sequence Determination, DNA","C0917792||Sequence Determination, DNA",DNA sequence,0.7866977453231812
"Sequence, Base","C0004793||Sequence, Base",DNA sequence,0.7360695004463196
DNA sequence,UMLS:C0162326||DNA sequence,DNA sequence,1.0
"Tiiii[H, CH3, CH3]","UMLS:C1100347||Tiiii[H, CH3, CH3]","Tiiii[H, CH3, CH3]",1.0
STAG3 gene,UMLS:C1420450||STAG3 gene,STAG3 gene,1.0
11 trans Retinal,C0035331||11 trans Retinal,11-cis retinal,0.9902896881103516
Retinal Cone Photoreceptors,C0206428||Retinal Cone Photoreceptors,11-cis retinal,0.8279016613960266
"Breaks, Retinal","C0035321||Breaks, Retinal",11-cis retinal,0.7630814909934998
Retina,C0035298||Retina,11-cis retinal,0.7551437020301819
"Vein, Central Retinal","C0035327||Vein, Central Retinal",11-cis retinal,0.7417791485786438
11-cis retinal,UMLS:C0085717||11-cis retinal,11-cis retinal,1.0
Toll 4 Receptor,C1411976||Toll 4 Receptor,Toll-like receptor 4,0.9842231273651123
Toll-Like Receptors,C0670896||Toll-Like Receptors,Toll-like receptor 4,0.956974446773529
Toll-Like Receptor 1,C0971363||Toll-Like Receptor 1,Toll-like receptor 4,0.9302222728729248
"Receptor, TLR2","C0754728||Receptor, TLR2",Toll-like receptor 4,0.9265985488891602
Toll Like Receptor 3,C1534866||Toll Like Receptor 3,Toll-like receptor 4,0.9217528104782104
Toll-like receptor 4,UMLS:C1411976||Toll-like receptor 4,Toll-like receptor 4,1.0
Growth Factor,C0018284||Growth Factor,growth factors,0.9845872521400452
Growth Factors Receptors,C0206454||Growth Factors Receptors,growth factors,0.8679487109184265
"Factors, Nerve Growth","C0027754||Factors, Nerve Growth",growth factors,0.8297377228736877
EGF Family of Proteins,C3849998||EGF Family of Proteins,growth factors,0.7733181118965149
IL-2 Receptor,C0034819||IL-2 Receptor,growth factors,0.7635316848754883
growth factors,UMLS:C0018284||growth factors,growth factors,1.0
understanding,UMLS:C0162340||understanding,understanding,1.0
CAC,UMLS:C0882849||CAC,CAC,1.0
Lactobacillus casei,C0022940||Lactobacillus casei,Lactobacillus casei,0.9784955382347107
Lacticaseibacillus paracasei,C1080735||Lacticaseibacillus paracasei,Lactobacillus casei,0.8447138071060181
Lactobacillus,C0022938||Lactobacillus,Lactobacillus casei,0.839597225189209
Lactobacillus casei subsp. rhamnosus,C0317597||Lactobacillus casei subsp. rhamnosus,Lactobacillus casei,0.776546835899353
Lactobacillus oris,C0317650||Lactobacillus oris,Lactobacillus casei,0.735123872756958
Lactobacillus casei,UMLS:C0022940||Lactobacillus casei,Lactobacillus casei,1.0
"Gene Products, RNA","C0035668||Gene Products, RNA",RNA,0.9945630431175232
RNA,UMLS:C0035668||RNA,RNA,1.0
primary lesions,UMLS:C1402294||primary lesions,primary lesions,1.0
Whole Genome Sequencing,C3640076||Whole Genome Sequencing,whole-genome sequencing,0.8653828501701355
Whole Exome Sequencing,C3640077||Whole Exome Sequencing,whole-genome sequencing,0.7214652895927429
whole-genome sequencing,UMLS:C3640076||whole-genome sequencing,whole-genome sequencing,1.0
Hernia Repairs,C0019328||Hernia Repairs,groin hernia repair,0.8265607357025146
groin hernia repair,UMLS:C3514453||groin hernia repair,groin hernia repair,1.0
Gene Knockdown Techniques,C2350567||Gene Knockdown Techniques,knockdown,0.9339519143104553
knockdown,UMLS:C2350567||knockdown,knockdown,1.0
findings,C2607943||findings,findings,0.9804302453994751
Incidental Findings,C0743997||Incidental Findings,findings,0.7074097990989685
findings,UMLS:C0243095||findings,findings,1.0
Nested Transcripts,C1136156||Nested Transcripts,transcript,0.812394917011261
Transcriptome,C3178810||Transcriptome,transcript,0.796340823173523
"RNA Polymerases, DNA-Dependent","C0035681||RNA Polymerases, DNA-Dependent",transcript,0.7574096322059631
"DNA Polymerase, RNA-Dependent","C0035379||DNA Polymerase, RNA-Dependent",transcript,0.7048470377922058
transcript,UMLS:C1519595||transcript,transcript,1.0
neuropsychiatric conditions,UMLS:C4285807||neuropsychiatric conditions,neuropsychiatric conditions,1.0
Hyperinsulinism,C0020459||Hyperinsulinism,Hyperinsulinemia,0.9841665625572205
Infancy Hyperinsulinemia Hypoglycemia,C3888018||Infancy Hyperinsulinemia Hypoglycemia,Hyperinsulinemia,0.7237340211868286
Compensatory Hyperinsulinemia,C1257965||Compensatory Hyperinsulinemia,Hyperinsulinemia,0.7192637324333191
Hyperinsulinemia,UMLS:C0020459||Hyperinsulinemia,Hyperinsulinemia,1.0
diagnosis,UMLS:C0011900||diagnosis,diagnosis,1.0
BBB,UMLS:C1305865||BBB,BBB,1.0
Tumor,C0027651||Tumor,tumors,0.9990561008453369
Plant Tumors,C0032091||Plant Tumors,tumors,0.7964096069335938
Rectal Neoplasms,C0034885||Rectal Neoplasms,tumors,0.7842270135879517
"Neoplasms, Brain","C0006118||Neoplasms, Brain",tumors,0.7791091799736023
Retinal Neoplasms,C0524801||Retinal Neoplasms,tumors,0.7632418870925903
tumors,UMLS:C0027651||tumors,tumors,1.0
RNA-Binding Domains,C4277619||RNA-Binding Domains,binding domain,0.8661250472068787
Xylan Binding Domain,C5691350||Xylan Binding Domain,binding domain,0.8252434730529785
RNA Recognition Motif Proteins,C4042843||RNA Recognition Motif Proteins,binding domain,0.7864378094673157
Methyl CpG Binding Domain,C4277657||Methyl CpG Binding Domain,binding domain,0.7273197174072266
"LIM domain binding 1 protein, human","C1433433||LIM domain binding 1 protein, human",binding domain,0.7250276207923889
binding domain,UMLS:C1514535||binding domain,binding domain,1.0
TBDM,UMLS:C1275743||TBDM,TBDM,1.0
PHRs,UMLS:C0018739||PHRs,PHRs,1.0
Sulfate,C3536965||Sulfate,sulfate,0.9833784699440002
Cerebroside Sulfatase,C0007804||Cerebroside Sulfatase,sulfate,0.815772533416748
Sulfoiduronate Sulfatase,C0020814||Sulfoiduronate Sulfatase,sulfate,0.8084803223609924
Arylsulfatase C,C0052456||Arylsulfatase C,sulfate,0.7964507341384888
Sulfates,C0038720||Sulfates,sulfate,0.7886875867843628
sulfate,UMLS:C0038720||sulfate,sulfate,1.0
"beta, Trastuzumab","C0728747||beta, Trastuzumab",trastuzumab,0.9495283365249634
Trastuzumab DM1 Conjugate,C2935436||Trastuzumab DM1 Conjugate,trastuzumab,0.8038094639778137
zirconium-89-trastuzumab,C2983775||zirconium-89-trastuzumab,trastuzumab,0.7271462678909302
trastuzumab,UMLS:C0728747||trastuzumab,trastuzumab,1.0
gingival walls,UMLS:C0227114||gingival walls,gingival walls,1.0
Upper Limbs,C1140618||Upper Limbs,upper extremity,0.9859743714332581
Upper Extremity Bone,C0003793||Upper Extremity Bone,upper extremity,0.9157116413116455
Extremity,C0015385||Extremity,upper extremity,0.79972904920578
upper extremity,UMLS:C1140618||upper extremity,upper extremity,1.0
Case Reports,C0007320||Case Reports,case report,0.7607382535934448
case report,UMLS:C0085973||case report,case report,1.0
(CENTRAL),UMLS:C0282574||(CENTRAL),(CENTRAL),1.0
Suppresses,UMLS:C0038855||Suppresses,Suppresses,1.0
"Testis, Rete","C0035278||Testis, Rete",testis,0.7671172618865967
Cancer of the Testis,C0153594||Cancer of the Testis,testis,0.7130059599876404
testis,UMLS:C0039597||testis,testis,1.0
Men,C0025266||Men,men,0.9964844584465027
MEA IIa,C0025268||MEA IIa,men,0.8248874545097351
MEA 2b,C0025269||MEA 2b,men,0.804026186466217
men,UMLS:C0025266||men,men,1.0
side,UMLS:C0441987||side,side,1.0
Stable Diabetes Mellitus,C0011860||Stable Diabetes Mellitus,type 2 diabetes mellitus,0.9855219721794128
"Diabetes, Type 1","C0011854||Diabetes, Type 1",type 2 diabetes mellitus,0.9389891624450684
Diabetes Mellitus,C0011849||Diabetes Mellitus,type 2 diabetes mellitus,0.8565089106559753
Latent Autoimmune Diabetes in Adults,C1739108||Latent Autoimmune Diabetes in Adults,type 2 diabetes mellitus,0.7947266101837158
Diabulimia,C5197769||Diabulimia,type 2 diabetes mellitus,0.7581026554107666
type 2 diabetes mellitus,UMLS:C0011860||type 2 diabetes mellitus,type 2 diabetes mellitus,1.0
Human T Lymphotropic Virus Type III,C0019682||Human T Lymphotropic Virus Type III,HIV,0.9939058423042297
Human Immunodeficiency Virus Proteins,C1955876||Human Immunodeficiency Virus Proteins,HIV,0.7919051051139832
HIV Protease,C0079522||HIV Protease,HIV,0.7666909694671631
"tat Protein, HIV","C0040623||tat Protein, HIV",HIV,0.732243537902832
HIV,UMLS:C0019682||HIV,HIV,1.0
evaluated,UMLS:C0220825||evaluated,evaluated,1.0
Standing Orders,C4277736||Standing Orders,standing,0.7244225740432739
standing,UMLS:C0231472||standing,standing,1.0
late toxic effects,UMLS:C0160814||late toxic effects,late toxic effects,1.0
provinces,UMLS:C1514578||provinces,provinces,1.0
blebbishields,UMLS:C0243092||blebbishields,blebbishields,1.0
Four-Dimensional Computed Tomography,C2717955||Four-Dimensional Computed Tomography,4D,0.8196135759353638
4D,UMLS:C2347299||4D,4D,1.0
Woman,C0043210||Woman,women,0.9527007937431335
Lesbian,C1533642||Lesbian,women,0.722941517829895
women,UMLS:C0043210||women,women,1.0
RIPostC,UMLS:C2936234||RIPostC,RIPostC,1.0
tools,UMLS:C1516602||tools,tools,1.0
Childbirth,C1148523||Childbirth,childbirth,0.9652112722396851
Home Childbirth,C0019857||Home Childbirth,childbirth,0.8855783343315125
"Childbirth, Natural","C0027484||Childbirth, Natural",childbirth,0.8241003155708313
Childbirth Classes,C3658257||Childbirth Classes,childbirth,0.8208320736885071
childbirth,UMLS:C1148523||childbirth,childbirth,1.0
"L-Glutamic acid, N-(4-(((2,4-diamino-6-pteridinyl)methyl)methylamino)benzoyl)-","C0025677||L-Glutamic acid, N-(4-(((2,4-diamino-6-pteridinyl)methyl)methylamino)benzoyl)-",methotrexate,0.95709228515625
"Methotrexate, Disodium Salt","C0949359||Methotrexate, Disodium Salt",methotrexate,0.8017533421516418
methotrexate,UMLS:C0025677||methotrexate,methotrexate,1.0
19S Gamma Globulin,C0020861||19S Gamma Globulin,IgM,0.9944493770599365
IgM,UMLS:C0020861||IgM,IgM,1.0
dynamically regulated,UMLS:C1327622||dynamically regulated,dynamically regulated,1.0
prognostic factor,UMLS:C1514474||prognostic factor,prognostic factor,1.0
okanin,UMLS:C2934842||okanin,okanin,1.0
FBC,UMLS:C0007104||FBC,FBC,1.0
"Failures, Renal","C0035078||Failures, Renal",failure,0.840915322303772
Liver Failure,C0085605||Liver Failure,failure,0.8027085661888123
Cardiac Failure,C0018801||Cardiac Failure,failure,0.792527973651886
Levee Collapse,C2717752||Levee Collapse,failure,0.7883365154266357
Structure Collapses,C2362605||Structure Collapses,failure,0.7835848331451416
failure,UMLS:C0162643||failure,failure,1.0
Kinesiographic data,UMLS:C1516606||Kinesiographic data,Kinesiographic data,1.0
Dogs,C0012984||Dogs,dogs,0.9840587377548218
Alert Dogs,C5392799||Alert Dogs,dogs,0.7480326294898987
Hearing Dogs,C5392798||Hearing Dogs,dogs,0.7437161803245544
Seeing Eye Dogs,C0871317||Seeing Eye Dogs,dogs,0.7289454936981201
Herding Dogs,C5392858||Herding Dogs,dogs,0.7106716632843018
dogs,UMLS:C0012984||dogs,dogs,1.0
Post-Traumatic Neuroses,C0038436||Post-Traumatic Neuroses,posttraumatic stress disorder,0.964408278465271
"Stress Disorders, Traumatic","C0038441||Stress Disorders, Traumatic",posttraumatic stress disorder,0.8693720102310181
posttraumatic stress disorder,UMLS:C0038436||posttraumatic stress disorder,posttraumatic stress disorder,1.0
Rattus,C0034721||Rattus,rats,0.9682697653770447
"Rats, Inbred ACI","C0034698||Rats, Inbred ACI",rats,0.7464826703071594
Molerats,C0524809||Molerats,rats,0.7352206110954285
rats,UMLS:C0034693||rats,rats,1.0
B. cockerelli,UMLS:C1502411||B. cockerelli,B. cockerelli,1.0
Phosphorylation,C0031715||Phosphorylation,phosphorylation,0.9934709668159485
Photophosphorylation,C0031755||Photophosphorylation,phosphorylation,0.8741863369941711
Oxidative Phosphorylation,C0030013||Oxidative Phosphorylation,phosphorylation,0.7708114385604858
Phosphorylase,C0017916||Phosphorylase,phosphorylation,0.7691949605941772
Phosphorylase a,C0031709||Phosphorylase a,phosphorylation,0.7367690205574036
phosphorylation,UMLS:C1158886||phosphorylation,phosphorylation,1.0
Disorders,UMLS:C0012634||Disorders,Disorders,1.0
items,UMLS:C0282574||items,items,1.0
"Internal Medicine, General","C0021782||Internal Medicine, General",JAMA Internal Medicine,0.878683865070343
JAMA Internal Medicine,UMLS:C0282574||JAMA Internal Medicine,JAMA Internal Medicine,1.0
Cultures,UMLS:C0430400||Cultures,Cultures,1.0
Human Umbilical Vein Endothelial Cells,C3179121||Human Umbilical Vein Endothelial Cells,human umbilical vein endothelial cells,0.9643827676773071
human umbilical vein endothelial cells,UMLS:C3179121||human umbilical vein endothelial cells,human umbilical vein endothelial cells,1.0
"Peptide Synthesis, Synthetic","C3178925||Peptide Synthesis, Synthetic",synthesis,0.8049371838569641
bioformation,C0005572||bioformation,synthesis,0.7362508773803711
chemical synthesis,C4759732||chemical synthesis,synthesis,0.7305704951286316
Organic Synthesis,C1518610||Organic Synthesis,synthesis,0.7178713083267212
"Growth Factor, Fibroblast","C0016026||Growth Factor, Fibroblast",synthesis,0.7056244015693665
synthesis,UMLS:C0220781||synthesis,synthesis,1.0
elevation,UMLS:C0702240||elevation,elevation,1.0
Enzyme Assays,C2717977||Enzyme Assays,enzymatic,0.7054758667945862
enzymatic,UMLS:C0014442||enzymatic,enzymatic,1.0
Nerve Tissue Regeneration,C4326926||Nerve Tissue Regeneration,tissue degeneration,0.7768400311470032
"Tissue Regeneration, Guided","C0085147||Tissue Regeneration, Guided",tissue degeneration,0.7189834117889404
tissue degeneration,UMLS:C0011164||tissue degeneration,tissue degeneration,1.0
Image Reconstruction,C0020912||Image Reconstruction,reconstruction,0.8102044463157654
Breast Reconstruction,C0085076||Breast Reconstruction,reconstruction,0.8003128170967102
Mandibular Reconstruction,C2242551||Mandibular Reconstruction,reconstruction,0.7455909848213196
Construction Industry,C0682031||Construction Industry,reconstruction,0.7375366687774658
Instruction,C0302828||Instruction,reconstruction,0.7214572429656982
reconstruction,UMLS:C0524865||reconstruction,reconstruction,1.0
Larva,C0023047||Larva,larvae,0.9723002910614014
larvae,UMLS:C0023047||larvae,larvae,1.0
Gyrus Dentatus,C0152314||Gyrus Dentatus,dentate gyrus,0.959626317024231
Hilus of the Fascia Dentata,C1134421||Hilus of the Fascia Dentata,dentate gyrus,0.7830477356910706
dentate gyrus,UMLS:C0152314||dentate gyrus,dentate gyrus,1.0
syringe filters,UMLS:C0180875||syringe filters,syringe filters,1.0
National Comprehensive Cancer Network,UMLS:C1513893||National Comprehensive Cancer Network,National Comprehensive Cancer Network,1.0
Target of Rapamycin Complex 1,C3888046||Target of Rapamycin Complex 1,complex behaviors,0.8181332945823669
MTORC-2,C3152112||MTORC-2,complex behaviors,0.8127485513687134
Cytochrome b c2 Oxidoreductase,C1176474||Cytochrome b c2 Oxidoreductase,complex behaviors,0.8073316216468811
"Complex, Terminal Complement","C0009545||Complex, Terminal Complement",complex behaviors,0.7859824895858765
Edema-Proteinuria-Hypertension Gestosis,C0032914||Edema-Proteinuria-Hypertension Gestosis,complex behaviors,0.7790911793708801
complex behaviors,UMLS:C0474411||complex behaviors,complex behaviors,1.0
Immigration,C0020942||Immigration,migration velocity,0.9129558801651001
Human Migration,C0237731||Human Migration,migration velocity,0.8645679354667664
"Migration, Cell","C1622501||Migration, Cell",migration velocity,0.8144420981407166
Emigration and Immigration,C0013976||Emigration and Immigration,migration velocity,0.7935426235198975
Animal Migration,C0598402||Animal Migration,migration velocity,0.7478324174880981
migration velocity,UMLS:C1622501||migration velocity,migration velocity,1.0
"Pressure, Blood","C0005823||Pressure, Blood",blood pressure,0.9803903698921204
"Blood Pressure, Low","C0020649||Blood Pressure, Low",blood pressure,0.8619154095649719
Continuous Sphygmomanometers,C0005825||Continuous Sphygmomanometers,blood pressure,0.8585292100906372
"Pressures, Venous Blood","C0042486||Pressures, Venous Blood",blood pressure,0.834754228591919
"Blood Pressures, Arterial","C1272641||Blood Pressures, Arterial",blood pressure,0.8321809768676758
blood pressure,UMLS:C0005823||blood pressure,blood pressure,1.0
Vaccines,C0042210||Vaccines,vaccine,0.9665578603744507
"Vaccines, DNA","C0376613||Vaccines, DNA",vaccine,0.7647820115089417
FANG vaccine,C2983751||FANG vaccine,vaccine,0.7531613111495972
Influenzavirus Vaccines,C0021403||Influenzavirus Vaccines,vaccine,0.7496404051780701
"Vaccines, Viral","C0042742||Vaccines, Viral",vaccine,0.7375859618186951
vaccine,UMLS:C0042210||vaccine,vaccine,1.0
"Sleep, REM","C0037322||Sleep, REM",REM sleep,0.9855329990386963
Sleep Onset Latency,C4505222||Sleep Onset Latency,REM sleep,0.8007706999778748
Sleep,C0037313||Sleep,REM sleep,0.7890895009040833
REM Sleep Parasomnias,C0752301||REM Sleep Parasomnias,REM sleep,0.7073508501052856
REM sleep,UMLS:C0037322||REM sleep,REM sleep,1.0
Experimental Pig Model,UMLS:C0887965||Experimental Pig Model,Experimental Pig Model,1.0
Simulation Training,C4042947||Simulation Training,Simulating,0.7025643587112427
Simulating,UMLS:C0679083||Simulating,Simulating,1.0
RNAi Therapeutics,C4042855||RNAi Therapeutics,therapeutics,0.816577672958374
Senotherapeutics,C5544404||Senotherapeutics,therapeutics,0.8100660443305969
therapeutic use,C0039795||therapeutic use,therapeutics,0.792177677154541
Therapeutic Use,C1258064||Therapeutic Use,therapeutics,0.792177677154541
therapeutics,UMLS:C1254351||therapeutics,therapeutics,1.0
Pilus Retraction,UMLS:C1326523||Pilus Retraction,Pilus Retraction,1.0
Rewards,C0035397||Rewards,rewards,0.9699766039848328
rewards,UMLS:C0035397||rewards,rewards,1.0
Neurodevelopmental Disorder,C1535926||Neurodevelopmental Disorder,neurodevelopmental disorders,0.9834563136100769
Alcohol Related Neurodevelopmental Disorder,C0814154||Alcohol Related Neurodevelopmental Disorder,neurodevelopmental disorders,0.7655157446861267
Sex Development Disorders,C0036875||Sex Development Disorders,neurodevelopmental disorders,0.7146739363670349
Developmental Coordination Disorders,C0011757||Developmental Coordination Disorders,neurodevelopmental disorders,0.7087201476097107
"Disorders, Language Development","C0023014||Disorders, Language Development",neurodevelopmental disorders,0.7074310779571533
neurodevelopmental disorders,UMLS:C1535926||neurodevelopmental disorders,neurodevelopmental disorders,1.0
"MRI, Diffusion Weighted","C1136216||MRI, Diffusion Weighted",diffusion MRI,0.96549391746521
Diffusions,C0012222||Diffusions,diffusion MRI,0.8398752808570862
Diffusion Tensor MRI,C1537007||Diffusion Tensor MRI,diffusion MRI,0.8348032832145691
diffusion MRI,UMLS:C1136216||diffusion MRI,diffusion MRI,1.0
Genes,C0017337||Genes,XPC Gene,0.7399020791053772
XPC Gene,UMLS:C1421540||XPC Gene,XPC Gene,1.0
Prodrugs,C0033262||Prodrugs,prodrug,0.9288206696510315
prodrug,UMLS:C0033262||prodrug,prodrug,1.0
Cognitive Disorder,C0338656||Cognitive Disorder,Cognitive impairment,0.9768533110618591
"Impairment, Mild Cognitive","C1270972||Impairment, Mild Cognitive",Cognitive impairment,0.8818236589431763
Chemotherapy-Related Cognitive Impairment,C5392105||Chemotherapy-Related Cognitive Impairment,Cognitive impairment,0.7360267639160156
Cognitive impairment,UMLS:C0338656||Cognitive impairment,Cognitive impairment,1.0
recurrence-free survival,UMLS:C2919551||recurrence-free survival,recurrence-free survival,1.0
Frozen Sections,C0016741||Frozen Sections,frozen embryos,0.8015576004981995
Frozen Foods,C0016739||Frozen Foods,frozen embryos,0.7812948226928711
"Frozen Plasmas, Fresh","C0016709||Frozen Plasmas, Fresh",frozen embryos,0.7090399861335754
Embryo,C0013935||Embryo,frozen embryos,0.9960824251174927
Plant Zygotes,C0036563||Plant Zygotes,frozen embryos,0.8507528901100159
Chick Embryo,C0008046||Chick Embryo,frozen embryos,0.793113112449646
Aborted Fetus,C0000781||Aborted Fetus,frozen embryos,0.7590087056159973
"Embryo, Mammalian","C1956416||Embryo, Mammalian",frozen embryos,0.7374404072761536
frozen embryos,UMLS:C0440733||frozen embryos,frozen embryos,1.0
"Factor, Intrinsic","C0021918||Factor, Intrinsic",intrinsic,0.7933198809623718
"Positive-Pressure Respiration, Intrinsic","C0242676||Positive-Pressure Respiration, Intrinsic",intrinsic,0.7047035694122314
intrinsic,UMLS:C0205102||intrinsic,intrinsic,1.0
ZnO,UMLS:C0043491||ZnO,ZnO,1.0
Angiopoietin Like Protein 4,C4318429||Angiopoietin Like Protein 4,Angptl4-/-,0.7888745069503784
Angptl4-/-,UMLS:C1423931||Angptl4-/-,Angptl4-/-,1.0
SUF systems,UMLS:C3824407||SUF systems,SUF systems,1.0
evaluate,UMLS:C0220825||evaluate,evaluate,1.0
TusA,UMLS:C2973840||TusA,TusA,1.0
extent,UMLS:C0439792||extent,extent,1.0
higher stress,UMLS:C4075362||higher stress,higher stress,1.0
FMD,UMLS:C0016514||FMD,FMD,1.0
Questionnaires,C0034394||Questionnaires,questionnaires,0.9718374013900757
Test Anxiety Scale,C0039577||Test Anxiety Scale,questionnaires,0.7293187379837036
Surveys and Questionnaires,C4042892||Surveys and Questionnaires,questionnaires,0.715203583240509
questionnaires,UMLS:C0034394||questionnaires,questionnaires,1.0
experienced,UMLS:C0596545||experienced,experienced,1.0
Re-Irradiation,C4042794||Re-Irradiation,irradiation,0.9047520160675049
Radiation,C0851346||Radiation,irradiation,0.8023064136505127
Cranial Irradiation,C0079172||Cranial Irradiation,irradiation,0.7817855477333069
Food Irradiation,C0016474||Food Irradiation,irradiation,0.7815017104148865
Lymphatic Irradiation,C0024230||Lymphatic Irradiation,irradiation,0.7757333517074585
irradiation,UMLS:C1522449||irradiation,irradiation,1.0
gamma actin 1,UMLS:C3884655||gamma actin 1,gamma actin 1,1.0
Biological Monitoring,C0005517||Biological Monitoring,monitoring of disease activity,0.79026859998703
Uterine Monitoring,C0040345||Uterine Monitoring,monitoring of disease activity,0.7648858428001404
"Monitoring, Fetal","C0015945||Monitoring, Fetal",monitoring of disease activity,0.7529579997062683
Drug Monitoring,C0085421||Drug Monitoring,monitoring of disease activity,0.7478479146957397
Patient Monitoring,C0030695||Patient Monitoring,monitoring of disease activity,0.7216737866401672
monitoring of disease activity,UMLS:C1283169||monitoring of disease activity,monitoring of disease activity,1.0
Arsenic-75,C0003818||Arsenic-75,arsenic,0.9755789637565613
As2O3,C0052416||As2O3,arsenic,0.712088942527771
Arsenicals,C0003819||Arsenicals,arsenic,0.7018136978149414
arsenic,UMLS:C0003818||arsenic,arsenic,1.0
Energy Intake,C0006777||Energy Intake,intake,0.7536393404006958
Water Consumption,C0013123||Water Consumption,intake,0.749858021736145
"Intake, Food","C0013470||Intake, Food",intake,0.7195762395858765
Dietary Intake,C1286104||Dietary Intake,intake,0.7176434397697449
intake,UMLS:C1286104||intake,intake,1.0
TAGs,UMLS:C0041004||TAGs,TAGs,1.0
Breast Malignant Neoplasms,C0006142||Breast Malignant Neoplasms,breast cancer,0.9906211495399475
BRCA1 Gene Product,C0259275||BRCA1 Gene Product,breast cancer,0.8960172533988953
Breast Cancer 2 Protein,C0294028||Breast Cancer 2 Protein,breast cancer,0.8917087912559509
"Breast Carcinoma, Male","C0238033||Breast Carcinoma, Male",breast cancer,0.8669049143791199
"Breast Neoplasm, Unilateral","C4018978||Breast Neoplasm, Unilateral",breast cancer,0.751760721206665
breast cancer,UMLS:C0678222||breast cancer,breast cancer,1.0
Vaccinia viruses,C0042216||Vaccinia viruses,vaccinia virus,0.9897016882896423
Vaccinia,C0042214||Vaccinia,vaccinia virus,0.7758095264434814
Pseudocowpox Virus,C0030531||Pseudocowpox Virus,vaccinia virus,0.769852876663208
vaccinia virus,UMLS:C0042216||vaccinia virus,vaccinia virus,1.0
"Version, Fetal","C0042556||Version, Fetal",version,0.7493947744369507
version,UMLS:C0333052||version,version,1.0
cells,UMLS:C0007634||cells,cells,1.0
Transthoracic Echocardiography,C0013516||Transthoracic Echocardiography,echocardiography,0.9910393953323364
"Echocardiography, Three-Dimensional","C0203378||Echocardiography, Three-Dimensional",echocardiography,0.922439455986023
"Echocardiography, Four-Dimensional","C0203379||Echocardiography, Four-Dimensional",echocardiography,0.9175355434417725
"Echocardiography, Stress","C0920208||Echocardiography, Stress",echocardiography,0.8648156523704529
Doppler Echocardiography,C0013520||Doppler Echocardiography,echocardiography,0.8205515742301941
echocardiography,UMLS:C0013516||echocardiography,echocardiography,1.0
"Software, Open Source","C0037585||Software, Open Source",software,0.9744495153427124
Software Design,C0037587||Software Design,software,0.8037766814231873
Software Validations,C0037590||Software Validations,software,0.7952733039855957
Software Engineering,C0037588||Software Engineering,software,0.7369963526725769
software,UMLS:C0037585||software,software,1.0
antimicrobial activity,UMLS:C1271650||antimicrobial activity,antimicrobial activity,1.0
Forensic Odontology Reports,UMLS:C0684224||Forensic Odontology Reports,Forensic Odontology Reports,1.0
MBI,UMLS:C0282574||MBI,MBI,1.0
Coat protein,UMLS:C1136102||Coat protein,Coat protein,1.0
Touch,C0702221||Touch,touch,0.986049234867096
Touch Perception,C2350522||Touch Perception,touch,0.7235697507858276
touch,UMLS:C0702221||touch,touch,1.0
"FcgammaRIIIB, human","C0966831||FcgammaRIIIB, human",FCGR3B,0.907820463180542
FCGR3B,UMLS:C1414556||FCGR3B,FCGR3B,1.0
index,UMLS:C0918012||index,index,1.0
Atrophies,C0333641||Atrophies,atrophy,0.9841145277023315
"Atrophy, Optic","C0029124||Atrophy, Optic",atrophy,0.7387493848800659
"Optic Atrophy, Kjer's","C0338508||Optic Atrophy, Kjer's",atrophy,0.7089799046516418
"Optic atrophy, non-Leber type, with early onset","C1839576||Optic atrophy, non-Leber type, with early onset",atrophy,0.7050371170043945
atrophy,UMLS:C0333641||atrophy,atrophy,1.0
Oligomenorrheas,C0028949||Oligomenorrheas,oligoamenorrhea,0.8126090168952942
Amenorrhea,C0002453||Amenorrhea,oligoamenorrhea,0.7337347865104675
oligoamenorrhea,UMLS:C0028949||oligoamenorrhea,oligoamenorrhea,1.0
Carrier Proteins,C0007292||Carrier Proteins,transport,0.8934712409973145
"Traffickings, Protein","C0599895||Traffickings, Protein",transport,0.8934712409973145
Ion Transport,C0162585||Ion Transport,transport,0.8472860455513
RNA Transport,C0598720||RNA Transport,transport,0.8237187266349792
Transportins,C0533999||Transportins,transport,0.8104234337806702
transport,UMLS:C0005528||transport,transport,1.0
cotyledons,UMLS:C0242769||cotyledons,cotyledons,1.0
GLP 1 Receptor,C0378073||GLP 1 Receptor,GLP-1R,0.8374837040901184
Glucagon Like Peptide 1,C0061355||Glucagon Like Peptide 1,GLP-1R,0.7480723857879639
GLP-1R,UMLS:C0378073||GLP-1R,GLP-1R,1.0
Trial Protocols,C2599718||Trial Protocols,protocols,0.7840301990509033
protocols,UMLS:C0442711||protocols,protocols,1.0
Renal Insufficiencies,C1565489||Renal Insufficiencies,renal insufficiency,0.975298285484314
Acute Kidney Insufficiencies,C1565662||Acute Kidney Insufficiencies,renal insufficiency,0.8759017586708069
Chronic Kidney Insufficiency,C0403447||Chronic Kidney Insufficiency,renal insufficiency,0.8731571435928345
Adrenal Insufficiencies,C0001623||Adrenal Insufficiencies,renal insufficiency,0.864271879196167
"Regurgitation, Mitral Valve","C0026266||Regurgitation, Mitral Valve",renal insufficiency,0.772553563117981
renal insufficiency,UMLS:C1565489||renal insufficiency,renal insufficiency,1.0
Alcoholic Liver Diseases,C0023896||Alcoholic Liver Diseases,Alcoholic Liver Disease,0.9756671190261841
Non-alcoholic Fatty Liver Disease,C0400966||Non-alcoholic Fatty Liver Disease,Alcoholic Liver Disease,0.8042102456092834
Liver Diseases,C0023895||Liver Diseases,Alcoholic Liver Disease,0.7416217923164368
Alcoholic Liver Disease,UMLS:C0023896||Alcoholic Liver Disease,Alcoholic Liver Disease,1.0
Vasodilators,C0042402||Vasodilators,vasodilator stress MPI,0.728203296661377
vasodilator stress MPI,UMLS:C2350390||vasodilator stress MPI,vasodilator stress MPI,1.0
"Korea, Republic of","C0022773||Korea, Republic of",South Korea,0.9861140847206116
South Korea,UMLS:C0022773||South Korea,South Korea,1.0
Spinose-toothed leaves,UMLS:C0242724||Spinose-toothed leaves,Spinose-toothed leaves,1.0
Syndromes,C0039082||Syndromes,symptom,0.7453035712242126
symptom,UMLS:C1457887||symptom,symptom,1.0
gene promoters,UMLS:C0314621||gene promoters,gene promoters,1.0
pdf article,UMLS:C1706852||pdf article,pdf article,1.0
O3,UMLS:C0030106||O3,O3,1.0
commissioners,UMLS:C0949415||commissioners,commissioners,1.0
"Susceptibility, Disease","C0012655||Susceptibility, Disease",susceptibility,0.8563905954360962
Genetic Predispositions,C0314657||Genetic Predispositions,susceptibility,0.8544235825538635
Dental Caries Susceptibility,C0011336||Dental Caries Susceptibility,susceptibility,0.7923902273178101
"psoriasis susceptibility 2 protein, human","C1309905||psoriasis susceptibility 2 protein, human",susceptibility,0.7189953327178955
susceptibility,UMLS:C0012655||susceptibility,susceptibility,1.0
Product Withdrawals,C1881606||Product Withdrawals,withdrawal,0.8287222981452942
"Abstinence Syndromes, Neonatal","C0027609||Abstinence Syndromes, Neonatal",withdrawal,0.7665659189224243
"Withdrawal Syndrome, Substance","C0038587||Withdrawal Syndrome, Substance",withdrawal,0.7134171724319458
withdrawal,UMLS:C2825032||withdrawal,withdrawal,1.0
Elevated left ventricular afterload,UMLS:C0919821||Elevated left ventricular afterload,Elevated left ventricular afterload,1.0
cGMP,UMLS:C0018338||cGMP,cGMP,1.0
Mice,C0026809||Mice,mouse cerebral cortex,0.9972811341285706
House Mice,C0025914||House Mice,mouse cerebral cortex,0.7963624596595764
Cortical Plate,C0007776||Cortical Plate,mouse cerebral cortex,0.981259822845459
"Corticali, Substantia","C0175173||Corticali, Substantia",mouse cerebral cortex,0.8120834827423096
Cerebral Cortex Decortication,C0007778||Cerebral Cortex Decortication,mouse cerebral cortex,0.7869895100593567
Brain Cortical Thickness,C5392084||Brain Cortical Thickness,mouse cerebral cortex,0.7010735869407654
mouse cerebral cortex,UMLS:C1522579||mouse cerebral cortex,mouse cerebral cortex,1.0
biomarker,UMLS:C0005516||biomarker,biomarker,1.0
plant-derived,UMLS:C0032098||plant-derived,plant-derived,1.0
lower skim-milk intake,UMLS:C0243095||lower skim-milk intake,lower skim-milk intake,1.0
Cell Shape,C0162657||Cell Shape,rod-like shape,0.8254039883613586
Body Shape,C5392953||Body Shape,rod-like shape,0.7551684975624084
rod-like shape,UMLS:C0332479||rod-like shape,rod-like shape,1.0
Prostate,C0033572||Prostate,states,0.7430544495582581
states,UMLS:C1301808||states,states,1.0
studying,UMLS:C2603343||studying,studying,1.0
"amplified in squamous cell carcinoma protein, human","C1431519||amplified in squamous cell carcinoma protein, human",AIS,0.7197484970092773
AIS,UMLS:C0410702||AIS,AIS,1.0
Pituitary Growth Hormone,C0037663||Pituitary Growth Hormone,growth hormone,0.9806259274482727
Somatotropin (human),C3714500||Somatotropin (human),growth hormone,0.9151421189308167
Somatotropin-Releasing Hormone,C0037668||Somatotropin-Releasing Hormone,growth hormone,0.8663920164108276
Somatotropin Receptors,C0034839||Somatotropin Receptors,growth hormone,0.834299623966217
"growth hormone releasing hormone protein, human","C5197619||growth hormone releasing hormone protein, human",growth hormone,0.827056348323822
growth hormone,UMLS:C0037663||growth hormone,growth hormone,1.0
Man (Taxonomy),C0086418||Man (Taxonomy),human,0.9998888373374939
"Mer protein, human","C1259418||Mer protein, human",human,0.7686207294464111
"AR (androgen receptor (dihydrotestosterone receptor; testicular feminization; spinal and bulbar muscular atrophy; Kennedy disease)) protein, human","C1447749||AR (androgen receptor (dihydrotestosterone receptor; testicular feminization; spinal and bulbar muscular atrophy; Kennedy disease)) protein, human",human,0.7224001884460449
"sLZIP protein, human","C1447550||sLZIP protein, human",human,0.7187380194664001
human,UMLS:C0086418||human,human,1.0
CDSS,UMLS:C0525070||CDSS,CDSS,1.0
Diets,C0012155||Diets,diets,0.9817761182785034
Diabetic Diets,C0011878||Diabetic Diets,diets,0.7210263609886169
diets,UMLS:C0012155||diets,diets,1.0
cohort,UMLS:C0599755||cohort,cohort,1.0
Oropharyngeal Squamous Cell Carcinoma,C0280313||Oropharyngeal Squamous Cell Carcinoma,oropharyngeal squamous cell carcinoma,0.9700402021408081
Hypopharyngeal Squamous Cell Carcinoma,C0280321||Hypopharyngeal Squamous Cell Carcinoma,oropharyngeal squamous cell carcinoma,0.8681666254997253
Squamous Cell Carcinoma of the Larynx,C0280324||Squamous Cell Carcinoma of the Larynx,oropharyngeal squamous cell carcinoma,0.8568410277366638
Oral Squamous Cell Carcinomas,C0585362||Oral Squamous Cell Carcinomas,oropharyngeal squamous cell carcinoma,0.7690739631652832
Esophageal Squamous Cell Carcinoma,C0279626||Esophageal Squamous Cell Carcinoma,oropharyngeal squamous cell carcinoma,0.7665463089942932
oropharyngeal squamous cell carcinoma,UMLS:C0280313||oropharyngeal squamous cell carcinoma,oropharyngeal squamous cell carcinoma,1.0
Hospital,C0019994||Hospital,hospital death,0.7753034830093384
hospital death,UMLS:C0277608||hospital death,hospital death,1.0
dual-echo,UMLS:C0011923||dual-echo,dual-echo,1.0
Protein Interaction Motifs,C1956035||Protein Interaction Motifs,binding motifs,0.7604087591171265
Poly-ADP-Ribose Binding Motif,C4505290||Poly-ADP-Ribose Binding Motif,binding motifs,0.7456434369087219
binding motifs,UMLS:C1956035||binding motifs,binding motifs,1.0
"Models, Dental","C0011381||Models, Dental",model,0.7436436414718628
"Models, Mental","C1510620||Models, Mental",model,0.7429012060165405
Linear Models,C0023732||Linear Models,model,0.7050955295562744
"Models, Genetic","C0026343||Models, Genetic",model,0.7009859085083008
model,UMLS:C2986594||model,model,1.0
Neisseria gonorrhoeae Infection,C0018081||Neisseria gonorrhoeae Infection,gonorrhea,0.9921513795852661
gonorrhea,UMLS:C0018081||gonorrhea,gonorrhea,1.0
"Polymorphisms, Single Nucleotide","C0752046||Polymorphisms, Single Nucleotide",single nucleotide polymorphisms,0.9829365611076355
single nucleotide polymorphisms,UMLS:C0752046||single nucleotide polymorphisms,single nucleotide polymorphisms,1.0
neu Genes,C0242957||neu Genes,HER2,0.8189479112625122
"ERBB2 protein, human","C1702024||ERBB2 protein, human",HER2,0.7678169012069702
HER2,UMLS:C0069515||HER2,HER2,1.0
MCF-7 Cells,C0596890||MCF-7 Cells,MCF-7,0.8915987610816956
MCF-7,UMLS:C0596890||MCF-7,MCF-7,1.0
"MRIs, Multiparametric","C3898221||MRIs, Multiparametric",mpMRI,0.9849563837051392
mpMRI,UMLS:C3898221||mpMRI,mpMRI,1.0
Shanghai,UMLS:C0017446||Shanghai,Shanghai,1.0
Saponin,C0520481||Saponin,saponin,0.9718480110168457
Saponins,C0036189||Saponins,saponin,0.8125560879707336
saponin,UMLS:C0520481||saponin,saponin,1.0
secretion,C0036536||secretion,secretion,0.9811980724334717
Secretion,C0036537||Secretion,secretion,0.9811980724334717
Secretion Pathways,C1159342||Secretion Pathways,secretion,0.7611017227172852
Secretin,C0036534||Secretin,secretion,0.7601534724235535
Insulin Secretion,C1256369||Insulin Secretion,secretion,0.7578083276748657
secretion,UMLS:C1159339||secretion,secretion,1.0
Low Back Pain,C0024031||Low Back Pain,low back pain,0.978480875492096
"Ache, Back","C0004604||Ache, Back",low back pain,0.8310056924819946
low back pain,UMLS:C0024031||low back pain,low back pain,1.0
MAD Related 2 Protein,C0528860||MAD Related 2 Protein,Smad2,0.9176817536354065
"MADH2 protein, human","C1566790||MADH2 protein, human",Smad2,0.8388887047767639
Smad2,UMLS:C0528860||Smad2,Smad2,1.0
"Ferrate(2-), (7,12-diethenyl-3,8,13,17-tetramethyl-21H,23H-porphine-2,18-dipropanoato(4-)-N21,N22,N23,N24)-, dihydrogen, (SP-4-2)-","C0018966||Ferrate(2-), (7,12-diethenyl-3,8,13,17-tetramethyl-21H,23H-porphine-2,18-dipropanoato(4-)-N21,N22,N23,N24)-, dihydrogen, (SP-4-2)-",heme,0.9965633153915405
Hemeproteins,C0018974||Hemeproteins,heme,0.8352892398834229
heme,UMLS:C0018966||heme,heme,1.0
"p110alpha protein, human","C1451005||p110alpha protein, human",PIK3CA,0.875213623046875
PIK3CA,UMLS:C1335212||PIK3CA,PIK3CA,1.0
"v-akt murine thymoma viral oncogene homolog 2 protein, human","C1312419||v-akt murine thymoma viral oncogene homolog 2 protein, human",akt2,0.8539378643035889
akt2,UMLS:C0812230||akt2,akt2,1.0
Cross-Sectional Studies,C0010362||Cross-Sectional Studies,cross-sectional survey,0.9657630324363708
cross-sectional survey,UMLS:C0010362||cross-sectional survey,cross-sectional survey,1.0
Colony Stimulating Factor Receptors,C0080095||Colony Stimulating Factor Receptors,CSF,0.7195631861686707
G CSF Receptor,C0080090||G CSF Receptor,CSF,0.7149613499641418
"Receptor, Macrophage Colony-Stimulating Factor","C0080092||Receptor, Macrophage Colony-Stimulating Factor",CSF,0.7081456184387207
CSF,UMLS:C0007806||CSF,CSF,1.0
genes,UMLS:C0017337||genes,genes,1.0
Insulin-Like Somatomedin Peptide I,C0021665||Insulin-Like Somatomedin Peptide I,igf-1,0.989940345287323
"insulin like growth factor 1, human","C3712803||insulin like growth factor 1, human",igf-1,0.8420949578285217
IGF-1 Receptor,C0140080||IGF-1 Receptor,igf-1,0.798431396484375
igf-1,UMLS:C0021665||igf-1,igf-1,1.0
Infectious Mononucleosis Virus,C0014644||Infectious Mononucleosis Virus,higher EBV DNA viral load,0.9960333704948425
"Virus Infection, Epstein-Barr","C0149678||Virus Infection, Epstein-Barr",higher EBV DNA viral load,0.7271493673324585
"Burden, Viral","C0376705||Burden, Viral",higher EBV DNA viral load,0.8483555316925049
"DNA, Viral","C0012939||DNA, Viral",higher EBV DNA viral load,0.8055180311203003
higher EBV DNA viral load,UMLS:C3808257||higher EBV DNA viral load,higher EBV DNA viral load,1.0
Armenian SSR,C0003798||Armenian SSR,SSR,0.7047843933105469
SSR,UMLS:C1519302||SSR,SSR,1.0
"Division Cycles, Cell","C0007586||Division Cycles, Cell",cell cycle,0.9972624182701111
"Genes, cdc","C0243037||Genes, cdc",cell cycle,0.8633579611778259
Cell Cycle Proteins,C0243021||Cell Cycle Proteins,cell cycle,0.8464291095733643
"Control, Cell Cycle","C1155872||Control, Cell Cycle",cell cycle,0.7519013285636902
"Arrest, Cell Cycle","C1155873||Arrest, Cell Cycle",cell cycle,0.7281320095062256
cell cycle,UMLS:C0007586||cell cycle,cell cycle,1.0
Intentional Self Harm,C0085271||Intentional Self Harm,Unintentional Injuries,0.7705827355384827
Unintentional Injuries,UMLS:C0151736||Unintentional Injuries,Unintentional Injuries,1.0
netarsudil,C4535718||netarsudil,Netarsudil,0.9753780364990234
Netarsudil,UMLS:C1254351||Netarsudil,Netarsudil,1.0
"Polymorphism, Restriction Fragment Length","C0035268||Polymorphism, Restriction Fragment Length",RFLP,0.9942197799682617
RFLP,UMLS:C0035268||RFLP,RFLP,1.0
"specificity protein 1, human","C1308232||specificity protein 1, human",Sp1,0.7261339426040649
Sp1,UMLS:C0080245||Sp1,Sp1,1.0
Learning,C0023185||Learning,learning,0.9834945797920227
Serial Learning,C0036717||Serial Learning,learning,0.7891270518302917
Social Learning,C0679082||Social Learning,learning,0.7613664865493774
Psychology Transfer,C0040671||Psychology Transfer,learning,0.7498146891593933
Machine Learning,C0376284||Machine Learning,learning,0.7481734752655029
learning,UMLS:C0023185||learning,learning,1.0
Bone Sialoprotein I,C0069676||Bone Sialoprotein I,osteopontin,0.9786280393600464
"Urinary stone protein, human","C1505427||Urinary stone protein, human",osteopontin,0.8475461602210999
osteopontin,UMLS:C0069676||osteopontin,osteopontin,1.0
Lipid Metabolism,C0598783||Lipid Metabolism,lipid metabolism,0.9771548509597778
"Metabolism Disorder, Lipid","C0154251||Metabolism Disorder, Lipid",lipid metabolism,0.8146718740463257
Metabolism,C0025519||Metabolism,lipid metabolism,0.7934196591377258
metabolism,C0025520||metabolism,lipid metabolism,0.7934196591377258
lipid metabolism,UMLS:C0598783||lipid metabolism,lipid metabolism,1.0
Proteotoxic Stress,C5690799||Proteotoxic Stress,proteotoxic stress responses,0.7837110757827759
proteotoxic stress responses,UMLS:C0282498||proteotoxic stress responses,proteotoxic stress responses,1.0
Participants,UMLS:C1708335||Participants,Participants,1.0
Pancreatin,C0030304||Pancreatin,Pancreatic,0.8381936550140381
Pancreas Cancer,C0346647||Pancreas Cancer,Pancreatic,0.8307449221611023
Ribonuclease (Pancreatic),C0035541||Ribonuclease (Pancreatic),Pancreatic,0.8277754187583923
Pancreatic Cyst,C0030283||Pancreatic Cyst,Pancreatic,0.8200442790985107
"Cell, Glucagon-Secreting","C0030280||Cell, Glucagon-Secreting",Pancreatic,0.8159571290016174
Pancreatic,UMLS:C0030274||Pancreatic,Pancreatic,1.0
Skin Abnormalities,C0037268||Skin Abnormalities,abnormality,0.8552976250648499
"Defects, Congenital Heart","C0018798||Defects, Congenital Heart",abnormality,0.8370457291603088
Mouth Abnormalities,C0026633||Mouth Abnormalities,abnormality,0.8365802764892578
Tooth Abnormalities,C0040427||Tooth Abnormalities,abnormality,0.81745445728302
Torsion Abnormality,C1956418||Torsion Abnormality,abnormality,0.8172049522399902
abnormality,UMLS:C1704258||abnormality,abnormality,1.0
Latin America,C0023122||Latin America,Latin America,0.9892901182174683
"Latin Americans, US","C5691408||Latin Americans, US",Latin America,0.7850531339645386
America,C0002454||America,Latin America,0.759804904460907
Latin America,UMLS:C0023122||Latin America,Latin America,1.0
intimal flap,UMLS:C0038925||intimal flap,intimal flap,1.0
Mitogen Activated Protein Kinase,C0752312||Mitogen Activated Protein Kinase,mitogen-activated protein kinase (MAPK) pathway,0.9609226584434509
Mitogen Activated Protein Kinase 2,C0170168||Mitogen Activated Protein Kinase 2,mitogen-activated protein kinase (MAPK) pathway,0.9400407671928406
"p44mpk, PSTkinase","C0082529||p44mpk, PSTkinase",mitogen-activated protein kinase (MAPK) pathway,0.933386504650116
MAPK6 Mitogen Activated Protein Kinase,C0246486||MAPK6 Mitogen Activated Protein Kinase,mitogen-activated protein kinase (MAPK) pathway,0.9241428375244141
Extracellular Signal-Regulated Kinase 5,C0380568||Extracellular Signal-Regulated Kinase 5,mitogen-activated protein kinase (MAPK) pathway,0.9212824702262878
mitogen-activated protein kinase (MAPK) pathway,UMLS:C1518102||mitogen-activated protein kinase (MAPK) pathway,mitogen-activated protein kinase (MAPK) pathway,1.0
atrophic,UMLS:C0333641||atrophic,atrophic,1.0
Pathologies,C0030664||Pathologies,pathologies,0.9857595562934875
Plant Pathology,C3179054||Plant Pathology,pathologies,0.8456314206123352
Neuropathologies,C0876934||Neuropathologies,pathologies,0.7690438628196716
Molecular Pathology,C0596962||Molecular Pathology,pathologies,0.7441391944885254
pathologies,UMLS:C0030664||pathologies,pathologies,1.0
Screen for Child Anxiety Related Emotional Disorders,UMLS:C0681906||Screen for Child Anxiety Related Emotional Disorders,Screen for Child Anxiety Related Emotional Disorders,1.0
"1H-Imidazole-5-carboxylic acid, 1-(1-phenylethyl)-, ethyl ester, (R)-","C0015131||1H-Imidazole-5-carboxylic acid, 1-(1-phenylethyl)-, ethyl ester, (R)-",etomidate,0.983583927154541
etomidate,UMLS:C0015131||etomidate,etomidate,1.0
Drug Tapering,C1827449||Drug Tapering,reduction,0.8040363788604736
Oxidation-Reduction,C0030012||Oxidation-Reduction,reduction,0.8003091812133789
Harm Reduction,C0679771||Harm Reduction,reduction,0.7512789368629456
Risk Reduction,C1137094||Risk Reduction,reduction,0.7135700583457947
reduction,UMLS:C0441610||reduction,reduction,1.0
"Cell, Natural Killer","C0022688||Cell, Natural Killer",NK cells,0.9753813743591309
Cells,C0007634||Cells,NK cells,0.8296253085136414
Somatostatin-Secreting Cells,C0524984||Somatostatin-Secreting Cells,NK cells,0.7312831878662109
LE Cell,C0023172||LE Cell,NK cells,0.7236385941505432
Gastrin-Secreting Cells,C0524983||Gastrin-Secreting Cells,NK cells,0.7221179008483887
NK cells,UMLS:C0022688||NK cells,NK cells,1.0
"Surgery, Revision","C0035110||Surgery, Revision",operation,0.7292895913124084
Fontan Palliation,C0190010||Fontan Palliation,operation,0.7281922698020935
Heller Myotomy,C4505237||Heller Myotomy,operation,0.7229269742965698
operation,UMLS:C0543467||operation,operation,1.0
Peritoneal Fluids,C0003964||Peritoneal Fluids,peritoneal fluid,0.9747126698493958
peritoneal fluid,UMLS:C0003964||peritoneal fluid,peritoneal fluid,1.0
distribution,C1704711||distribution,distribution,0.9820305705070496
Age Distribution,C0001782||Age Distribution,distribution,0.8497433066368103
Plant Dispersal,C3494413||Plant Dispersal,distribution,0.8316009640693665
Sex Distribution,C0036878||Sex Distribution,distribution,0.8306559920310974
Animal Distribution,C3494412||Animal Distribution,distribution,0.7898237705230713
distribution,UMLS:C1378698||distribution,distribution,1.0
High-Throughput Sequencing,C5392992||High-Throughput Sequencing,high-throughput sequencing,0.9708012342453003
High Throughput Nucleotide Sequencing,C2936621||High Throughput Nucleotide Sequencing,high-throughput sequencing,0.8753695487976074
High-Throughput Screening,C0872187||High-Throughput Screening,high-throughput sequencing,0.7060742974281311
high-throughput sequencing,UMLS:C2936621||high-throughput sequencing,high-throughput sequencing,1.0
Biofuels,C2717891||Biofuels,biofuels,0.9797903895378113
biofuels,UMLS:C2717891||biofuels,biofuels,1.0
Transplantations,C0040732||Transplantations,Transplantation of the overexpressed Hif-1α of BMSCs,0.9850430488586426
transplantation,C0040733||transplantation,Transplantation of the overexpressed Hif-1α of BMSCs,0.9850430488586426
"Grafting, Bone","C0005976||Grafting, Bone",Transplantation of the overexpressed Hif-1α of BMSCs,0.8778588175773621
Facial Transplantation,C1955925||Facial Transplantation,Transplantation of the overexpressed Hif-1α of BMSCs,0.8629172444343567
Cell Transplantation,C0206153||Cell Transplantation,Transplantation of the overexpressed Hif-1α of BMSCs,0.8623025417327881
Transplantation of the overexpressed Hif-1α of BMSCs,UMLS:C1257990||Transplantation of the overexpressed Hif-1α of BMSCs,Transplantation of the overexpressed Hif-1α of BMSCs,1.0
Processing Bodies,C1325596||Processing Bodies,body,0.8606258630752563
"Figures, Human","C0242821||Figures, Human",body,0.8512781262397766
Fat Body,C0015665||Fat Body,body,0.816497802734375
"Body, Cell","C2752549||Body, Cell",body,0.7849772572517395
Somatotype,C0037669||Somatotype,body,0.765788733959198
body,UMLS:C0242821||body,body,1.0
CD,UMLS:C0010346||CD,CD,1.0
Distance Counseling,C1510538||Distance Counseling,therapy,0.9193183779716492
"Therapy, Gene","C0017296||Therapy, Gene",therapy,0.8565500378608704
Art Therapy,C0003827||Art Therapy,therapy,0.832642674446106
therapy,UMLS:C0087111||therapy,therapy,1.0
"Inhibitor, Protease","C0033607||Inhibitor, Protease",antagonist,0.840623140335083
Antiandrogens,C0002842||Antiandrogens,antagonist,0.811812162399292
5 Hydroxytryptamine Antagonists,C0036753||5 Hydroxytryptamine Antagonists,antagonist,0.8033684492111206
Histamine Antagonist,C0019590||Histamine Antagonist,antagonist,0.8003537654876709
Dopamine Blockers,C0242702||Dopamine Blockers,antagonist,0.7836233973503113
antagonist,UMLS:C0243076||antagonist,antagonist,1.0
Prediabetic State,C0362046||Prediabetic State,pre-diabetes,0.7565534114837646
pre-diabetes,UMLS:C0362046||pre-diabetes,pre-diabetes,1.0
Antipsychotic Agents,C0040615||Antipsychotic Agents,antipsychotics,0.9786214828491211
antipsychotics,UMLS:C0040615||antipsychotics,antipsychotics,1.0
"CT Scan, PET","C1699633||CT Scan, PET",preservative efficacy test (PET) studies,0.7268587350845337
Interrupted Time Series Analysis,C3850092||Interrupted Time Series Analysis,preservative efficacy test (PET) studies,0.7700270414352417
Controlled Before-After Studies,C3850091||Controlled Before-After Studies,preservative efficacy test (PET) studies,0.7329391241073608
preservative efficacy test (PET) studies,UMLS:C1707887||preservative efficacy test (PET) studies,preservative efficacy test (PET) studies,1.0
"Systems, Drug Delivery","C0085104||Systems, Drug Delivery",drug delivery,0.8137165904045105
Nanoparticle Drug Delivery System,C5544449||Nanoparticle Drug Delivery System,drug delivery,0.7360298037528992
drug delivery,UMLS:C0085104||drug delivery,drug delivery,1.0
Gluten Free Diet,C0344351||Gluten Free Diet,gluten-free,0.8719231486320496
gluten-free,UMLS:C0344351||gluten-free,gluten-free,1.0
Monoclonal scFv,UMLS:C1432679||Monoclonal scFv,Monoclonal scFv,1.0
Physical Barriers,C4045969||Physical Barriers,barriers,0.7500030398368835
barriers,UMLS:C0243095||barriers,barriers,1.0
CTA,UMLS:C1536105||CTA,CTA,1.0
THLP,C0076275||THLP,orlistat,0.978303849697113
orlistat,UMLS:C0076275||orlistat,orlistat,1.0
Cardiac Neurosis,C0027821||Cardiac Neurosis,effort,0.7778273820877075
Listening Effort,C5544507||Listening Effort,effort,0.7430918216705322
Physical Exertion,C0031807||Physical Exertion,effort,0.7379836440086365
"Syncope, Effort","C0235242||Syncope, Effort",effort,0.729870080947876
effort,UMLS:C0015264||effort,effort,1.0
Mafenide Acetate,C0024453||Mafenide Acetate,Mafenide Acetate,0.9529816508293152
Mafenide Acetate,UMLS:C0024453||Mafenide Acetate,Mafenide Acetate,1.0
"Immunogenicity, Vaccine","C4277607||Immunogenicity, Vaccine",immunogenicity,0.8370632529258728
immunogenicity,UMLS:C4277607||immunogenicity,immunogenicity,1.0
"activated B-cell factor-1 protein, human","C1431322||activated B-cell factor-1 protein, human",MSC,0.8009294271469116
MSC,UMLS:C1257975||MSC,MSC,1.0
experience,UMLS:C0596545||experience,experience,1.0
categories,UMLS:C0683312||categories,categories,1.0
Increased Libido,C0021177||Increased Libido,increased microvascular resistance,0.7301148772239685
Hypergravity,C0242680||Hypergravity,increased microvascular resistance,0.7021480202674866
Vascular Resistance,C0042380||Vascular Resistance,increased microvascular resistance,0.8271739482879639
Peripheral Resistance,C1258192||Peripheral Resistance,increased microvascular resistance,0.7296510338783264
increased microvascular resistance,UMLS:C0520890||increased microvascular resistance,increased microvascular resistance,1.0
Biopsy,C0005558||Biopsy,biopsy,0.9840587973594666
biopsy,C0220797||biopsy,biopsy,0.9840587973594666
"Mucosal Resection, Endoscopic","C1700928||Mucosal Resection, Endoscopic",biopsy,0.7741231322288513
biopsy,UMLS:C0005558||biopsy,biopsy,1.0
Tsps,UMLS:C3178812||Tsps,Tsps,1.0
rs12237774,UMLS:C0752046||rs12237774,rs12237774,1.0
Angst,C0003467||Angst,anxiety,0.9651517868041992
Dental Anxieties,C0085380||Dental Anxieties,anxiety,0.8346810936927795
Social Anxiety,C0424166||Social Anxiety,anxiety,0.802735447883606
Anxiolytic Agent,C0040616||Anxiolytic Agent,anxiety,0.7946444153785706
anxiety,UMLS:C0003467||anxiety,anxiety,1.0
Hematopoiesis,C0018951||Hematopoiesis,hematopoiesis,0.9803218841552734
Clonal Hematopoiesis,C5206406||Clonal Hematopoiesis,hematopoiesis,0.8442023992538452
Cyclic hematopoiesis,C0221023||Cyclic hematopoiesis,hematopoiesis,0.8434416055679321
Interleukin 1 alpha,C0600251||Interleukin 1 alpha,hematopoiesis,0.7008518576622009
hematopoiesis,UMLS:C0018951||hematopoiesis,hematopoiesis,1.0
mid,UMLS:C0444598||mid,mid,1.0
blind,UMLS:C2347038||blind,blind,1.0
Peripherin,C3658334||Peripherin,peripheral,0.7590399980545044
Peripheral Nerves,C0031119||Peripheral Nerves,peripheral,0.7519043684005737
Peripheral Tolerance,C3179073||Peripheral Tolerance,peripheral,0.7180734276771545
Peripheral Neuritides,C0027813||Peripheral Neuritides,peripheral,0.704150378704071
peripheral,UMLS:C0205100||peripheral,peripheral,1.0
CD177(-),UMLS:C1824675||CD177(-),CD177(-),1.0
Purinergic P2X7 Receptor,C0386482||Purinergic P2X7 Receptor,DA receptor,0.7700806260108948
"Protein, ATP6AP2","C1137119||Protein, ATP6AP2",DA receptor,0.7313191890716553
Protein C Receptor,C4319747||Protein C Receptor,DA receptor,0.7301660776138306
Cholinoceptors,C0034792||Cholinoceptors,DA receptor,0.7116410136222839
Calcitonin Receptor-Like Receptor,C0675239||Calcitonin Receptor-Like Receptor,DA receptor,0.7006865739822388
DA receptor,UMLS:C0034798||DA receptor,DA receptor,1.0
DNA,C0012854||DNA,DNA,0.9930145144462585
DNA Polymerase alpha,C0012888||DNA Polymerase alpha,DNA,0.7047665119171143
DNA Probes,C0012893||DNA Probes,DNA,0.7019249796867371
DNA,UMLS:C0012854||DNA,DNA,1.0
Eukaryotic Cell,C0015161||Eukaryotic Cell,eukaryotic,0.8738495111465454
Eukaryotas,C0684063||Eukaryotas,eukaryotic,0.8057543635368347
Eukaryotic Peptide Initiation Factor-1,C0013728||Eukaryotic Peptide Initiation Factor-1,eukaryotic,0.7101792097091675
Eukaryotic Initiation Factor 2,C0013729||Eukaryotic Initiation Factor 2,eukaryotic,0.7083660364151001
Eukaryotic Peptide Initiation Factor-3,C0752615||Eukaryotic Peptide Initiation Factor-3,eukaryotic,0.7059364318847656
eukaryotic,UMLS:C0015161||eukaryotic,eukaryotic,1.0
Severe Sepsis,C1719672||Severe Sepsis,severe uveitis course,0.7971477508544922
Uveitides,C0042164||Uveitides,severe uveitis course,0.9649683833122253
Anterior Uveitis,C0042165||Anterior Uveitis,severe uveitis course,0.7775415182113647
Posterior Uveitis,C0042167||Posterior Uveitis,severe uveitis course,0.7501833438873291
"Uveitis, Intermediate","C0042166||Uveitis, Intermediate",severe uveitis course,0.7082781195640564
severe uveitis course,UMLS:C0242656||severe uveitis course,severe uveitis course,1.0
Maternal Age,C0024915||Maternal Age,maternal,0.7874647974967957
"RNA, Messenger, Maternal","C0887945||RNA, Messenger, Maternal",maternal,0.7370335459709167
"PKU, Maternal","C0085547||PKU, Maternal",maternal,0.7261015772819519
Maternal Deaths,C3494405||Maternal Deaths,maternal,0.7255092859268188
Maternal Sepsis,C4704910||Maternal Sepsis,maternal,0.71080482006073
maternal,UMLS:C1858460||maternal,maternal,1.0
analysis,C1524024||analysis,analysis,0.9881182909011841
ROC Curve,C0035787||ROC Curve,analysis,0.7730289697647095
Data Analysis,C0010992||Data Analysis,analysis,0.767042338848114
Fourier Analysis,C0016620||Fourier Analysis,analysis,0.7551167011260986
Semen Quality Analyses,C0202533||Semen Quality Analyses,analysis,0.7453413605690002
analysis,UMLS:C0936012||analysis,analysis,1.0
Infestation and Infection,C3714514||Infestation and Infection,infections,0.986591100692749
"Infections, Ear","C0699744||Infections, Ear",infections,0.8241477608680725
Reinfection,C0205339||Reinfection,infections,0.8176122307777405
"Infections, Viral","C0042769||Infections, Viral",infections,0.8125737309455872
E coli Infection,C0014836||E coli Infection,infections,0.8120415806770325
infections,UMLS:C3714514||infections,infections,1.0
phenolics,UMLS:C0359916||phenolics,phenolics,1.0
Tanzania,C0039298||Tanzania,Tanzania,0.9727456569671631
Tanzania,UMLS:C0039298||Tanzania,Tanzania,1.0
pathway,UMLS:C1704259||pathway,pathway,1.0
Oocytes,C0029045||Oocytes,oocytes,0.9709488153457642
oocytes,UMLS:C0029045||oocytes,oocytes,1.0
Cartilages,C0007301||Cartilages,cartilage,0.9884740114212036
Ear Cartilage,C0013445||Ear Cartilage,cartilage,0.8309462070465088
Sternal Cartilage,C0222787||Sternal Cartilage,cartilage,0.8103329539299011
Articular Cartilage,C0007303||Articular Cartilage,cartilage,0.798859715461731
"Cartilage, Nasal","C0225415||Cartilage, Nasal",cartilage,0.7927612662315369
cartilage,UMLS:C0007303||cartilage,cartilage,1.0
Ethical Analysis,C0014998||Ethical Analysis,analyses,0.7551912069320679
analyses,UMLS:C0936012||analyses,analyses,1.0
examined,UMLS:C0220825||examined,examined,1.0
Tea,C0039400||Tea,TEA,0.9952048659324646
TEA,UMLS:C0076252||TEA,TEA,1.0
Virus Activation,C0042767||Virus Activation,activation,0.7871786952018738
Enzyme Activation,C0014429||Enzyme Activation,activation,0.7391501665115356
"Activation, Transcription","C0162493||Activation, Transcription",activation,0.7260462641716003
X-Inactivation,C0043297||X-Inactivation,activation,0.719581127166748
activation,UMLS:C0014429||activation,activation,1.0
Reference Ranges,C0086715||Reference Ranges,reference,0.814684271812439
"Books, Reference","C0034922||Books, Reference",reference,0.7226824164390564
Reference Standards,C0034925||Reference Standards,reference,0.7019224166870117
Patient Preference,C0376409||Patient Preference,reference,0.7002310156822205
reference,UMLS:C1514811||reference,reference,1.0
anomalies,C0000769||anomalies,endocrine abnormalities,0.7542403936386108
endocrine abnormalities,UMLS:C4025823||endocrine abnormalities,endocrine abnormalities,1.0
Race,C3853635||Race,race,0.9923458695411682
race,UMLS:C0034510||race,race,1.0
Glaucoma,C0017601||Glaucoma,glaucoma,0.9824434518814087
"Simplices, Glaucoma","C0017612||Simplices, Glaucoma",glaucoma,0.7373818159103394
glaucoma,UMLS:C0339573||glaucoma,glaucoma,1.0
Survey,C0038951||Survey,survey,0.9777502417564392
Diet Surveys,C0012158||Diet Surveys,survey,0.825782060623169
Health Surveys,C0018762||Health Surveys,survey,0.7720767259597778
Library Surveys,C0023632||Library Surveys,survey,0.719443678855896
Nutrition Surveys,C0028713||Nutrition Surveys,survey,0.7169575691223145
survey,UMLS:C0038951||survey,survey,1.0
Detection Dogs,C5392129||Detection Dogs,detection,0.7850542068481445
Lie Detection,C0023667||Lie Detection,detection,0.7682522535324097
Ovulation Detection,C0029966||Ovulation Detection,detection,0.7641869783401489
Estrus Detection,C0014949||Estrus Detection,detection,0.7588273882865906
Detection Limit,C2718050||Detection Limit,detection,0.7532411217689514
detection,UMLS:C1511790||detection,detection,1.0
temporal pole,UMLS:C0149552||temporal pole,temporal pole,1.0
"Cortex, Prefrontal","C0162783||Cortex, Prefrontal",dorsal prefrontal cortex,0.817552387714386
DLPFC,C4019080||DLPFC,dorsal prefrontal cortex,0.8114697933197021
dorsal prefrontal cortex,UMLS:C4019080||dorsal prefrontal cortex,dorsal prefrontal cortex,1.0
Surgical Margins,C0229985||Surgical Margins,Surgical,0.7967569231987
"Casts, Surgical","C0007348||Casts, Surgical",Surgical,0.7928377389907837
Operative Time,C3494201||Operative Time,Surgical,0.7904642820358276
Surgical Stoma,C1955856||Surgical Stoma,Surgical,0.7847572565078735
Surgical Tape,C0183837||Surgical Tape,Surgical,0.7640530467033386
Surgical,UMLS:C0543467||Surgical,Surgical,1.0
MicroRNAs,C1101610||MicroRNAs,MicroRNAs,0.9969453811645508
MicroRNAs,UMLS:C1101610||MicroRNAs,MicroRNAs,1.0
positive,UMLS:C1514241||positive,positive,1.0
iteration,UMLS:C1854293||iteration,iteration,1.0
"Adjustment, Psychological","C0557904||Adjustment, Psychological",Adaptations,0.8034043908119202
"Adaptation, Ocular","C0001399||Adaptation, Ocular",Adaptations,0.7795895934104919
Light Adaptation,C0237452||Light Adaptation,Adaptations,0.7663206458091736
Host Adaptation,C5392257||Host Adaptation,Adaptations,0.7323794364929199
Thermotolerance,C3544386||Thermotolerance,Adaptations,0.7293775081634521
Adaptations,UMLS:C0392673||Adaptations,Adaptations,1.0
rootstocks,UMLS:C0032098||rootstocks,rootstocks,1.0
Down-Regulation,C0013081||Down-Regulation,downregulated,0.7817009687423706
downregulated,UMLS:C0013081||downregulated,downregulated,1.0
Transfusion Reaction,C0274435||Transfusion Reaction,transfusion,0.8272461891174316
"Blood Transfusion, Intrauterine","C0005843||Blood Transfusion, Intrauterine",transfusion,0.7956124544143677
Transfusion Medicine,C1273858||Transfusion Medicine,transfusion,0.7746793031692505
"Cross-Transfusion, Intrauterine","C2909036||Cross-Transfusion, Intrauterine",transfusion,0.7491449117660522
Blood Transfusion,C0005841||Blood Transfusion,transfusion,0.737971842288971
transfusion,UMLS:C0005841||transfusion,transfusion,1.0
cross-sectional study,UMLS:C0010362||cross-sectional study,cross-sectional study,1.0
IHRT,UMLS:C0872279||IHRT,IHRT,1.0
General Practice Physicians,C0017319||General Practice Physicians,practitioners,0.8163707852363586
Nurse Practitioners,C0028657||Nurse Practitioners,practitioners,0.771962583065033
Infection Control Practitioners,C0079619||Infection Control Practitioners,practitioners,0.73016357421875
Traditional Medicine Practitioners,C4741934||Traditional Medicine Practitioners,practitioners,0.7185495495796204
practitioners,UMLS:C0017319||practitioners,practitioners,1.0
brain region,UMLS:C1273723||brain region,brain region,1.0
Remyelination,C0334220||Remyelination,remyelination,0.9603854417800903
Demyelination,C0011304||Demyelination,remyelination,0.8080973625183105
remyelination,UMLS:C0334220||remyelination,remyelination,1.0
Bioactive polymeric materials,UMLS:C0032521||Bioactive polymeric materials,Bioactive polymeric materials,1.0
genus,UMLS:C1708235||genus,genus,1.0
PCs,UMLS:C0227276||PCs,PCs,1.0
neurovascular status,UMLS:C1828265||neurovascular status,neurovascular status,1.0
Standard protocol,UMLS:C2348563||Standard protocol,Standard protocol,1.0
"Infections, HTLV-III","C0019693||Infections, HTLV-III",HIV infection,0.9744205474853516
Co-infections,C0275524||Co-infections,HIV infection,0.7348063588142395
HIV infection,UMLS:C0019693||HIV infection,HIV infection,1.0
Ototoxicity,C0235280||Ototoxicity,cytotoxicity,0.7838281393051147
Phototoxicity,C1527358||Phototoxicity,cytotoxicity,0.7654811143875122
Immunologic Cytotoxicity,C0010864||Immunologic Cytotoxicity,cytotoxicity,0.7250250577926636
toxicity,C0040539||toxicity,cytotoxicity,0.7129063606262207
cytotoxicity,UMLS:C0596402||cytotoxicity,cytotoxicity,1.0
Child,C0008059||Child,Child maltreatment,0.9796313047409058
Child Care,C0008067||Child Care,Child maltreatment,0.780672550201416
Child Rearing,C0008091||Child Rearing,Child maltreatment,0.718907356262207
Foster Youths,C0337544||Foster Youths,Child maltreatment,0.7059233784675598
Congenital Hemidysplasia with Ichthyosiform Erythroderma and Limb Defects,C0265267||Congenital Hemidysplasia with Ichthyosiform Erythroderma and Limb Defects,Child maltreatment,0.7047260999679565
Child maltreatment,UMLS:C0008060||Child maltreatment,Child maltreatment,1.0
J774.1,UMLS:C1513528||J774.1,J774.1,1.0
"Resection, Rectum","C0193062||Resection, Rectum",resection,0.8169779181480408
resection,UMLS:C0015252||resection,resection,1.0
Screenings,C0220908||Screenings,eScreening,0.8276816606521606
eScreening,UMLS:C1710032||eScreening,eScreening,1.0
Malignant Adenomas,C0001418||Malignant Adenomas,Malignant Colonic Lesions,0.7684136629104614
"Teratomas, Malignant","C0334520||Teratomas, Malignant",Malignant Colonic Lesions,0.7676258683204651
Melanomas,C0025202||Melanomas,Malignant Colonic Lesions,0.7484421730041504
Malignant Gliomas,C0555198||Malignant Gliomas,Malignant Colonic Lesions,0.7431976795196533
Hutchinson's Melanotic Freckle,C0149722||Hutchinson's Melanotic Freckle,Malignant Colonic Lesions,0.7258831262588501
Malignant Colonic Lesions,UMLS:C0349051||Malignant Colonic Lesions,Malignant Colonic Lesions,1.0
pancreatic,UMLS:C0030288||pancreatic,pancreatic,1.0
CISS,UMLS:C0282574||CISS,CISS,1.0
expressing,UMLS:C0017262||expressing,expressing,1.0
Molecular Targeted Therapy,C2699893||Molecular Targeted Therapy,targeted therapies,0.8171907067298889
targeted therapies,UMLS:C2985566||targeted therapies,targeted therapies,1.0
(111)In-BnDTPA-exendin(9-39),UMLS:C0358514||(111)In-BnDTPA-exendin(9-39),(111)In-BnDTPA-exendin(9-39),1.0
Descriptive,UMLS:C0678257||Descriptive,Descriptive,1.0
New Delhi,UMLS:C0017446||New Delhi,New Delhi,1.0
Survival,C0038952||Survival,survival model,0.7633251547813416
survival model,UMLS:C0599779||survival model,survival model,1.0
"Pain, Postoperative","C0030201||Pain, Postoperative",post-operative,0.8693453669548035
"Delirium, Postoperative","C0920253||Delirium, Postoperative",post-operative,0.7739199995994568
post-operative,UMLS:C0241311||post-operative,post-operative,1.0
transcriptome,UMLS:C3178810||transcriptome,transcriptome,1.0
Koreans,C1556095||Koreans,Korean population,0.8333048820495605
Korean War,C1449776||Korean War,Korean population,0.78830885887146
Korea,C0022771||Korea,Korean population,0.7463698983192444
Korean population,UMLS:C1556095||Korean population,Korean population,1.0
present,UMLS:C0150312||present,present,1.0
home,UMLS:C0442519||home,home,1.0
Titration,UMLS:C0162621||Titration,Titration,1.0
"Recombination, Interspecies","C1257738||Recombination, Interspecies",interspecific,0.7390800714492798
interspecific,UMLS:C1705920||interspecific,interspecific,1.0
"Vision, Ocular","C0042789||Vision, Ocular",vision loss,0.7675774693489075
Deaf-Blind Disorders,C1955603||Deaf-Blind Disorders,vision loss,0.7368397116661072
vision loss,UMLS:C0042798||vision loss,vision loss,1.0
Fatigue,C0015672||Fatigue,Fatigue,0.9740616083145142
"Fatigue, Mental","C0015676||Fatigue, Mental",Fatigue,0.812336802482605
Asthenopia,C0004095||Asthenopia,Fatigue,0.7487265467643738
Muscle Fatigue,C0242979||Muscle Fatigue,Fatigue,0.7387974262237549
Voice Fatigue,C0241700||Voice Fatigue,Fatigue,0.7209052443504333
Fatigue,UMLS:C0015672||Fatigue,Fatigue,1.0
Conjugated Equine Estrogens,C0014938||Conjugated Equine Estrogens,conjugated two-photon probe,0.7739186882972717
Conjugated Linoleic Acid (CLA),C1257880||Conjugated Linoleic Acid (CLA),conjugated two-photon probe,0.7242462038993835
conjugated two-photon probe,UMLS:C2347609||conjugated two-photon probe,conjugated two-photon probe,1.0
improve,UMLS:C0184511||improve,improve,1.0
Birth Cohort,C1706962||Birth Cohort,cohorts,0.7269306778907776
cohorts,UMLS:C0599755||cohorts,cohorts,1.0
Non-Hodgkin's Lymphoma,C0024305||Non-Hodgkin's Lymphoma,non-Hodgkin lymphoma,0.962672770023346
"Granuloma, Hodgkin","C0019829||Granuloma, Hodgkin",non-Hodgkin lymphoma,0.7998160719871521
non-Hodgkin lymphoma,UMLS:C0024305||non-Hodgkin lymphoma,non-Hodgkin lymphoma,1.0
Dementia,C0497327||Dementia,dementia,0.9869516491889954
Nootropic Drug,C0242913||Nootropic Drug,dementia,0.7647624015808105
Semantic Dementia,C0338462||Semantic Dementia,dementia,0.7592765688896179
AIDS Dementia Complex,C0001849||AIDS Dementia Complex,dementia,0.755993127822876
"Dementia, Primary Senile Degenerative","C0002395||Dementia, Primary Senile Degenerative",dementia,0.7267464399337769
dementia,UMLS:C0497327||dementia,dementia,1.0
NO,UMLS:C0028128||NO,NO,1.0
Implantable Defibrillator,C0162589||Implantable Defibrillator,transvenous implantable cardioverter defibrillator,0.8596272468566895
transvenous implantable cardioverter defibrillator,UMLS:C0810516||transvenous implantable cardioverter defibrillator,transvenous implantable cardioverter defibrillator,1.0
Sr(2+) ions,UMLS:C0038467||Sr(2+) ions,Sr(2+) ions,1.0
Eubacteria,C0004611||Eubacteria,bacteria,0.9934797286987305
bacteria,C1510439||bacteria,bacteria,0.9934797286987305
Enteric Bacteria,C4316902||Enteric Bacteria,bacteria,0.8176665306091309
Bacterial Vaccines,C0004632||Bacterial Vaccines,bacteria,0.7733591794967651
Bacteriuria,C0004659||Bacteriuria,bacteria,0.7567694783210754
bacteria,UMLS:C0004611||bacteria,bacteria,1.0
Fermented Foods,C1827145||Fermented Foods,fermented,0.7482642531394958
fermented,UMLS:C0015852||fermented,fermented,1.0
Orthodontic Space Closure,C0376671||Orthodontic Space Closure,orthodontic space closure,0.9901801347732544
orthodontic space closure,UMLS:C0376671||orthodontic space closure,orthodontic space closure,1.0
RT,UMLS:C0022671||RT,RT,1.0
Hb A1a+b,C0019018||Hb A1a+b,HbA1c,0.7043165564537048
HbA1c,UMLS:C0019018||HbA1c,HbA1c,1.0
TB,UMLS:C0041296||TB,TB,1.0
Uncertainty,C0087130||Uncertainty,uncertainties,0.7333916425704956
uncertainties,UMLS:C0087130||uncertainties,uncertainties,1.0
National Surgical Quality Improvement Program Participant Data Use File,UMLS:C0242193||National Surgical Quality Improvement Program Participant Data Use File,National Surgical Quality Improvement Program Participant Data Use File,1.0
"Hydrolase, S-adenosylhomocysteine","C0050795||Hydrolase, S-adenosylhomocysteine",SAH,0.7108010053634644
SAH,UMLS:C0038525||SAH,SAH,1.0
Polysaccharide,C0032594||Polysaccharide,glycans,0.9927570819854736
Glycosaminoglycans,C0017973||Glycosaminoglycans,glycans,0.7149976491928101
glycans,UMLS:C0032594||glycans,glycans,1.0
LCDs,UMLS:C0259836||LCDs,LCDs,1.0
"Genes, TP53","C0079419||Genes, TP53",p53,0.8551555871963501
pp53 Phosphoprotein,C0080055||pp53 Phosphoprotein,p53,0.7441861629486084
p53,UMLS:C0080055||p53,p53,1.0
"Recipients, Transplant","C0376387||Recipients, Transplant",recipients,0.7519487738609314
recipients,UMLS:C1709854||recipients,recipients,1.0
methods,C0025664||methods,methods,0.9443117380142212
methods,UMLS:C0025663||methods,methods,1.0
Vibrio cholerae-asiaticae,C0042629||Vibrio cholerae-asiaticae,Vibrio cholerae,0.9864466190338135
Vibrio cholerae O1,C0318248||Vibrio cholerae O1,Vibrio cholerae,0.8410534858703613
Vibrio cholerae Infections,C0008354||Vibrio cholerae Infections,Vibrio cholerae,0.8069923520088196
Vibrio cholerae,UMLS:C0042629||Vibrio cholerae,Vibrio cholerae,1.0
Costa Rica,C0010182||Costa Rica,Costa Rica Dome,0.9938802123069763
Costa Rica Dome,UMLS:C0010182||Costa Rica Dome,Costa Rica Dome,1.0
studies,UMLS:C2603343||studies,studies,1.0
butyrate metabolism pathways,UMLS:C1158849||butyrate metabolism pathways,butyrate metabolism pathways,1.0
Pharmacotherapy,C0013216||Pharmacotherapy,chemotherapy,0.9883521199226379
chemotherapy,C0013217||chemotherapy,chemotherapy,0.9883521199226379
Hyperthermic Intraperitoneal Chemotherapy,C1868801||Hyperthermic Intraperitoneal Chemotherapy,chemotherapy,0.8593622446060181
Polychemotherapy,C2717829||Polychemotherapy,chemotherapy,0.8106584548950195
Induction Chemotherapy,C3179010||Induction Chemotherapy,chemotherapy,0.7938870787620544
chemotherapy,UMLS:C3665472||chemotherapy,chemotherapy,1.0
Religious Missions,C0026219||Religious Missions,emissions,0.8254333138465881
emissions,UMLS:C0004380||emissions,emissions,1.0
Joints,C0022417||Joints,joint,0.9806032180786133
Arthralgia,C0003862||Arthralgia,joint,0.801886260509491
Zygapophysial Joint,C0224521||Zygapophysial Joint,joint,0.7795718908309937
"Joints, Acetabulofemoral","C0019558||Joints, Acetabulofemoral",joint,0.7674049735069275
Arthropathy,C0022408||Arthropathy,joint,0.7517901062965393
joint,UMLS:C0022417||joint,joint,1.0
hanging,UMLS:C0544691||hanging,hanging,1.0
HR,UMLS:C0018810||HR,HR,1.0
Electric Capacitance,C0242264||Electric Capacitance,capacitance response,0.7817236185073853
Vascular Capacitance,C0282551||Vascular Capacitance,capacitance response,0.7510554790496826
Response Time,C0034746||Response Time,capacitance response,0.7817364931106567
"SOS Response, Genetics","C0037703||SOS Response, Genetics",capacitance response,0.776041567325592
Iron-Regulatory Proteins,C0378503||Iron-Regulatory Proteins,capacitance response,0.7320339679718018
Response Elements,C0600508||Response Elements,capacitance response,0.710436224937439
Acute-Phase Reaction,C0001349||Acute-Phase Reaction,capacitance response,0.7091972827911377
capacitance response,UMLS:C0282551||capacitance response,capacitance response,1.0
root filled,UMLS:C0035848||root filled,root filled,1.0
translated,UMLS:C1519614||translated,translated,1.0
Loss of Heterozygosity,C0524869||Loss of Heterozygosity,allelic,0.7422333359718323
allelic,UMLS:C0002085||allelic,allelic,1.0
showed,UMLS:C0243095||showed,showed,1.0
Study,UMLS:C2603343||Study,Study,1.0
Patterns,UMLS:C0449774||Patterns,Patterns,1.0
Capillary,C0006901||Capillary,capillary (children) sample,0.9919218420982361
Capillary Action,C3202974||Capillary Action,capillary (children) sample,0.8462650775909424
Capillary Beds,C0489802||Capillary Beds,capillary (children) sample,0.8247844576835632
Skrjabinocapillaria,C0006896||Skrjabinocapillaria,capillary (children) sample,0.7683120965957642
Capillary Tubing,C3178916||Capillary Tubing,capillary (children) sample,0.7634527087211609
Youth Sports,C4042873||Youth Sports,capillary (children) sample,0.7583677768707275
Adult Children,C0683572||Adult Children,capillary (children) sample,0.7573744058609009
"Children, Orphaned","C0242299||Children, Orphaned",capillary (children) sample,0.7509276866912842
capillary (children) sample,UMLS:C0444254||capillary (children) sample,capillary (children) sample,1.0
Fetal Alcohol Spectrum Disorders,C2985290||Fetal Alcohol Spectrum Disorders,ASDs,0.7434136867523193
ASDs,UMLS:C1254351||ASDs,ASDs,1.0
"Mice, Knockout","C0206745||Mice, Knockout",knockout,0.9228663444519043
Gene Knockout Techniques,C0599772||Gene Knockout Techniques,knockout,0.9221374988555908
"Mice, Knockout, ApoE","C4505193||Mice, Knockout, ApoE",knockout,0.794701337814331
knockout,UMLS:C1522225||knockout,knockout,1.0
local,UMLS:C0205276||local,local,1.0
Somatomotor Area,C0026607||Somatomotor Area,cortex,0.7794735431671143
Area V1,C0038446||Area V1,cortex,0.7504028677940369
"Region, Insular","C0021640||Region, Insular",cortex,0.7051892876625061
Parietal Lobes,C0030560||Parietal Lobes,cortex,0.7011074423789978
cortex,UMLS:C0007776||cortex,cortex,1.0
Open Field Test,C5392081||Open Field Test,open field test,0.9848322868347168
open field test,UMLS:C0022885||open field test,open field test,1.0
Designer Drugs,C0011684||Designer Drugs,designer drugs,0.9816162586212158
designer drugs,UMLS:C0011684||designer drugs,designer drugs,1.0
reported,UMLS:C0684224||reported,reported,1.0
"Acid, Glycyrrhizinic","C0061751||Acid, Glycyrrhizinic",glycyrrhizic acid,0.9583215713500977
Glycyrrhetic Acid,C0017986||Glycyrrhetic Acid,glycyrrhizic acid,0.7032784819602966
glycyrrhizic acid,UMLS:C0061751||glycyrrhizic acid,glycyrrhizic acid,1.0
"Test, Patch","C0030646||Test, Patch",patch,0.7888608574867249
Nicotine Patch,C0358855||Nicotine Patch,patch,0.7108068466186523
patch,UMLS:C1305400||patch,patch,1.0
DiI,UMLS:C0282574||DiI,DiI,1.0
Bassoon,UMLS:C1454967||Bassoon,Bassoon,1.0
CBG,C1452313||CBG,CBG,0.9898204207420349
CBG,UMLS:C0055767||CBG,CBG,1.0
TiZr,UMLS:C4041873||TiZr,TiZr,1.0
Cattle,C0007452||Cattle,dairy cattle,0.7180524468421936
dairy cattle,UMLS:C0007452||dairy cattle,dairy cattle,1.0
VO2 max,UMLS:C0429693||VO2 max,VO2 max,1.0
retrospectively reviewed.,UMLS:C0035363||retrospectively reviewed.,retrospectively reviewed.,1.0
Pupa,C0034120||Pupa,Pupae,0.9769689440727234
Pupae,UMLS:C0034120||Pupae,Pupae,1.0
"Receptor, Lipoglycan","C0108768||Receptor, Lipoglycan",LPS,0.7486619353294373
LPS,UMLS:C0023810||LPS,LPS,1.0
Myeloid-Derived Suppressor Cells,C4277543||Myeloid-Derived Suppressor Cells,MDSCs,0.9898321628570557
MDSCs,UMLS:C4277543||MDSCs,MDSCs,1.0
HCC,UMLS:C2239176||HCC,HCC,1.0
standard protocol,UMLS:C0442711||standard protocol,standard protocol,1.0
studied,UMLS:C0947630||studied,studied,1.0
