instance_id,model_name,architecture,normalised_entropy,mean_accuracy,n_perturbations,n_unique_answers
mm_0000101,BERT-base,encoder,-0.0,0.0,2,
mm_0000101,BioBERT,encoder,-0.0,0.0,2,
mm_0000101,PubMedBERT,encoder,-0.0,0.0,2,
mm_0001412,BERT-base,encoder,-0.0,0.0,5,
mm_0001412,BioBERT,encoder,-0.0,0.0,5,
mm_0001412,PubMedBERT,encoder,0.27927991012866066,0.0,5,
mm_0001903,BERT-base,encoder,0.3756149631508355,0.0,5,
mm_0001903,BioBERT,encoder,0.27927991012866066,0.0,5,
mm_0001903,PubMedBERT,encoder,-0.0,0.0,5,
mm_0001924,BERT-base,encoder,0.34939847028229715,0.0,4,
mm_0001924,BioBERT,encoder,-0.0,0.0,4,
mm_0001924,PubMedBERT,encoder,-0.0,0.0,4,
mm_0002001,BERT-base,encoder,-0.0,0.0,6,
mm_0002001,BioBERT,encoder,-0.0,0.0,6,
mm_0002001,PubMedBERT,encoder,-0.0,0.0,6,
mm_0002381,BERT-base,encoder,0.34939847028229715,0.0,4,
mm_0002381,BioBERT,encoder,-0.0,0.0,4,
mm_0002381,PubMedBERT,encoder,-0.0,0.0,4,
mm_0003169,BERT-base,encoder,-0.0,0.0,4,
mm_0003169,BioBERT,encoder,-0.0,0.0,4,
mm_0003169,PubMedBERT,encoder,-0.0,0.0,4,
mm_0004408,BERT-base,encoder,-0.0,0.0,4,
mm_0004408,BioBERT,encoder,-0.0,0.0,4,
mm_0004408,PubMedBERT,encoder,-0.0,0.0,4,
mm_0004613,BERT-base,encoder,-0.0,0.0,4,
mm_0004613,BioBERT,encoder,0.34939847028229715,0.0,4,
mm_0004613,PubMedBERT,encoder,0.34939847028229715,0.0,4,
mm_0007063,BERT-base,encoder,0.6309297535714575,0.0,2,
mm_0007063,BioBERT,encoder,-0.0,0.0,2,
mm_0007063,PubMedBERT,encoder,0.6309297535714575,0.0,2,
mm_0007146,BERT-base,encoder,-0.0,0.0,4,
mm_0007146,BioBERT,encoder,-0.0,0.0,4,
mm_0007146,PubMedBERT,encoder,0.43067655807339306,0.0,4,
mm_0007303,BERT-base,encoder,-0.0,0.0,6,
mm_0007303,BioBERT,encoder,-0.0,0.0,6,
mm_0007303,PubMedBERT,encoder,-0.0,0.0,6,
mm_0007332,BERT-base,encoder,0.43067655807339306,0.0,4,
mm_0007332,BioBERT,encoder,-0.0,0.0,4,
mm_0007332,PubMedBERT,encoder,-0.0,0.0,4,
mm_0007533,BERT-base,encoder,0.43067655807339306,0.0,4,
mm_0007533,BioBERT,encoder,-0.0,0.0,4,
mm_0007533,PubMedBERT,encoder,0.43067655807339306,0.0,4,
mm_0007731,BERT-base,encoder,-0.0,0.0,5,
mm_0007731,BioBERT,encoder,-0.0,0.0,5,
mm_0007731,PubMedBERT,encoder,-0.0,0.0,5,
mm_0007841,BERT-base,encoder,-0.0,0.0,6,
mm_0007841,BioBERT,encoder,-0.0,0.0,6,
mm_0007841,PubMedBERT,encoder,0.3271035759815648,0.0,6,
mm_0008028,BERT-base,encoder,-0.0,0.0,5,
mm_0008028,BioBERT,encoder,-0.0,0.0,5,
mm_0008028,PubMedBERT,encoder,-0.0,0.0,5,
mm_0008123,BERT-base,encoder,-0.0,0.0,6,
mm_0008123,BioBERT,encoder,0.23154265837250496,0.0,6,
mm_0008123,PubMedBERT,encoder,-0.0,0.0,6,
mm_0008783,BERT-base,encoder,-0.0,0.0,4,
mm_0008783,BioBERT,encoder,-0.0,0.0,4,
mm_0008783,PubMedBERT,encoder,-0.0,0.0,4,
mm_0008874,BERT-base,encoder,-0.0,0.0,5,
mm_0008874,BioBERT,encoder,0.27927991012866066,0.0,5,
mm_0008874,PubMedBERT,encoder,0.3756149631508355,0.0,5,
mm_0008935,BERT-base,encoder,-0.0,0.0,6,
mm_0008935,BioBERT,encoder,-0.0,0.0,6,
mm_0008935,PubMedBERT,encoder,0.23154265837250496,0.0,6,
mm_0009136,BERT-base,encoder,-0.0,0.0,4,
mm_0009136,BioBERT,encoder,0.43067655807339306,0.0,4,
mm_0009136,PubMedBERT,encoder,-0.0,0.0,4,
mm_0009327,BERT-base,encoder,0.3271035759815648,0.0,6,
mm_0009327,BioBERT,encoder,-0.0,0.0,6,
mm_0009327,PubMedBERT,encoder,-0.0,0.0,6,
mm_0009884,BERT-base,encoder,-0.0,0.0,6,
mm_0009884,BioBERT,encoder,0.5197589750988045,0.0,6,
mm_0009884,PubMedBERT,encoder,-0.0,0.0,6,
mm_0010371,BERT-base,encoder,0.43067655807339306,0.0,4,
mm_0010371,BioBERT,encoder,0.6460148371100897,0.0,4,
mm_0010371,PubMedBERT,encoder,-0.0,0.0,4,
mm_0011144,BERT-base,encoder,0.3271035759815648,0.0,6,
mm_0011144,BioBERT,encoder,-0.0,0.0,6,
mm_0011144,PubMedBERT,encoder,-0.0,0.0,6,
mm_0011490,BERT-base,encoder,-0.0,0.0,4,
mm_0011490,BioBERT,encoder,-0.0,1.0,4,
mm_0011490,PubMedBERT,encoder,-0.0,0.0,4,
mm_0011728,BERT-base,encoder,-0.0,0.0,6,
mm_0011728,BioBERT,encoder,-0.0,0.0,6,
mm_0011728,PubMedBERT,encoder,-0.0,0.0,6,
mm_0013400,BERT-base,encoder,-0.0,0.0,6,
mm_0013400,BioBERT,encoder,-0.0,0.0,6,
mm_0013400,PubMedBERT,encoder,-0.0,0.0,6,
mm_0013465,BERT-base,encoder,-0.0,0.0,4,
mm_0013465,BioBERT,encoder,-0.0,0.0,4,
mm_0013465,PubMedBERT,encoder,0.34939847028229715,0.0,4,
mm_0014062,BERT-base,encoder,-0.0,0.0,6,
mm_0014062,BioBERT,encoder,-0.0,0.0,6,
mm_0014062,PubMedBERT,encoder,-0.0,0.0,6,
mm_0014155,BERT-base,encoder,-0.0,0.0,6,
mm_0014155,BioBERT,encoder,-0.0,0.0,6,
mm_0014155,PubMedBERT,encoder,0.3271035759815648,0.0,6,
mm_0014726,BERT-base,encoder,-0.0,0.0,6,
mm_0014726,BioBERT,encoder,-0.0,0.0,6,
mm_0014726,PubMedBERT,encoder,-0.0,0.0,6,
mm_0015061,BERT-base,encoder,-0.0,0.0,2,
mm_0015061,BioBERT,encoder,-0.0,0.0,2,
mm_0015061,PubMedBERT,encoder,-0.0,0.0,2,
mm_0015627,BERT-base,encoder,0.5645750340535796,0.0,6,
mm_0015627,BioBERT,encoder,-0.0,0.0,6,
mm_0015627,PubMedBERT,encoder,0.3562071871080222,0.0,6,
mm_0015640,BERT-base,encoder,0.34939847028229715,0.0,4,
mm_0015640,BioBERT,encoder,-0.0,0.0,4,
mm_0015640,PubMedBERT,encoder,-0.0,0.0,4,
mm_0015817,BERT-base,encoder,-0.0,0.0,2,
mm_0015817,BioBERT,encoder,-0.0,0.0,2,
mm_0015817,PubMedBERT,encoder,-0.0,0.0,2,
mm_0016164,BERT-base,encoder,0.1972242595274425,0.0,7,
mm_0016164,BioBERT,encoder,-0.0,0.0,7,
mm_0016164,PubMedBERT,encoder,-0.0,0.0,7,
mm_0016721,BERT-base,encoder,-0.0,0.0,3,
mm_0016721,BioBERT,encoder,-0.0,0.0,3,
mm_0016721,PubMedBERT,encoder,0.4591479170272448,0.0,3,
mm_0017862,BERT-base,encoder,0.2559297535714574,0.0,8,
mm_0017862,BioBERT,encoder,-0.0,0.0,8,
mm_0017862,PubMedBERT,encoder,0.4731973151785931,0.0,8,
mm_0018144,BERT-base,encoder,-0.0,0.0,6,
mm_0018144,BioBERT,encoder,0.3271035759815648,0.0,6,
mm_0018144,PubMedBERT,encoder,0.3271035759815648,0.0,6,
mm_0018948,BERT-base,encoder,-0.0,0.0,3,
mm_0018948,BioBERT,encoder,0.4591479170272448,0.0,3,
mm_0018948,PubMedBERT,encoder,-0.0,0.0,3,
mm_0019627,BERT-base,encoder,-0.0,0.0,6,
mm_0019627,BioBERT,encoder,-0.0,0.0,6,
mm_0019627,PubMedBERT,encoder,0.23154265837250496,0.0,6,
mm_0020635,BERT-base,encoder,0.23154265837250496,0.0,6,
mm_0020635,BioBERT,encoder,-0.0,0.0,6,
mm_0020635,PubMedBERT,encoder,-0.0,0.0,6,
mm_0020797,BERT-base,encoder,-0.0,0.0,6,
mm_0020797,BioBERT,encoder,-0.0,0.0,6,
mm_0020797,PubMedBERT,encoder,-0.0,0.0,6,
mm_0020876,BERT-base,encoder,-0.0,0.0,2,
mm_0020876,BioBERT,encoder,-0.0,0.0,2,
mm_0020876,PubMedBERT,encoder,-0.0,0.0,2,
mm_0021148,BERT-base,encoder,-0.0,0.0,4,
mm_0021148,BioBERT,encoder,-0.0,0.0,4,
mm_0021148,PubMedBERT,encoder,-0.0,0.0,4,
mm_0021420,BERT-base,encoder,0.3271035759815648,0.0,6,
mm_0021420,BioBERT,encoder,-0.0,0.0,6,
mm_0021420,PubMedBERT,encoder,-0.0,0.0,6,
mm_0021524,BERT-base,encoder,-0.0,0.0,5,
mm_0021524,BioBERT,encoder,-0.0,0.0,5,
mm_0021524,PubMedBERT,encoder,0.3756149631508355,0.0,5,
mm_0022106,BERT-base,encoder,-0.0,0.0,4,
mm_0022106,BioBERT,encoder,-0.0,0.0,4,
mm_0022106,PubMedBERT,encoder,-0.0,0.0,4,
mm_0022147,BERT-base,encoder,-0.0,0.0,2,
mm_0022147,BioBERT,encoder,-0.0,0.0,2,
mm_0022147,PubMedBERT,encoder,-0.0,0.0,2,
mm_0023569,BERT-base,encoder,0.34939847028229715,0.0,4,
mm_0023569,BioBERT,encoder,-0.0,0.0,4,
mm_0023569,PubMedBERT,encoder,-0.0,0.0,4,
mm_0023586,BERT-base,encoder,-0.0,0.0,3,
mm_0023586,BioBERT,encoder,0.4591479170272448,0.0,3,
mm_0023586,PubMedBERT,encoder,-0.0,0.0,3,
mm_0024314,BERT-base,encoder,-0.0,0.0,2,
mm_0024314,BioBERT,encoder,-0.0,1.0,2,
mm_0024314,PubMedBERT,encoder,-0.0,0.0,2,
mm_0024549,BERT-base,encoder,-0.0,0.0,5,
mm_0024549,BioBERT,encoder,-0.0,0.0,5,
mm_0024549,PubMedBERT,encoder,-0.0,0.0,5,
mm_0024701,BERT-base,encoder,-0.0,0.0,6,
mm_0024701,BioBERT,encoder,-0.0,0.0,6,
mm_0024701,PubMedBERT,encoder,0.3271035759815648,0.0,6,
mm_0024729,BERT-base,encoder,0.6460148371100897,0.0,4,
mm_0024729,BioBERT,encoder,-0.0,0.0,4,
mm_0024729,PubMedBERT,encoder,-0.0,0.0,4,
mm_0024960,BERT-base,encoder,0.43067655807339306,0.0,4,
mm_0024960,BioBERT,encoder,-0.0,0.0,4,
mm_0024960,PubMedBERT,encoder,0.43067655807339306,0.0,4,
mm_0025176,BERT-base,encoder,0.30109040513283397,0.0,8,
mm_0025176,BioBERT,encoder,0.30109040513283397,0.0,8,
mm_0025176,PubMedBERT,encoder,-0.0,0.0,8,
mm_0025371,BERT-base,encoder,-0.0,0.0,5,
mm_0025371,BioBERT,encoder,0.3756149631508355,0.0,5,
mm_0025371,PubMedBERT,encoder,0.27927991012866066,0.0,5,
mm_0026424,BERT-base,encoder,-0.0,0.0,6,
mm_0026424,BioBERT,encoder,-0.0,0.0,6,
mm_0026424,PubMedBERT,encoder,-0.0,0.0,6,
mm_0026578,BERT-base,encoder,-0.0,0.0,2,
mm_0026578,BioBERT,encoder,-0.0,0.0,2,
mm_0026578,PubMedBERT,encoder,-0.0,0.0,2,
mm_0027474,BERT-base,encoder,-0.0,0.0,2,
mm_0027474,BioBERT,encoder,-0.0,0.0,2,
mm_0027474,PubMedBERT,encoder,-0.0,0.0,2,
mm_0027509,BERT-base,encoder,-0.0,0.0,4,
mm_0027509,BioBERT,encoder,0.43067655807339306,0.0,4,
mm_0027509,PubMedBERT,encoder,0.43067655807339306,0.0,4,
mm_0027520,BERT-base,encoder,-0.0,0.0,7,
mm_0027520,BioBERT,encoder,0.32840937867808384,0.0,7,
mm_0027520,PubMedBERT,encoder,-0.0,0.0,7,
mm_0028097,BERT-base,encoder,-0.0,0.0,3,
mm_0028097,BioBERT,encoder,0.4591479170272448,0.0,3,
mm_0028097,PubMedBERT,encoder,-0.0,0.0,3,
mm_0028311,BERT-base,encoder,0.43067655807339306,0.0,4,
mm_0028311,BioBERT,encoder,-0.0,0.0,4,
mm_0028311,PubMedBERT,encoder,-0.0,0.0,4,
mm_0028386,BERT-base,encoder,0.1972242595274425,0.0,7,
mm_0028386,BioBERT,encoder,0.32840937867808384,0.0,7,
mm_0028386,PubMedBERT,encoder,0.287706856188877,0.0,7,
mm_0028492,BERT-base,encoder,-0.0,0.0,6,
mm_0028492,BioBERT,encoder,-0.0,0.0,6,
mm_0028492,PubMedBERT,encoder,-0.0,0.0,6,
mm_0028536,BERT-base,encoder,-0.0,0.0,2,
mm_0028536,BioBERT,encoder,-0.0,0.0,2,
mm_0028536,PubMedBERT,encoder,-0.0,0.0,2,
mm_0029538,BERT-base,encoder,-0.0,0.0,5,
mm_0029538,BioBERT,encoder,0.3756149631508355,0.0,5,
mm_0029538,PubMedBERT,encoder,0.3756149631508355,0.0,5,
mm_0030505,BERT-base,encoder,-0.0,0.0,5,
mm_0030505,BioBERT,encoder,-0.0,0.0,5,
mm_0030505,PubMedBERT,encoder,0.3756149631508355,0.0,5,
mm_0030723,BERT-base,encoder,0.43067655807339306,0.0,4,
mm_0030723,BioBERT,encoder,0.6460148371100897,0.0,4,
mm_0030723,PubMedBERT,encoder,-0.0,0.0,4,
mm_0030830,BERT-base,encoder,0.3562071871080222,0.0,6,
mm_0030830,BioBERT,encoder,-0.0,0.0,6,
mm_0030830,PubMedBERT,encoder,-0.0,0.0,6,
mm_0031319,BERT-base,encoder,-0.0,0.0,2,
mm_0031319,BioBERT,encoder,-0.0,0.0,2,
mm_0031319,PubMedBERT,encoder,-0.0,0.0,2,
mm_0031336,BERT-base,encoder,0.3271035759815648,0.0,6,
mm_0031336,BioBERT,encoder,-0.0,0.0,6,
mm_0031336,PubMedBERT,encoder,-0.0,0.0,6,
mm_0031384,BERT-base,encoder,0.23154265837250496,0.0,6,
mm_0031384,BioBERT,encoder,-0.0,0.0,6,
mm_0031384,PubMedBERT,encoder,0.4458393050175722,0.0,6,
mm_0032024,BERT-base,encoder,-0.0,1.0,5,
mm_0032024,BioBERT,encoder,-0.0,1.0,5,
mm_0032024,PubMedBERT,encoder,-0.0,1.0,5,
mm_0032896,BERT-base,encoder,-0.0,0.0,2,
mm_0032896,BioBERT,encoder,-0.0,0.0,2,
mm_0032896,PubMedBERT,encoder,-0.0,0.0,2,
mm_0033033,BERT-base,encoder,-0.0,0.0,4,
mm_0033033,BioBERT,encoder,-0.0,0.0,4,
mm_0033033,PubMedBERT,encoder,0.43067655807339306,0.0,4,
mm_0033615,BERT-base,encoder,-0.0,0.0,5,
mm_0033615,BioBERT,encoder,0.5887621559162939,0.0,5,
mm_0033615,PubMedBERT,encoder,0.3756149631508355,0.0,5,
mm_0034026,BERT-base,encoder,-0.0,0.0,2,
mm_0034026,BioBERT,encoder,0.6309297535714575,0.0,2,
mm_0034026,PubMedBERT,encoder,-0.0,0.0,2,
mm_0034135,BERT-base,encoder,-0.0,0.0,6,
mm_0034135,BioBERT,encoder,0.3271035759815648,0.0,6,
mm_0034135,PubMedBERT,encoder,-0.0,0.0,6,
mm_0035154,BERT-base,encoder,0.23154265837250496,0.0,6,
mm_0035154,BioBERT,encoder,-0.0,0.0,6,
mm_0035154,PubMedBERT,encoder,0.3271035759815648,0.0,6,
mm_0035353,BERT-base,encoder,0.3829449514269722,0.0,7,
mm_0035353,BioBERT,encoder,0.32840937867808384,0.0,7,
mm_0035353,PubMedBERT,encoder,0.287706856188877,0.0,7,
mm_0035658,BERT-base,encoder,-0.0,0.0,2,
mm_0035658,BioBERT,encoder,-0.0,0.0,2,
mm_0035658,PubMedBERT,encoder,-0.0,0.0,2,
mm_0036097,BERT-base,encoder,-0.0,0.0,6,
mm_0036097,BioBERT,encoder,-0.0,0.0,6,
mm_0036097,PubMedBERT,encoder,-0.0,0.0,6,
mm_0036129,BERT-base,encoder,0.43067655807339306,0.0,4,
mm_0036129,BioBERT,encoder,0.34939847028229715,0.0,4,
mm_0036129,PubMedBERT,encoder,-0.0,0.0,4,
mm_0036226,BERT-base,encoder,0.3271035759815648,0.0,6,
mm_0036226,BioBERT,encoder,0.3271035759815648,0.0,6,
mm_0036226,PubMedBERT,encoder,-0.0,0.0,6,
mm_0036569,BERT-base,encoder,-0.0,0.0,6,
mm_0036569,BioBERT,encoder,0.3271035759815648,0.0,6,
mm_0036569,PubMedBERT,encoder,0.3271035759815648,0.0,6,
mm_0037241,BERT-base,encoder,-0.0,0.0,5,
mm_0037241,BioBERT,encoder,0.3756149631508355,0.0,5,
mm_0037241,PubMedBERT,encoder,0.3756149631508355,0.0,5,
mm_0037245,BERT-base,encoder,0.27927991012866066,0.0,5,
mm_0037245,BioBERT,encoder,0.3756149631508355,0.0,5,
mm_0037245,PubMedBERT,encoder,0.3756149631508355,0.0,5,
mm_0037301,BERT-base,encoder,-0.0,0.0,5,
mm_0037301,BioBERT,encoder,-0.0,0.0,5,
mm_0037301,PubMedBERT,encoder,-0.0,0.0,5,
mm_0037668,BERT-base,encoder,0.43067655807339306,0.0,4,
mm_0037668,BioBERT,encoder,-0.0,0.0,4,
mm_0037668,PubMedBERT,encoder,0.34939847028229715,0.0,4,
mm_0037976,BERT-base,encoder,0.2559297535714574,0.75,8,
mm_0037976,BioBERT,encoder,-0.0,1.0,8,
mm_0037976,PubMedBERT,encoder,0.31546487678572877,0.5,8,
mm_0038321,BERT-base,encoder,0.34939847028229715,0.0,4,
mm_0038321,BioBERT,encoder,-0.0,0.0,4,
mm_0038321,PubMedBERT,encoder,-0.0,0.0,4,
mm_0038389,BERT-base,encoder,-0.0,0.0,4,
mm_0038389,BioBERT,encoder,-0.0,0.0,4,
mm_0038389,PubMedBERT,encoder,-0.0,0.0,4,
mm_0038431,BERT-base,encoder,0.5197589750988045,0.0,6,
mm_0038431,BioBERT,encoder,-0.0,0.0,6,
mm_0038431,PubMedBERT,encoder,0.23154265837250496,0.0,6,
mm_0038623,BERT-base,encoder,0.5197589750988045,0.0,6,
mm_0038623,BioBERT,encoder,0.3271035759815648,0.0,6,
mm_0038623,PubMedBERT,encoder,-0.0,0.0,6,
mm_0038625,BERT-base,encoder,0.3271035759815648,0.0,6,
mm_0038625,BioBERT,encoder,0.3271035759815648,0.0,6,
mm_0038625,PubMedBERT,encoder,-0.0,0.0,6,
mm_0039859,BERT-base,encoder,-0.0,0.0,8,
mm_0039859,BioBERT,encoder,-0.0,0.0,8,
mm_0039859,PubMedBERT,encoder,0.2559297535714574,0.0,8,
mm_0040043,BERT-base,encoder,0.34939847028229715,0.0,4,
mm_0040043,BioBERT,encoder,0.34939847028229715,0.75,4,
mm_0040043,PubMedBERT,encoder,0.34939847028229715,0.0,4,
mm_0041012,BERT-base,encoder,-0.0,0.0,4,
mm_0041012,BioBERT,encoder,-0.0,0.0,4,
mm_0041012,PubMedBERT,encoder,-0.0,0.0,4,
mm_0041160,BERT-base,encoder,-0.0,0.0,6,
mm_0041160,BioBERT,encoder,0.3562071871080222,0.0,6,
mm_0041160,PubMedBERT,encoder,-0.0,0.0,6,
mm_0041463,BERT-base,encoder,-0.0,0.0,4,
mm_0041463,BioBERT,encoder,-0.0,0.0,4,
mm_0041463,PubMedBERT,encoder,-0.0,0.0,4,
mm_0042594,BERT-base,encoder,0.34939847028229715,0.0,4,
mm_0042594,BioBERT,encoder,0.34939847028229715,0.0,4,
mm_0042594,PubMedBERT,encoder,-0.0,0.0,4,
mm_0042711,BERT-base,encoder,0.27927991012866066,0.0,5,
mm_0042711,BioBERT,encoder,0.27927991012866066,0.0,5,
mm_0042711,PubMedBERT,encoder,-0.0,0.0,5,
mm_0043168,BERT-base,encoder,-0.0,0.0,4,
mm_0043168,BioBERT,encoder,0.43067655807339306,0.0,4,
mm_0043168,PubMedBERT,encoder,-0.0,0.0,4,
mm_0043171,BERT-base,encoder,-0.0,0.0,4,
mm_0043171,BioBERT,encoder,-0.0,0.0,4,
mm_0043171,PubMedBERT,encoder,-0.0,0.0,4,
mm_0043706,BERT-base,encoder,-0.0,0.0,4,
mm_0043706,BioBERT,encoder,-0.0,0.0,4,
mm_0043706,PubMedBERT,encoder,-0.0,0.0,4,
mm_0043796,BERT-base,encoder,0.3271035759815648,0.0,6,
mm_0043796,BioBERT,encoder,0.4458393050175722,0.0,6,
mm_0043796,PubMedBERT,encoder,0.3271035759815648,0.0,6,
mm_0044023,BERT-base,encoder,-0.0,0.0,4,
mm_0044023,BioBERT,encoder,0.43067655807339306,0.0,4,
mm_0044023,PubMedBERT,encoder,-0.0,0.0,4,
mm_0044396,BERT-base,encoder,-0.0,0.0,7,
mm_0044396,BioBERT,encoder,-0.0,0.0,7,
mm_0044396,PubMedBERT,encoder,-0.0,0.0,7,
mm_0044768,BERT-base,encoder,0.2559297535714574,0.75,8,
mm_0044768,BioBERT,encoder,0.7097959727678896,0.0,8,
mm_0044768,PubMedBERT,encoder,-0.0,0.0,8,
mm_0044841,BERT-base,encoder,-0.0,0.0,4,
mm_0044841,BioBERT,encoder,-0.0,0.0,4,
mm_0044841,PubMedBERT,encoder,0.43067655807339306,0.0,4,
mm_0045375,BERT-base,encoder,-0.0,0.0,4,
mm_0045375,BioBERT,encoder,-0.0,0.0,4,
mm_0045375,PubMedBERT,encoder,-0.0,0.0,4,
mm_0045468,BERT-base,encoder,-0.0,0.0,8,
mm_0045468,BioBERT,encoder,-0.0,0.0,8,
mm_0045468,PubMedBERT,encoder,0.2559297535714574,0.0,8,
mm_0045515,BERT-base,encoder,-0.0,0.0,2,
mm_0045515,BioBERT,encoder,-0.0,0.0,2,
mm_0045515,PubMedBERT,encoder,-0.0,0.0,2,
mm_0045985,BERT-base,encoder,-0.0,0.0,6,
mm_0045985,BioBERT,encoder,0.23154265837250496,0.0,6,
mm_0045985,PubMedBERT,encoder,0.4458393050175722,0.0,6,
mm_0046898,BERT-base,encoder,-0.0,0.0,6,
mm_0046898,BioBERT,encoder,0.3271035759815648,0.0,6,
mm_0046898,PubMedBERT,encoder,0.3271035759815648,0.0,6,
mm_0046915,BERT-base,encoder,0.287706856188877,0.0,7,
mm_0046915,BioBERT,encoder,0.287706856188877,0.0,7,
mm_0046915,PubMedBERT,encoder,0.3829449514269722,0.0,7,
mm_0047129,BERT-base,encoder,-0.0,0.0,4,
mm_0047129,BioBERT,encoder,-0.0,0.0,4,
mm_0047129,PubMedBERT,encoder,-0.0,0.0,4,
mm_0047994,BERT-base,encoder,0.3271035759815648,0.0,6,
mm_0047994,BioBERT,encoder,-0.0,0.0,6,
mm_0047994,PubMedBERT,encoder,0.23154265837250496,0.0,6,
mm_0048041,BERT-base,encoder,-0.0,0.0,8,
mm_0048041,BioBERT,encoder,0.4731973151785931,0.0,8,
mm_0048041,PubMedBERT,encoder,0.31546487678572877,0.0,8,
mm_0048064,BERT-base,encoder,-0.0,0.0,5,
mm_0048064,BioBERT,encoder,0.27927991012866066,0.0,5,
mm_0048064,PubMedBERT,encoder,0.3756149631508355,0.0,5,
mm_0048140,BERT-base,encoder,-0.0,0.0,6,
mm_0048140,BioBERT,encoder,0.3271035759815648,0.0,6,
mm_0048140,PubMedBERT,encoder,-0.0,0.0,6,
mm_0048285,BERT-base,encoder,-0.0,0.0,6,
mm_0048285,BioBERT,encoder,-0.0,0.0,6,
mm_0048285,PubMedBERT,encoder,-0.0,0.0,6,
mm_0048307,BERT-base,encoder,-0.0,0.0,4,
mm_0048307,BioBERT,encoder,0.43067655807339306,0.0,4,
mm_0048307,PubMedBERT,encoder,-0.0,0.0,4,
mm_0048417,BERT-base,encoder,-0.0,0.0,6,
mm_0048417,BioBERT,encoder,0.3271035759815648,0.0,6,
mm_0048417,PubMedBERT,encoder,-0.0,0.0,6,
mm_0048521,BERT-base,encoder,-0.0,0.0,6,
mm_0048521,BioBERT,encoder,-0.0,0.0,6,
mm_0048521,PubMedBERT,encoder,0.3271035759815648,0.0,6,
mm_0048655,BERT-base,encoder,-0.0,0.0,6,
mm_0048655,BioBERT,encoder,0.3271035759815648,0.0,6,
mm_0048655,PubMedBERT,encoder,0.23154265837250496,0.0,6,
mm_0049641,BERT-base,encoder,-0.0,0.0,8,
mm_0049641,BioBERT,encoder,0.17147549009906393,0.0,8,
mm_0049641,PubMedBERT,encoder,-0.0,0.0,8,
mm_0049934,BERT-base,encoder,0.27927991012866066,0.0,5,
mm_0049934,BioBERT,encoder,0.3756149631508355,0.0,5,
mm_0049934,PubMedBERT,encoder,-0.0,0.0,5,
mm_0050267,BERT-base,encoder,0.43067655807339306,0.0,4,
mm_0050267,BioBERT,encoder,-0.0,0.0,4,
mm_0050267,PubMedBERT,encoder,-0.0,0.0,4,
mm_0050288,BERT-base,encoder,0.34939847028229715,0.0,4,
mm_0050288,BioBERT,encoder,0.34939847028229715,0.75,4,
mm_0050288,PubMedBERT,encoder,0.34939847028229715,0.0,4,
mm_0050295,BERT-base,encoder,-0.0,1.0,6,
mm_0050295,BioBERT,encoder,-0.0,0.0,6,
mm_0050295,PubMedBERT,encoder,0.3271035759815648,0.0,6,
mm_0050616,BERT-base,encoder,-0.0,0.0,4,
mm_0050616,BioBERT,encoder,0.34939847028229715,0.0,4,
mm_0050616,PubMedBERT,encoder,-0.0,0.0,4,
mm_0051003,BERT-base,encoder,-0.0,0.0,3,
mm_0051003,BioBERT,encoder,-0.0,0.0,3,
mm_0051003,PubMedBERT,encoder,-0.0,0.0,3,
mm_0051285,BERT-base,encoder,0.34939847028229715,0.0,4,
mm_0051285,BioBERT,encoder,0.43067655807339306,0.0,4,
mm_0051285,PubMedBERT,encoder,-0.0,0.0,4,
mm_0051763,BERT-base,encoder,-0.0,0.0,5,
mm_0051763,BioBERT,encoder,0.5887621559162939,0.0,5,
mm_0051763,PubMedBERT,encoder,-0.0,0.0,5,
mm_0052038,BERT-base,encoder,-0.0,0.0,4,
mm_0052038,BioBERT,encoder,-0.0,0.0,4,
mm_0052038,PubMedBERT,encoder,-0.0,0.0,4,
mm_0052088,BERT-base,encoder,0.43067655807339306,0.0,4,
mm_0052088,BioBERT,encoder,-0.0,0.0,4,
mm_0052088,PubMedBERT,encoder,-0.0,0.0,4,
mm_0052329,BERT-base,encoder,-0.0,0.0,4,
mm_0052329,BioBERT,encoder,-0.0,0.0,4,
mm_0052329,PubMedBERT,encoder,0.43067655807339306,0.0,4,
mm_0052571,BERT-base,encoder,-0.0,0.0,4,
mm_0052571,BioBERT,encoder,0.43067655807339306,0.0,4,
mm_0052571,PubMedBERT,encoder,0.43067655807339306,0.0,4,
mm_0052672,BERT-base,encoder,-0.0,0.0,4,
mm_0052672,BioBERT,encoder,-0.0,0.0,4,
mm_0052672,PubMedBERT,encoder,0.34939847028229715,0.0,4,
mm_0052800,BERT-base,encoder,0.287706856188877,0.0,7,
mm_0052800,BioBERT,encoder,-0.0,1.0,7,
mm_0052800,PubMedBERT,encoder,0.32840937867808384,0.0,7,
mm_0053229,BERT-base,encoder,0.3271035759815648,0.0,6,
mm_0053229,BioBERT,encoder,-0.0,0.0,6,
mm_0053229,PubMedBERT,encoder,-0.0,0.0,6,
mm_0053650,BERT-base,encoder,0.4458393050175722,0.0,6,
mm_0053650,BioBERT,encoder,-0.0,0.0,6,
mm_0053650,PubMedBERT,encoder,-0.0,0.0,6,
mm_0054625,BERT-base,encoder,-0.0,0.0,4,
mm_0054625,BioBERT,encoder,0.34939847028229715,0.0,4,
mm_0054625,PubMedBERT,encoder,0.43067655807339306,0.0,4,
mm_0054752,BERT-base,encoder,-0.0,0.0,5,
mm_0054752,BioBERT,encoder,-0.0,0.0,5,
mm_0054752,PubMedBERT,encoder,0.3756149631508355,0.0,5,
mm_0055204,BERT-base,encoder,0.6460148371100897,0.0,4,
mm_0055204,BioBERT,encoder,-0.0,0.0,4,
mm_0055204,PubMedBERT,encoder,0.34939847028229715,0.0,4,
mm_0055255,BERT-base,encoder,0.43067655807339306,0.0,4,
mm_0055255,BioBERT,encoder,-0.0,0.0,4,
mm_0055255,PubMedBERT,encoder,-0.0,0.0,4,
mm_0055392,BERT-base,encoder,-0.0,0.0,5,
mm_0055392,BioBERT,encoder,0.5303560860446522,0.0,5,
mm_0055392,PubMedBERT,encoder,-0.0,0.0,5,
mm_0055918,BERT-base,encoder,-0.0,0.0,6,
mm_0055918,BioBERT,encoder,-0.0,0.0,6,
mm_0055918,PubMedBERT,encoder,-0.0,0.0,6,
mm_0056003,BERT-base,encoder,-0.0,0.0,8,
mm_0056003,BioBERT,encoder,-0.0,0.0,8,
mm_0056003,PubMedBERT,encoder,0.17147549009906393,0.0,8,
mm_0056292,BERT-base,encoder,0.43067655807339306,0.0,4,
mm_0056292,BioBERT,encoder,-0.0,0.0,4,
mm_0056292,PubMedBERT,encoder,-0.0,0.0,4,
mm_0056538,BERT-base,encoder,-0.0,0.0,4,
mm_0056538,BioBERT,encoder,0.43067655807339306,0.0,4,
mm_0056538,PubMedBERT,encoder,-0.0,0.0,4,
mm_0056765,BERT-base,encoder,-0.0,0.0,3,
mm_0056765,BioBERT,encoder,0.4591479170272448,0.0,3,
mm_0056765,PubMedBERT,encoder,0.4591479170272448,0.0,3,
mm_0056831,BERT-base,encoder,0.5645750340535796,0.0,6,
mm_0056831,BioBERT,encoder,-0.0,0.0,6,
mm_0056831,PubMedBERT,encoder,-0.0,0.0,6,
mm_0056989,BERT-base,encoder,-0.0,1.0,2,
mm_0056989,BioBERT,encoder,-0.0,1.0,2,
mm_0056989,PubMedBERT,encoder,-0.0,1.0,2,
mm_0057315,BERT-base,encoder,0.3271035759815648,0.0,6,
mm_0057315,BioBERT,encoder,0.3271035759815648,0.0,6,
mm_0057315,PubMedBERT,encoder,-0.0,0.0,6,
mm_0057579,BERT-base,encoder,-0.0,0.0,4,
mm_0057579,BioBERT,encoder,0.43067655807339306,0.0,4,
mm_0057579,PubMedBERT,encoder,-0.0,0.0,4,
mm_0057675,BERT-base,encoder,0.3756149631508355,0.0,5,
mm_0057675,BioBERT,encoder,-0.0,0.0,5,
mm_0057675,PubMedBERT,encoder,-0.0,0.0,5,
mm_0057822,BERT-base,encoder,-0.0,0.0,5,
mm_0057822,BioBERT,encoder,0.27927991012866066,0.0,5,
mm_0057822,PubMedBERT,encoder,0.3756149631508355,0.0,5,
mm_0057864,BERT-base,encoder,-0.0,0.0,6,
mm_0057864,BioBERT,encoder,0.23154265837250496,0.0,6,
mm_0057864,PubMedBERT,encoder,-0.0,0.0,6,
mm_0057927,BERT-base,encoder,-0.0,0.0,2,
mm_0057927,BioBERT,encoder,-0.0,0.0,2,
mm_0057927,PubMedBERT,encoder,-0.0,0.0,2,
mm_0058271,BERT-base,encoder,-0.0,0.0,6,
mm_0058271,BioBERT,encoder,0.3271035759815648,0.0,6,
mm_0058271,PubMedBERT,encoder,-0.0,0.0,6,
mm_0058376,BERT-base,encoder,-0.0,0.0,6,
mm_0058376,BioBERT,encoder,-0.0,0.0,6,
mm_0058376,PubMedBERT,encoder,-0.0,0.0,6,
mm_0059412,BERT-base,encoder,0.3271035759815648,0.0,6,
mm_0059412,BioBERT,encoder,0.3271035759815648,0.0,6,
mm_0059412,PubMedBERT,encoder,-0.0,0.0,6,
mm_0060247,BERT-base,encoder,-0.0,0.0,5,
mm_0060247,BioBERT,encoder,-0.0,0.0,5,
mm_0060247,PubMedBERT,encoder,-0.0,0.0,5,
mm_0061241,BERT-base,encoder,-0.0,0.0,4,
mm_0061241,BioBERT,encoder,-0.0,0.0,4,
mm_0061241,PubMedBERT,encoder,-0.0,0.0,4,
mm_0061265,BERT-base,encoder,-0.0,0.0,2,
mm_0061265,BioBERT,encoder,-0.0,0.0,2,
mm_0061265,PubMedBERT,encoder,-0.0,0.0,2,
mm_0061747,BERT-base,encoder,-0.0,0.0,7,
mm_0061747,BioBERT,encoder,-0.0,0.0,7,
mm_0061747,PubMedBERT,encoder,0.287706856188877,0.0,7,
mm_0061750,BERT-base,encoder,-0.0,0.0,6,
mm_0061750,BioBERT,encoder,-0.0,0.0,6,
mm_0061750,PubMedBERT,encoder,-0.0,0.0,6,
mm_0062167,BERT-base,encoder,-0.0,0.0,6,
mm_0062167,BioBERT,encoder,0.3271035759815648,0.0,6,
mm_0062167,PubMedBERT,encoder,-0.0,0.0,6,
mm_0062391,BERT-base,encoder,-0.0,0.0,6,
mm_0062391,BioBERT,encoder,-0.0,0.0,6,
mm_0062391,PubMedBERT,encoder,-0.0,0.0,6,
mm_0062397,BERT-base,encoder,0.43067655807339306,0.0,4,
mm_0062397,BioBERT,encoder,-0.0,0.0,4,
mm_0062397,PubMedBERT,encoder,-0.0,0.0,4,
mm_0062407,BERT-base,encoder,0.2559297535714574,0.0,8,
mm_0062407,BioBERT,encoder,-0.0,0.0,8,
mm_0062407,PubMedBERT,encoder,-0.0,0.0,8,
mm_0062793,BERT-base,encoder,-0.0,0.0,5,
mm_0062793,BioBERT,encoder,0.27927991012866066,0.0,5,
mm_0062793,PubMedBERT,encoder,0.27927991012866066,0.0,5,
mm_0063726,BERT-base,encoder,-0.0,0.0,8,
mm_0063726,BioBERT,encoder,0.30109040513283397,0.0,8,
mm_0063726,PubMedBERT,encoder,-0.0,0.0,8,
mm_0063933,BERT-base,encoder,0.43067655807339306,0.0,4,
mm_0063933,BioBERT,encoder,0.43067655807339306,0.0,4,
mm_0063933,PubMedBERT,encoder,0.43067655807339306,0.0,4,
mm_0064130,BERT-base,encoder,0.43067655807339306,0.0,4,
mm_0064130,BioBERT,encoder,0.43067655807339306,0.0,4,
mm_0064130,PubMedBERT,encoder,-0.0,0.0,4,
mm_0064287,BERT-base,encoder,0.6460148371100897,0.0,4,
mm_0064287,BioBERT,encoder,-0.0,0.0,4,
mm_0064287,PubMedBERT,encoder,-0.0,0.0,4,
mm_0064516,BERT-base,encoder,-0.0,0.0,6,
mm_0064516,BioBERT,encoder,-0.0,0.0,6,
mm_0064516,PubMedBERT,encoder,-0.0,0.0,6,
mm_0064558,BERT-base,encoder,-0.0,0.0,4,
mm_0064558,BioBERT,encoder,0.34939847028229715,0.0,4,
mm_0064558,PubMedBERT,encoder,-0.0,0.0,4,
mm_0064655,BERT-base,encoder,-0.0,0.0,4,
mm_0064655,BioBERT,encoder,-0.0,0.0,4,
mm_0064655,PubMedBERT,encoder,-0.0,0.0,4,
mm_0064801,BERT-base,encoder,-0.0,0.0,4,
mm_0064801,BioBERT,encoder,-0.0,0.0,4,
mm_0064801,PubMedBERT,encoder,-0.0,0.0,4,
mm_0065160,BERT-base,encoder,-0.0,1.0,7,
mm_0065160,BioBERT,encoder,0.287706856188877,0.7142857142857143,7,
mm_0065160,PubMedBERT,encoder,-0.0,0.0,7,
mm_0065470,BERT-base,encoder,-0.0,0.0,6,
mm_0065470,BioBERT,encoder,-0.0,0.0,6,
mm_0065470,PubMedBERT,encoder,-0.0,0.0,6,
mm_0065651,BERT-base,encoder,-0.0,0.0,4,
mm_0065651,BioBERT,encoder,-0.0,0.0,4,
mm_0065651,PubMedBERT,encoder,0.43067655807339306,0.0,4,
mm_0065820,BERT-base,encoder,0.3271035759815648,0.0,6,
mm_0065820,BioBERT,encoder,0.3562071871080222,0.0,6,
mm_0065820,PubMedBERT,encoder,-0.0,0.0,6,
mm_0067336,BERT-base,encoder,0.3271035759815648,0.0,6,
mm_0067336,BioBERT,encoder,0.4458393050175722,0.0,6,
mm_0067336,PubMedBERT,encoder,-0.0,0.0,6,
mm_0067846,BERT-base,encoder,-0.0,0.0,4,
mm_0067846,BioBERT,encoder,-0.0,0.0,4,
mm_0067846,PubMedBERT,encoder,-0.0,0.0,4,
mm_0067855,BERT-base,encoder,0.34939847028229715,0.0,4,
mm_0067855,BioBERT,encoder,-0.0,0.0,4,
mm_0067855,PubMedBERT,encoder,-0.0,0.0,4,
mm_0067918,BERT-base,encoder,-0.0,0.0,4,
mm_0067918,BioBERT,encoder,-0.0,0.0,4,
mm_0067918,PubMedBERT,encoder,-0.0,0.0,4,
mm_0068072,BERT-base,encoder,-0.0,0.0,6,
mm_0068072,BioBERT,encoder,-0.0,0.0,6,
mm_0068072,PubMedBERT,encoder,-0.0,0.0,6,
mm_0068158,BERT-base,encoder,0.34939847028229715,0.0,4,
mm_0068158,BioBERT,encoder,-0.0,0.0,4,
mm_0068158,PubMedBERT,encoder,-0.0,0.0,4,
mm_0068247,BERT-base,encoder,-0.0,0.0,7,
mm_0068247,BioBERT,encoder,0.287706856188877,0.0,7,
mm_0068247,PubMedBERT,encoder,0.1972242595274425,0.0,7,
mm_0068940,BERT-base,encoder,0.34939847028229715,0.0,4,
mm_0068940,BioBERT,encoder,-0.0,0.0,4,
mm_0068940,PubMedBERT,encoder,-0.0,0.0,4,
mm_0069162,BERT-base,encoder,0.43067655807339306,0.0,4,
mm_0069162,BioBERT,encoder,-0.0,1.0,4,
mm_0069162,PubMedBERT,encoder,-0.0,0.0,4,
mm_0069838,BERT-base,encoder,0.43067655807339306,0.0,4,
mm_0069838,BioBERT,encoder,0.43067655807339306,0.5,4,
mm_0069838,PubMedBERT,encoder,-0.0,0.0,4,
mm_0070124,BERT-base,encoder,-0.0,0.0,6,
mm_0070124,BioBERT,encoder,0.4458393050175722,0.0,6,
mm_0070124,PubMedBERT,encoder,0.3271035759815648,0.0,6,
mm_0071254,BERT-base,encoder,-0.0,0.0,6,
mm_0071254,BioBERT,encoder,-0.0,0.0,6,
mm_0071254,PubMedBERT,encoder,-0.0,0.0,6,
mm_0071441,BERT-base,encoder,-0.0,0.0,6,
mm_0071441,BioBERT,encoder,-0.0,0.0,6,
mm_0071441,PubMedBERT,encoder,-0.0,0.0,6,
mm_0071546,BERT-base,encoder,0.43067655807339306,0.0,4,
mm_0071546,BioBERT,encoder,0.43067655807339306,0.0,4,
mm_0071546,PubMedBERT,encoder,0.43067655807339306,0.0,4,
mm_0072049,BERT-base,encoder,-0.0,0.0,6,
mm_0072049,BioBERT,encoder,-0.0,0.0,6,
mm_0072049,PubMedBERT,encoder,0.3271035759815648,0.0,6,
mm_0073575,BERT-base,encoder,-0.0,0.0,2,
mm_0073575,BioBERT,encoder,-0.0,0.0,2,
mm_0073575,PubMedBERT,encoder,-0.0,0.0,2,
mm_0074294,BERT-base,encoder,-0.0,0.0,4,
mm_0074294,BioBERT,encoder,-0.0,0.0,4,
mm_0074294,PubMedBERT,encoder,-0.0,0.0,4,
mm_0074383,BERT-base,encoder,0.287706856188877,0.0,7,
mm_0074383,BioBERT,encoder,0.287706856188877,0.0,7,
mm_0074383,PubMedBERT,encoder,0.32840937867808384,0.0,7,
mm_0074570,BERT-base,encoder,-0.0,0.0,6,
mm_0074570,BioBERT,encoder,-0.0,0.0,6,
mm_0074570,PubMedBERT,encoder,0.4458393050175722,0.0,6,
mm_0075268,BERT-base,encoder,-0.0,0.0,2,
mm_0075268,BioBERT,encoder,0.6309297535714575,0.0,2,
mm_0075268,PubMedBERT,encoder,0.6309297535714575,0.5,2,
mm_0075358,BERT-base,encoder,-0.0,1.0,2,
mm_0075358,BioBERT,encoder,-0.0,1.0,2,
mm_0075358,PubMedBERT,encoder,0.6309297535714575,0.5,2,
mm_0075901,BERT-base,encoder,-0.0,0.0,4,
mm_0075901,BioBERT,encoder,-0.0,0.0,4,
mm_0075901,PubMedBERT,encoder,0.43067655807339306,0.0,4,
mm_0076241,BERT-base,encoder,0.43067655807339306,0.0,4,
mm_0076241,BioBERT,encoder,0.34939847028229715,0.0,4,
mm_0076241,PubMedBERT,encoder,-0.0,0.0,4,
mm_0076632,BERT-base,encoder,-0.0,0.0,4,
mm_0076632,BioBERT,encoder,-0.0,0.0,4,
mm_0076632,PubMedBERT,encoder,-0.0,0.0,4,
mm_0076906,BERT-base,encoder,0.34939847028229715,0.0,4,
mm_0076906,BioBERT,encoder,0.34939847028229715,0.0,4,
mm_0076906,PubMedBERT,encoder,-0.0,0.0,4,
mm_0076909,BERT-base,encoder,-0.0,0.0,4,
mm_0076909,BioBERT,encoder,0.43067655807339306,0.0,4,
mm_0076909,PubMedBERT,encoder,-0.0,0.0,4,
mm_0077174,BERT-base,encoder,-0.0,0.0,4,
mm_0077174,BioBERT,encoder,-0.0,0.0,4,
mm_0077174,PubMedBERT,encoder,-0.0,0.0,4,
mm_0077299,BERT-base,encoder,0.31546487678572877,0.0,8,
mm_0077299,BioBERT,encoder,0.30109040513283397,0.625,8,
mm_0077299,PubMedBERT,encoder,-0.0,0.0,8,
mm_0077820,BERT-base,encoder,-0.0,0.0,6,
mm_0077820,BioBERT,encoder,0.3271035759815648,0.0,6,
mm_0077820,PubMedBERT,encoder,-0.0,0.0,6,
mm_0078429,BERT-base,encoder,-0.0,0.0,6,
mm_0078429,BioBERT,encoder,0.23154265837250496,0.0,6,
mm_0078429,PubMedBERT,encoder,0.5197589750988045,0.0,6,
mm_0079961,BERT-base,encoder,-0.0,1.0,3,
mm_0079961,BioBERT,encoder,-0.0,1.0,3,
mm_0079961,PubMedBERT,encoder,-0.0,1.0,3,
mm_0080286,BERT-base,encoder,-0.0,0.0,6,
mm_0080286,BioBERT,encoder,-0.0,0.0,6,
mm_0080286,PubMedBERT,encoder,-0.0,0.0,6,
mm_0080484,BERT-base,encoder,0.6309297535714575,0.0,2,
mm_0080484,BioBERT,encoder,-0.0,0.0,2,
mm_0080484,PubMedBERT,encoder,-0.0,0.0,2,
mm_0080783,BERT-base,encoder,-0.0,0.0,2,
mm_0080783,BioBERT,encoder,-0.0,0.0,2,
mm_0080783,PubMedBERT,encoder,-0.0,0.0,2,
mm_0080797,BERT-base,encoder,-0.0,1.0,6,
mm_0080797,BioBERT,encoder,-0.0,1.0,6,
mm_0080797,PubMedBERT,encoder,-0.0,1.0,6,
mm_0080962,BERT-base,encoder,0.43067655807339306,0.0,4,
mm_0080962,BioBERT,encoder,-0.0,0.0,4,
mm_0080962,PubMedBERT,encoder,0.43067655807339306,0.0,4,
mm_0081397,BERT-base,encoder,-0.0,0.0,5,
mm_0081397,BioBERT,encoder,-0.0,0.0,5,
mm_0081397,PubMedBERT,encoder,-0.0,0.0,5,
mm_0081697,BERT-base,encoder,-0.0,0.0,6,
mm_0081697,BioBERT,encoder,0.3271035759815648,0.0,6,
mm_0081697,PubMedBERT,encoder,-0.0,0.0,6,
mm_0081867,BERT-base,encoder,-0.0,0.0,4,
mm_0081867,BioBERT,encoder,-0.0,0.0,4,
mm_0081867,PubMedBERT,encoder,-0.0,0.0,4,
mm_0081928,BERT-base,encoder,0.6309297535714575,0.0,2,
mm_0081928,BioBERT,encoder,-0.0,0.0,2,
mm_0081928,PubMedBERT,encoder,-0.0,0.0,2,
mm_0082339,BERT-base,encoder,-0.0,0.0,3,
mm_0082339,BioBERT,encoder,-0.0,0.0,3,
mm_0082339,PubMedBERT,encoder,-0.0,0.0,3,
mm_0082433,BERT-base,encoder,-0.0,0.0,5,
mm_0082433,BioBERT,encoder,-0.0,0.0,5,
mm_0082433,PubMedBERT,encoder,-0.0,0.0,5,
mm_0082670,BERT-base,encoder,0.4434297535714575,0.0,8,
mm_0082670,BioBERT,encoder,0.2559297535714574,0.0,8,
mm_0082670,PubMedBERT,encoder,0.17147549009906393,0.0,8,
mm_0082839,BERT-base,encoder,0.34939847028229715,0.0,4,
mm_0082839,BioBERT,encoder,0.43067655807339306,0.0,4,
mm_0082839,PubMedBERT,encoder,0.6460148371100897,0.0,4,
mm_0083256,BERT-base,encoder,-0.0,0.0,2,
mm_0083256,BioBERT,encoder,-0.0,0.0,2,
mm_0083256,PubMedBERT,encoder,-0.0,0.0,2,
mm_0083513,BERT-base,encoder,-0.0,0.0,6,
mm_0083513,BioBERT,encoder,-0.0,0.0,6,
mm_0083513,PubMedBERT,encoder,-0.0,0.0,6,
mm_0084175,BERT-base,encoder,-0.0,0.0,4,
mm_0084175,BioBERT,encoder,0.43067655807339306,0.0,4,
mm_0084175,PubMedBERT,encoder,-0.0,0.0,4,
mm_0085078,BERT-base,encoder,-0.0,0.0,4,
mm_0085078,BioBERT,encoder,0.6460148371100897,0.0,4,
mm_0085078,PubMedBERT,encoder,-0.0,0.0,4,
mm_0085233,BERT-base,encoder,-0.0,0.0,6,
mm_0085233,BioBERT,encoder,-0.0,0.0,6,
mm_0085233,PubMedBERT,encoder,0.23154265837250496,0.0,6,
mm_0085369,BERT-base,encoder,-0.0,0.0,6,
mm_0085369,BioBERT,encoder,-0.0,1.0,6,
mm_0085369,PubMedBERT,encoder,-0.0,0.0,6,
mm_0085517,BERT-base,encoder,-0.0,0.0,7,
mm_0085517,BioBERT,encoder,0.1972242595274425,0.0,7,
mm_0085517,PubMedBERT,encoder,-0.0,0.0,7,
mm_0086300,BERT-base,encoder,0.3271035759815648,0.0,6,
mm_0086300,BioBERT,encoder,-0.0,0.0,6,
mm_0086300,PubMedBERT,encoder,0.3271035759815648,0.0,6,
mm_0086642,BERT-base,encoder,-0.0,0.0,4,
mm_0086642,BioBERT,encoder,0.43067655807339306,0.0,4,
mm_0086642,PubMedBERT,encoder,0.43067655807339306,0.0,4,
mm_0086753,BERT-base,encoder,0.23154265837250496,0.0,6,
mm_0086753,BioBERT,encoder,-0.0,0.0,6,
mm_0086753,PubMedBERT,encoder,0.3271035759815648,0.0,6,
mm_0086802,BERT-base,encoder,-0.0,0.0,4,
mm_0086802,BioBERT,encoder,-0.0,0.0,4,
mm_0086802,PubMedBERT,encoder,0.34939847028229715,0.0,4,
mm_0087360,BERT-base,encoder,0.27927991012866066,0.0,5,
mm_0087360,BioBERT,encoder,-0.0,0.0,5,
mm_0087360,PubMedBERT,encoder,-0.0,0.0,5,
mm_0087688,BERT-base,encoder,-0.0,0.0,4,
mm_0087688,BioBERT,encoder,-0.0,0.0,4,
mm_0087688,PubMedBERT,encoder,0.43067655807339306,0.0,4,
mm_0087767,BERT-base,encoder,-0.0,0.0,4,
mm_0087767,BioBERT,encoder,-0.0,0.0,4,
mm_0087767,PubMedBERT,encoder,-0.0,0.0,4,
mm_0088026,BERT-base,encoder,-0.0,0.0,4,
mm_0088026,BioBERT,encoder,-0.0,0.0,4,
mm_0088026,PubMedBERT,encoder,-0.0,0.0,4,
mm_0088032,BERT-base,encoder,0.3756149631508355,0.0,5,
mm_0088032,BioBERT,encoder,0.5887621559162939,0.0,5,
mm_0088032,PubMedBERT,encoder,-0.0,0.0,5,
mm_0088551,BERT-base,encoder,-0.0,0.0,5,
mm_0088551,BioBERT,encoder,-0.0,0.0,5,
mm_0088551,PubMedBERT,encoder,-0.0,0.0,5,
mm_0088706,BERT-base,encoder,0.2559297535714574,0.0,8,
mm_0088706,BioBERT,encoder,-0.0,0.0,8,
mm_0088706,PubMedBERT,encoder,0.2559297535714574,0.0,8,
mm_0088915,BERT-base,encoder,-0.0,0.0,6,
mm_0088915,BioBERT,encoder,-0.0,0.0,6,
mm_0088915,PubMedBERT,encoder,0.3271035759815648,0.0,6,
mm_0089413,BERT-base,encoder,-0.0,0.0,4,
mm_0089413,BioBERT,encoder,-0.0,1.0,4,
mm_0089413,PubMedBERT,encoder,-0.0,1.0,4,
mm_0090103,BERT-base,encoder,0.683310763089587,0.0,6,
mm_0090103,BioBERT,encoder,0.5197589750988045,0.0,6,
mm_0090103,PubMedBERT,encoder,-0.0,0.0,6,
mm_0090104,BERT-base,encoder,0.683310763089587,0.0,6,
mm_0090104,BioBERT,encoder,0.4458393050175722,0.0,6,
mm_0090104,PubMedBERT,encoder,-0.0,0.0,6,
mm_0090144,BERT-base,encoder,-0.0,0.0,2,
mm_0090144,BioBERT,encoder,-0.0,0.0,2,
mm_0090144,PubMedBERT,encoder,-0.0,0.0,2,
mm_0090314,BERT-base,encoder,-0.0,0.0,2,
mm_0090314,BioBERT,encoder,-0.0,0.0,2,
mm_0090314,PubMedBERT,encoder,-0.0,0.0,2,
mm_0090447,BERT-base,encoder,0.3562071871080222,0.0,6,
mm_0090447,BioBERT,encoder,0.3271035759815648,0.0,6,
mm_0090447,PubMedBERT,encoder,0.5197589750988045,0.0,6,
mm_0090647,BERT-base,encoder,-0.0,0.0,6,
mm_0090647,BioBERT,encoder,-0.0,0.0,6,
mm_0090647,PubMedBERT,encoder,-0.0,0.0,6,
mm_0091036,BERT-base,encoder,0.23154265837250496,0.0,6,
mm_0091036,BioBERT,encoder,-0.0,0.0,6,
mm_0091036,PubMedBERT,encoder,-0.0,0.0,6,
mm_0092293,BERT-base,encoder,-0.0,0.0,3,
mm_0092293,BioBERT,encoder,-0.0,0.0,3,
mm_0092293,PubMedBERT,encoder,0.4591479170272448,0.0,3,
mm_0092345,BERT-base,encoder,0.5645750340535796,0.0,6,
mm_0092345,BioBERT,encoder,0.3271035759815648,0.0,6,
mm_0092345,PubMedBERT,encoder,0.3271035759815648,0.0,6,
mm_0092701,BERT-base,encoder,-0.0,0.0,5,
mm_0092701,BioBERT,encoder,0.27927991012866066,0.0,5,
mm_0092701,PubMedBERT,encoder,0.3756149631508355,0.0,5,
mm_0093095,BERT-base,encoder,-0.0,0.0,3,
mm_0093095,BioBERT,encoder,0.4591479170272448,0.0,3,
mm_0093095,PubMedBERT,encoder,0.4591479170272448,0.0,3,
mm_0093251,BERT-base,encoder,0.5645750340535796,0.0,6,
mm_0093251,BioBERT,encoder,-0.0,0.0,6,
mm_0093251,PubMedBERT,encoder,0.3271035759815648,0.0,6,
mm_0093333,BERT-base,encoder,0.5645750340535796,0.0,6,
mm_0093333,BioBERT,encoder,-0.0,0.0,6,
mm_0093333,PubMedBERT,encoder,0.3271035759815648,0.0,6,
mm_0093493,BERT-base,encoder,0.2559297535714574,0.0,8,
mm_0093493,BioBERT,encoder,-0.0,0.0,8,
mm_0093493,PubMedBERT,encoder,0.30109040513283397,0.0,8,
mm_0093512,BERT-base,encoder,-0.0,0.0,8,
mm_0093512,BioBERT,encoder,-0.0,0.0,8,
mm_0093512,PubMedBERT,encoder,-0.0,0.0,8,
mm_0093721,BERT-base,encoder,-0.0,0.0,3,
mm_0093721,BioBERT,encoder,0.4591479170272448,0.0,3,
mm_0093721,PubMedBERT,encoder,-0.0,0.0,3,
mm_0093924,BERT-base,encoder,0.43067655807339306,0.0,4,
mm_0093924,BioBERT,encoder,-0.0,0.0,4,
mm_0093924,PubMedBERT,encoder,-0.0,0.0,4,
mm_0094060,BERT-base,encoder,-0.0,0.0,6,
mm_0094060,BioBERT,encoder,-0.0,0.0,6,
mm_0094060,PubMedBERT,encoder,-0.0,0.0,6,
mm_0094434,BERT-base,encoder,0.3562071871080222,0.0,6,
mm_0094434,BioBERT,encoder,-0.0,0.0,6,
mm_0094434,PubMedBERT,encoder,0.3271035759815648,0.0,6,
mm_0094491,BERT-base,encoder,0.34939847028229715,0.0,4,
mm_0094491,BioBERT,encoder,-0.0,0.0,4,
mm_0094491,PubMedBERT,encoder,-0.0,0.0,4,
mm_0094778,BERT-base,encoder,-0.0,0.0,8,
mm_0094778,BioBERT,encoder,-0.0,0.0,8,
mm_0094778,PubMedBERT,encoder,0.2559297535714574,0.0,8,
mm_0095178,BERT-base,encoder,-0.0,0.0,4,
mm_0095178,BioBERT,encoder,-0.0,0.0,4,
mm_0095178,PubMedBERT,encoder,-0.0,0.0,4,
mm_0095310,BERT-base,encoder,-0.0,0.0,6,
mm_0095310,BioBERT,encoder,0.3271035759815648,0.6666666666666666,6,
mm_0095310,PubMedBERT,encoder,-0.0,0.0,6,
mm_0095368,BERT-base,encoder,0.34939847028229715,0.0,4,
mm_0095368,BioBERT,encoder,-0.0,0.0,4,
mm_0095368,PubMedBERT,encoder,0.43067655807339306,0.0,4,
mm_0095757,BERT-base,encoder,-0.0,0.0,6,
mm_0095757,BioBERT,encoder,0.23154265837250496,0.16666666666666666,6,
mm_0095757,PubMedBERT,encoder,0.3271035759815648,0.6666666666666666,6,
mm_0095883,BERT-base,encoder,0.680028411160754,0.0,8,
mm_0095883,BioBERT,encoder,0.40972418593640175,0.0,8,
mm_0095883,PubMedBERT,encoder,-0.0,0.0,8,
mm_0095979,BERT-base,encoder,-0.0,0.0,4,
mm_0095979,BioBERT,encoder,-0.0,0.0,4,
mm_0095979,PubMedBERT,encoder,-0.0,0.0,4,
mm_0097032,BERT-base,encoder,-0.0,0.0,4,
mm_0097032,BioBERT,encoder,0.34939847028229715,0.0,4,
mm_0097032,PubMedBERT,encoder,0.34939847028229715,0.0,4,
mm_0097356,BERT-base,encoder,0.6309297535714575,0.0,2,
mm_0097356,BioBERT,encoder,-0.0,0.0,2,
mm_0097356,PubMedBERT,encoder,-0.0,0.0,2,
mm_0098125,BERT-base,encoder,-0.0,0.0,2,
mm_0098125,BioBERT,encoder,-0.0,0.0,2,
mm_0098125,PubMedBERT,encoder,-0.0,0.0,2,
mm_0098216,BERT-base,encoder,-0.0,0.0,2,
mm_0098216,BioBERT,encoder,-0.0,0.0,2,
mm_0098216,PubMedBERT,encoder,-0.0,0.0,2,
mm_0098533,BERT-base,encoder,-0.0,0.0,2,
mm_0098533,BioBERT,encoder,-0.0,0.0,2,
mm_0098533,PubMedBERT,encoder,-0.0,0.0,2,
mm_0098594,BERT-base,encoder,-0.0,0.0,8,
mm_0098594,BioBERT,encoder,-0.0,0.0,8,
mm_0098594,PubMedBERT,encoder,0.2559297535714574,0.0,8,
mm_0098597,BERT-base,encoder,-0.0,0.0,7,
mm_0098597,BioBERT,encoder,-0.0,0.0,7,
mm_0098597,PubMedBERT,encoder,0.287706856188877,0.0,7,
mm_0098599,BERT-base,encoder,-0.0,0.0,6,
mm_0098599,BioBERT,encoder,-0.0,0.0,6,
mm_0098599,PubMedBERT,encoder,0.3271035759815648,0.0,6,
mm_0098903,BERT-base,encoder,-0.0,0.0,4,
mm_0098903,BioBERT,encoder,-0.0,0.0,4,
mm_0098903,PubMedBERT,encoder,-0.0,0.0,4,
mm_0099490,BERT-base,encoder,-0.0,0.0,4,
mm_0099490,BioBERT,encoder,-0.0,0.0,4,
mm_0099490,PubMedBERT,encoder,-0.0,0.0,4,
mm_0100360,BERT-base,encoder,0.5645750340535796,0.0,6,
mm_0100360,BioBERT,encoder,-0.0,0.0,6,
mm_0100360,PubMedBERT,encoder,-0.0,0.0,6,
mm_0101352,BERT-base,encoder,0.5197589750988045,0.0,6,
mm_0101352,BioBERT,encoder,0.23154265837250496,0.0,6,
mm_0101352,PubMedBERT,encoder,-0.0,0.0,6,
mm_0101708,BERT-base,encoder,0.34939847028229715,0.0,4,
mm_0101708,BioBERT,encoder,-0.0,0.0,4,
mm_0101708,PubMedBERT,encoder,-0.0,0.0,4,
mm_0101737,BERT-base,encoder,-0.0,0.0,4,
mm_0101737,BioBERT,encoder,-0.0,0.0,4,
mm_0101737,PubMedBERT,encoder,-0.0,0.0,4,
mm_0102157,BERT-base,encoder,-0.0,0.0,6,
mm_0102157,BioBERT,encoder,0.3271035759815648,0.0,6,
mm_0102157,PubMedBERT,encoder,0.5197589750988045,0.0,6,
mm_0102242,BERT-base,encoder,-0.0,0.0,6,
mm_0102242,BioBERT,encoder,-0.0,0.0,6,
mm_0102242,PubMedBERT,encoder,-0.0,0.0,6,
mm_0102605,BERT-base,encoder,0.27927991012866066,0.0,5,
mm_0102605,BioBERT,encoder,-0.0,0.0,5,
mm_0102605,PubMedBERT,encoder,-0.0,0.0,5,
mm_0102700,BERT-base,encoder,0.43067655807339306,0.0,4,
mm_0102700,BioBERT,encoder,-0.0,0.0,4,
mm_0102700,PubMedBERT,encoder,0.43067655807339306,0.0,4,
mm_0103065,BERT-base,encoder,-0.0,0.0,4,
mm_0103065,BioBERT,encoder,-0.0,0.0,4,
mm_0103065,PubMedBERT,encoder,-0.0,0.0,4,
mm_0103736,BERT-base,encoder,0.6011621919643219,0.0,8,
mm_0103736,BioBERT,encoder,0.5520635343750253,0.0,8,
mm_0103736,PubMedBERT,encoder,0.2559297535714574,0.0,8,
mm_0103773,BERT-base,encoder,-0.0,0.0,2,
mm_0103773,BioBERT,encoder,-0.0,0.0,2,
mm_0103773,PubMedBERT,encoder,-0.0,0.0,2,
mm_0104295,BERT-base,encoder,-0.0,0.0,4,
mm_0104295,BioBERT,encoder,-0.0,0.0,4,
mm_0104295,PubMedBERT,encoder,-0.0,0.0,4,
mm_0104451,BERT-base,encoder,-0.0,0.0,6,
mm_0104451,BioBERT,encoder,0.3271035759815648,0.0,6,
mm_0104451,PubMedBERT,encoder,-0.0,0.0,6,
mm_0104646,BERT-base,encoder,-0.0,0.0,4,
mm_0104646,BioBERT,encoder,0.34939847028229715,0.0,4,
mm_0104646,PubMedBERT,encoder,-0.0,0.0,4,
mm_0105117,BERT-base,encoder,0.5188855691542743,0.0,7,
mm_0105117,BioBERT,encoder,-0.0,0.0,7,
mm_0105117,PubMedBERT,encoder,-0.0,0.0,7,
mm_0106448,BERT-base,encoder,-0.0,0.0,4,
mm_0106448,BioBERT,encoder,-0.0,0.0,4,
mm_0106448,PubMedBERT,encoder,-0.0,0.0,4,
mm_0108328,BERT-base,encoder,-0.0,0.0,4,
mm_0108328,BioBERT,encoder,-0.0,0.0,4,
mm_0108328,PubMedBERT,encoder,0.43067655807339306,0.0,4,
mm_0108371,BERT-base,encoder,-0.0,0.0,6,
mm_0108371,BioBERT,encoder,0.23154265837250496,0.0,6,
mm_0108371,PubMedBERT,encoder,-0.0,0.0,6,
mm_0108777,BERT-base,encoder,-0.0,0.0,6,
mm_0108777,BioBERT,encoder,0.23154265837250496,0.0,6,
mm_0108777,PubMedBERT,encoder,-0.0,0.0,6,
mm_0108849,BERT-base,encoder,-0.0,0.0,6,
mm_0108849,BioBERT,encoder,-0.0,0.0,6,
mm_0108849,PubMedBERT,encoder,-0.0,0.0,6,
mm_0110256,BERT-base,encoder,-0.0,0.0,6,
mm_0110256,BioBERT,encoder,0.3562071871080222,0.0,6,
mm_0110256,PubMedBERT,encoder,-0.0,0.0,6,
mm_0110712,BERT-base,encoder,0.6460148371100897,0.0,4,
mm_0110712,BioBERT,encoder,-0.0,0.0,4,
mm_0110712,PubMedBERT,encoder,0.6460148371100897,0.0,4,
mm_0111188,BERT-base,encoder,-0.0,0.0,4,
mm_0111188,BioBERT,encoder,-0.0,0.0,4,
mm_0111188,PubMedBERT,encoder,0.34939847028229715,0.0,4,
mm_0111723,BERT-base,encoder,-0.0,0.0,4,
mm_0111723,BioBERT,encoder,0.43067655807339306,0.0,4,
mm_0111723,PubMedBERT,encoder,-0.0,0.0,4,
mm_0111876,BERT-base,encoder,-0.0,0.0,4,
mm_0111876,BioBERT,encoder,0.43067655807339306,0.0,4,
mm_0111876,PubMedBERT,encoder,-0.0,0.0,4,
mm_0112227,BERT-base,encoder,0.5645750340535796,0.0,6,
mm_0112227,BioBERT,encoder,-0.0,0.0,6,
mm_0112227,PubMedBERT,encoder,-0.0,0.0,6,
mm_0112233,BERT-base,encoder,-0.0,0.0,6,
mm_0112233,BioBERT,encoder,-0.0,0.0,6,
mm_0112233,PubMedBERT,encoder,-0.0,0.0,6,
mm_0112509,BERT-base,encoder,0.5197589750988045,0.0,6,
mm_0112509,BioBERT,encoder,-0.0,0.0,6,
mm_0112509,PubMedBERT,encoder,-0.0,0.0,6,
mm_0112789,BERT-base,encoder,0.3756149631508355,0.0,5,
mm_0112789,BioBERT,encoder,0.3756149631508355,0.0,5,
mm_0112789,PubMedBERT,encoder,0.3756149631508355,0.0,5,
mm_0112894,BERT-base,encoder,0.27927991012866066,0.0,5,
mm_0112894,BioBERT,encoder,-0.0,0.0,5,
mm_0112894,PubMedBERT,encoder,0.3756149631508355,0.0,5,
mm_0113609,BERT-base,encoder,0.3756149631508355,0.0,5,
mm_0113609,BioBERT,encoder,0.5887621559162939,0.0,5,
mm_0113609,PubMedBERT,encoder,-0.0,0.0,5,
mm_0114471,BERT-base,encoder,-0.0,0.0,3,
mm_0114471,BioBERT,encoder,-0.0,0.0,3,
mm_0114471,PubMedBERT,encoder,-0.0,0.0,3,
mm_0115142,BERT-base,encoder,-0.0,0.0,4,
mm_0115142,BioBERT,encoder,-0.0,0.0,4,
mm_0115142,PubMedBERT,encoder,-0.0,0.0,4,
mm_0116349,BERT-base,encoder,0.43067655807339306,0.0,4,
mm_0116349,BioBERT,encoder,-0.0,0.0,4,
mm_0116349,PubMedBERT,encoder,0.43067655807339306,0.0,4,
mm_0116426,BERT-base,encoder,-0.0,0.0,5,
mm_0116426,BioBERT,encoder,-0.0,0.0,5,
mm_0116426,PubMedBERT,encoder,-0.0,0.0,5,
mm_0116620,BERT-base,encoder,-0.0,0.0,4,
mm_0116620,BioBERT,encoder,-0.0,0.0,4,
mm_0116620,PubMedBERT,encoder,-0.0,0.0,4,
mm_0117264,BERT-base,encoder,0.3562071871080222,0.5,6,
mm_0117264,BioBERT,encoder,-0.0,1.0,6,
mm_0117264,PubMedBERT,encoder,-0.0,1.0,6,
mm_0117559,BERT-base,encoder,0.48293854524172825,0.0,7,
mm_0117559,BioBERT,encoder,0.6141236643923694,0.0,7,
mm_0117559,PubMedBERT,encoder,0.1972242595274425,0.14285714285714285,7,
mm_0119071,BERT-base,encoder,0.43067655807339306,0.0,4,
mm_0119071,BioBERT,encoder,0.34939847028229715,0.0,4,
mm_0119071,PubMedBERT,encoder,-0.0,0.0,4,
mm_0119329,BERT-base,encoder,-0.0,1.0,4,
mm_0119329,BioBERT,encoder,-0.0,1.0,4,
mm_0119329,PubMedBERT,encoder,-0.0,1.0,4,
mm_0119410,BERT-base,encoder,-0.0,0.0,4,
mm_0119410,BioBERT,encoder,0.34939847028229715,0.0,4,
mm_0119410,PubMedBERT,encoder,-0.0,0.0,4,
mm_0119805,BERT-base,encoder,-0.0,0.0,4,
mm_0119805,BioBERT,encoder,0.34939847028229715,0.0,4,
mm_0119805,PubMedBERT,encoder,-0.0,0.0,4,
mm_0120160,BERT-base,encoder,-0.0,0.0,5,
mm_0120160,BioBERT,encoder,0.27927991012866066,0.0,5,
mm_0120160,PubMedBERT,encoder,-0.0,0.0,5,
mm_0120224,BERT-base,encoder,-0.0,0.0,4,
mm_0120224,BioBERT,encoder,-0.0,0.0,4,
mm_0120224,PubMedBERT,encoder,0.43067655807339306,0.0,4,
mm_0120578,BERT-base,encoder,0.3756149631508355,0.0,5,
mm_0120578,BioBERT,encoder,-0.0,0.0,5,
mm_0120578,PubMedBERT,encoder,-0.0,0.0,5,
mm_0121914,BERT-base,encoder,-0.0,0.0,6,
mm_0121914,BioBERT,encoder,-0.0,0.0,6,
mm_0121914,PubMedBERT,encoder,0.23154265837250496,0.0,6,
mm_0123151,BERT-base,encoder,0.3756149631508355,0.0,5,
mm_0123151,BioBERT,encoder,0.27927991012866066,0.0,5,
mm_0123151,PubMedBERT,encoder,-0.0,0.0,5,
mm_0123559,BERT-base,encoder,-0.0,0.0,2,
mm_0123559,BioBERT,encoder,0.6309297535714575,0.0,2,
mm_0123559,PubMedBERT,encoder,-0.0,0.0,2,
mm_0123712,BERT-base,encoder,0.3756149631508355,0.0,5,
mm_0123712,BioBERT,encoder,0.3756149631508355,0.0,5,
mm_0123712,PubMedBERT,encoder,-0.0,0.0,5,
mm_0123740,BERT-base,encoder,-0.0,0.0,6,
mm_0123740,BioBERT,encoder,-0.0,0.0,6,
mm_0123740,PubMedBERT,encoder,-0.0,0.0,6,
mm_0123877,BERT-base,encoder,-0.0,0.0,5,
mm_0123877,BioBERT,encoder,-0.0,0.0,5,
mm_0123877,PubMedBERT,encoder,-0.0,0.0,5,
mm_0123899,BERT-base,encoder,-0.0,0.0,2,
mm_0123899,BioBERT,encoder,-0.0,0.0,2,
mm_0123899,PubMedBERT,encoder,-0.0,0.0,2,
mm_0124157,BERT-base,encoder,-0.0,0.0,6,
mm_0124157,BioBERT,encoder,0.3271035759815648,0.0,6,
mm_0124157,PubMedBERT,encoder,-0.0,0.0,6,
mm_0124433,BERT-base,encoder,-0.0,0.0,4,
mm_0124433,BioBERT,encoder,-0.0,0.0,4,
mm_0124433,PubMedBERT,encoder,-0.0,0.0,4,
mm_0124748,BERT-base,encoder,0.5197589750988045,0.0,6,
mm_0124748,BioBERT,encoder,-0.0,0.0,6,
mm_0124748,PubMedBERT,encoder,-0.0,0.0,6,
mm_0124772,BERT-base,encoder,-0.0,0.0,2,
mm_0124772,BioBERT,encoder,-0.0,0.0,2,
mm_0124772,PubMedBERT,encoder,-0.0,0.0,2,
mm_0124804,BERT-base,encoder,0.5197589750988045,0.0,6,
mm_0124804,BioBERT,encoder,0.5645750340535796,0.0,6,
mm_0124804,PubMedBERT,encoder,-0.0,0.0,6,
mm_0124847,BERT-base,encoder,-0.0,0.0,4,
mm_0124847,BioBERT,encoder,0.34939847028229715,0.0,4,
mm_0124847,PubMedBERT,encoder,0.34939847028229715,0.0,4,
mm_0124918,BERT-base,encoder,0.3271035759815648,0.0,6,
mm_0124918,BioBERT,encoder,-0.0,0.0,6,
mm_0124918,PubMedBERT,encoder,-0.0,0.0,6,
mm_0125021,BERT-base,encoder,-0.0,0.0,6,
mm_0125021,BioBERT,encoder,0.3271035759815648,0.0,6,
mm_0125021,PubMedBERT,encoder,-0.0,0.0,6,
mm_0125530,BERT-base,encoder,0.1972242595274425,0.0,7,
mm_0125530,BioBERT,encoder,-0.0,0.0,7,
mm_0125530,PubMedBERT,encoder,-0.0,0.0,7,
mm_0125540,BERT-base,encoder,-0.0,0.0,6,
mm_0125540,BioBERT,encoder,-0.0,0.0,6,
mm_0125540,PubMedBERT,encoder,-0.0,0.0,6,
mm_0125575,BERT-base,encoder,0.23154265837250496,0.0,6,
mm_0125575,BioBERT,encoder,-0.0,1.0,6,
mm_0125575,PubMedBERT,encoder,-0.0,1.0,6,
mm_0125604,BERT-base,encoder,-0.0,0.0,6,
mm_0125604,BioBERT,encoder,-0.0,0.0,6,
mm_0125604,PubMedBERT,encoder,-0.0,0.0,6,
mm_0125831,BERT-base,encoder,-0.0,0.0,5,
mm_0125831,BioBERT,encoder,-0.0,0.0,5,
mm_0125831,PubMedBERT,encoder,0.27927991012866066,0.0,5,
mm_0126004,BERT-base,encoder,-0.0,0.0,6,
mm_0126004,BioBERT,encoder,-0.0,0.0,6,
mm_0126004,PubMedBERT,encoder,-0.0,0.0,6,
mm_0126513,BERT-base,encoder,-0.0,0.0,4,
mm_0126513,BioBERT,encoder,-0.0,0.0,4,
mm_0126513,PubMedBERT,encoder,-0.0,0.0,4,
mm_0127390,BERT-base,encoder,-0.0,0.0,5,
mm_0127390,BioBERT,encoder,-0.0,0.0,5,
mm_0127390,PubMedBERT,encoder,-0.0,0.0,5,
mm_0127475,BERT-base,encoder,-0.0,0.0,7,
mm_0127475,BioBERT,encoder,-0.0,1.0,7,
mm_0127475,PubMedBERT,encoder,0.1972242595274425,0.0,7,
mm_0127702,BERT-base,encoder,-0.0,0.0,2,
mm_0127702,BioBERT,encoder,-0.0,0.0,2,
mm_0127702,PubMedBERT,encoder,-0.0,0.0,2,
mm_0127798,BERT-base,encoder,-0.0,0.0,4,
mm_0127798,BioBERT,encoder,-0.0,0.0,4,
mm_0127798,PubMedBERT,encoder,-0.0,0.0,4,
mm_0128071,BERT-base,encoder,0.27927991012866066,0.0,5,
mm_0128071,BioBERT,encoder,-0.0,0.0,5,
mm_0128071,PubMedBERT,encoder,-0.0,0.0,5,
mm_0128293,BERT-base,encoder,-0.0,0.0,4,
mm_0128293,BioBERT,encoder,-0.0,0.0,4,
mm_0128293,PubMedBERT,encoder,-0.0,0.0,4,
mm_0128830,BERT-base,encoder,-0.0,0.0,4,
mm_0128830,BioBERT,encoder,0.43067655807339306,0.0,4,
mm_0128830,PubMedBERT,encoder,-0.0,0.0,4,
mm_0128980,BERT-base,encoder,0.45959449782872513,0.0,7,
mm_0128980,BioBERT,encoder,0.1972242595274425,0.0,7,
mm_0128980,PubMedBERT,encoder,-0.0,0.0,7,
mm_0129592,BERT-base,encoder,-0.0,0.0,3,
mm_0129592,BioBERT,encoder,0.4591479170272448,0.6666666666666666,3,
mm_0129592,PubMedBERT,encoder,-0.0,0.0,3,
mm_0130154,BERT-base,encoder,-0.0,0.0,4,
mm_0130154,BioBERT,encoder,0.34939847028229715,0.0,4,
mm_0130154,PubMedBERT,encoder,-0.0,0.0,4,
mm_0130631,BERT-base,encoder,-0.0,0.0,4,
mm_0130631,BioBERT,encoder,-0.0,0.0,4,
mm_0130631,PubMedBERT,encoder,-0.0,0.0,4,
mm_0132142,BERT-base,encoder,-0.0,0.0,2,
mm_0132142,BioBERT,encoder,-0.0,0.0,2,
mm_0132142,PubMedBERT,encoder,-0.0,0.0,2,
mm_0132151,BERT-base,encoder,-0.0,0.0,4,
mm_0132151,BioBERT,encoder,-0.0,0.0,4,
mm_0132151,PubMedBERT,encoder,-0.0,0.0,4,
mm_0132452,BERT-base,encoder,-0.0,0.0,3,
mm_0132452,BioBERT,encoder,-0.0,0.0,3,
mm_0132452,PubMedBERT,encoder,-0.0,0.0,3,
mm_0132655,BERT-base,encoder,-0.0,0.0,4,
mm_0132655,BioBERT,encoder,-0.0,0.0,4,
mm_0132655,PubMedBERT,encoder,-0.0,0.0,4,
mm_0132764,BERT-base,encoder,0.2559297535714574,0.0,8,
mm_0132764,BioBERT,encoder,-0.0,0.0,8,
mm_0132764,PubMedBERT,encoder,0.2559297535714574,0.0,8,
mm_0132893,BERT-base,encoder,-0.0,0.0,6,
mm_0132893,BioBERT,encoder,0.3271035759815648,0.0,6,
mm_0132893,PubMedBERT,encoder,0.3271035759815648,0.0,6,
mm_0133360,BERT-base,encoder,0.6384947041348119,0.0,6,
mm_0133360,BioBERT,encoder,-0.0,0.0,6,
mm_0133360,PubMedBERT,encoder,0.3271035759815648,0.0,6,
mm_0133554,BERT-base,encoder,-0.0,0.0,6,
mm_0133554,BioBERT,encoder,0.5645750340535796,0.0,6,
mm_0133554,PubMedBERT,encoder,-0.0,0.0,6,
mm_0133581,BERT-base,encoder,-0.0,1.0,6,
mm_0133581,BioBERT,encoder,-0.0,1.0,6,
mm_0133581,PubMedBERT,encoder,0.3271035759815648,0.0,6,
mm_0133687,BERT-base,encoder,-0.0,0.0,3,
mm_0133687,BioBERT,encoder,-0.0,0.0,3,
mm_0133687,PubMedBERT,encoder,-0.0,0.0,3,
mm_0134026,BERT-base,encoder,-0.0,0.0,4,
mm_0134026,BioBERT,encoder,-0.0,0.0,4,
mm_0134026,PubMedBERT,encoder,-0.0,0.0,4,
mm_0135029,BERT-base,encoder,-0.0,0.0,6,
mm_0135029,BioBERT,encoder,0.5197589750988045,0.0,6,
mm_0135029,PubMedBERT,encoder,0.3271035759815648,0.0,6,
mm_0135287,BERT-base,encoder,0.3271035759815648,0.0,6,
mm_0135287,BioBERT,encoder,-0.0,0.0,6,
mm_0135287,PubMedBERT,encoder,-0.0,0.0,6,
mm_0135623,BERT-base,encoder,0.6460148371100897,0.0,4,
mm_0135623,BioBERT,encoder,-0.0,0.0,4,
mm_0135623,PubMedBERT,encoder,0.6460148371100897,0.0,4,
mm_0135626,BERT-base,encoder,0.34939847028229715,0.0,4,
mm_0135626,BioBERT,encoder,-0.0,0.0,4,
mm_0135626,PubMedBERT,encoder,-0.0,0.0,4,
mm_0136871,BERT-base,encoder,-0.0,0.0,2,
mm_0136871,BioBERT,encoder,-0.0,0.0,2,
mm_0136871,PubMedBERT,encoder,-0.0,0.0,2,
mm_0137011,BERT-base,encoder,-0.0,0.0,2,
mm_0137011,BioBERT,encoder,-0.0,0.0,2,
mm_0137011,PubMedBERT,encoder,-0.0,0.0,2,
mm_0137460,BERT-base,encoder,0.43067655807339306,0.0,4,
mm_0137460,BioBERT,encoder,-0.0,1.0,4,
mm_0137460,PubMedBERT,encoder,-0.0,1.0,4,
mm_0137480,BERT-base,encoder,-0.0,0.0,2,
mm_0137480,BioBERT,encoder,-0.0,0.0,2,
mm_0137480,PubMedBERT,encoder,-0.0,0.0,2,
mm_0137726,BERT-base,encoder,0.287706856188877,0.0,7,
mm_0137726,BioBERT,encoder,0.45959449782872513,0.0,7,
mm_0137726,PubMedBERT,encoder,0.287706856188877,0.0,7,
mm_0138166,BERT-base,encoder,-0.0,0.0,2,
mm_0138166,BioBERT,encoder,-0.0,0.0,2,
mm_0138166,PubMedBERT,encoder,-0.0,0.0,2,
mm_0138562,BERT-base,encoder,-0.0,0.0,5,
mm_0138562,BioBERT,encoder,0.3756149631508355,0.0,5,
mm_0138562,PubMedBERT,encoder,-0.0,0.0,5,
mm_0138803,BERT-base,encoder,-0.0,0.0,4,
mm_0138803,BioBERT,encoder,-0.0,0.0,4,
mm_0138803,PubMedBERT,encoder,-0.0,0.0,4,
mm_0139717,BERT-base,encoder,0.43067655807339306,0.0,4,
mm_0139717,BioBERT,encoder,-0.0,0.0,4,
mm_0139717,PubMedBERT,encoder,0.43067655807339306,0.0,4,
mm_0139812,BERT-base,encoder,0.683310763089587,0.0,6,
mm_0139812,BioBERT,encoder,-0.0,0.0,6,
mm_0139812,PubMedBERT,encoder,-0.0,0.0,6,
mm_0140869,BERT-base,encoder,-0.0,0.0,4,
mm_0140869,BioBERT,encoder,-0.0,0.0,4,
mm_0140869,PubMedBERT,encoder,-0.0,0.0,4,
mm_0141066,BERT-base,encoder,-0.0,0.0,5,
mm_0141066,BioBERT,encoder,-0.0,0.0,5,
mm_0141066,PubMedBERT,encoder,-0.0,0.0,5,
mm_0141706,BERT-base,encoder,-0.0,0.0,4,
mm_0141706,BioBERT,encoder,0.34939847028229715,0.0,4,
mm_0141706,PubMedBERT,encoder,-0.0,0.0,4,
mm_0141847,BERT-base,encoder,-0.0,0.0,6,
mm_0141847,BioBERT,encoder,-0.0,0.0,6,
mm_0141847,PubMedBERT,encoder,-0.0,0.0,6,
mm_0142210,BERT-base,encoder,0.3271035759815648,0.0,6,
mm_0142210,BioBERT,encoder,-0.0,0.0,6,
mm_0142210,PubMedBERT,encoder,0.3271035759815648,0.0,6,
mm_0142481,BERT-base,encoder,0.23154265837250496,0.0,6,
mm_0142481,BioBERT,encoder,0.3271035759815648,0.0,6,
mm_0142481,PubMedBERT,encoder,0.3271035759815648,0.0,6,
mm_0142698,BERT-base,encoder,-0.0,0.0,6,
mm_0142698,BioBERT,encoder,-0.0,0.0,6,
mm_0142698,PubMedBERT,encoder,-0.0,0.0,6,
mm_0143950,BERT-base,encoder,-0.0,0.0,4,
mm_0143950,BioBERT,encoder,-0.0,0.0,4,
mm_0143950,PubMedBERT,encoder,-0.0,0.0,4,
mm_0144339,BERT-base,encoder,-0.0,0.0,6,
mm_0144339,BioBERT,encoder,-0.0,0.0,6,
mm_0144339,PubMedBERT,encoder,-0.0,0.0,6,
mm_0144431,BERT-base,encoder,0.3271035759815648,0.0,6,
mm_0144431,BioBERT,encoder,0.23154265837250496,0.0,6,
mm_0144431,PubMedBERT,encoder,0.23154265837250496,0.0,6,
mm_0144945,BERT-base,encoder,-0.0,0.0,4,
mm_0144945,BioBERT,encoder,0.34939847028229715,0.0,4,
mm_0144945,PubMedBERT,encoder,-0.0,0.0,4,
mm_0146127,BERT-base,encoder,-0.0,0.0,6,
mm_0146127,BioBERT,encoder,0.3271035759815648,0.0,6,
mm_0146127,PubMedBERT,encoder,-0.0,0.0,6,
mm_0146149,BERT-base,encoder,0.34939847028229715,0.0,4,
mm_0146149,BioBERT,encoder,-0.0,0.0,4,
mm_0146149,PubMedBERT,encoder,0.34939847028229715,0.0,4,
mm_0146435,BERT-base,encoder,-0.0,0.0,8,
mm_0146435,BioBERT,encoder,0.2559297535714574,0.0,8,
mm_0146435,PubMedBERT,encoder,-0.0,0.0,8,
mm_0146865,BERT-base,encoder,-0.0,0.0,4,
mm_0146865,BioBERT,encoder,0.34939847028229715,0.0,4,
mm_0146865,PubMedBERT,encoder,-0.0,0.0,4,
mm_0146868,BERT-base,encoder,-0.0,1.0,6,
mm_0146868,BioBERT,encoder,-0.0,0.0,6,
mm_0146868,PubMedBERT,encoder,0.3271035759815648,0.6666666666666666,6,
mm_0147167,BERT-base,encoder,-0.0,0.0,4,
mm_0147167,BioBERT,encoder,-0.0,0.0,4,
mm_0147167,PubMedBERT,encoder,-0.0,0.0,4,
mm_0147345,BERT-base,encoder,-0.0,0.0,4,
mm_0147345,BioBERT,encoder,-0.0,0.0,4,
mm_0147345,PubMedBERT,encoder,0.43067655807339306,0.0,4,
mm_0148129,BERT-base,encoder,-0.0,0.0,6,
mm_0148129,BioBERT,encoder,-0.0,0.0,6,
mm_0148129,PubMedBERT,encoder,-0.0,0.0,6,
mm_0148711,BERT-base,encoder,0.683310763089587,0.0,6,
mm_0148711,BioBERT,encoder,-0.0,0.0,6,
mm_0148711,PubMedBERT,encoder,0.4458393050175722,0.0,6,
mm_0148991,BERT-base,encoder,0.3271035759815648,0.0,6,
mm_0148991,BioBERT,encoder,0.3562071871080222,0.0,6,
mm_0148991,PubMedBERT,encoder,-0.0,0.0,6,
mm_0150343,BERT-base,encoder,-0.0,0.0,6,
mm_0150343,BioBERT,encoder,0.3271035759815648,0.0,6,
mm_0150343,PubMedBERT,encoder,-0.0,0.0,6,
mm_0150931,BERT-base,encoder,-0.0,0.0,5,
mm_0150931,BioBERT,encoder,0.27927991012866066,0.0,5,
mm_0150931,PubMedBERT,encoder,-0.0,0.0,5,
mm_0151404,BERT-base,encoder,0.4458393050175722,0.0,6,
mm_0151404,BioBERT,encoder,0.4458393050175722,0.0,6,
mm_0151404,PubMedBERT,encoder,0.23154265837250496,0.0,6,
mm_0151426,BERT-base,encoder,0.3271035759815648,0.0,6,
mm_0151426,BioBERT,encoder,-0.0,0.0,6,
mm_0151426,PubMedBERT,encoder,-0.0,0.0,6,
mm_0152117,BERT-base,encoder,0.4434297535714575,0.0,8,
mm_0152117,BioBERT,encoder,0.30109040513283397,0.0,8,
mm_0152117,PubMedBERT,encoder,0.2559297535714574,0.0,8,
mm_0152683,BERT-base,encoder,-0.0,0.0,4,
mm_0152683,BioBERT,encoder,-0.0,0.0,4,
mm_0152683,PubMedBERT,encoder,-0.0,0.0,4,
mm_0153470,BERT-base,encoder,0.43067655807339306,0.0,4,
mm_0153470,BioBERT,encoder,0.43067655807339306,0.0,4,
mm_0153470,PubMedBERT,encoder,0.43067655807339306,0.0,4,
mm_0153880,BERT-base,encoder,-0.0,0.0,5,
mm_0153880,BioBERT,encoder,-0.0,0.0,5,
mm_0153880,PubMedBERT,encoder,-0.0,0.0,5,
mm_0155776,BERT-base,encoder,0.43067655807339306,0.0,4,
mm_0155776,BioBERT,encoder,-0.0,0.0,4,
mm_0155776,PubMedBERT,encoder,-0.0,0.0,4,
mm_0156493,BERT-base,encoder,0.3271035759815648,0.0,6,
mm_0156493,BioBERT,encoder,0.3271035759815648,0.0,6,
mm_0156493,PubMedBERT,encoder,-0.0,0.0,6,
mm_0156624,BERT-base,encoder,-0.0,0.0,6,
mm_0156624,BioBERT,encoder,0.23154265837250496,0.0,6,
mm_0156624,PubMedBERT,encoder,-0.0,0.0,6,
mm_0156642,BERT-base,encoder,-0.0,0.0,4,
mm_0156642,BioBERT,encoder,0.34939847028229715,0.0,4,
mm_0156642,PubMedBERT,encoder,0.34939847028229715,0.0,4,
mm_0158296,BERT-base,encoder,0.27927991012866066,0.0,5,
mm_0158296,BioBERT,encoder,-0.0,0.0,5,
mm_0158296,PubMedBERT,encoder,-0.0,0.0,5,
mm_0158759,BERT-base,encoder,-0.0,0.0,6,
mm_0158759,BioBERT,encoder,0.3271035759815648,0.0,6,
mm_0158759,PubMedBERT,encoder,-0.0,0.0,6,
mm_0159530,BERT-base,encoder,-0.0,0.0,5,
mm_0159530,BioBERT,encoder,-0.0,0.0,5,
mm_0159530,PubMedBERT,encoder,-0.0,0.0,5,
mm_0159654,BERT-base,encoder,0.287706856188877,0.0,7,
mm_0159654,BioBERT,encoder,-0.0,0.0,7,
mm_0159654,PubMedBERT,encoder,0.1972242595274425,0.0,7,
mm_0159899,BERT-base,encoder,-0.0,0.0,5,
mm_0159899,BioBERT,encoder,-0.0,0.0,5,
mm_0159899,PubMedBERT,encoder,-0.0,0.0,5,
mm_0160031,BERT-base,encoder,0.6460148371100897,0.0,4,
mm_0160031,BioBERT,encoder,-0.0,0.0,4,
mm_0160031,PubMedBERT,encoder,0.43067655807339306,0.0,4,
mm_0160569,BERT-base,encoder,-0.0,0.0,3,
mm_0160569,BioBERT,encoder,-0.0,0.0,3,
mm_0160569,PubMedBERT,encoder,0.4591479170272448,0.0,3,
mm_0161840,BERT-base,encoder,-0.0,0.0,3,
mm_0161840,BioBERT,encoder,-0.0,0.0,3,
mm_0161840,PubMedBERT,encoder,-0.0,0.0,3,
mm_0161896,BERT-base,encoder,-0.0,0.0,4,
mm_0161896,BioBERT,encoder,-0.0,0.0,4,
mm_0161896,PubMedBERT,encoder,-0.0,0.0,4,
mm_0162411,BERT-base,encoder,0.4591479170272448,0.0,3,
mm_0162411,BioBERT,encoder,-0.0,0.0,3,
mm_0162411,PubMedBERT,encoder,0.4591479170272448,0.0,3,
mm_0162448,BERT-base,encoder,-0.0,0.0,4,
mm_0162448,BioBERT,encoder,-0.0,0.0,4,
mm_0162448,PubMedBERT,encoder,-0.0,0.0,4,
mm_0162509,BERT-base,encoder,-0.0,0.0,4,
mm_0162509,BioBERT,encoder,-0.0,0.0,4,
mm_0162509,PubMedBERT,encoder,-0.0,0.0,4,
mm_0162520,BERT-base,encoder,0.5197589750988045,0.0,6,
mm_0162520,BioBERT,encoder,-0.0,0.0,6,
mm_0162520,PubMedBERT,encoder,-0.0,0.0,6,
mm_0162546,BERT-base,encoder,-0.0,0.0,6,
mm_0162546,BioBERT,encoder,-0.0,0.0,6,
mm_0162546,PubMedBERT,encoder,-0.0,0.0,6,
mm_0164466,BERT-base,encoder,0.17147549009906393,0.0,8,
mm_0164466,BioBERT,encoder,0.2559297535714574,0.0,8,
mm_0164466,PubMedBERT,encoder,0.2559297535714574,0.0,8,
mm_0164998,BERT-base,encoder,-0.0,0.0,6,
mm_0164998,BioBERT,encoder,0.23154265837250496,0.0,6,
mm_0164998,PubMedBERT,encoder,0.23154265837250496,0.0,6,
mm_0165626,BERT-base,encoder,-0.0,0.0,6,
mm_0165626,BioBERT,encoder,-0.0,0.0,6,
mm_0165626,PubMedBERT,encoder,-0.0,0.0,6,
mm_0166051,BERT-base,encoder,0.3271035759815648,0.0,6,
mm_0166051,BioBERT,encoder,-0.0,0.0,6,
mm_0166051,PubMedBERT,encoder,-0.0,0.0,6,
mm_0166571,BERT-base,encoder,-0.0,0.0,5,
mm_0166571,BioBERT,encoder,-0.0,1.0,5,
mm_0166571,PubMedBERT,encoder,-0.0,1.0,5,
mm_0166771,BERT-base,encoder,-0.0,0.0,4,
mm_0166771,BioBERT,encoder,-0.0,0.0,4,
mm_0166771,PubMedBERT,encoder,0.34939847028229715,0.0,4,
mm_0167745,BERT-base,encoder,-0.0,0.0,2,
mm_0167745,BioBERT,encoder,-0.0,0.0,2,
mm_0167745,PubMedBERT,encoder,-0.0,0.0,2,
mm_0168156,BERT-base,encoder,-0.0,0.0,2,
mm_0168156,BioBERT,encoder,-0.0,0.0,2,
mm_0168156,PubMedBERT,encoder,0.6309297535714575,0.0,2,
mm_0168172,BERT-base,encoder,0.3271035759815648,0.0,6,
mm_0168172,BioBERT,encoder,0.23154265837250496,0.0,6,
mm_0168172,PubMedBERT,encoder,-0.0,0.0,6,
mm_0168205,BERT-base,encoder,-0.0,0.0,2,
mm_0168205,BioBERT,encoder,-0.0,0.0,2,
mm_0168205,PubMedBERT,encoder,-0.0,0.0,2,
mm_0168214,BERT-base,encoder,-0.0,0.0,2,
mm_0168214,BioBERT,encoder,-0.0,0.0,2,
mm_0168214,PubMedBERT,encoder,-0.0,0.0,2,
mm_0169244,BERT-base,encoder,-0.0,0.0,4,
mm_0169244,BioBERT,encoder,0.43067655807339306,0.0,4,
mm_0169244,PubMedBERT,encoder,-0.0,0.0,4,
mm_0169777,BERT-base,encoder,-0.0,0.0,6,
mm_0169777,BioBERT,encoder,-0.0,0.0,6,
mm_0169777,PubMedBERT,encoder,-0.0,0.0,6,
mm_0169892,BERT-base,encoder,0.3562071871080222,0.0,6,
mm_0169892,BioBERT,encoder,-0.0,0.0,6,
mm_0169892,PubMedBERT,encoder,-0.0,0.0,6,
mm_0170315,BERT-base,encoder,0.2559297535714574,0.0,8,
mm_0170315,BioBERT,encoder,-0.0,0.0,8,
mm_0170315,PubMedBERT,encoder,0.40972418593640175,0.0,8,
mm_0170417,BERT-base,encoder,-0.0,0.0,6,
mm_0170417,BioBERT,encoder,-0.0,0.0,6,
mm_0170417,PubMedBERT,encoder,0.3271035759815648,0.0,6,
mm_0170901,BERT-base,encoder,-0.0,0.0,6,
mm_0170901,BioBERT,encoder,-0.0,0.0,6,
mm_0170901,PubMedBERT,encoder,-0.0,0.0,6,
mm_0171131,BERT-base,encoder,-0.0,0.0,4,
mm_0171131,BioBERT,encoder,-0.0,0.0,4,
mm_0171131,PubMedBERT,encoder,-0.0,0.0,4,
mm_0171518,BERT-base,encoder,-0.0,0.0,4,
mm_0171518,BioBERT,encoder,-0.0,0.0,4,
mm_0171518,PubMedBERT,encoder,0.43067655807339306,0.0,4,
mm_0171649,BERT-base,encoder,0.27927991012866066,0.0,5,
mm_0171649,BioBERT,encoder,0.27927991012866066,0.0,5,
mm_0171649,PubMedBERT,encoder,-0.0,0.0,5,
mm_0171666,BERT-base,encoder,0.32840937867808384,0.0,7,
mm_0171666,BioBERT,encoder,0.45959449782872513,0.0,7,
mm_0171666,PubMedBERT,encoder,-0.0,0.0,7,
mm_0171783,BERT-base,encoder,-0.0,0.0,5,
mm_0171783,BioBERT,encoder,0.5887621559162939,0.0,5,
mm_0171783,PubMedBERT,encoder,0.3756149631508355,0.0,5,
mm_0172460,BERT-base,encoder,-0.0,0.0,2,
mm_0172460,BioBERT,encoder,-0.0,1.0,2,
mm_0172460,PubMedBERT,encoder,-0.0,0.0,2,
mm_0172661,BERT-base,encoder,-0.0,0.0,6,
mm_0172661,BioBERT,encoder,-0.0,0.0,6,
mm_0172661,PubMedBERT,encoder,0.3271035759815648,0.0,6,
mm_0173765,BERT-base,encoder,0.34939847028229715,0.0,4,
mm_0173765,BioBERT,encoder,-0.0,0.0,4,
mm_0173765,PubMedBERT,encoder,-0.0,0.0,4,
mm_0174037,BERT-base,encoder,-0.0,0.0,4,
mm_0174037,BioBERT,encoder,-0.0,0.0,4,
mm_0174037,PubMedBERT,encoder,-0.0,0.0,4,
mm_0174527,BERT-base,encoder,-0.0,0.0,6,
mm_0174527,BioBERT,encoder,0.3271035759815648,0.0,6,
mm_0174527,PubMedBERT,encoder,-0.0,0.0,6,
mm_0174783,BERT-base,encoder,-0.0,0.0,6,
mm_0174783,BioBERT,encoder,-0.0,0.0,6,
mm_0174783,PubMedBERT,encoder,-0.0,0.0,6,
mm_0175215,BERT-base,encoder,-0.0,0.0,6,
mm_0175215,BioBERT,encoder,-0.0,0.0,6,
mm_0175215,PubMedBERT,encoder,0.5645750340535796,0.0,6,
mm_0175242,BERT-base,encoder,-0.0,0.0,4,
mm_0175242,BioBERT,encoder,-0.0,0.0,4,
mm_0175242,PubMedBERT,encoder,0.34939847028229715,0.0,4,
mm_0175769,BERT-base,encoder,0.27927991012866066,0.0,5,
mm_0175769,BioBERT,encoder,0.5887621559162939,0.0,5,
mm_0175769,PubMedBERT,encoder,0.27927991012866066,0.0,5,
mm_0176132,BERT-base,encoder,-0.0,0.0,6,
mm_0176132,BioBERT,encoder,0.5197589750988045,0.0,6,
mm_0176132,PubMedBERT,encoder,-0.0,0.0,6,
mm_0176153,BERT-base,encoder,0.5197589750988045,0.0,6,
mm_0176153,BioBERT,encoder,0.23154265837250496,0.0,6,
mm_0176153,PubMedBERT,encoder,-0.0,0.0,6,
mm_0176433,BERT-base,encoder,-0.0,0.0,4,
mm_0176433,BioBERT,encoder,-0.0,0.0,4,
mm_0176433,PubMedBERT,encoder,-0.0,0.0,4,
mm_0176562,BERT-base,encoder,0.5887621559162939,0.0,5,
mm_0176562,BioBERT,encoder,0.5887621559162939,0.0,5,
mm_0176562,PubMedBERT,encoder,-0.0,0.0,5,
mm_0176770,BERT-base,encoder,-0.0,0.0,2,
mm_0176770,BioBERT,encoder,-0.0,0.0,2,
mm_0176770,PubMedBERT,encoder,-0.0,0.0,2,
mm_0177411,BERT-base,encoder,-0.0,0.0,5,
mm_0177411,BioBERT,encoder,0.27927991012866066,0.0,5,
mm_0177411,PubMedBERT,encoder,-0.0,0.0,5,
mm_0177471,BERT-base,encoder,0.5197589750988045,0.0,6,
mm_0177471,BioBERT,encoder,-0.0,0.0,6,
mm_0177471,PubMedBERT,encoder,-0.0,0.0,6,
mm_0177777,BERT-base,encoder,-0.0,0.0,6,
mm_0177777,BioBERT,encoder,0.3562071871080222,0.0,6,
mm_0177777,PubMedBERT,encoder,0.3562071871080222,0.0,6,
mm_0177855,BERT-base,encoder,-0.0,0.0,8,
mm_0177855,BioBERT,encoder,0.2559297535714574,0.0,8,
mm_0177855,PubMedBERT,encoder,0.2559297535714574,0.0,8,
mm_0178262,BERT-base,encoder,-0.0,0.0,8,
mm_0178262,BioBERT,encoder,0.30109040513283397,0.0,8,
mm_0178262,PubMedBERT,encoder,0.17147549009906393,0.0,8,
mm_0178424,BERT-base,encoder,-0.0,0.0,6,
mm_0178424,BioBERT,encoder,-0.0,0.0,6,
mm_0178424,PubMedBERT,encoder,0.23154265837250496,0.0,6,
mm_0178559,BERT-base,encoder,-0.0,0.0,2,
mm_0178559,BioBERT,encoder,-0.0,0.0,2,
mm_0178559,PubMedBERT,encoder,-0.0,0.0,2,
mm_0178996,BERT-base,encoder,-0.0,0.0,6,
mm_0178996,BioBERT,encoder,0.3271035759815648,0.0,6,
mm_0178996,PubMedBERT,encoder,-0.0,0.0,6,
mm_0179114,BERT-base,encoder,-0.0,0.0,4,
mm_0179114,BioBERT,encoder,-0.0,0.0,4,
mm_0179114,PubMedBERT,encoder,-0.0,0.0,4,
mm_0180560,BERT-base,encoder,-0.0,0.0,6,
mm_0180560,BioBERT,encoder,0.23154265837250496,0.16666666666666666,6,
mm_0180560,PubMedBERT,encoder,-0.0,0.0,6,
mm_0180790,BERT-base,encoder,-0.0,1.0,6,
mm_0180790,BioBERT,encoder,-0.0,1.0,6,
mm_0180790,PubMedBERT,encoder,-0.0,1.0,6,
mm_0180796,BERT-base,encoder,-0.0,0.0,6,
mm_0180796,BioBERT,encoder,-0.0,0.0,6,
mm_0180796,PubMedBERT,encoder,-0.0,0.0,6,
mm_0181168,BERT-base,encoder,-0.0,0.0,6,
mm_0181168,BioBERT,encoder,-0.0,1.0,6,
mm_0181168,PubMedBERT,encoder,-0.0,0.0,6,
mm_0181222,BERT-base,encoder,0.4591479170272448,0.0,3,
mm_0181222,BioBERT,encoder,0.4591479170272448,0.0,3,
mm_0181222,PubMedBERT,encoder,0.4591479170272448,0.0,3,
mm_0181309,BERT-base,encoder,0.5197589750988045,0.0,6,
mm_0181309,BioBERT,encoder,-0.0,0.0,6,
mm_0181309,PubMedBERT,encoder,0.4458393050175722,0.0,6,
mm_0181675,BERT-base,encoder,0.3562071871080222,0.0,6,
mm_0181675,BioBERT,encoder,-0.0,0.0,6,
mm_0181675,PubMedBERT,encoder,-0.0,0.0,6,
mm_0184130,BERT-base,encoder,0.5645750340535796,0.0,6,
mm_0184130,BioBERT,encoder,0.23154265837250496,0.0,6,
mm_0184130,PubMedBERT,encoder,-0.0,0.0,6,
mm_0184313,BERT-base,encoder,-0.0,0.0,8,
mm_0184313,BioBERT,encoder,-0.0,0.0,8,
mm_0184313,PubMedBERT,encoder,0.31546487678572877,0.0,8,
mm_0184320,BERT-base,encoder,-0.0,0.0,4,
mm_0184320,BioBERT,encoder,0.43067655807339306,0.0,4,
mm_0184320,PubMedBERT,encoder,-0.0,0.0,4,
mm_0184337,BERT-base,encoder,0.34939847028229715,0.0,4,
mm_0184337,BioBERT,encoder,-0.0,0.0,4,
mm_0184337,PubMedBERT,encoder,0.43067655807339306,0.0,4,
mm_0184531,BERT-base,encoder,0.0,0.0,1,
mm_0184531,BioBERT,encoder,0.0,0.0,1,
mm_0184531,PubMedBERT,encoder,0.0,0.0,1,
mm_0185245,BERT-base,encoder,0.32840937867808384,0.0,7,
mm_0185245,BioBERT,encoder,0.1972242595274425,0.0,7,
mm_0185245,PubMedBERT,encoder,0.1972242595274425,0.0,7,
mm_0185936,BERT-base,encoder,0.43067655807339306,0.0,4,
mm_0185936,BioBERT,encoder,0.43067655807339306,0.0,4,
mm_0185936,PubMedBERT,encoder,-0.0,0.0,4,
mm_0186119,BERT-base,encoder,0.43067655807339306,0.0,4,
mm_0186119,BioBERT,encoder,0.43067655807339306,0.0,4,
mm_0186119,PubMedBERT,encoder,-0.0,0.0,4,
mm_0186465,BERT-base,encoder,-0.0,0.0,7,
mm_0186465,BioBERT,encoder,-0.0,0.0,7,
mm_0186465,PubMedBERT,encoder,0.287706856188877,0.0,7,
mm_0187173,BERT-base,encoder,-0.0,0.0,4,
mm_0187173,BioBERT,encoder,-0.0,0.0,4,
mm_0187173,PubMedBERT,encoder,0.43067655807339306,0.0,4,
mm_0187489,BERT-base,encoder,-0.0,0.0,6,
mm_0187489,BioBERT,encoder,-0.0,0.0,6,
mm_0187489,PubMedBERT,encoder,-0.0,0.0,6,
mm_0187588,BERT-base,encoder,-0.0,0.0,2,
mm_0187588,BioBERT,encoder,-0.0,0.0,2,
mm_0187588,PubMedBERT,encoder,-0.0,0.0,2,
mm_0187792,BERT-base,encoder,-0.0,1.0,7,
mm_0187792,BioBERT,encoder,-0.0,1.0,7,
mm_0187792,PubMedBERT,encoder,0.1972242595274425,0.8571428571428571,7,
mm_0187940,BERT-base,encoder,-0.0,0.0,7,
mm_0187940,BioBERT,encoder,-0.0,0.0,7,
mm_0187940,PubMedBERT,encoder,0.32840937867808384,0.0,7,
mm_0188057,BERT-base,encoder,0.3271035759815648,0.0,6,
mm_0188057,BioBERT,encoder,0.3562071871080222,0.0,6,
mm_0188057,PubMedBERT,encoder,-0.0,0.0,6,
mm_0188249,BERT-base,encoder,-0.0,0.0,5,
mm_0188249,BioBERT,encoder,-0.0,0.0,5,
mm_0188249,PubMedBERT,encoder,-0.0,0.0,5,
mm_0189033,BERT-base,encoder,0.3271035759815648,0.0,6,
mm_0189033,BioBERT,encoder,0.3271035759815648,0.0,6,
mm_0189033,PubMedBERT,encoder,-0.0,0.0,6,
mm_0189388,BERT-base,encoder,-0.0,0.0,6,
mm_0189388,BioBERT,encoder,0.3271035759815648,0.0,6,
mm_0189388,PubMedBERT,encoder,0.3271035759815648,0.0,6,
mm_0189542,BERT-base,encoder,0.27927991012866066,0.0,5,
mm_0189542,BioBERT,encoder,-0.0,0.0,5,
mm_0189542,PubMedBERT,encoder,0.27927991012866066,0.0,5,
mm_0189992,BERT-base,encoder,-0.0,0.0,2,
mm_0189992,BioBERT,encoder,-0.0,0.0,2,
mm_0189992,PubMedBERT,encoder,-0.0,0.0,2,
mm_0190644,BERT-base,encoder,-0.0,1.0,3,
mm_0190644,BioBERT,encoder,-0.0,1.0,3,
mm_0190644,PubMedBERT,encoder,-0.0,0.0,3,
mm_0191008,BERT-base,encoder,0.27927991012866066,0.0,5,
mm_0191008,BioBERT,encoder,-0.0,0.0,5,
mm_0191008,PubMedBERT,encoder,-0.0,0.0,5,
mm_0191715,BERT-base,encoder,0.34939847028229715,0.0,4,
mm_0191715,BioBERT,encoder,0.43067655807339306,0.0,4,
mm_0191715,PubMedBERT,encoder,-0.0,0.0,4,
mm_0192165,BERT-base,encoder,-0.0,0.0,3,
mm_0192165,BioBERT,encoder,-0.0,0.0,3,
mm_0192165,PubMedBERT,encoder,-0.0,0.0,3,
mm_0193015,BERT-base,encoder,0.34939847028229715,0.0,4,
mm_0193015,BioBERT,encoder,0.43067655807339306,0.0,4,
mm_0193015,PubMedBERT,encoder,-0.0,0.0,4,
mm_0193331,BERT-base,encoder,0.34939847028229715,0.0,4,
mm_0193331,BioBERT,encoder,-0.0,0.0,4,
mm_0193331,PubMedBERT,encoder,0.34939847028229715,0.0,4,
mm_0193351,BERT-base,encoder,0.43067655807339306,0.0,4,
mm_0193351,BioBERT,encoder,-0.0,0.0,4,
mm_0193351,PubMedBERT,encoder,0.34939847028229715,0.0,4,
mm_0193717,BERT-base,encoder,-0.0,0.0,4,
mm_0193717,BioBERT,encoder,0.43067655807339306,0.0,4,
mm_0193717,PubMedBERT,encoder,-0.0,0.0,4,
mm_0194015,BERT-base,encoder,0.40972418593640175,0.0,8,
mm_0194015,BioBERT,encoder,0.4731973151785931,0.0,8,
mm_0194015,PubMedBERT,encoder,0.2559297535714574,0.0,8,
mm_0194026,BERT-base,encoder,0.6309297535714575,0.0,2,
mm_0194026,BioBERT,encoder,-0.0,0.0,2,
mm_0194026,PubMedBERT,encoder,-0.0,0.0,2,
mm_0194085,BERT-base,encoder,-0.0,0.0,2,
mm_0194085,BioBERT,encoder,-0.0,0.0,2,
mm_0194085,PubMedBERT,encoder,-0.0,0.0,2,
mm_0194562,BERT-base,encoder,0.34939847028229715,0.0,4,
mm_0194562,BioBERT,encoder,-0.0,0.0,4,
mm_0194562,PubMedBERT,encoder,-0.0,0.0,4,
mm_0195338,BERT-base,encoder,0.7435032788101106,0.0,5,
mm_0195338,BioBERT,encoder,-0.0,0.0,5,
mm_0195338,PubMedBERT,encoder,-0.0,0.0,5,
mm_0196116,BERT-base,encoder,-0.0,0.0,3,
mm_0196116,BioBERT,encoder,-0.0,0.0,3,
mm_0196116,PubMedBERT,encoder,-0.0,0.0,3,
mm_0196264,BERT-base,encoder,0.3271035759815648,0.0,6,
mm_0196264,BioBERT,encoder,-0.0,0.0,6,
mm_0196264,PubMedBERT,encoder,-0.0,0.0,6,
mm_0196838,BERT-base,encoder,-0.0,0.0,4,
mm_0196838,BioBERT,encoder,-0.0,0.0,4,
mm_0196838,PubMedBERT,encoder,-0.0,0.0,4,
mm_0197067,BERT-base,encoder,0.45959449782872513,0.2857142857142857,7,
mm_0197067,BioBERT,encoder,-0.0,1.0,7,
mm_0197067,PubMedBERT,encoder,-0.0,1.0,7,
mm_0197241,BERT-base,encoder,-0.0,0.0,4,
mm_0197241,BioBERT,encoder,-0.0,0.0,4,
mm_0197241,PubMedBERT,encoder,-0.0,0.0,4,
mm_0197765,BERT-base,encoder,-0.0,0.0,6,
mm_0197765,BioBERT,encoder,-0.0,0.0,6,
mm_0197765,PubMedBERT,encoder,-0.0,0.0,6,
mm_0198299,BERT-base,encoder,-0.0,0.0,6,
mm_0198299,BioBERT,encoder,0.3271035759815648,0.6666666666666666,6,
mm_0198299,PubMedBERT,encoder,0.3271035759815648,0.0,6,
mm_0198407,BERT-base,encoder,-0.0,0.0,8,
mm_0198407,BioBERT,encoder,0.4434297535714575,0.0,8,
mm_0198407,PubMedBERT,encoder,0.4434297535714575,0.0,8,
mm_0198476,BERT-base,encoder,-0.0,0.0,4,
mm_0198476,BioBERT,encoder,-0.0,0.0,4,
mm_0198476,PubMedBERT,encoder,-0.0,0.0,4,
mm_0198970,BERT-base,encoder,0.5197589750988045,0.16666666666666666,6,
mm_0198970,BioBERT,encoder,0.683310763089587,0.3333333333333333,6,
mm_0198970,PubMedBERT,encoder,0.23154265837250496,0.0,6,
mm_0199321,BERT-base,encoder,0.3756149631508355,0.0,5,
mm_0199321,BioBERT,encoder,-0.0,0.0,5,
mm_0199321,PubMedBERT,encoder,0.5303560860446522,0.0,5,
mm_0199585,BERT-base,encoder,0.40972418593640175,0.0,8,
mm_0199585,BioBERT,encoder,-0.0,0.0,8,
mm_0199585,PubMedBERT,encoder,0.40972418593640175,0.0,8,
mm_0199599,BERT-base,encoder,-0.0,0.0,6,
mm_0199599,BioBERT,encoder,-0.0,0.0,6,
mm_0199599,PubMedBERT,encoder,-0.0,0.0,6,
mm_0199662,BERT-base,encoder,0.34939847028229715,0.0,4,
mm_0199662,BioBERT,encoder,0.34939847028229715,0.0,4,
mm_0199662,PubMedBERT,encoder,-0.0,0.0,4,
mm_0199885,BERT-base,encoder,-0.0,0.0,4,
mm_0199885,BioBERT,encoder,-0.0,0.0,4,
mm_0199885,PubMedBERT,encoder,0.43067655807339306,0.0,4,
mm_0200523,BERT-base,encoder,-0.0,0.0,6,
mm_0200523,BioBERT,encoder,0.3271035759815648,0.0,6,
mm_0200523,PubMedBERT,encoder,0.3271035759815648,0.0,6,
mm_0200689,BERT-base,encoder,0.43067655807339306,0.5,4,
mm_0200689,BioBERT,encoder,-0.0,1.0,4,
mm_0200689,PubMedBERT,encoder,0.34939847028229715,0.25,4,
mm_0200899,BERT-base,encoder,0.3271035759815648,0.0,6,
mm_0200899,BioBERT,encoder,-0.0,0.0,6,
mm_0200899,PubMedBERT,encoder,-0.0,0.0,6,
mm_0201109,BERT-base,encoder,0.4591479170272448,0.0,3,
mm_0201109,BioBERT,encoder,0.4591479170272448,0.0,3,
mm_0201109,PubMedBERT,encoder,-0.0,0.0,3,
mm_0201459,BERT-base,encoder,-0.0,0.0,4,
mm_0201459,BioBERT,encoder,-0.0,0.0,4,
mm_0201459,PubMedBERT,encoder,0.43067655807339306,0.0,4,
mm_0000101,BioMistral-7B,generative,-0.0,0.0,2,1.0
mm_0000101,FLAN-T5-XXL,generative,-0.0,0.0,2,1.0
mm_0000101,FLAN-T5-base,generative,-0.0,0.0,2,1.0
mm_0001412,BioMistral-7B,generative,0.5887621559162939,0.0,5,3.0
mm_0001412,FLAN-T5-XXL,generative,0.3756149631508355,0.0,5,2.0
mm_0001412,FLAN-T5-base,generative,0.3756149631508355,0.0,5,2.0
mm_0001903,BioMistral-7B,generative,0.7435032788101106,1.0,5,4.0
mm_0001903,FLAN-T5-XXL,generative,0.7435032788101106,0.0,5,4.0
mm_0001903,FLAN-T5-base,generative,-0.0,0.0,5,1.0
mm_0001924,BioMistral-7B,generative,0.6460148371100897,1.0,4,3.0
mm_0001924,FLAN-T5-XXL,generative,0.43067655807339306,0.0,4,2.0
mm_0001924,FLAN-T5-base,generative,0.34939847028229715,0.0,4,2.0
mm_0002001,BioMistral-7B,generative,0.683310763089587,0.6666666666666666,6,4.0
mm_0002001,FLAN-T5-XXL,generative,0.5645750340535796,0.3333333333333333,6,3.0
mm_0002001,FLAN-T5-base,generative,-0.0,0.0,6,1.0
mm_0002381,BioMistral-7B,generative,0.6460148371100897,1.0,4,3.0
mm_0002381,FLAN-T5-XXL,generative,-0.0,1.0,4,1.0
mm_0002381,FLAN-T5-base,generative,-0.0,1.0,4,1.0
mm_0003169,BioMistral-7B,generative,0.43067655807339306,0.0,4,2.0
mm_0003169,FLAN-T5-XXL,generative,-0.0,0.0,4,1.0
mm_0003169,FLAN-T5-base,generative,-0.0,0.0,4,1.0
mm_0004408,BioMistral-7B,generative,0.43067655807339306,1.0,4,2.0
mm_0004408,FLAN-T5-XXL,generative,0.34939847028229715,0.0,4,2.0
mm_0004408,FLAN-T5-base,generative,0.43067655807339306,0.0,4,2.0
mm_0004613,BioMistral-7B,generative,0.6460148371100897,1.0,4,3.0
mm_0004613,FLAN-T5-XXL,generative,-0.0,0.0,4,1.0
mm_0004613,FLAN-T5-base,generative,0.43067655807339306,0.0,4,2.0
mm_0007063,BioMistral-7B,generative,0.6309297535714575,1.0,2,2.0
mm_0007063,FLAN-T5-XXL,generative,-0.0,1.0,2,1.0
mm_0007063,FLAN-T5-base,generative,-0.0,1.0,2,1.0
mm_0007146,BioMistral-7B,generative,0.6460148371100897,0.5,4,3.0
mm_0007146,FLAN-T5-XXL,generative,-0.0,0.0,4,1.0
mm_0007146,FLAN-T5-base,generative,-0.0,0.0,4,1.0
mm_0007303,BioMistral-7B,generative,0.683310763089587,0.0,6,4.0
mm_0007303,FLAN-T5-XXL,generative,-0.0,0.0,6,1.0
mm_0007303,FLAN-T5-base,generative,-0.0,0.0,6,1.0
mm_0007332,BioMistral-7B,generative,0.6460148371100897,1.0,4,3.0
mm_0007332,FLAN-T5-XXL,generative,0.6460148371100897,0.0,4,3.0
mm_0007332,FLAN-T5-base,generative,0.6460148371100897,0.0,4,3.0
mm_0007533,BioMistral-7B,generative,0.43067655807339306,0.5,4,2.0
mm_0007533,FLAN-T5-XXL,generative,0.43067655807339306,0.5,4,2.0
mm_0007533,FLAN-T5-base,generative,-0.0,0.0,4,1.0
mm_0007731,BioMistral-7B,generative,0.5887621559162939,0.4,5,3.0
mm_0007731,FLAN-T5-XXL,generative,0.3756149631508355,0.0,5,2.0
mm_0007731,FLAN-T5-base,generative,0.3756149631508355,0.0,5,2.0
mm_0007841,BioMistral-7B,generative,0.5645750340535796,0.0,6,3.0
mm_0007841,FLAN-T5-XXL,generative,-0.0,0.0,6,1.0
mm_0007841,FLAN-T5-base,generative,-0.0,0.0,6,1.0
mm_0008028,BioMistral-7B,generative,0.5887621559162939,0.6,5,3.0
mm_0008028,FLAN-T5-XXL,generative,-0.0,0.0,5,1.0
mm_0008028,FLAN-T5-base,generative,0.3756149631508355,0.6,5,2.0
mm_0008123,BioMistral-7B,generative,0.5645750340535796,1.0,6,3.0
mm_0008123,FLAN-T5-XXL,generative,0.3271035759815648,0.0,6,2.0
mm_0008123,FLAN-T5-base,generative,0.683310763089587,0.0,6,4.0
mm_0008783,BioMistral-7B,generative,0.43067655807339306,0.0,4,2.0
mm_0008783,FLAN-T5-XXL,generative,0.43067655807339306,0.0,4,2.0
mm_0008783,FLAN-T5-base,generative,0.43067655807339306,0.0,4,2.0
mm_0008874,BioMistral-7B,generative,0.5887621559162939,0.4,5,3.0
mm_0008874,FLAN-T5-XXL,generative,-0.0,0.0,5,1.0
mm_0008874,FLAN-T5-base,generative,-0.0,0.0,5,1.0
mm_0008935,BioMistral-7B,generative,0.5645750340535796,0.0,6,3.0
mm_0008935,FLAN-T5-XXL,generative,-0.0,0.0,6,1.0
mm_0008935,FLAN-T5-base,generative,0.5197589750988045,0.5,6,3.0
mm_0009136,BioMistral-7B,generative,0.43067655807339306,0.0,4,2.0
mm_0009136,FLAN-T5-XXL,generative,0.43067655807339306,0.0,4,2.0
mm_0009136,FLAN-T5-base,generative,0.43067655807339306,0.0,4,2.0
mm_0009327,BioMistral-7B,generative,0.683310763089587,0.0,6,4.0
mm_0009327,FLAN-T5-XXL,generative,0.3271035759815648,0.0,6,2.0
mm_0009327,FLAN-T5-base,generative,-0.0,0.0,6,1.0
mm_0009884,BioMistral-7B,generative,0.683310763089587,0.0,6,4.0
mm_0009884,FLAN-T5-XXL,generative,0.3562071871080222,0.5,6,2.0
mm_0009884,FLAN-T5-base,generative,0.3271035759815648,1.0,6,2.0
mm_0010371,BioMistral-7B,generative,0.8613531161467861,1.0,4,4.0
mm_0010371,FLAN-T5-XXL,generative,-0.0,0.0,4,1.0
mm_0010371,FLAN-T5-base,generative,-0.0,0.0,4,1.0
mm_0011144,BioMistral-7B,generative,0.683310763089587,0.6666666666666666,6,4.0
mm_0011144,FLAN-T5-XXL,generative,0.5645750340535796,0.0,6,3.0
mm_0011144,FLAN-T5-base,generative,-0.0,0.0,6,1.0
mm_0011490,BioMistral-7B,generative,0.43067655807339306,0.0,4,2.0
mm_0011490,FLAN-T5-XXL,generative,0.43067655807339306,0.0,4,2.0
mm_0011490,FLAN-T5-base,generative,0.43067655807339306,0.0,4,2.0
mm_0011728,BioMistral-7B,generative,0.8020464921255943,1.0,6,5.0
mm_0011728,FLAN-T5-XXL,generative,-0.0,0.0,6,1.0
mm_0011728,FLAN-T5-base,generative,0.3271035759815648,0.0,6,2.0
mm_0013400,BioMistral-7B,generative,0.683310763089587,0.3333333333333333,6,4.0
mm_0013400,FLAN-T5-XXL,generative,0.5645750340535796,0.3333333333333333,6,3.0
mm_0013400,FLAN-T5-base,generative,0.3271035759815648,0.6666666666666666,6,2.0
mm_0013465,BioMistral-7B,generative,0.43067655807339306,1.0,4,2.0
mm_0013465,FLAN-T5-XXL,generative,-0.0,0.0,4,1.0
mm_0013465,FLAN-T5-base,generative,0.34939847028229715,0.0,4,2.0
mm_0014062,BioMistral-7B,generative,0.683310763089587,0.6666666666666666,6,4.0
mm_0014062,FLAN-T5-XXL,generative,-0.0,0.0,6,1.0
mm_0014062,FLAN-T5-base,generative,-0.0,0.0,6,1.0
mm_0014155,BioMistral-7B,generative,0.683310763089587,0.0,6,4.0
mm_0014155,FLAN-T5-XXL,generative,-0.0,0.0,6,1.0
mm_0014155,FLAN-T5-base,generative,0.3562071871080222,0.0,6,2.0
mm_0014726,BioMistral-7B,generative,0.683310763089587,0.6666666666666666,6,4.0
mm_0014726,FLAN-T5-XXL,generative,0.683310763089587,0.3333333333333333,6,4.0
mm_0014726,FLAN-T5-base,generative,0.23154265837250496,0.16666666666666666,6,2.0
mm_0015061,BioMistral-7B,generative,0.6309297535714575,0.0,2,2.0
mm_0015061,FLAN-T5-XXL,generative,0.6309297535714575,0.0,2,2.0
mm_0015061,FLAN-T5-base,generative,-0.0,0.0,2,1.0
mm_0015627,BioMistral-7B,generative,0.683310763089587,1.0,6,4.0
mm_0015627,FLAN-T5-XXL,generative,0.683310763089587,0.0,6,4.0
mm_0015627,FLAN-T5-base,generative,0.3271035759815648,0.3333333333333333,6,2.0
mm_0015640,BioMistral-7B,generative,0.6460148371100897,1.0,4,3.0
mm_0015640,FLAN-T5-XXL,generative,0.34939847028229715,0.75,4,2.0
mm_0015640,FLAN-T5-base,generative,-0.0,0.0,4,1.0
mm_0015817,BioMistral-7B,generative,0.6309297535714575,1.0,2,2.0
mm_0015817,FLAN-T5-XXL,generative,-0.0,1.0,2,1.0
mm_0015817,FLAN-T5-base,generative,-0.0,1.0,2,1.0
mm_0016164,BioMistral-7B,generative,0.7453087835430107,0.0,7,5.0
mm_0016164,FLAN-T5-XXL,generative,0.1972242595274425,0.0,7,2.0
mm_0016164,FLAN-T5-base,generative,0.287706856188877,0.0,7,2.0
mm_0016721,BioMistral-7B,generative,0.4591479170272448,0.0,3,2.0
mm_0016721,FLAN-T5-XXL,generative,-0.0,0.0,3,1.0
mm_0016721,FLAN-T5-base,generative,-0.0,0.0,3,1.0
mm_0017862,BioMistral-7B,generative,0.7097959727678896,0.5,8,5.0
mm_0017862,FLAN-T5-XXL,generative,0.2559297535714574,0.0,8,2.0
mm_0017862,FLAN-T5-base,generative,0.40972418593640175,0.0,8,3.0
mm_0018144,BioMistral-7B,generative,0.5645750340535796,0.3333333333333333,6,3.0
mm_0018144,FLAN-T5-XXL,generative,0.3271035759815648,0.0,6,2.0
mm_0018144,FLAN-T5-base,generative,0.5645750340535796,0.3333333333333333,6,3.0
mm_0018948,BioMistral-7B,generative,0.4591479170272448,0.0,3,2.0
mm_0018948,FLAN-T5-XXL,generative,-0.0,0.0,3,1.0
mm_0018948,FLAN-T5-base,generative,-0.0,0.0,3,1.0
mm_0019627,BioMistral-7B,generative,0.8020464921255943,1.0,6,5.0
mm_0019627,FLAN-T5-XXL,generative,0.3562071871080222,0.0,6,2.0
mm_0019627,FLAN-T5-base,generative,0.5645750340535796,0.3333333333333333,6,3.0
mm_0020635,BioMistral-7B,generative,0.683310763089587,1.0,6,4.0
mm_0020635,FLAN-T5-XXL,generative,-0.0,1.0,6,1.0
mm_0020635,FLAN-T5-base,generative,0.23154265837250496,0.8333333333333334,6,2.0
mm_0020797,BioMistral-7B,generative,0.683310763089587,0.0,6,4.0
mm_0020797,FLAN-T5-XXL,generative,0.3271035759815648,0.0,6,2.0
mm_0020797,FLAN-T5-base,generative,0.3271035759815648,0.0,6,2.0
mm_0020876,BioMistral-7B,generative,-0.0,0.0,2,1.0
mm_0020876,FLAN-T5-XXL,generative,-0.0,0.0,2,1.0
mm_0020876,FLAN-T5-base,generative,-0.0,0.0,2,1.0
mm_0021148,BioMistral-7B,generative,0.43067655807339306,0.5,4,2.0
mm_0021148,FLAN-T5-XXL,generative,-0.0,0.0,4,1.0
mm_0021148,FLAN-T5-base,generative,-0.0,0.0,4,1.0
mm_0021420,BioMistral-7B,generative,0.683310763089587,0.0,6,4.0
mm_0021420,FLAN-T5-XXL,generative,0.3271035759815648,0.0,6,2.0
mm_0021420,FLAN-T5-base,generative,0.23154265837250496,0.0,6,2.0
mm_0021524,BioMistral-7B,generative,0.5887621559162939,1.0,5,3.0
mm_0021524,FLAN-T5-XXL,generative,-0.0,0.0,5,1.0
mm_0021524,FLAN-T5-base,generative,-0.0,0.0,5,1.0
mm_0022106,BioMistral-7B,generative,0.6460148371100897,1.0,4,3.0
mm_0022106,FLAN-T5-XXL,generative,0.34939847028229715,0.0,4,2.0
mm_0022106,FLAN-T5-base,generative,0.43067655807339306,0.0,4,2.0
mm_0022147,BioMistral-7B,generative,0.6309297535714575,0.0,2,2.0
mm_0022147,FLAN-T5-XXL,generative,0.6309297535714575,0.0,2,2.0
mm_0022147,FLAN-T5-base,generative,-0.0,0.0,2,1.0
mm_0023569,BioMistral-7B,generative,0.43067655807339306,0.0,4,2.0
mm_0023569,FLAN-T5-XXL,generative,0.43067655807339306,0.0,4,2.0
mm_0023569,FLAN-T5-base,generative,0.43067655807339306,0.0,4,2.0
mm_0023586,BioMistral-7B,generative,0.4591479170272448,0.3333333333333333,3,2.0
mm_0023586,FLAN-T5-XXL,generative,0.4591479170272448,0.0,3,2.0
mm_0023586,FLAN-T5-base,generative,0.4591479170272448,0.0,3,2.0
mm_0024314,BioMistral-7B,generative,0.6309297535714575,0.5,2,2.0
mm_0024314,FLAN-T5-XXL,generative,0.6309297535714575,0.0,2,2.0
mm_0024314,FLAN-T5-base,generative,0.6309297535714575,0.0,2,2.0
mm_0024549,BioMistral-7B,generative,0.7435032788101106,0.8,5,4.0
mm_0024549,FLAN-T5-XXL,generative,0.27927991012866066,0.0,5,2.0
mm_0024549,FLAN-T5-base,generative,0.27927991012866066,0.0,5,2.0
mm_0024701,BioMistral-7B,generative,0.8020464921255943,0.6666666666666666,6,5.0
mm_0024701,FLAN-T5-XXL,generative,0.4458393050175722,0.0,6,3.0
mm_0024701,FLAN-T5-base,generative,-0.0,0.0,6,1.0
mm_0024729,BioMistral-7B,generative,0.43067655807339306,0.5,4,2.0
mm_0024729,FLAN-T5-XXL,generative,-0.0,0.0,4,1.0
mm_0024729,FLAN-T5-base,generative,-0.0,0.0,4,1.0
mm_0024960,BioMistral-7B,generative,0.6460148371100897,1.0,4,3.0
mm_0024960,FLAN-T5-XXL,generative,-0.0,1.0,4,1.0
mm_0024960,FLAN-T5-base,generative,0.43067655807339306,0.0,4,2.0
mm_0025176,BioMistral-7B,generative,0.7097959727678896,0.75,8,5.0
mm_0025176,FLAN-T5-XXL,generative,0.40972418593640175,0.625,8,3.0
mm_0025176,FLAN-T5-base,generative,0.40972418593640175,0.0,8,3.0
mm_0025371,BioMistral-7B,generative,0.7435032788101106,1.0,5,4.0
mm_0025371,FLAN-T5-XXL,generative,0.5887621559162939,0.0,5,3.0
mm_0025371,FLAN-T5-base,generative,0.3756149631508355,0.0,5,2.0
mm_0026424,BioMistral-7B,generative,0.8020464921255943,1.0,6,5.0
mm_0026424,FLAN-T5-XXL,generative,0.5645750340535796,0.0,6,3.0
mm_0026424,FLAN-T5-base,generative,0.23154265837250496,0.0,6,2.0
mm_0026578,BioMistral-7B,generative,-0.0,0.0,2,1.0
mm_0026578,FLAN-T5-XXL,generative,-0.0,1.0,2,1.0
mm_0026578,FLAN-T5-base,generative,-0.0,1.0,2,1.0
mm_0027474,BioMistral-7B,generative,-0.0,1.0,2,1.0
mm_0027474,FLAN-T5-XXL,generative,-0.0,0.0,2,1.0
mm_0027474,FLAN-T5-base,generative,-0.0,0.0,2,1.0
mm_0027509,BioMistral-7B,generative,0.43067655807339306,0.0,4,2.0
mm_0027509,FLAN-T5-XXL,generative,-0.0,0.0,4,1.0
mm_0027509,FLAN-T5-base,generative,0.43067655807339306,0.0,4,2.0
mm_0027520,BioMistral-7B,generative,0.6500706883049155,0.0,7,4.0
mm_0027520,FLAN-T5-XXL,generative,0.287706856188877,0.0,7,2.0
mm_0027520,FLAN-T5-base,generative,0.1972242595274425,0.0,7,2.0
mm_0028097,BioMistral-7B,generative,0.792481250360578,1.0,3,3.0
mm_0028097,FLAN-T5-XXL,generative,-0.0,0.0,3,1.0
mm_0028097,FLAN-T5-base,generative,0.4591479170272448,0.0,3,2.0
mm_0028311,BioMistral-7B,generative,0.6460148371100897,1.0,4,3.0
mm_0028311,FLAN-T5-XXL,generative,0.34939847028229715,0.0,4,2.0
mm_0028311,FLAN-T5-base,generative,0.34939847028229715,0.25,4,2.0
mm_0028386,BioMistral-7B,generative,0.6500706883049155,0.42857142857142855,7,4.0
mm_0028386,FLAN-T5-XXL,generative,0.1972242595274425,0.0,7,2.0
mm_0028386,FLAN-T5-base,generative,0.45959449782872513,0.5714285714285714,7,3.0
mm_0028492,BioMistral-7B,generative,0.8020464921255943,1.0,6,5.0
mm_0028492,FLAN-T5-XXL,generative,0.3562071871080222,0.0,6,2.0
mm_0028492,FLAN-T5-base,generative,0.5197589750988045,0.0,6,3.0
mm_0028536,BioMistral-7B,generative,-0.0,1.0,2,1.0
mm_0028536,FLAN-T5-XXL,generative,-0.0,0.0,2,1.0
mm_0028536,FLAN-T5-base,generative,-0.0,0.0,2,1.0
mm_0029538,BioMistral-7B,generative,0.7435032788101106,0.0,5,4.0
mm_0029538,FLAN-T5-XXL,generative,-0.0,0.0,5,1.0
mm_0029538,FLAN-T5-base,generative,-0.0,0.0,5,1.0
mm_0030505,BioMistral-7B,generative,0.5887621559162939,1.0,5,3.0
mm_0030505,FLAN-T5-XXL,generative,-0.0,1.0,5,1.0
mm_0030505,FLAN-T5-base,generative,-0.0,1.0,5,1.0
mm_0030723,BioMistral-7B,generative,0.6460148371100897,1.0,4,3.0
mm_0030723,FLAN-T5-XXL,generative,0.34939847028229715,0.0,4,2.0
mm_0030723,FLAN-T5-base,generative,0.34939847028229715,0.0,4,2.0
mm_0030830,BioMistral-7B,generative,0.683310763089587,0.3333333333333333,6,4.0
mm_0030830,FLAN-T5-XXL,generative,0.5197589750988045,0.0,6,3.0
mm_0030830,FLAN-T5-base,generative,-0.0,0.0,6,1.0
mm_0031319,BioMistral-7B,generative,-0.0,0.0,2,1.0
mm_0031319,FLAN-T5-XXL,generative,-0.0,0.0,2,1.0
mm_0031319,FLAN-T5-base,generative,-0.0,0.0,2,1.0
mm_0031336,BioMistral-7B,generative,0.683310763089587,1.0,6,4.0
mm_0031336,FLAN-T5-XXL,generative,0.23154265837250496,0.0,6,2.0
mm_0031336,FLAN-T5-base,generative,0.3562071871080222,0.0,6,2.0
mm_0031384,BioMistral-7B,generative,0.5645750340535796,0.6666666666666666,6,3.0
mm_0031384,FLAN-T5-XXL,generative,-0.0,0.0,6,1.0
mm_0031384,FLAN-T5-base,generative,0.23154265837250496,0.0,6,2.0
mm_0032024,BioMistral-7B,generative,0.7435032788101106,0.4,5,4.0
mm_0032024,FLAN-T5-XXL,generative,-0.0,0.0,5,1.0
mm_0032024,FLAN-T5-base,generative,-0.0,0.0,5,1.0
mm_0032896,BioMistral-7B,generative,-0.0,0.0,2,1.0
mm_0032896,FLAN-T5-XXL,generative,-0.0,0.0,2,1.0
mm_0032896,FLAN-T5-base,generative,-0.0,0.0,2,1.0
mm_0033033,BioMistral-7B,generative,0.6460148371100897,0.0,4,3.0
mm_0033033,FLAN-T5-XXL,generative,0.43067655807339306,0.0,4,2.0
mm_0033033,FLAN-T5-base,generative,-0.0,0.0,4,1.0
mm_0033615,BioMistral-7B,generative,0.5887621559162939,0.4,5,3.0
mm_0033615,FLAN-T5-XXL,generative,0.27927991012866066,0.8,5,2.0
mm_0033615,FLAN-T5-base,generative,-0.0,0.0,5,1.0
mm_0034026,BioMistral-7B,generative,0.6309297535714575,0.0,2,2.0
mm_0034026,FLAN-T5-XXL,generative,-0.0,0.0,2,1.0
mm_0034026,FLAN-T5-base,generative,0.6309297535714575,0.0,2,2.0
mm_0034135,BioMistral-7B,generative,0.8020464921255943,0.0,6,5.0
mm_0034135,FLAN-T5-XXL,generative,0.23154265837250496,0.0,6,2.0
mm_0034135,FLAN-T5-base,generative,0.3271035759815648,0.0,6,2.0
mm_0035154,BioMistral-7B,generative,0.5645750340535796,0.0,6,3.0
mm_0035154,FLAN-T5-XXL,generative,-0.0,0.0,6,1.0
mm_0035154,FLAN-T5-base,generative,0.3271035759815648,0.0,6,2.0
mm_0035353,BioMistral-7B,generative,0.7453087835430107,0.7142857142857143,7,5.0
mm_0035353,FLAN-T5-XXL,generative,0.5188855691542743,0.7142857142857143,7,3.0
mm_0035353,FLAN-T5-base,generative,0.5188855691542743,0.2857142857142857,7,3.0
mm_0035658,BioMistral-7B,generative,0.6309297535714575,0.0,2,2.0
mm_0035658,FLAN-T5-XXL,generative,-0.0,0.0,2,1.0
mm_0035658,FLAN-T5-base,generative,-0.0,1.0,2,1.0
mm_0036097,BioMistral-7B,generative,0.683310763089587,0.6666666666666666,6,4.0
mm_0036097,FLAN-T5-XXL,generative,-0.0,0.0,6,1.0
mm_0036097,FLAN-T5-base,generative,0.5197589750988045,0.0,6,3.0
mm_0036129,BioMistral-7B,generative,0.6460148371100897,0.5,4,3.0
mm_0036129,FLAN-T5-XXL,generative,0.43067655807339306,0.0,4,2.0
mm_0036129,FLAN-T5-base,generative,-0.0,0.0,4,1.0
mm_0036226,BioMistral-7B,generative,0.683310763089587,0.5,6,4.0
mm_0036226,FLAN-T5-XXL,generative,0.5645750340535796,0.0,6,3.0
mm_0036226,FLAN-T5-base,generative,0.683310763089587,0.16666666666666666,6,4.0
mm_0036569,BioMistral-7B,generative,0.5645750340535796,0.0,6,3.0
mm_0036569,FLAN-T5-XXL,generative,-0.0,0.0,6,1.0
mm_0036569,FLAN-T5-base,generative,-0.0,0.0,6,1.0
mm_0037241,BioMistral-7B,generative,0.5887621559162939,0.0,5,3.0
mm_0037241,FLAN-T5-XXL,generative,0.3756149631508355,0.0,5,2.0
mm_0037241,FLAN-T5-base,generative,0.27927991012866066,0.0,5,2.0
mm_0037245,BioMistral-7B,generative,0.5887621559162939,0.0,5,3.0
mm_0037245,FLAN-T5-XXL,generative,0.3756149631508355,0.4,5,2.0
mm_0037245,FLAN-T5-base,generative,0.5303560860446522,0.6,5,3.0
mm_0037301,BioMistral-7B,generative,0.5887621559162939,0.0,5,3.0
mm_0037301,FLAN-T5-XXL,generative,0.27927991012866066,0.0,5,2.0
mm_0037301,FLAN-T5-base,generative,-0.0,0.0,5,1.0
mm_0037668,BioMistral-7B,generative,0.6460148371100897,0.5,4,3.0
mm_0037668,FLAN-T5-XXL,generative,0.34939847028229715,0.75,4,2.0
mm_0037668,FLAN-T5-base,generative,-0.0,1.0,4,1.0
mm_0037976,BioMistral-7B,generative,0.7097959727678896,0.75,8,5.0
mm_0037976,FLAN-T5-XXL,generative,0.17147549009906393,0.875,8,2.0
mm_0037976,FLAN-T5-base,generative,0.6309297535714575,0.0,8,4.0
mm_0038321,BioMistral-7B,generative,0.6460148371100897,1.0,4,3.0
mm_0038321,FLAN-T5-XXL,generative,0.34939847028229715,0.75,4,2.0
mm_0038321,FLAN-T5-base,generative,0.34939847028229715,0.0,4,2.0
mm_0038389,BioMistral-7B,generative,0.43067655807339306,0.5,4,2.0
mm_0038389,FLAN-T5-XXL,generative,0.43067655807339306,0.0,4,2.0
mm_0038389,FLAN-T5-base,generative,-0.0,0.0,4,1.0
mm_0038431,BioMistral-7B,generative,0.683310763089587,1.0,6,4.0
mm_0038431,FLAN-T5-XXL,generative,-0.0,0.0,6,1.0
mm_0038431,FLAN-T5-base,generative,-0.0,0.0,6,1.0
mm_0038623,BioMistral-7B,generative,0.5645750340535796,0.0,6,3.0
mm_0038623,FLAN-T5-XXL,generative,0.683310763089587,0.0,6,4.0
mm_0038623,FLAN-T5-base,generative,0.5645750340535796,0.0,6,3.0
mm_0038625,BioMistral-7B,generative,0.5645750340535796,0.3333333333333333,6,3.0
mm_0038625,FLAN-T5-XXL,generative,0.683310763089587,0.3333333333333333,6,4.0
mm_0038625,FLAN-T5-base,generative,0.5645750340535796,0.3333333333333333,6,3.0
mm_0039859,BioMistral-7B,generative,0.7097959727678896,1.0,8,5.0
mm_0039859,FLAN-T5-XXL,generative,0.5520635343750253,1.0,8,4.0
mm_0039859,FLAN-T5-base,generative,0.2559297535714574,0.25,8,2.0
mm_0040043,BioMistral-7B,generative,0.6460148371100897,0.0,4,3.0
mm_0040043,FLAN-T5-XXL,generative,0.43067655807339306,0.0,4,2.0
mm_0040043,FLAN-T5-base,generative,-0.0,0.0,4,1.0
mm_0041012,BioMistral-7B,generative,0.43067655807339306,0.0,4,2.0
mm_0041012,FLAN-T5-XXL,generative,0.43067655807339306,0.0,4,2.0
mm_0041012,FLAN-T5-base,generative,0.43067655807339306,0.0,4,2.0
mm_0041160,BioMistral-7B,generative,0.683310763089587,0.0,6,4.0
mm_0041160,FLAN-T5-XXL,generative,0.5197589750988045,0.0,6,3.0
mm_0041160,FLAN-T5-base,generative,0.5645750340535796,0.0,6,3.0
mm_0041463,BioMistral-7B,generative,0.43067655807339306,1.0,4,2.0
mm_0041463,FLAN-T5-XXL,generative,0.43067655807339306,0.5,4,2.0
mm_0041463,FLAN-T5-base,generative,-0.0,0.0,4,1.0
mm_0042594,BioMistral-7B,generative,0.8613531161467861,1.0,4,4.0
mm_0042594,FLAN-T5-XXL,generative,-0.0,0.0,4,1.0
mm_0042594,FLAN-T5-base,generative,0.8613531161467861,0.0,4,4.0
mm_0042711,BioMistral-7B,generative,0.7435032788101106,0.8,5,4.0
mm_0042711,FLAN-T5-XXL,generative,-0.0,0.0,5,1.0
mm_0042711,FLAN-T5-base,generative,-0.0,0.0,5,1.0
mm_0043168,BioMistral-7B,generative,0.43067655807339306,0.0,4,2.0
mm_0043168,FLAN-T5-XXL,generative,0.43067655807339306,0.0,4,2.0
mm_0043168,FLAN-T5-base,generative,-0.0,0.0,4,1.0
mm_0043171,BioMistral-7B,generative,0.6460148371100897,0.0,4,3.0
mm_0043171,FLAN-T5-XXL,generative,0.43067655807339306,0.0,4,2.0
mm_0043171,FLAN-T5-base,generative,-0.0,0.0,4,1.0
mm_0043706,BioMistral-7B,generative,0.43067655807339306,0.0,4,2.0
mm_0043706,FLAN-T5-XXL,generative,-0.0,0.0,4,1.0
mm_0043706,FLAN-T5-base,generative,-0.0,0.0,4,1.0
mm_0043796,BioMistral-7B,generative,0.5645750340535796,1.0,6,3.0
mm_0043796,FLAN-T5-XXL,generative,-0.0,0.0,6,1.0
mm_0043796,FLAN-T5-base,generative,-0.0,0.0,6,1.0
mm_0044023,BioMistral-7B,generative,0.6460148371100897,0.5,4,3.0
mm_0044023,FLAN-T5-XXL,generative,0.43067655807339306,0.5,4,2.0
mm_0044023,FLAN-T5-base,generative,0.43067655807339306,0.5,4,2.0
mm_0044396,BioMistral-7B,generative,0.840546878781106,1.0,7,6.0
mm_0044396,FLAN-T5-XXL,generative,-0.0,0.0,7,1.0
mm_0044396,FLAN-T5-base,generative,-0.0,1.0,7,1.0
mm_0044768,BioMistral-7B,generative,0.7097959727678896,0.75,8,5.0
mm_0044768,FLAN-T5-XXL,generative,0.31546487678572877,1.0,8,2.0
mm_0044768,FLAN-T5-base,generative,0.2559297535714574,0.25,8,2.0
mm_0044841,BioMistral-7B,generative,0.43067655807339306,0.0,4,2.0
mm_0044841,FLAN-T5-XXL,generative,-0.0,0.0,4,1.0
mm_0044841,FLAN-T5-base,generative,-0.0,0.0,4,1.0
mm_0045375,BioMistral-7B,generative,0.6460148371100897,1.0,4,3.0
mm_0045375,FLAN-T5-XXL,generative,0.43067655807339306,0.0,4,2.0
mm_0045375,FLAN-T5-base,generative,0.34939847028229715,0.0,4,2.0
mm_0045468,BioMistral-7B,generative,0.6309297535714575,0.75,8,4.0
mm_0045468,FLAN-T5-XXL,generative,0.30109040513283397,0.0,8,2.0
mm_0045468,FLAN-T5-base,generative,-0.0,0.0,8,1.0
mm_0045515,BioMistral-7B,generative,0.6309297535714575,1.0,2,2.0
mm_0045515,FLAN-T5-XXL,generative,-0.0,0.0,2,1.0
mm_0045515,FLAN-T5-base,generative,-0.0,0.0,2,1.0
mm_0045985,BioMistral-7B,generative,0.8020464921255943,1.0,6,5.0
mm_0045985,FLAN-T5-XXL,generative,0.3271035759815648,0.0,6,2.0
mm_0045985,FLAN-T5-base,generative,0.3271035759815648,0.0,6,2.0
mm_0046898,BioMistral-7B,generative,0.683310763089587,0.0,6,4.0
mm_0046898,FLAN-T5-XXL,generative,0.3271035759815648,0.0,6,2.0
mm_0046898,FLAN-T5-base,generative,0.5645750340535796,0.0,6,3.0
mm_0046915,BioMistral-7B,generative,0.7453087835430107,0.7142857142857143,7,5.0
mm_0046915,FLAN-T5-XXL,generative,0.6141236643923694,0.2857142857142857,7,4.0
mm_0046915,FLAN-T5-base,generative,0.48293854524172825,0.0,7,3.0
mm_0047129,BioMistral-7B,generative,0.43067655807339306,0.0,4,2.0
mm_0047129,FLAN-T5-XXL,generative,-0.0,1.0,4,1.0
mm_0047129,FLAN-T5-base,generative,-0.0,1.0,4,1.0
mm_0047994,BioMistral-7B,generative,0.683310763089587,1.0,6,4.0
mm_0047994,FLAN-T5-XXL,generative,-0.0,1.0,6,1.0
mm_0047994,FLAN-T5-base,generative,-0.0,0.0,6,1.0
mm_0048041,BioMistral-7B,generative,0.7886621919643219,0.0,8,6.0
mm_0048041,FLAN-T5-XXL,generative,0.30109040513283397,0.0,8,2.0
mm_0048041,FLAN-T5-base,generative,-0.0,0.0,8,1.0
mm_0048064,BioMistral-7B,generative,0.7435032788101106,1.0,5,4.0
mm_0048064,FLAN-T5-XXL,generative,0.27927991012866066,0.0,5,2.0
mm_0048064,FLAN-T5-base,generative,0.5887621559162939,0.4,5,3.0
mm_0048140,BioMistral-7B,generative,0.683310763089587,0.0,6,4.0
mm_0048140,FLAN-T5-XXL,generative,0.5645750340535796,0.0,6,3.0
mm_0048140,FLAN-T5-base,generative,0.3271035759815648,0.0,6,2.0
mm_0048285,BioMistral-7B,generative,0.683310763089587,1.0,6,4.0
mm_0048285,FLAN-T5-XXL,generative,0.3562071871080222,0.5,6,2.0
mm_0048285,FLAN-T5-base,generative,0.5645750340535796,0.3333333333333333,6,3.0
mm_0048307,BioMistral-7B,generative,0.6460148371100897,0.0,4,3.0
mm_0048307,FLAN-T5-XXL,generative,0.43067655807339306,0.0,4,2.0
mm_0048307,FLAN-T5-base,generative,0.34939847028229715,0.0,4,2.0
mm_0048417,BioMistral-7B,generative,0.683310763089587,0.0,6,4.0
mm_0048417,FLAN-T5-XXL,generative,-0.0,0.0,6,1.0
mm_0048417,FLAN-T5-base,generative,-0.0,0.0,6,1.0
mm_0048521,BioMistral-7B,generative,0.8020464921255943,1.0,6,5.0
mm_0048521,FLAN-T5-XXL,generative,0.23154265837250496,0.0,6,2.0
mm_0048521,FLAN-T5-base,generative,0.23154265837250496,0.0,6,2.0
mm_0048655,BioMistral-7B,generative,0.683310763089587,0.0,6,4.0
mm_0048655,FLAN-T5-XXL,generative,0.23154265837250496,0.0,6,2.0
mm_0048655,FLAN-T5-base,generative,-0.0,0.0,6,1.0
mm_0049641,BioMistral-7B,generative,0.7886621919643219,0.5,8,6.0
mm_0049641,FLAN-T5-XXL,generative,0.31546487678572877,0.0,8,2.0
mm_0049641,FLAN-T5-base,generative,0.33479597276788964,0.0,8,3.0
mm_0049934,BioMistral-7B,generative,0.5887621559162939,0.0,5,3.0
mm_0049934,FLAN-T5-XXL,generative,-0.0,0.0,5,1.0
mm_0049934,FLAN-T5-base,generative,0.5887621559162939,0.0,5,3.0
mm_0050267,BioMistral-7B,generative,0.43067655807339306,0.0,4,2.0
mm_0050267,FLAN-T5-XXL,generative,-0.0,0.0,4,1.0
mm_0050267,FLAN-T5-base,generative,-0.0,0.0,4,1.0
mm_0050288,BioMistral-7B,generative,0.8613531161467861,1.0,4,4.0
mm_0050288,FLAN-T5-XXL,generative,0.34939847028229715,1.0,4,2.0
mm_0050288,FLAN-T5-base,generative,0.43067655807339306,0.0,4,2.0
mm_0050295,BioMistral-7B,generative,0.683310763089587,0.3333333333333333,6,4.0
mm_0050295,FLAN-T5-XXL,generative,0.3271035759815648,0.3333333333333333,6,2.0
mm_0050295,FLAN-T5-base,generative,0.3271035759815648,0.0,6,2.0
mm_0050616,BioMistral-7B,generative,0.6460148371100897,0.0,4,3.0
mm_0050616,FLAN-T5-XXL,generative,0.43067655807339306,0.0,4,2.0
mm_0050616,FLAN-T5-base,generative,0.34939847028229715,0.0,4,2.0
mm_0051003,BioMistral-7B,generative,0.4591479170272448,0.0,3,2.0
mm_0051003,FLAN-T5-XXL,generative,0.4591479170272448,0.0,3,2.0
mm_0051003,FLAN-T5-base,generative,0.4591479170272448,0.0,3,2.0
mm_0051285,BioMistral-7B,generative,0.43067655807339306,0.0,4,2.0
mm_0051285,FLAN-T5-XXL,generative,-0.0,0.0,4,1.0
mm_0051285,FLAN-T5-base,generative,0.34939847028229715,0.0,4,2.0
mm_0051763,BioMistral-7B,generative,0.7435032788101106,0.8,5,4.0
mm_0051763,FLAN-T5-XXL,generative,-0.0,1.0,5,1.0
mm_0051763,FLAN-T5-base,generative,0.5303560860446522,0.6,5,3.0
mm_0052038,BioMistral-7B,generative,0.43067655807339306,1.0,4,2.0
mm_0052038,FLAN-T5-XXL,generative,0.43067655807339306,0.0,4,2.0
mm_0052038,FLAN-T5-base,generative,-0.0,0.0,4,1.0
mm_0052088,BioMistral-7B,generative,0.43067655807339306,0.0,4,2.0
mm_0052088,FLAN-T5-XXL,generative,0.43067655807339306,0.5,4,2.0
mm_0052088,FLAN-T5-base,generative,-0.0,0.0,4,1.0
mm_0052329,BioMistral-7B,generative,0.6460148371100897,0.0,4,3.0
mm_0052329,FLAN-T5-XXL,generative,0.34939847028229715,0.0,4,2.0
mm_0052329,FLAN-T5-base,generative,0.43067655807339306,0.0,4,2.0
mm_0052571,BioMistral-7B,generative,0.43067655807339306,0.0,4,2.0
mm_0052571,FLAN-T5-XXL,generative,-0.0,0.0,4,1.0
mm_0052571,FLAN-T5-base,generative,0.43067655807339306,0.0,4,2.0
mm_0052672,BioMistral-7B,generative,0.6460148371100897,0.0,4,3.0
mm_0052672,FLAN-T5-XXL,generative,0.43067655807339306,0.0,4,2.0
mm_0052672,FLAN-T5-base,generative,-0.0,0.0,4,1.0
mm_0052800,BioMistral-7B,generative,0.840546878781106,0.0,7,6.0
mm_0052800,FLAN-T5-XXL,generative,0.45959449782872513,0.0,7,3.0
mm_0052800,FLAN-T5-base,generative,-0.0,0.0,7,1.0
mm_0053229,BioMistral-7B,generative,0.5645750340535796,0.6666666666666666,6,3.0
mm_0053229,FLAN-T5-XXL,generative,-0.0,0.0,6,1.0
mm_0053229,FLAN-T5-base,generative,-0.0,0.0,6,1.0
mm_0053650,BioMistral-7B,generative,0.8020464921255943,1.0,6,5.0
mm_0053650,FLAN-T5-XXL,generative,0.5197589750988045,0.0,6,3.0
mm_0053650,FLAN-T5-base,generative,-0.0,0.0,6,1.0
mm_0054625,BioMistral-7B,generative,0.6460148371100897,1.0,4,3.0
mm_0054625,FLAN-T5-XXL,generative,-0.0,0.0,4,1.0
mm_0054625,FLAN-T5-base,generative,-0.0,0.0,4,1.0
mm_0054752,BioMistral-7B,generative,0.5887621559162939,1.0,5,3.0
mm_0054752,FLAN-T5-XXL,generative,-0.0,0.0,5,1.0
mm_0054752,FLAN-T5-base,generative,-0.0,1.0,5,1.0
mm_0055204,BioMistral-7B,generative,0.43067655807339306,0.0,4,2.0
mm_0055204,FLAN-T5-XXL,generative,0.34939847028229715,0.0,4,2.0
mm_0055204,FLAN-T5-base,generative,0.43067655807339306,0.5,4,2.0
mm_0055255,BioMistral-7B,generative,0.43067655807339306,0.5,4,2.0
mm_0055255,FLAN-T5-XXL,generative,-0.0,0.0,4,1.0
mm_0055255,FLAN-T5-base,generative,0.43067655807339306,0.0,4,2.0
mm_0055392,BioMistral-7B,generative,0.7435032788101106,0.0,5,4.0
mm_0055392,FLAN-T5-XXL,generative,0.5303560860446522,0.2,5,3.0
mm_0055392,FLAN-T5-base,generative,-0.0,0.0,5,1.0
mm_0055918,BioMistral-7B,generative,0.683310763089587,1.0,6,4.0
mm_0055918,FLAN-T5-XXL,generative,0.23154265837250496,0.0,6,2.0
mm_0055918,FLAN-T5-base,generative,0.5197589750988045,0.0,6,3.0
mm_0056003,BioMistral-7B,generative,0.6309297535714575,0.75,8,4.0
mm_0056003,FLAN-T5-XXL,generative,0.40972418593640175,0.0,8,3.0
mm_0056003,FLAN-T5-base,generative,0.7097959727678896,0.125,8,5.0
mm_0056292,BioMistral-7B,generative,0.6460148371100897,0.5,4,3.0
mm_0056292,FLAN-T5-XXL,generative,-0.0,0.0,4,1.0
mm_0056292,FLAN-T5-base,generative,-0.0,0.0,4,1.0
mm_0056538,BioMistral-7B,generative,0.43067655807339306,0.0,4,2.0
mm_0056538,FLAN-T5-XXL,generative,-0.0,0.0,4,1.0
mm_0056538,FLAN-T5-base,generative,-0.0,0.0,4,1.0
mm_0056765,BioMistral-7B,generative,0.4591479170272448,1.0,3,2.0
mm_0056765,FLAN-T5-XXL,generative,0.4591479170272448,0.0,3,2.0
mm_0056765,FLAN-T5-base,generative,-0.0,0.0,3,1.0
mm_0056831,BioMistral-7B,generative,0.5645750340535796,1.0,6,3.0
mm_0056831,FLAN-T5-XXL,generative,-0.0,0.0,6,1.0
mm_0056831,FLAN-T5-base,generative,-0.0,0.0,6,1.0
mm_0056989,BioMistral-7B,generative,0.6309297535714575,1.0,2,2.0
mm_0056989,FLAN-T5-XXL,generative,0.6309297535714575,0.0,2,2.0
mm_0056989,FLAN-T5-base,generative,-0.0,0.0,2,1.0
mm_0057315,BioMistral-7B,generative,0.683310763089587,0.0,6,4.0
mm_0057315,FLAN-T5-XXL,generative,0.5197589750988045,0.0,6,3.0
mm_0057315,FLAN-T5-base,generative,0.3271035759815648,0.0,6,2.0
mm_0057579,BioMistral-7B,generative,0.43067655807339306,0.0,4,2.0
mm_0057579,FLAN-T5-XXL,generative,-0.0,0.0,4,1.0
mm_0057579,FLAN-T5-base,generative,0.43067655807339306,0.0,4,2.0
mm_0057675,BioMistral-7B,generative,0.5887621559162939,0.0,5,3.0
mm_0057675,FLAN-T5-XXL,generative,-0.0,0.0,5,1.0
mm_0057675,FLAN-T5-base,generative,0.5887621559162939,0.0,5,3.0
mm_0057822,BioMistral-7B,generative,0.5887621559162939,0.0,5,3.0
mm_0057822,FLAN-T5-XXL,generative,0.3756149631508355,0.0,5,2.0
mm_0057822,FLAN-T5-base,generative,0.27927991012866066,0.0,5,2.0
mm_0057864,BioMistral-7B,generative,0.683310763089587,0.6666666666666666,6,4.0
mm_0057864,FLAN-T5-XXL,generative,0.683310763089587,0.0,6,4.0
mm_0057864,FLAN-T5-base,generative,-0.0,0.0,6,1.0
mm_0057927,BioMistral-7B,generative,-0.0,0.0,2,1.0
mm_0057927,FLAN-T5-XXL,generative,-0.0,0.0,2,1.0
mm_0057927,FLAN-T5-base,generative,-0.0,0.0,2,1.0
mm_0058271,BioMistral-7B,generative,0.5197589750988045,1.0,6,3.0
mm_0058271,FLAN-T5-XXL,generative,0.3271035759815648,0.3333333333333333,6,2.0
mm_0058271,FLAN-T5-base,generative,0.23154265837250496,0.0,6,2.0
mm_0058376,BioMistral-7B,generative,0.5645750340535796,0.0,6,3.0
mm_0058376,FLAN-T5-XXL,generative,-0.0,0.0,6,1.0
mm_0058376,FLAN-T5-base,generative,0.23154265837250496,0.0,6,2.0
mm_0059412,BioMistral-7B,generative,0.683310763089587,0.6666666666666666,6,4.0
mm_0059412,FLAN-T5-XXL,generative,-0.0,0.0,6,1.0
mm_0059412,FLAN-T5-base,generative,0.5197589750988045,0.0,6,3.0
mm_0060247,BioMistral-7B,generative,0.5887621559162939,0.2,5,3.0
mm_0060247,FLAN-T5-XXL,generative,-0.0,0.0,5,1.0
mm_0060247,FLAN-T5-base,generative,-0.0,0.0,5,1.0
mm_0061241,BioMistral-7B,generative,0.8613531161467861,1.0,4,4.0
mm_0061241,FLAN-T5-XXL,generative,-0.0,0.0,4,1.0
mm_0061241,FLAN-T5-base,generative,-0.0,0.0,4,1.0
mm_0061265,BioMistral-7B,generative,-0.0,0.0,2,1.0
mm_0061265,FLAN-T5-XXL,generative,-0.0,0.0,2,1.0
mm_0061265,FLAN-T5-base,generative,-0.0,0.0,2,1.0
mm_0061747,BioMistral-7B,generative,0.6500706883049155,0.0,7,4.0
mm_0061747,FLAN-T5-XXL,generative,-0.0,0.0,7,1.0
mm_0061747,FLAN-T5-base,generative,0.287706856188877,0.0,7,2.0
mm_0061750,BioMistral-7B,generative,0.683310763089587,1.0,6,4.0
mm_0061750,FLAN-T5-XXL,generative,0.5197589750988045,0.0,6,3.0
mm_0061750,FLAN-T5-base,generative,-0.0,0.0,6,1.0
mm_0062167,BioMistral-7B,generative,0.5645750340535796,0.0,6,3.0
mm_0062167,FLAN-T5-XXL,generative,0.5645750340535796,0.0,6,3.0
mm_0062167,FLAN-T5-base,generative,0.3271035759815648,0.0,6,2.0
mm_0062391,BioMistral-7B,generative,0.683310763089587,0.5,6,4.0
mm_0062391,FLAN-T5-XXL,generative,-0.0,1.0,6,1.0
mm_0062391,FLAN-T5-base,generative,-0.0,0.0,6,1.0
mm_0062397,BioMistral-7B,generative,0.43067655807339306,0.0,4,2.0
mm_0062397,FLAN-T5-XXL,generative,-0.0,0.0,4,1.0
mm_0062397,FLAN-T5-base,generative,-0.0,0.0,4,1.0
mm_0062407,BioMistral-7B,generative,0.7097959727678896,0.0,8,5.0
mm_0062407,FLAN-T5-XXL,generative,0.2559297535714574,0.0,8,2.0
mm_0062407,FLAN-T5-base,generative,0.2559297535714574,0.0,8,2.0
mm_0062793,BioMistral-7B,generative,0.5887621559162939,0.0,5,3.0
mm_0062793,FLAN-T5-XXL,generative,0.3756149631508355,0.0,5,2.0
mm_0062793,FLAN-T5-base,generative,0.3756149631508355,0.0,5,2.0
mm_0063726,BioMistral-7B,generative,0.7097959727678896,0.5,8,5.0
mm_0063726,FLAN-T5-XXL,generative,0.2559297535714574,0.75,8,2.0
mm_0063726,FLAN-T5-base,generative,-0.0,1.0,8,1.0
mm_0063933,BioMistral-7B,generative,0.6460148371100897,0.5,4,3.0
mm_0063933,FLAN-T5-XXL,generative,0.6460148371100897,0.75,4,3.0
mm_0063933,FLAN-T5-base,generative,0.43067655807339306,0.5,4,2.0
mm_0064130,BioMistral-7B,generative,0.6460148371100897,1.0,4,3.0
mm_0064130,FLAN-T5-XXL,generative,-0.0,0.0,4,1.0
mm_0064130,FLAN-T5-base,generative,0.43067655807339306,0.0,4,2.0
mm_0064287,BioMistral-7B,generative,0.8613531161467861,0.5,4,4.0
mm_0064287,FLAN-T5-XXL,generative,0.6460148371100897,0.0,4,3.0
mm_0064287,FLAN-T5-base,generative,0.6460148371100897,0.0,4,3.0
mm_0064516,BioMistral-7B,generative,0.683310763089587,0.16666666666666666,6,4.0
mm_0064516,FLAN-T5-XXL,generative,-0.0,0.0,6,1.0
mm_0064516,FLAN-T5-base,generative,0.4458393050175722,0.16666666666666666,6,3.0
mm_0064558,BioMistral-7B,generative,0.6460148371100897,1.0,4,3.0
mm_0064558,FLAN-T5-XXL,generative,0.34939847028229715,0.0,4,2.0
mm_0064558,FLAN-T5-base,generative,0.6460148371100897,0.0,4,3.0
mm_0064655,BioMistral-7B,generative,0.43067655807339306,0.0,4,2.0
mm_0064655,FLAN-T5-XXL,generative,-0.0,0.0,4,1.0
mm_0064655,FLAN-T5-base,generative,-0.0,0.0,4,1.0
mm_0064801,BioMistral-7B,generative,0.43067655807339306,0.5,4,2.0
mm_0064801,FLAN-T5-XXL,generative,0.43067655807339306,0.5,4,2.0
mm_0064801,FLAN-T5-base,generative,-0.0,0.0,4,1.0
mm_0065160,BioMistral-7B,generative,0.6500706883049155,0.14285714285714285,7,4.0
mm_0065160,FLAN-T5-XXL,generative,0.287706856188877,0.0,7,2.0
mm_0065160,FLAN-T5-base,generative,0.287706856188877,0.0,7,2.0
mm_0065470,BioMistral-7B,generative,0.5645750340535796,0.6666666666666666,6,3.0
mm_0065470,FLAN-T5-XXL,generative,0.5645750340535796,0.6666666666666666,6,3.0
mm_0065470,FLAN-T5-base,generative,0.5645750340535796,0.3333333333333333,6,3.0
mm_0065651,BioMistral-7B,generative,0.43067655807339306,0.0,4,2.0
mm_0065651,FLAN-T5-XXL,generative,-0.0,0.0,4,1.0
mm_0065651,FLAN-T5-base,generative,-0.0,0.0,4,1.0
mm_0065820,BioMistral-7B,generative,0.5645750340535796,1.0,6,3.0
mm_0065820,FLAN-T5-XXL,generative,0.3271035759815648,0.0,6,2.0
mm_0065820,FLAN-T5-base,generative,0.3271035759815648,0.0,6,2.0
mm_0067336,BioMistral-7B,generative,0.8020464921255943,0.6666666666666666,6,5.0
mm_0067336,FLAN-T5-XXL,generative,0.3271035759815648,0.6666666666666666,6,2.0
mm_0067336,FLAN-T5-base,generative,-0.0,0.0,6,1.0
mm_0067846,BioMistral-7B,generative,0.43067655807339306,0.5,4,2.0
mm_0067846,FLAN-T5-XXL,generative,-0.0,0.0,4,1.0
mm_0067846,FLAN-T5-base,generative,-0.0,1.0,4,1.0
mm_0067855,BioMistral-7B,generative,0.6460148371100897,1.0,4,3.0
mm_0067855,FLAN-T5-XXL,generative,-0.0,1.0,4,1.0
mm_0067855,FLAN-T5-base,generative,-0.0,1.0,4,1.0
mm_0067918,BioMistral-7B,generative,0.6460148371100897,0.0,4,3.0
mm_0067918,FLAN-T5-XXL,generative,0.43067655807339306,0.0,4,2.0
mm_0067918,FLAN-T5-base,generative,-0.0,0.0,4,1.0
mm_0068072,BioMistral-7B,generative,0.8020464921255943,0.16666666666666666,6,5.0
mm_0068072,FLAN-T5-XXL,generative,0.23154265837250496,0.0,6,2.0
mm_0068072,FLAN-T5-base,generative,0.23154265837250496,0.0,6,2.0
mm_0068158,BioMistral-7B,generative,0.43067655807339306,0.5,4,2.0
mm_0068158,FLAN-T5-XXL,generative,-0.0,0.0,4,1.0
mm_0068158,FLAN-T5-base,generative,0.6460148371100897,0.0,4,3.0
mm_0068247,BioMistral-7B,generative,0.6500706883049155,0.0,7,4.0
mm_0068247,FLAN-T5-XXL,generative,-0.0,0.0,7,1.0
mm_0068247,FLAN-T5-base,generative,0.32840937867808384,0.0,7,2.0
mm_0068940,BioMistral-7B,generative,0.8613531161467861,0.5,4,4.0
mm_0068940,FLAN-T5-XXL,generative,0.34939847028229715,0.0,4,2.0
mm_0068940,FLAN-T5-base,generative,0.6460148371100897,0.0,4,3.0
mm_0069162,BioMistral-7B,generative,0.43067655807339306,0.5,4,2.0
mm_0069162,FLAN-T5-XXL,generative,0.43067655807339306,0.5,4,2.0
mm_0069162,FLAN-T5-base,generative,0.43067655807339306,0.0,4,2.0
mm_0069838,BioMistral-7B,generative,0.43067655807339306,0.0,4,2.0
mm_0069838,FLAN-T5-XXL,generative,0.43067655807339306,0.0,4,2.0
mm_0069838,FLAN-T5-base,generative,0.6460148371100897,0.0,4,3.0
mm_0070124,BioMistral-7B,generative,0.683310763089587,0.0,6,4.0
mm_0070124,FLAN-T5-XXL,generative,0.23154265837250496,0.0,6,2.0
mm_0070124,FLAN-T5-base,generative,-0.0,0.0,6,1.0
mm_0071254,BioMistral-7B,generative,0.683310763089587,0.0,6,4.0
mm_0071254,FLAN-T5-XXL,generative,0.3271035759815648,0.0,6,2.0
mm_0071254,FLAN-T5-base,generative,0.5645750340535796,0.0,6,3.0
mm_0071441,BioMistral-7B,generative,0.683310763089587,0.0,6,4.0
mm_0071441,FLAN-T5-XXL,generative,-0.0,0.0,6,1.0
mm_0071441,FLAN-T5-base,generative,0.3562071871080222,0.0,6,2.0
mm_0071546,BioMistral-7B,generative,0.43067655807339306,1.0,4,2.0
mm_0071546,FLAN-T5-XXL,generative,0.43067655807339306,0.5,4,2.0
mm_0071546,FLAN-T5-base,generative,0.43067655807339306,0.5,4,2.0
mm_0072049,BioMistral-7B,generative,0.8020464921255943,0.8333333333333334,6,5.0
mm_0072049,FLAN-T5-XXL,generative,0.23154265837250496,0.0,6,2.0
mm_0072049,FLAN-T5-base,generative,-0.0,0.0,6,1.0
mm_0073575,BioMistral-7B,generative,-0.0,1.0,2,1.0
mm_0073575,FLAN-T5-XXL,generative,-0.0,1.0,2,1.0
mm_0073575,FLAN-T5-base,generative,-0.0,1.0,2,1.0
mm_0074294,BioMistral-7B,generative,0.6460148371100897,1.0,4,3.0
mm_0074294,FLAN-T5-XXL,generative,-0.0,1.0,4,1.0
mm_0074294,FLAN-T5-base,generative,-0.0,0.0,4,1.0
mm_0074383,BioMistral-7B,generative,0.6500706883049155,0.0,7,4.0
mm_0074383,FLAN-T5-XXL,generative,0.287706856188877,0.0,7,2.0
mm_0074383,FLAN-T5-base,generative,0.287706856188877,0.0,7,2.0
mm_0074570,BioMistral-7B,generative,0.8020464921255943,0.8333333333333334,6,5.0
mm_0074570,FLAN-T5-XXL,generative,0.3271035759815648,0.3333333333333333,6,2.0
mm_0074570,FLAN-T5-base,generative,-0.0,0.0,6,1.0
mm_0075268,BioMistral-7B,generative,0.6309297535714575,1.0,2,2.0
mm_0075268,FLAN-T5-XXL,generative,-0.0,0.0,2,1.0
mm_0075268,FLAN-T5-base,generative,0.6309297535714575,0.0,2,2.0
mm_0075358,BioMistral-7B,generative,0.6309297535714575,1.0,2,2.0
mm_0075358,FLAN-T5-XXL,generative,-0.0,1.0,2,1.0
mm_0075358,FLAN-T5-base,generative,-0.0,0.0,2,1.0
mm_0075901,BioMistral-7B,generative,0.43067655807339306,1.0,4,2.0
mm_0075901,FLAN-T5-XXL,generative,-0.0,0.0,4,1.0
mm_0075901,FLAN-T5-base,generative,0.43067655807339306,0.0,4,2.0
mm_0076241,BioMistral-7B,generative,0.6460148371100897,1.0,4,3.0
mm_0076241,FLAN-T5-XXL,generative,-0.0,0.0,4,1.0
mm_0076241,FLAN-T5-base,generative,-0.0,0.0,4,1.0
mm_0076632,BioMistral-7B,generative,0.43067655807339306,0.0,4,2.0
mm_0076632,FLAN-T5-XXL,generative,-0.0,0.0,4,1.0
mm_0076632,FLAN-T5-base,generative,-0.0,0.0,4,1.0
mm_0076906,BioMistral-7B,generative,0.43067655807339306,0.0,4,2.0
mm_0076906,FLAN-T5-XXL,generative,0.34939847028229715,0.0,4,2.0
mm_0076906,FLAN-T5-base,generative,0.34939847028229715,0.0,4,2.0
mm_0076909,BioMistral-7B,generative,0.43067655807339306,0.0,4,2.0
mm_0076909,FLAN-T5-XXL,generative,-0.0,1.0,4,1.0
mm_0076909,FLAN-T5-base,generative,-0.0,1.0,4,1.0
mm_0077174,BioMistral-7B,generative,0.6460148371100897,1.0,4,3.0
mm_0077174,FLAN-T5-XXL,generative,-0.0,0.0,4,1.0
mm_0077174,FLAN-T5-base,generative,-0.0,0.0,4,1.0
mm_0077299,BioMistral-7B,generative,0.6309297535714575,0.75,8,4.0
mm_0077299,FLAN-T5-XXL,generative,-0.0,0.0,8,1.0
mm_0077299,FLAN-T5-base,generative,0.2559297535714574,0.25,8,2.0
mm_0077820,BioMistral-7B,generative,0.5645750340535796,0.0,6,3.0
mm_0077820,FLAN-T5-XXL,generative,0.3271035759815648,0.0,6,2.0
mm_0077820,FLAN-T5-base,generative,0.3271035759815648,0.0,6,2.0
mm_0078429,BioMistral-7B,generative,0.8020464921255943,0.0,6,5.0
mm_0078429,FLAN-T5-XXL,generative,-0.0,0.0,6,1.0
mm_0078429,FLAN-T5-base,generative,0.4458393050175722,0.0,6,3.0
mm_0079961,BioMistral-7B,generative,0.4591479170272448,0.0,3,2.0
mm_0079961,FLAN-T5-XXL,generative,-0.0,0.0,3,1.0
mm_0079961,FLAN-T5-base,generative,0.4591479170272448,0.0,3,2.0
mm_0080286,BioMistral-7B,generative,0.5645750340535796,1.0,6,3.0
mm_0080286,FLAN-T5-XXL,generative,0.23154265837250496,0.0,6,2.0
mm_0080286,FLAN-T5-base,generative,0.23154265837250496,0.0,6,2.0
mm_0080484,BioMistral-7B,generative,0.6309297535714575,1.0,2,2.0
mm_0080484,FLAN-T5-XXL,generative,-0.0,1.0,2,1.0
mm_0080484,FLAN-T5-base,generative,-0.0,0.0,2,1.0
mm_0080783,BioMistral-7B,generative,-0.0,0.0,2,1.0
mm_0080783,FLAN-T5-XXL,generative,-0.0,0.0,2,1.0
mm_0080783,FLAN-T5-base,generative,-0.0,0.0,2,1.0
mm_0080797,BioMistral-7B,generative,0.683310763089587,0.0,6,4.0
mm_0080797,FLAN-T5-XXL,generative,-0.0,0.0,6,1.0
mm_0080797,FLAN-T5-base,generative,0.683310763089587,0.0,6,4.0
mm_0080962,BioMistral-7B,generative,0.43067655807339306,1.0,4,2.0
mm_0080962,FLAN-T5-XXL,generative,-0.0,0.0,4,1.0
mm_0080962,FLAN-T5-base,generative,-0.0,0.0,4,1.0
mm_0081397,BioMistral-7B,generative,0.5887621559162939,0.4,5,3.0
mm_0081397,FLAN-T5-XXL,generative,0.3756149631508355,0.6,5,2.0
mm_0081397,FLAN-T5-base,generative,0.5887621559162939,0.4,5,3.0
mm_0081697,BioMistral-7B,generative,0.683310763089587,1.0,6,4.0
mm_0081697,FLAN-T5-XXL,generative,-0.0,1.0,6,1.0
mm_0081697,FLAN-T5-base,generative,-0.0,1.0,6,1.0
mm_0081867,BioMistral-7B,generative,0.43067655807339306,0.0,4,2.0
mm_0081867,FLAN-T5-XXL,generative,-0.0,0.0,4,1.0
mm_0081867,FLAN-T5-base,generative,0.43067655807339306,0.0,4,2.0
mm_0081928,BioMistral-7B,generative,0.6309297535714575,1.0,2,2.0
mm_0081928,FLAN-T5-XXL,generative,-0.0,0.0,2,1.0
mm_0081928,FLAN-T5-base,generative,-0.0,0.0,2,1.0
mm_0082339,BioMistral-7B,generative,0.4591479170272448,0.0,3,2.0
mm_0082339,FLAN-T5-XXL,generative,-0.0,0.0,3,1.0
mm_0082339,FLAN-T5-base,generative,-0.0,0.0,3,1.0
mm_0082433,BioMistral-7B,generative,0.5887621559162939,0.0,5,3.0
mm_0082433,FLAN-T5-XXL,generative,0.27927991012866066,0.8,5,2.0
mm_0082433,FLAN-T5-base,generative,-0.0,1.0,5,1.0
mm_0082670,BioMistral-7B,generative,0.7097959727678896,0.0,8,5.0
mm_0082670,FLAN-T5-XXL,generative,0.6309297535714575,0.0,8,4.0
mm_0082670,FLAN-T5-base,generative,-0.0,0.0,8,1.0
mm_0082839,BioMistral-7B,generative,0.6460148371100897,1.0,4,3.0
mm_0082839,FLAN-T5-XXL,generative,-0.0,1.0,4,1.0
mm_0082839,FLAN-T5-base,generative,-0.0,0.0,4,1.0
mm_0083256,BioMistral-7B,generative,-0.0,1.0,2,1.0
mm_0083256,FLAN-T5-XXL,generative,-0.0,0.0,2,1.0
mm_0083256,FLAN-T5-base,generative,-0.0,0.0,2,1.0
mm_0083513,BioMistral-7B,generative,0.8020464921255943,0.6666666666666666,6,5.0
mm_0083513,FLAN-T5-XXL,generative,-0.0,0.0,6,1.0
mm_0083513,FLAN-T5-base,generative,0.3271035759815648,0.0,6,2.0
mm_0084175,BioMistral-7B,generative,0.43067655807339306,1.0,4,2.0
mm_0084175,FLAN-T5-XXL,generative,-0.0,0.0,4,1.0
mm_0084175,FLAN-T5-base,generative,-0.0,0.0,4,1.0
mm_0085078,BioMistral-7B,generative,0.6460148371100897,1.0,4,3.0
mm_0085078,FLAN-T5-XXL,generative,-0.0,0.0,4,1.0
mm_0085078,FLAN-T5-base,generative,-0.0,0.0,4,1.0
mm_0085233,BioMistral-7B,generative,0.5645750340535796,1.0,6,3.0
mm_0085233,FLAN-T5-XXL,generative,-0.0,0.0,6,1.0
mm_0085233,FLAN-T5-base,generative,0.23154265837250496,0.0,6,2.0
mm_0085369,BioMistral-7B,generative,0.683310763089587,1.0,6,4.0
mm_0085369,FLAN-T5-XXL,generative,-0.0,0.0,6,1.0
mm_0085369,FLAN-T5-base,generative,0.3271035759815648,0.0,6,2.0
mm_0085517,BioMistral-7B,generative,0.6500706883049155,1.0,7,4.0
mm_0085517,FLAN-T5-XXL,generative,0.45959449782872513,0.0,7,3.0
mm_0085517,FLAN-T5-base,generative,0.287706856188877,0.0,7,2.0
mm_0086300,BioMistral-7B,generative,0.683310763089587,0.6666666666666666,6,4.0
mm_0086300,FLAN-T5-XXL,generative,0.23154265837250496,0.0,6,2.0
mm_0086300,FLAN-T5-base,generative,0.3562071871080222,0.0,6,2.0
mm_0086642,BioMistral-7B,generative,0.43067655807339306,0.0,4,2.0
mm_0086642,FLAN-T5-XXL,generative,0.43067655807339306,0.0,4,2.0
mm_0086642,FLAN-T5-base,generative,0.43067655807339306,0.5,4,2.0
mm_0086753,BioMistral-7B,generative,0.683310763089587,0.3333333333333333,6,4.0
mm_0086753,FLAN-T5-XXL,generative,0.23154265837250496,0.0,6,2.0
mm_0086753,FLAN-T5-base,generative,0.5197589750988045,0.0,6,3.0
mm_0086802,BioMistral-7B,generative,0.8613531161467861,1.0,4,4.0
mm_0086802,FLAN-T5-XXL,generative,-0.0,0.0,4,1.0
mm_0086802,FLAN-T5-base,generative,0.6460148371100897,0.0,4,3.0
mm_0087360,BioMistral-7B,generative,0.7435032788101106,0.2,5,4.0
mm_0087360,FLAN-T5-XXL,generative,-0.0,0.0,5,1.0
mm_0087360,FLAN-T5-base,generative,0.5887621559162939,0.0,5,3.0
mm_0087688,BioMistral-7B,generative,0.6460148371100897,0.0,4,3.0
mm_0087688,FLAN-T5-XXL,generative,0.43067655807339306,0.0,4,2.0
mm_0087688,FLAN-T5-base,generative,-0.0,0.0,4,1.0
mm_0087767,BioMistral-7B,generative,0.43067655807339306,0.5,4,2.0
mm_0087767,FLAN-T5-XXL,generative,-0.0,0.0,4,1.0
mm_0087767,FLAN-T5-base,generative,-0.0,0.0,4,1.0
mm_0088026,BioMistral-7B,generative,0.6460148371100897,1.0,4,3.0
mm_0088026,FLAN-T5-XXL,generative,0.34939847028229715,0.0,4,2.0
mm_0088026,FLAN-T5-base,generative,0.34939847028229715,0.0,4,2.0
mm_0088032,BioMistral-7B,generative,0.5887621559162939,0.4,5,3.0
mm_0088032,FLAN-T5-XXL,generative,0.3756149631508355,0.4,5,2.0
mm_0088032,FLAN-T5-base,generative,-0.0,1.0,5,1.0
mm_0088551,BioMistral-7B,generative,0.5887621559162939,0.0,5,3.0
mm_0088551,FLAN-T5-XXL,generative,-0.0,0.0,5,1.0
mm_0088551,FLAN-T5-base,generative,0.3756149631508355,0.0,5,2.0
mm_0088706,BioMistral-7B,generative,0.7097959727678896,1.0,8,5.0
mm_0088706,FLAN-T5-XXL,generative,-0.0,0.0,8,1.0
mm_0088706,FLAN-T5-base,generative,0.492528411160754,0.0,8,3.0
mm_0088915,BioMistral-7B,generative,0.8020464921255943,0.0,6,5.0
mm_0088915,FLAN-T5-XXL,generative,-0.0,1.0,6,1.0
mm_0088915,FLAN-T5-base,generative,0.8020464921255943,0.5,6,5.0
mm_0089413,BioMistral-7B,generative,0.6460148371100897,1.0,4,3.0
mm_0089413,FLAN-T5-XXL,generative,0.43067655807339306,0.0,4,2.0
mm_0089413,FLAN-T5-base,generative,0.43067655807339306,0.0,4,2.0
mm_0090103,BioMistral-7B,generative,0.5645750340535796,0.0,6,3.0
mm_0090103,FLAN-T5-XXL,generative,0.3271035759815648,0.0,6,2.0
mm_0090103,FLAN-T5-base,generative,0.5197589750988045,0.0,6,3.0
mm_0090104,BioMistral-7B,generative,0.683310763089587,0.16666666666666666,6,4.0
mm_0090104,FLAN-T5-XXL,generative,0.3271035759815648,0.0,6,2.0
mm_0090104,FLAN-T5-base,generative,0.3271035759815648,0.3333333333333333,6,2.0
mm_0090144,BioMistral-7B,generative,0.6309297535714575,1.0,2,2.0
mm_0090144,FLAN-T5-XXL,generative,-0.0,0.0,2,1.0
mm_0090144,FLAN-T5-base,generative,-0.0,0.0,2,1.0
mm_0090314,BioMistral-7B,generative,0.6309297535714575,0.0,2,2.0
mm_0090314,FLAN-T5-XXL,generative,-0.0,0.0,2,1.0
mm_0090314,FLAN-T5-base,generative,0.6309297535714575,0.0,2,2.0
mm_0090447,BioMistral-7B,generative,0.683310763089587,1.0,6,4.0
mm_0090447,FLAN-T5-XXL,generative,0.23154265837250496,0.8333333333333334,6,2.0
mm_0090447,FLAN-T5-base,generative,0.683310763089587,0.3333333333333333,6,4.0
mm_0090647,BioMistral-7B,generative,0.683310763089587,1.0,6,4.0
mm_0090647,FLAN-T5-XXL,generative,0.683310763089587,0.0,6,4.0
mm_0090647,FLAN-T5-base,generative,-0.0,0.0,6,1.0
mm_0091036,BioMistral-7B,generative,0.683310763089587,0.3333333333333333,6,4.0
mm_0091036,FLAN-T5-XXL,generative,0.23154265837250496,0.16666666666666666,6,2.0
mm_0091036,FLAN-T5-base,generative,0.3271035759815648,0.3333333333333333,6,2.0
mm_0092293,BioMistral-7B,generative,0.4591479170272448,1.0,3,2.0
mm_0092293,FLAN-T5-XXL,generative,0.4591479170272448,0.0,3,2.0
mm_0092293,FLAN-T5-base,generative,0.4591479170272448,0.0,3,2.0
mm_0092345,BioMistral-7B,generative,0.683310763089587,0.0,6,4.0
mm_0092345,FLAN-T5-XXL,generative,0.683310763089587,0.0,6,4.0
mm_0092345,FLAN-T5-base,generative,-0.0,0.0,6,1.0
mm_0092701,BioMistral-7B,generative,0.7435032788101106,0.6,5,4.0
mm_0092701,FLAN-T5-XXL,generative,-0.0,0.0,5,1.0
mm_0092701,FLAN-T5-base,generative,0.5887621559162939,0.0,5,3.0
mm_0093095,BioMistral-7B,generative,0.4591479170272448,1.0,3,2.0
mm_0093095,FLAN-T5-XXL,generative,0.4591479170272448,0.0,3,2.0
mm_0093095,FLAN-T5-base,generative,-0.0,0.0,3,1.0
mm_0093251,BioMistral-7B,generative,0.683310763089587,0.0,6,4.0
mm_0093251,FLAN-T5-XXL,generative,-0.0,0.0,6,1.0
mm_0093251,FLAN-T5-base,generative,-0.0,0.0,6,1.0
mm_0093333,BioMistral-7B,generative,0.5645750340535796,0.6666666666666666,6,3.0
mm_0093333,FLAN-T5-XXL,generative,-0.0,0.0,6,1.0
mm_0093333,FLAN-T5-base,generative,0.3271035759815648,0.6666666666666666,6,2.0
mm_0093493,BioMistral-7B,generative,0.7097959727678896,0.75,8,5.0
mm_0093493,FLAN-T5-XXL,generative,0.6011621919643219,0.125,8,4.0
mm_0093493,FLAN-T5-base,generative,0.2559297535714574,0.0,8,2.0
mm_0093512,BioMistral-7B,generative,0.7097959727678896,0.0,8,5.0
mm_0093512,FLAN-T5-XXL,generative,0.2559297535714574,0.75,8,2.0
mm_0093512,FLAN-T5-base,generative,0.2559297535714574,0.0,8,2.0
mm_0093721,BioMistral-7B,generative,0.4591479170272448,1.0,3,2.0
mm_0093721,FLAN-T5-XXL,generative,-0.0,0.0,3,1.0
mm_0093721,FLAN-T5-base,generative,-0.0,0.0,3,1.0
mm_0093924,BioMistral-7B,generative,0.6460148371100897,1.0,4,3.0
mm_0093924,FLAN-T5-XXL,generative,-0.0,0.0,4,1.0
mm_0093924,FLAN-T5-base,generative,0.43067655807339306,0.0,4,2.0
mm_0094060,BioMistral-7B,generative,0.5645750340535796,1.0,6,3.0
mm_0094060,FLAN-T5-XXL,generative,0.3271035759815648,0.0,6,2.0
mm_0094060,FLAN-T5-base,generative,-0.0,0.0,6,1.0
mm_0094434,BioMistral-7B,generative,0.683310763089587,0.3333333333333333,6,4.0
mm_0094434,FLAN-T5-XXL,generative,0.5197589750988045,0.0,6,3.0
mm_0094434,FLAN-T5-base,generative,0.23154265837250496,0.0,6,2.0
mm_0094491,BioMistral-7B,generative,0.6460148371100897,0.0,4,3.0
mm_0094491,FLAN-T5-XXL,generative,0.6460148371100897,0.0,4,3.0
mm_0094491,FLAN-T5-base,generative,0.8613531161467861,0.0,4,4.0
mm_0094778,BioMistral-7B,generative,0.7886621919643219,0.0,8,6.0
mm_0094778,FLAN-T5-XXL,generative,-0.0,0.0,8,1.0
mm_0094778,FLAN-T5-base,generative,-0.0,1.0,8,1.0
mm_0095178,BioMistral-7B,generative,0.6460148371100897,0.0,4,3.0
mm_0095178,FLAN-T5-XXL,generative,-0.0,0.0,4,1.0
mm_0095178,FLAN-T5-base,generative,-0.0,0.0,4,1.0
mm_0095310,BioMistral-7B,generative,0.5645750340535796,0.0,6,3.0
mm_0095310,FLAN-T5-XXL,generative,0.5645750340535796,0.3333333333333333,6,3.0
mm_0095310,FLAN-T5-base,generative,0.3271035759815648,0.0,6,2.0
mm_0095368,BioMistral-7B,generative,0.6460148371100897,0.0,4,3.0
mm_0095368,FLAN-T5-XXL,generative,-0.0,0.0,4,1.0
mm_0095368,FLAN-T5-base,generative,-0.0,0.0,4,1.0
mm_0095757,BioMistral-7B,generative,0.683310763089587,0.0,6,4.0
mm_0095757,FLAN-T5-XXL,generative,0.3271035759815648,0.0,6,2.0
mm_0095757,FLAN-T5-base,generative,0.5197589750988045,0.0,6,3.0
mm_0095883,BioMistral-7B,generative,0.7886621919643219,0.25,8,6.0
mm_0095883,FLAN-T5-XXL,generative,0.5520635343750253,0.0,8,4.0
mm_0095883,FLAN-T5-base,generative,0.6011621919643219,0.375,8,4.0
mm_0095979,BioMistral-7B,generative,0.6460148371100897,1.0,4,3.0
mm_0095979,FLAN-T5-XXL,generative,-0.0,0.0,4,1.0
mm_0095979,FLAN-T5-base,generative,0.34939847028229715,0.0,4,2.0
mm_0097032,BioMistral-7B,generative,0.6460148371100897,1.0,4,3.0
mm_0097032,FLAN-T5-XXL,generative,0.34939847028229715,0.25,4,2.0
mm_0097032,FLAN-T5-base,generative,-0.0,0.0,4,1.0
mm_0097356,BioMistral-7B,generative,0.6309297535714575,1.0,2,2.0
mm_0097356,FLAN-T5-XXL,generative,-0.0,0.0,2,1.0
mm_0097356,FLAN-T5-base,generative,-0.0,0.0,2,1.0
mm_0098125,BioMistral-7B,generative,-0.0,0.0,2,1.0
mm_0098125,FLAN-T5-XXL,generative,-0.0,0.0,2,1.0
mm_0098125,FLAN-T5-base,generative,-0.0,0.0,2,1.0
mm_0098216,BioMistral-7B,generative,-0.0,0.0,2,1.0
mm_0098216,FLAN-T5-XXL,generative,-0.0,0.0,2,1.0
mm_0098216,FLAN-T5-base,generative,-0.0,0.0,2,1.0
mm_0098533,BioMistral-7B,generative,-0.0,0.0,2,1.0
mm_0098533,FLAN-T5-XXL,generative,-0.0,0.0,2,1.0
mm_0098533,FLAN-T5-base,generative,-0.0,0.0,2,1.0
mm_0098594,BioMistral-7B,generative,0.7097959727678896,0.75,8,5.0
mm_0098594,FLAN-T5-XXL,generative,-0.0,1.0,8,1.0
mm_0098594,FLAN-T5-base,generative,-0.0,1.0,8,1.0
mm_0098597,BioMistral-7B,generative,0.7453087835430107,1.0,7,5.0
mm_0098597,FLAN-T5-XXL,generative,-0.0,0.0,7,1.0
mm_0098597,FLAN-T5-base,generative,-0.0,0.0,7,1.0
mm_0098599,BioMistral-7B,generative,0.683310763089587,1.0,6,4.0
mm_0098599,FLAN-T5-XXL,generative,-0.0,0.0,6,1.0
mm_0098599,FLAN-T5-base,generative,-0.0,0.0,6,1.0
mm_0098903,BioMistral-7B,generative,0.6460148371100897,0.0,4,3.0
mm_0098903,FLAN-T5-XXL,generative,-0.0,1.0,4,1.0
mm_0098903,FLAN-T5-base,generative,0.34939847028229715,1.0,4,2.0
mm_0099490,BioMistral-7B,generative,0.43067655807339306,0.5,4,2.0
mm_0099490,FLAN-T5-XXL,generative,-0.0,1.0,4,1.0
mm_0099490,FLAN-T5-base,generative,-0.0,1.0,4,1.0
mm_0100360,BioMistral-7B,generative,0.5645750340535796,0.6666666666666666,6,3.0
mm_0100360,FLAN-T5-XXL,generative,-0.0,1.0,6,1.0
mm_0100360,FLAN-T5-base,generative,-0.0,1.0,6,1.0
mm_0101352,BioMistral-7B,generative,0.683310763089587,1.0,6,4.0
mm_0101352,FLAN-T5-XXL,generative,0.5197589750988045,0.0,6,3.0
mm_0101352,FLAN-T5-base,generative,0.5197589750988045,0.0,6,3.0
mm_0101708,BioMistral-7B,generative,0.6460148371100897,1.0,4,3.0
mm_0101708,FLAN-T5-XXL,generative,-0.0,0.0,4,1.0
mm_0101708,FLAN-T5-base,generative,-0.0,1.0,4,1.0
mm_0101737,BioMistral-7B,generative,0.43067655807339306,0.0,4,2.0
mm_0101737,FLAN-T5-XXL,generative,-0.0,0.0,4,1.0
mm_0101737,FLAN-T5-base,generative,0.43067655807339306,0.0,4,2.0
mm_0102157,BioMistral-7B,generative,0.683310763089587,1.0,6,4.0
mm_0102157,FLAN-T5-XXL,generative,0.5197589750988045,1.0,6,3.0
mm_0102157,FLAN-T5-base,generative,0.5197589750988045,0.0,6,3.0
mm_0102242,BioMistral-7B,generative,0.683310763089587,0.0,6,4.0
mm_0102242,FLAN-T5-XXL,generative,0.3271035759815648,0.0,6,2.0
mm_0102242,FLAN-T5-base,generative,0.3271035759815648,0.0,6,2.0
mm_0102605,BioMistral-7B,generative,0.5887621559162939,1.0,5,3.0
mm_0102605,FLAN-T5-XXL,generative,-0.0,0.0,5,1.0
mm_0102605,FLAN-T5-base,generative,0.5887621559162939,0.0,5,3.0
mm_0102700,BioMistral-7B,generative,0.43067655807339306,0.0,4,2.0
mm_0102700,FLAN-T5-XXL,generative,0.43067655807339306,0.5,4,2.0
mm_0102700,FLAN-T5-base,generative,0.43067655807339306,0.0,4,2.0
mm_0103065,BioMistral-7B,generative,0.6460148371100897,1.0,4,3.0
mm_0103065,FLAN-T5-XXL,generative,0.6460148371100897,0.0,4,3.0
mm_0103065,FLAN-T5-base,generative,0.43067655807339306,0.5,4,2.0
mm_0103736,BioMistral-7B,generative,0.7097959727678896,0.0,8,5.0
mm_0103736,FLAN-T5-XXL,generative,-0.0,0.0,8,1.0
mm_0103736,FLAN-T5-base,generative,0.6309297535714575,0.0,8,4.0
mm_0103773,BioMistral-7B,generative,-0.0,1.0,2,1.0
mm_0103773,FLAN-T5-XXL,generative,-0.0,0.0,2,1.0
mm_0103773,FLAN-T5-base,generative,-0.0,0.0,2,1.0
mm_0104295,BioMistral-7B,generative,0.43067655807339306,0.0,4,2.0
mm_0104295,FLAN-T5-XXL,generative,0.43067655807339306,0.0,4,2.0
mm_0104295,FLAN-T5-base,generative,0.43067655807339306,0.0,4,2.0
mm_0104451,BioMistral-7B,generative,0.8020464921255943,0.16666666666666666,6,5.0
mm_0104451,FLAN-T5-XXL,generative,-0.0,1.0,6,1.0
mm_0104451,FLAN-T5-base,generative,0.5197589750988045,0.0,6,3.0
mm_0104646,BioMistral-7B,generative,0.6460148371100897,0.5,4,3.0
mm_0104646,FLAN-T5-XXL,generative,0.34939847028229715,0.0,4,2.0
mm_0104646,FLAN-T5-base,generative,-0.0,0.0,4,1.0
mm_0105117,BioMistral-7B,generative,0.6500706883049155,0.0,7,4.0
mm_0105117,FLAN-T5-XXL,generative,0.45959449782872513,0.0,7,3.0
mm_0105117,FLAN-T5-base,generative,0.287706856188877,0.0,7,2.0
mm_0106448,BioMistral-7B,generative,0.6460148371100897,0.0,4,3.0
mm_0106448,FLAN-T5-XXL,generative,0.34939847028229715,0.0,4,2.0
mm_0106448,FLAN-T5-base,generative,0.43067655807339306,0.5,4,2.0
mm_0108328,BioMistral-7B,generative,0.43067655807339306,0.0,4,2.0
mm_0108328,FLAN-T5-XXL,generative,-0.0,0.0,4,1.0
mm_0108328,FLAN-T5-base,generative,-0.0,0.0,4,1.0
mm_0108371,BioMistral-7B,generative,0.683310763089587,0.6666666666666666,6,4.0
mm_0108371,FLAN-T5-XXL,generative,-0.0,0.0,6,1.0
mm_0108371,FLAN-T5-base,generative,0.23154265837250496,0.0,6,2.0
mm_0108777,BioMistral-7B,generative,0.8020464921255943,0.3333333333333333,6,5.0
mm_0108777,FLAN-T5-XXL,generative,0.3271035759815648,0.0,6,2.0
mm_0108777,FLAN-T5-base,generative,-0.0,0.0,6,1.0
mm_0108849,BioMistral-7B,generative,0.683310763089587,0.6666666666666666,6,4.0
mm_0108849,FLAN-T5-XXL,generative,-0.0,0.0,6,1.0
mm_0108849,FLAN-T5-base,generative,0.5645750340535796,0.0,6,3.0
mm_0110256,BioMistral-7B,generative,0.683310763089587,0.6666666666666666,6,4.0
mm_0110256,FLAN-T5-XXL,generative,0.3271035759815648,0.0,6,2.0
mm_0110256,FLAN-T5-base,generative,0.5197589750988045,0.0,6,3.0
mm_0110712,BioMistral-7B,generative,0.6460148371100897,0.0,4,3.0
mm_0110712,FLAN-T5-XXL,generative,-0.0,1.0,4,1.0
mm_0110712,FLAN-T5-base,generative,-0.0,0.0,4,1.0
mm_0111188,BioMistral-7B,generative,0.6460148371100897,1.0,4,3.0
mm_0111188,FLAN-T5-XXL,generative,0.34939847028229715,0.0,4,2.0
mm_0111188,FLAN-T5-base,generative,0.6460148371100897,0.0,4,3.0
mm_0111723,BioMistral-7B,generative,0.8613531161467861,0.5,4,4.0
mm_0111723,FLAN-T5-XXL,generative,-0.0,0.0,4,1.0
mm_0111723,FLAN-T5-base,generative,0.43067655807339306,0.0,4,2.0
mm_0111876,BioMistral-7B,generative,0.6460148371100897,0.0,4,3.0
mm_0111876,FLAN-T5-XXL,generative,0.43067655807339306,0.5,4,2.0
mm_0111876,FLAN-T5-base,generative,0.6460148371100897,0.0,4,3.0
mm_0112227,BioMistral-7B,generative,0.5645750340535796,1.0,6,3.0
mm_0112227,FLAN-T5-XXL,generative,-0.0,0.0,6,1.0
mm_0112227,FLAN-T5-base,generative,0.3271035759815648,0.6666666666666666,6,2.0
mm_0112233,BioMistral-7B,generative,0.5645750340535796,0.6666666666666666,6,3.0
mm_0112233,FLAN-T5-XXL,generative,0.5197589750988045,0.0,6,3.0
mm_0112233,FLAN-T5-base,generative,0.23154265837250496,0.0,6,2.0
mm_0112509,BioMistral-7B,generative,0.683310763089587,0.0,6,4.0
mm_0112509,FLAN-T5-XXL,generative,0.3562071871080222,0.0,6,2.0
mm_0112509,FLAN-T5-base,generative,0.5197589750988045,0.0,6,3.0
mm_0112789,BioMistral-7B,generative,0.5887621559162939,0.0,5,3.0
mm_0112789,FLAN-T5-XXL,generative,-0.0,0.0,5,1.0
mm_0112789,FLAN-T5-base,generative,0.3756149631508355,0.0,5,2.0
mm_0112894,BioMistral-7B,generative,0.5887621559162939,0.6,5,3.0
mm_0112894,FLAN-T5-XXL,generative,0.3756149631508355,0.0,5,2.0
mm_0112894,FLAN-T5-base,generative,0.27927991012866066,0.0,5,2.0
mm_0113609,BioMistral-7B,generative,0.5887621559162939,1.0,5,3.0
mm_0113609,FLAN-T5-XXL,generative,0.27927991012866066,0.0,5,2.0
mm_0113609,FLAN-T5-base,generative,-0.0,0.0,5,1.0
mm_0114471,BioMistral-7B,generative,0.4591479170272448,0.0,3,2.0
mm_0114471,FLAN-T5-XXL,generative,-0.0,0.0,3,1.0
mm_0114471,FLAN-T5-base,generative,-0.0,0.0,3,1.0
mm_0115142,BioMistral-7B,generative,0.6460148371100897,0.0,4,3.0
mm_0115142,FLAN-T5-XXL,generative,-0.0,0.0,4,1.0
mm_0115142,FLAN-T5-base,generative,0.43067655807339306,0.0,4,2.0
mm_0116349,BioMistral-7B,generative,0.6460148371100897,0.0,4,3.0
mm_0116349,FLAN-T5-XXL,generative,0.34939847028229715,0.0,4,2.0
mm_0116349,FLAN-T5-base,generative,-0.0,0.0,4,1.0
mm_0116426,BioMistral-7B,generative,0.5887621559162939,1.0,5,3.0
mm_0116426,FLAN-T5-XXL,generative,0.3756149631508355,0.4,5,2.0
mm_0116426,FLAN-T5-base,generative,-0.0,1.0,5,1.0
mm_0116620,BioMistral-7B,generative,0.6460148371100897,1.0,4,3.0
mm_0116620,FLAN-T5-XXL,generative,-0.0,0.0,4,1.0
mm_0116620,FLAN-T5-base,generative,0.43067655807339306,0.5,4,2.0
mm_0117264,BioMistral-7B,generative,0.683310763089587,0.3333333333333333,6,4.0
mm_0117264,FLAN-T5-XXL,generative,0.23154265837250496,0.0,6,2.0
mm_0117264,FLAN-T5-base,generative,0.23154265837250496,0.0,6,2.0
mm_0117559,BioMistral-7B,generative,0.7453087835430107,0.14285714285714285,7,5.0
mm_0117559,FLAN-T5-XXL,generative,0.7453087835430107,0.0,7,5.0
mm_0117559,FLAN-T5-base,generative,0.1972242595274425,0.0,7,2.0
mm_0119071,BioMistral-7B,generative,0.43067655807339306,1.0,4,2.0
mm_0119071,FLAN-T5-XXL,generative,0.43067655807339306,0.5,4,2.0
mm_0119071,FLAN-T5-base,generative,0.43067655807339306,0.0,4,2.0
mm_0119329,BioMistral-7B,generative,0.8613531161467861,0.5,4,4.0
mm_0119329,FLAN-T5-XXL,generative,0.43067655807339306,0.5,4,2.0
mm_0119329,FLAN-T5-base,generative,-0.0,0.0,4,1.0
mm_0119410,BioMistral-7B,generative,0.43067655807339306,0.0,4,2.0
mm_0119410,FLAN-T5-XXL,generative,0.43067655807339306,0.0,4,2.0
mm_0119410,FLAN-T5-base,generative,0.6460148371100897,0.0,4,3.0
mm_0119805,BioMistral-7B,generative,0.6460148371100897,0.5,4,3.0
mm_0119805,FLAN-T5-XXL,generative,0.34939847028229715,0.0,4,2.0
mm_0119805,FLAN-T5-base,generative,0.43067655807339306,0.0,4,2.0
mm_0120160,BioMistral-7B,generative,0.7435032788101106,1.0,5,4.0
mm_0120160,FLAN-T5-XXL,generative,0.3756149631508355,0.0,5,2.0
mm_0120160,FLAN-T5-base,generative,0.27927991012866066,1.0,5,2.0
mm_0120224,BioMistral-7B,generative,0.43067655807339306,1.0,4,2.0
mm_0120224,FLAN-T5-XXL,generative,-0.0,0.0,4,1.0
mm_0120224,FLAN-T5-base,generative,-0.0,0.0,4,1.0
mm_0120578,BioMistral-7B,generative,0.5887621559162939,1.0,5,3.0
mm_0120578,FLAN-T5-XXL,generative,0.27927991012866066,0.0,5,2.0
mm_0120578,FLAN-T5-base,generative,-0.0,0.0,5,1.0
mm_0121914,BioMistral-7B,generative,0.8020464921255943,0.5,6,5.0
mm_0121914,FLAN-T5-XXL,generative,0.4458393050175722,0.0,6,3.0
mm_0121914,FLAN-T5-base,generative,0.3271035759815648,0.0,6,2.0
mm_0123151,BioMistral-7B,generative,0.5887621559162939,0.6,5,3.0
mm_0123151,FLAN-T5-XXL,generative,-0.0,0.0,5,1.0
mm_0123151,FLAN-T5-base,generative,-0.0,0.0,5,1.0
mm_0123559,BioMistral-7B,generative,0.6309297535714575,1.0,2,2.0
mm_0123559,FLAN-T5-XXL,generative,0.6309297535714575,0.5,2,2.0
mm_0123559,FLAN-T5-base,generative,0.6309297535714575,0.5,2,2.0
mm_0123712,BioMistral-7B,generative,0.7435032788101106,0.6,5,4.0
mm_0123712,FLAN-T5-XXL,generative,0.5887621559162939,0.0,5,3.0
mm_0123712,FLAN-T5-base,generative,-0.0,1.0,5,1.0
mm_0123740,BioMistral-7B,generative,0.683310763089587,0.0,6,4.0
mm_0123740,FLAN-T5-XXL,generative,-0.0,0.0,6,1.0
mm_0123740,FLAN-T5-base,generative,0.3271035759815648,0.0,6,2.0
mm_0123877,BioMistral-7B,generative,0.7435032788101106,0.0,5,4.0
mm_0123877,FLAN-T5-XXL,generative,-0.0,0.0,5,1.0
mm_0123877,FLAN-T5-base,generative,0.5303560860446522,0.6,5,3.0
mm_0123899,BioMistral-7B,generative,0.6309297535714575,0.0,2,2.0
mm_0123899,FLAN-T5-XXL,generative,-0.0,0.0,2,1.0
mm_0123899,FLAN-T5-base,generative,-0.0,0.0,2,1.0
mm_0124157,BioMistral-7B,generative,0.683310763089587,0.0,6,4.0
mm_0124157,FLAN-T5-XXL,generative,0.23154265837250496,0.0,6,2.0
mm_0124157,FLAN-T5-base,generative,0.3271035759815648,0.0,6,2.0
mm_0124433,BioMistral-7B,generative,0.6460148371100897,0.0,4,3.0
mm_0124433,FLAN-T5-XXL,generative,0.34939847028229715,0.0,4,2.0
mm_0124433,FLAN-T5-base,generative,0.34939847028229715,0.0,4,2.0
mm_0124748,BioMistral-7B,generative,0.683310763089587,0.6666666666666666,6,4.0
mm_0124748,FLAN-T5-XXL,generative,0.3271035759815648,0.6666666666666666,6,2.0
mm_0124748,FLAN-T5-base,generative,-0.0,0.0,6,1.0
mm_0124772,BioMistral-7B,generative,0.6309297535714575,0.0,2,2.0
mm_0124772,FLAN-T5-XXL,generative,-0.0,0.0,2,1.0
mm_0124772,FLAN-T5-base,generative,-0.0,0.0,2,1.0
mm_0124804,BioMistral-7B,generative,0.8020464921255943,0.6666666666666666,6,5.0
mm_0124804,FLAN-T5-XXL,generative,0.23154265837250496,0.0,6,2.0
mm_0124804,FLAN-T5-base,generative,0.5197589750988045,0.0,6,3.0
mm_0124847,BioMistral-7B,generative,0.6460148371100897,1.0,4,3.0
mm_0124847,FLAN-T5-XXL,generative,0.43067655807339306,0.0,4,2.0
mm_0124847,FLAN-T5-base,generative,0.34939847028229715,0.25,4,2.0
mm_0124918,BioMistral-7B,generative,0.683310763089587,0.6666666666666666,6,4.0
mm_0124918,FLAN-T5-XXL,generative,0.3271035759815648,0.0,6,2.0
mm_0124918,FLAN-T5-base,generative,-0.0,0.0,6,1.0
mm_0125021,BioMistral-7B,generative,0.8020464921255943,0.0,6,5.0
mm_0125021,FLAN-T5-XXL,generative,0.23154265837250496,0.0,6,2.0
mm_0125021,FLAN-T5-base,generative,0.23154265837250496,0.0,6,2.0
mm_0125530,BioMistral-7B,generative,0.7453087835430107,0.14285714285714285,7,5.0
mm_0125530,FLAN-T5-XXL,generative,0.287706856188877,0.7142857142857143,7,2.0
mm_0125530,FLAN-T5-base,generative,-0.0,1.0,7,1.0
mm_0125540,BioMistral-7B,generative,0.5645750340535796,0.6666666666666666,6,3.0
mm_0125540,FLAN-T5-XXL,generative,-0.0,0.0,6,1.0
mm_0125540,FLAN-T5-base,generative,-0.0,0.0,6,1.0
mm_0125575,BioMistral-7B,generative,0.5645750340535796,0.3333333333333333,6,3.0
mm_0125575,FLAN-T5-XXL,generative,0.8020464921255943,0.0,6,5.0
mm_0125575,FLAN-T5-base,generative,0.3271035759815648,0.3333333333333333,6,2.0
mm_0125604,BioMistral-7B,generative,0.8020464921255943,0.0,6,5.0
mm_0125604,FLAN-T5-XXL,generative,-0.0,1.0,6,1.0
mm_0125604,FLAN-T5-base,generative,0.23154265837250496,0.0,6,2.0
mm_0125831,BioMistral-7B,generative,0.5887621559162939,0.4,5,3.0
mm_0125831,FLAN-T5-XXL,generative,0.27927991012866066,0.0,5,2.0
mm_0125831,FLAN-T5-base,generative,0.5887621559162939,0.0,5,3.0
mm_0126004,BioMistral-7B,generative,0.5645750340535796,0.6666666666666666,6,3.0
mm_0126004,FLAN-T5-XXL,generative,0.5645750340535796,0.0,6,3.0
mm_0126004,FLAN-T5-base,generative,0.4458393050175722,0.0,6,3.0
mm_0126513,BioMistral-7B,generative,0.6460148371100897,0.0,4,3.0
mm_0126513,FLAN-T5-XXL,generative,0.43067655807339306,0.0,4,2.0
mm_0126513,FLAN-T5-base,generative,0.43067655807339306,0.0,4,2.0
mm_0127390,BioMistral-7B,generative,0.5887621559162939,0.0,5,3.0
mm_0127390,FLAN-T5-XXL,generative,-0.0,0.0,5,1.0
mm_0127390,FLAN-T5-base,generative,0.3756149631508355,0.0,5,2.0
mm_0127475,BioMistral-7B,generative,0.6500706883049155,0.0,7,4.0
mm_0127475,FLAN-T5-XXL,generative,0.287706856188877,0.0,7,2.0
mm_0127475,FLAN-T5-base,generative,0.5188855691542743,0.7142857142857143,7,3.0
mm_0127702,BioMistral-7B,generative,-0.0,0.0,2,1.0
mm_0127702,FLAN-T5-XXL,generative,-0.0,0.0,2,1.0
mm_0127702,FLAN-T5-base,generative,-0.0,0.0,2,1.0
mm_0127798,BioMistral-7B,generative,0.43067655807339306,1.0,4,2.0
mm_0127798,FLAN-T5-XXL,generative,-0.0,0.0,4,1.0
mm_0127798,FLAN-T5-base,generative,0.43067655807339306,0.0,4,2.0
mm_0128071,BioMistral-7B,generative,0.5887621559162939,1.0,5,3.0
mm_0128071,FLAN-T5-XXL,generative,0.27927991012866066,0.0,5,2.0
mm_0128071,FLAN-T5-base,generative,0.5887621559162939,0.0,5,3.0
mm_0128293,BioMistral-7B,generative,0.43067655807339306,0.0,4,2.0
mm_0128293,FLAN-T5-XXL,generative,-0.0,0.0,4,1.0
mm_0128293,FLAN-T5-base,generative,0.43067655807339306,0.0,4,2.0
mm_0128830,BioMistral-7B,generative,0.6460148371100897,0.0,4,3.0
mm_0128830,FLAN-T5-XXL,generative,0.43067655807339306,0.0,4,2.0
mm_0128830,FLAN-T5-base,generative,0.43067655807339306,0.5,4,2.0
mm_0128980,BioMistral-7B,generative,0.840546878781106,0.14285714285714285,7,6.0
mm_0128980,FLAN-T5-XXL,generative,0.48293854524172825,0.0,7,3.0
mm_0128980,FLAN-T5-base,generative,0.7453087835430109,0.0,7,5.0
mm_0129592,BioMistral-7B,generative,0.4591479170272448,0.0,3,2.0
mm_0129592,FLAN-T5-XXL,generative,0.4591479170272448,0.0,3,2.0
mm_0129592,FLAN-T5-base,generative,-0.0,0.0,3,1.0
mm_0130154,BioMistral-7B,generative,0.6460148371100897,0.0,4,3.0
mm_0130154,FLAN-T5-XXL,generative,0.43067655807339306,0.5,4,2.0
mm_0130154,FLAN-T5-base,generative,-0.0,0.0,4,1.0
mm_0130631,BioMistral-7B,generative,0.6460148371100897,0.25,4,3.0
mm_0130631,FLAN-T5-XXL,generative,0.43067655807339306,0.0,4,2.0
mm_0130631,FLAN-T5-base,generative,-0.0,0.0,4,1.0
mm_0132142,BioMistral-7B,generative,-0.0,0.0,2,1.0
mm_0132142,FLAN-T5-XXL,generative,-0.0,0.0,2,1.0
mm_0132142,FLAN-T5-base,generative,0.6309297535714575,0.0,2,2.0
mm_0132151,BioMistral-7B,generative,0.43067655807339306,1.0,4,2.0
mm_0132151,FLAN-T5-XXL,generative,0.43067655807339306,1.0,4,2.0
mm_0132151,FLAN-T5-base,generative,0.43067655807339306,0.0,4,2.0
mm_0132452,BioMistral-7B,generative,0.4591479170272448,1.0,3,2.0
mm_0132452,FLAN-T5-XXL,generative,0.4591479170272448,0.0,3,2.0
mm_0132452,FLAN-T5-base,generative,-0.0,0.0,3,1.0
mm_0132655,BioMistral-7B,generative,0.43067655807339306,0.0,4,2.0
mm_0132655,FLAN-T5-XXL,generative,-0.0,0.0,4,1.0
mm_0132655,FLAN-T5-base,generative,0.43067655807339306,0.0,4,2.0
mm_0132764,BioMistral-7B,generative,0.7097959727678896,0.0,8,5.0
mm_0132764,FLAN-T5-XXL,generative,-0.0,0.0,8,1.0
mm_0132764,FLAN-T5-base,generative,-0.0,0.0,8,1.0
mm_0132893,BioMistral-7B,generative,0.683310763089587,1.0,6,4.0
mm_0132893,FLAN-T5-XXL,generative,0.3271035759815648,0.0,6,2.0
mm_0132893,FLAN-T5-base,generative,0.3271035759815648,0.0,6,2.0
mm_0133360,BioMistral-7B,generative,0.8020464921255943,1.0,6,5.0
mm_0133360,FLAN-T5-XXL,generative,-0.0,0.0,6,1.0
mm_0133360,FLAN-T5-base,generative,0.5645750340535796,0.0,6,3.0
mm_0133554,BioMistral-7B,generative,0.5645750340535796,0.0,6,3.0
mm_0133554,FLAN-T5-XXL,generative,0.4458393050175722,0.6666666666666666,6,3.0
mm_0133554,FLAN-T5-base,generative,-0.0,1.0,6,1.0
mm_0133581,BioMistral-7B,generative,0.6384947041348119,1.0,6,4.0
mm_0133581,FLAN-T5-XXL,generative,0.3562071871080222,0.0,6,2.0
mm_0133581,FLAN-T5-base,generative,0.5645750340535796,0.3333333333333333,6,3.0
mm_0133687,BioMistral-7B,generative,0.792481250360578,0.6666666666666666,3,3.0
mm_0133687,FLAN-T5-XXL,generative,-0.0,0.0,3,1.0
mm_0133687,FLAN-T5-base,generative,-0.0,0.0,3,1.0
mm_0134026,BioMistral-7B,generative,0.6460148371100897,0.0,4,3.0
mm_0134026,FLAN-T5-XXL,generative,0.43067655807339306,0.0,4,2.0
mm_0134026,FLAN-T5-base,generative,0.43067655807339306,0.0,4,2.0
mm_0135029,BioMistral-7B,generative,0.5645750340535796,0.0,6,3.0
mm_0135029,FLAN-T5-XXL,generative,0.683310763089587,0.0,6,4.0
mm_0135029,FLAN-T5-base,generative,0.4458393050175722,0.0,6,3.0
mm_0135287,BioMistral-7B,generative,0.8020464921255943,1.0,6,5.0
mm_0135287,FLAN-T5-XXL,generative,0.3271035759815648,0.6666666666666666,6,2.0
mm_0135287,FLAN-T5-base,generative,0.683310763089587,0.0,6,4.0
mm_0135623,BioMistral-7B,generative,0.6460148371100897,1.0,4,3.0
mm_0135623,FLAN-T5-XXL,generative,-0.0,0.0,4,1.0
mm_0135623,FLAN-T5-base,generative,-0.0,0.0,4,1.0
mm_0135626,BioMistral-7B,generative,0.6460148371100897,0.0,4,3.0
mm_0135626,FLAN-T5-XXL,generative,-0.0,0.0,4,1.0
mm_0135626,FLAN-T5-base,generative,-0.0,0.0,4,1.0
mm_0136871,BioMistral-7B,generative,0.6309297535714575,1.0,2,2.0
mm_0136871,FLAN-T5-XXL,generative,0.6309297535714575,0.0,2,2.0
mm_0136871,FLAN-T5-base,generative,0.6309297535714575,0.0,2,2.0
mm_0137011,BioMistral-7B,generative,0.6309297535714575,1.0,2,2.0
mm_0137011,FLAN-T5-XXL,generative,-0.0,0.0,2,1.0
mm_0137011,FLAN-T5-base,generative,-0.0,0.0,2,1.0
mm_0137460,BioMistral-7B,generative,0.43067655807339306,0.0,4,2.0
mm_0137460,FLAN-T5-XXL,generative,0.43067655807339306,0.0,4,2.0
mm_0137460,FLAN-T5-base,generative,-0.0,0.0,4,1.0
mm_0137480,BioMistral-7B,generative,0.6309297535714575,0.0,2,2.0
mm_0137480,FLAN-T5-XXL,generative,-0.0,0.0,2,1.0
mm_0137480,FLAN-T5-base,generative,0.6309297535714575,0.0,2,2.0
mm_0137726,BioMistral-7B,generative,0.7453087835430107,0.8571428571428571,7,5.0
mm_0137726,FLAN-T5-XXL,generative,-0.0,0.0,7,1.0
mm_0137726,FLAN-T5-base,generative,-0.0,0.0,7,1.0
mm_0138166,BioMistral-7B,generative,-0.0,1.0,2,1.0
mm_0138166,FLAN-T5-XXL,generative,-0.0,0.0,2,1.0
mm_0138166,FLAN-T5-base,generative,-0.0,0.0,2,1.0
mm_0138562,BioMistral-7B,generative,0.5887621559162939,0.6,5,3.0
mm_0138562,FLAN-T5-XXL,generative,0.3756149631508355,0.6,5,2.0
mm_0138562,FLAN-T5-base,generative,-0.0,0.0,5,1.0
mm_0138803,BioMistral-7B,generative,0.6460148371100897,0.5,4,3.0
mm_0138803,FLAN-T5-XXL,generative,-0.0,0.0,4,1.0
mm_0138803,FLAN-T5-base,generative,-0.0,0.0,4,1.0
mm_0139717,BioMistral-7B,generative,0.6460148371100897,0.0,4,3.0
mm_0139717,FLAN-T5-XXL,generative,0.34939847028229715,0.75,4,2.0
mm_0139717,FLAN-T5-base,generative,0.34939847028229715,0.75,4,2.0
mm_0139812,BioMistral-7B,generative,0.683310763089587,0.6666666666666666,6,4.0
mm_0139812,FLAN-T5-XXL,generative,0.5197589750988045,0.0,6,3.0
mm_0139812,FLAN-T5-base,generative,0.5197589750988045,0.0,6,3.0
mm_0140869,BioMistral-7B,generative,0.43067655807339306,0.5,4,2.0
mm_0140869,FLAN-T5-XXL,generative,-0.0,0.0,4,1.0
mm_0140869,FLAN-T5-base,generative,-0.0,0.0,4,1.0
mm_0141066,BioMistral-7B,generative,0.7435032788101106,0.8,5,4.0
mm_0141066,FLAN-T5-XXL,generative,0.27927991012866066,0.0,5,2.0
mm_0141066,FLAN-T5-base,generative,-0.0,0.0,5,1.0
mm_0141706,BioMistral-7B,generative,0.43067655807339306,0.0,4,2.0
mm_0141706,FLAN-T5-XXL,generative,-0.0,0.0,4,1.0
mm_0141706,FLAN-T5-base,generative,0.43067655807339306,0.0,4,2.0
mm_0141847,BioMistral-7B,generative,0.683310763089587,0.3333333333333333,6,4.0
mm_0141847,FLAN-T5-XXL,generative,0.23154265837250496,0.0,6,2.0
mm_0141847,FLAN-T5-base,generative,-0.0,0.0,6,1.0
mm_0142210,BioMistral-7B,generative,0.5645750340535796,1.0,6,3.0
mm_0142210,FLAN-T5-XXL,generative,-0.0,0.0,6,1.0
mm_0142210,FLAN-T5-base,generative,-0.0,0.0,6,1.0
mm_0142481,BioMistral-7B,generative,0.8020464921255943,0.0,6,5.0
mm_0142481,FLAN-T5-XXL,generative,0.5197589750988045,0.0,6,3.0
mm_0142481,FLAN-T5-base,generative,0.4458393050175722,0.0,6,3.0
mm_0142698,BioMistral-7B,generative,0.683310763089587,1.0,6,4.0
mm_0142698,FLAN-T5-XXL,generative,0.23154265837250496,0.0,6,2.0
mm_0142698,FLAN-T5-base,generative,-0.0,0.0,6,1.0
mm_0143950,BioMistral-7B,generative,0.6460148371100897,0.0,4,3.0
mm_0143950,FLAN-T5-XXL,generative,-0.0,0.0,4,1.0
mm_0143950,FLAN-T5-base,generative,0.43067655807339306,0.0,4,2.0
mm_0144339,BioMistral-7B,generative,0.8020464921255943,0.8333333333333334,6,5.0
mm_0144339,FLAN-T5-XXL,generative,0.5197589750988045,0.0,6,3.0
mm_0144339,FLAN-T5-base,generative,0.5197589750988045,0.0,6,3.0
mm_0144431,BioMistral-7B,generative,0.683310763089587,0.0,6,4.0
mm_0144431,FLAN-T5-XXL,generative,-0.0,0.0,6,1.0
mm_0144431,FLAN-T5-base,generative,0.3271035759815648,0.0,6,2.0
mm_0144945,BioMistral-7B,generative,0.43067655807339306,0.0,4,2.0
mm_0144945,FLAN-T5-XXL,generative,-0.0,0.0,4,1.0
mm_0144945,FLAN-T5-base,generative,-0.0,0.0,4,1.0
mm_0146127,BioMistral-7B,generative,0.683310763089587,1.0,6,4.0
mm_0146127,FLAN-T5-XXL,generative,-0.0,0.0,6,1.0
mm_0146127,FLAN-T5-base,generative,-0.0,0.0,6,1.0
mm_0146149,BioMistral-7B,generative,0.8613531161467861,1.0,4,4.0
mm_0146149,FLAN-T5-XXL,generative,0.34939847028229715,0.0,4,2.0
mm_0146149,FLAN-T5-base,generative,-0.0,1.0,4,1.0
mm_0146435,BioMistral-7B,generative,0.7097959727678896,0.0,8,5.0
mm_0146435,FLAN-T5-XXL,generative,-0.0,0.0,8,1.0
mm_0146435,FLAN-T5-base,generative,0.2559297535714574,0.0,8,2.0
mm_0146865,BioMistral-7B,generative,0.43067655807339306,0.0,4,2.0
mm_0146865,FLAN-T5-XXL,generative,0.34939847028229715,1.0,4,2.0
mm_0146865,FLAN-T5-base,generative,-0.0,0.0,4,1.0
mm_0146868,BioMistral-7B,generative,0.683310763089587,0.6666666666666666,6,4.0
mm_0146868,FLAN-T5-XXL,generative,0.6384947041348119,0.0,6,4.0
mm_0146868,FLAN-T5-base,generative,0.683310763089587,0.0,6,4.0
mm_0147167,BioMistral-7B,generative,0.6460148371100897,0.0,4,3.0
mm_0147167,FLAN-T5-XXL,generative,0.6460148371100897,0.0,4,3.0
mm_0147167,FLAN-T5-base,generative,-0.0,0.0,4,1.0
mm_0147345,BioMistral-7B,generative,0.6460148371100897,0.0,4,3.0
mm_0147345,FLAN-T5-XXL,generative,0.43067655807339306,0.0,4,2.0
mm_0147345,FLAN-T5-base,generative,0.34939847028229715,0.0,4,2.0
mm_0148129,BioMistral-7B,generative,0.683310763089587,0.0,6,4.0
mm_0148129,FLAN-T5-XXL,generative,0.3271035759815648,0.0,6,2.0
mm_0148129,FLAN-T5-base,generative,0.3562071871080222,0.0,6,2.0
mm_0148711,BioMistral-7B,generative,0.683310763089587,1.0,6,4.0
mm_0148711,FLAN-T5-XXL,generative,-0.0,0.0,6,1.0
mm_0148711,FLAN-T5-base,generative,-0.0,0.0,6,1.0
mm_0148991,BioMistral-7B,generative,0.8020464921255943,1.0,6,5.0
mm_0148991,FLAN-T5-XXL,generative,-0.0,0.0,6,1.0
mm_0148991,FLAN-T5-base,generative,0.3271035759815648,0.0,6,2.0
mm_0150343,BioMistral-7B,generative,0.8020464921255943,0.0,6,5.0
mm_0150343,FLAN-T5-XXL,generative,0.23154265837250496,0.0,6,2.0
mm_0150343,FLAN-T5-base,generative,0.4458393050175722,0.0,6,3.0
mm_0150931,BioMistral-7B,generative,0.5887621559162939,0.4,5,3.0
mm_0150931,FLAN-T5-XXL,generative,0.5887621559162939,0.0,5,3.0
mm_0150931,FLAN-T5-base,generative,0.3756149631508355,0.4,5,2.0
mm_0151404,BioMistral-7B,generative,0.683310763089587,1.0,6,4.0
mm_0151404,FLAN-T5-XXL,generative,-0.0,0.0,6,1.0
mm_0151404,FLAN-T5-base,generative,0.3271035759815648,0.0,6,2.0
mm_0151426,BioMistral-7B,generative,0.683310763089587,0.0,6,4.0
mm_0151426,FLAN-T5-XXL,generative,0.5645750340535796,0.0,6,3.0
mm_0151426,FLAN-T5-base,generative,0.683310763089587,0.0,6,4.0
mm_0152117,BioMistral-7B,generative,0.7886621919643219,1.0,8,6.0
mm_0152117,FLAN-T5-XXL,generative,0.17147549009906393,0.0,8,2.0
mm_0152117,FLAN-T5-base,generative,0.492528411160754,0.75,8,3.0
mm_0152683,BioMistral-7B,generative,0.43067655807339306,0.0,4,2.0
mm_0152683,FLAN-T5-XXL,generative,-0.0,0.0,4,1.0
mm_0152683,FLAN-T5-base,generative,0.43067655807339306,0.0,4,2.0
mm_0153470,BioMistral-7B,generative,0.43067655807339306,0.0,4,2.0
mm_0153470,FLAN-T5-XXL,generative,0.43067655807339306,0.0,4,2.0
mm_0153470,FLAN-T5-base,generative,0.43067655807339306,0.0,4,2.0
mm_0153880,BioMistral-7B,generative,0.5887621559162939,0.0,5,3.0
mm_0153880,FLAN-T5-XXL,generative,0.27927991012866066,0.0,5,2.0
mm_0153880,FLAN-T5-base,generative,0.5887621559162939,0.0,5,3.0
mm_0155776,BioMistral-7B,generative,0.6460148371100897,0.0,4,3.0
mm_0155776,FLAN-T5-XXL,generative,0.43067655807339306,0.0,4,2.0
mm_0155776,FLAN-T5-base,generative,0.6460148371100897,0.0,4,3.0
mm_0156493,BioMistral-7B,generative,0.5645750340535796,1.0,6,3.0
mm_0156493,FLAN-T5-XXL,generative,-0.0,1.0,6,1.0
mm_0156493,FLAN-T5-base,generative,-0.0,1.0,6,1.0
mm_0156624,BioMistral-7B,generative,0.683310763089587,1.0,6,4.0
mm_0156624,FLAN-T5-XXL,generative,0.23154265837250496,0.0,6,2.0
mm_0156624,FLAN-T5-base,generative,0.3271035759815648,0.0,6,2.0
mm_0156642,BioMistral-7B,generative,0.8613531161467861,0.0,4,4.0
mm_0156642,FLAN-T5-XXL,generative,-0.0,0.0,4,1.0
mm_0156642,FLAN-T5-base,generative,0.6460148371100897,0.0,4,3.0
mm_0158296,BioMistral-7B,generative,0.7435032788101106,0.0,5,4.0
mm_0158296,FLAN-T5-XXL,generative,-0.0,0.0,5,1.0
mm_0158296,FLAN-T5-base,generative,0.27927991012866066,0.0,5,2.0
mm_0158759,BioMistral-7B,generative,0.5645750340535796,0.0,6,3.0
mm_0158759,FLAN-T5-XXL,generative,-0.0,0.0,6,1.0
mm_0158759,FLAN-T5-base,generative,0.3271035759815648,0.0,6,2.0
mm_0159530,BioMistral-7B,generative,0.5887621559162939,0.0,5,3.0
mm_0159530,FLAN-T5-XXL,generative,0.5887621559162939,0.0,5,3.0
mm_0159530,FLAN-T5-base,generative,0.5887621559162939,0.0,5,3.0
mm_0159654,BioMistral-7B,generative,0.7453087835430107,1.0,7,5.0
mm_0159654,FLAN-T5-XXL,generative,0.3829449514269722,0.7142857142857143,7,3.0
mm_0159654,FLAN-T5-base,generative,0.287706856188877,0.7142857142857143,7,2.0
mm_0159899,BioMistral-7B,generative,0.7435032788101106,0.2,5,4.0
mm_0159899,FLAN-T5-XXL,generative,0.3756149631508355,0.0,5,2.0
mm_0159899,FLAN-T5-base,generative,0.3756149631508355,0.0,5,2.0
mm_0160031,BioMistral-7B,generative,0.6460148371100897,0.0,4,3.0
mm_0160031,FLAN-T5-XXL,generative,-0.0,0.0,4,1.0
mm_0160031,FLAN-T5-base,generative,0.34939847028229715,0.0,4,2.0
mm_0160569,BioMistral-7B,generative,0.4591479170272448,0.6666666666666666,3,2.0
mm_0160569,FLAN-T5-XXL,generative,0.4591479170272448,0.0,3,2.0
mm_0160569,FLAN-T5-base,generative,0.4591479170272448,0.0,3,2.0
mm_0161840,BioMistral-7B,generative,0.4591479170272448,1.0,3,2.0
mm_0161840,FLAN-T5-XXL,generative,-0.0,0.0,3,1.0
mm_0161840,FLAN-T5-base,generative,-0.0,0.0,3,1.0
mm_0161896,BioMistral-7B,generative,0.6460148371100897,0.0,4,3.0
mm_0161896,FLAN-T5-XXL,generative,-0.0,0.0,4,1.0
mm_0161896,FLAN-T5-base,generative,0.43067655807339306,0.0,4,2.0
mm_0162411,BioMistral-7B,generative,0.4591479170272448,0.0,3,2.0
mm_0162411,FLAN-T5-XXL,generative,0.4591479170272448,0.0,3,2.0
mm_0162411,FLAN-T5-base,generative,0.4591479170272448,0.0,3,2.0
mm_0162448,BioMistral-7B,generative,0.6460148371100897,0.0,4,3.0
mm_0162448,FLAN-T5-XXL,generative,0.6460148371100897,0.0,4,3.0
mm_0162448,FLAN-T5-base,generative,0.6460148371100897,0.0,4,3.0
mm_0162509,BioMistral-7B,generative,0.6460148371100897,1.0,4,3.0
mm_0162509,FLAN-T5-XXL,generative,-0.0,0.0,4,1.0
mm_0162509,FLAN-T5-base,generative,0.43067655807339306,0.0,4,2.0
mm_0162520,BioMistral-7B,generative,0.683310763089587,0.0,6,4.0
mm_0162520,FLAN-T5-XXL,generative,0.3271035759815648,0.0,6,2.0
mm_0162520,FLAN-T5-base,generative,0.3271035759815648,0.0,6,2.0
mm_0162546,BioMistral-7B,generative,0.8020464921255943,0.6666666666666666,6,5.0
mm_0162546,FLAN-T5-XXL,generative,0.3562071871080222,0.0,6,2.0
mm_0162546,FLAN-T5-base,generative,0.5645750340535796,0.3333333333333333,6,3.0
mm_0164466,BioMistral-7B,generative,0.7097959727678896,0.0,8,5.0
mm_0164466,FLAN-T5-XXL,generative,0.6011621919643219,0.0,8,4.0
mm_0164466,FLAN-T5-base,generative,0.4731973151785931,0.0,8,3.0
mm_0164998,BioMistral-7B,generative,0.8020464921255943,0.6666666666666666,6,5.0
mm_0164998,FLAN-T5-XXL,generative,0.3271035759815648,0.0,6,2.0
mm_0164998,FLAN-T5-base,generative,0.3271035759815648,0.6666666666666666,6,2.0
mm_0165626,BioMistral-7B,generative,0.5197589750988045,0.8333333333333334,6,3.0
mm_0165626,FLAN-T5-XXL,generative,0.3562071871080222,0.5,6,2.0
mm_0165626,FLAN-T5-base,generative,0.3271035759815648,0.0,6,2.0
mm_0166051,BioMistral-7B,generative,0.683310763089587,1.0,6,4.0
mm_0166051,FLAN-T5-XXL,generative,0.3271035759815648,0.0,6,2.0
mm_0166051,FLAN-T5-base,generative,0.3271035759815648,0.0,6,2.0
mm_0166571,BioMistral-7B,generative,0.5887621559162939,0.0,5,3.0
mm_0166571,FLAN-T5-XXL,generative,0.3756149631508355,0.0,5,2.0
mm_0166571,FLAN-T5-base,generative,0.3756149631508355,0.0,5,2.0
mm_0166771,BioMistral-7B,generative,0.6460148371100897,1.0,4,3.0
mm_0166771,FLAN-T5-XXL,generative,0.34939847028229715,0.0,4,2.0
mm_0166771,FLAN-T5-base,generative,0.6460148371100897,0.0,4,3.0
mm_0167745,BioMistral-7B,generative,-0.0,0.0,2,1.0
mm_0167745,FLAN-T5-XXL,generative,-0.0,0.0,2,1.0
mm_0167745,FLAN-T5-base,generative,-0.0,0.0,2,1.0
mm_0168156,BioMistral-7B,generative,0.6309297535714575,0.0,2,2.0
mm_0168156,FLAN-T5-XXL,generative,0.6309297535714575,0.0,2,2.0
mm_0168156,FLAN-T5-base,generative,0.6309297535714575,0.0,2,2.0
mm_0168172,BioMistral-7B,generative,0.683310763089587,1.0,6,4.0
mm_0168172,FLAN-T5-XXL,generative,0.5197589750988045,0.0,6,3.0
mm_0168172,FLAN-T5-base,generative,0.3562071871080222,0.0,6,2.0
mm_0168205,BioMistral-7B,generative,-0.0,1.0,2,1.0
mm_0168205,FLAN-T5-XXL,generative,-0.0,0.0,2,1.0
mm_0168205,FLAN-T5-base,generative,-0.0,1.0,2,1.0
mm_0168214,BioMistral-7B,generative,-0.0,0.0,2,1.0
mm_0168214,FLAN-T5-XXL,generative,-0.0,0.0,2,1.0
mm_0168214,FLAN-T5-base,generative,-0.0,0.0,2,1.0
mm_0169244,BioMistral-7B,generative,0.6460148371100897,0.0,4,3.0
mm_0169244,FLAN-T5-XXL,generative,0.34939847028229715,0.0,4,2.0
mm_0169244,FLAN-T5-base,generative,-0.0,0.0,4,1.0
mm_0169777,BioMistral-7B,generative,0.683310763089587,0.6666666666666666,6,4.0
mm_0169777,FLAN-T5-XXL,generative,-0.0,0.0,6,1.0
mm_0169777,FLAN-T5-base,generative,0.23154265837250496,0.0,6,2.0
mm_0169892,BioMistral-7B,generative,0.683310763089587,0.6666666666666666,6,4.0
mm_0169892,FLAN-T5-XXL,generative,-0.0,0.0,6,1.0
mm_0169892,FLAN-T5-base,generative,0.5197589750988045,0.0,6,3.0
mm_0170315,BioMistral-7B,generative,0.7097959727678896,1.0,8,5.0
mm_0170315,FLAN-T5-XXL,generative,0.31546487678572877,0.5,8,2.0
mm_0170315,FLAN-T5-base,generative,0.40972418593640175,0.625,8,3.0
mm_0170417,BioMistral-7B,generative,0.683310763089587,0.0,6,4.0
mm_0170417,FLAN-T5-XXL,generative,-0.0,0.0,6,1.0
mm_0170417,FLAN-T5-base,generative,-0.0,0.0,6,1.0
mm_0170901,BioMistral-7B,generative,0.683310763089587,0.0,6,4.0
mm_0170901,FLAN-T5-XXL,generative,0.3271035759815648,0.0,6,2.0
mm_0170901,FLAN-T5-base,generative,0.3271035759815648,0.0,6,2.0
mm_0171131,BioMistral-7B,generative,0.43067655807339306,0.5,4,2.0
mm_0171131,FLAN-T5-XXL,generative,-0.0,1.0,4,1.0
mm_0171131,FLAN-T5-base,generative,-0.0,1.0,4,1.0
mm_0171518,BioMistral-7B,generative,0.43067655807339306,1.0,4,2.0
mm_0171518,FLAN-T5-XXL,generative,0.43067655807339306,0.0,4,2.0
mm_0171518,FLAN-T5-base,generative,-0.0,0.0,4,1.0
mm_0171649,BioMistral-7B,generative,0.5887621559162939,1.0,5,3.0
mm_0171649,FLAN-T5-XXL,generative,0.5887621559162939,0.0,5,3.0
mm_0171649,FLAN-T5-base,generative,-0.0,1.0,5,1.0
mm_0171666,BioMistral-7B,generative,0.6500706883049155,1.0,7,4.0
mm_0171666,FLAN-T5-XXL,generative,0.287706856188877,0.0,7,2.0
mm_0171666,FLAN-T5-base,generative,0.45959449782872513,0.0,7,3.0
mm_0171783,BioMistral-7B,generative,0.7435032788101106,0.0,5,4.0
mm_0171783,FLAN-T5-XXL,generative,0.7435032788101106,0.0,5,4.0
mm_0171783,FLAN-T5-base,generative,0.7435032788101106,0.0,5,4.0
mm_0172460,BioMistral-7B,generative,0.6309297535714575,1.0,2,2.0
mm_0172460,FLAN-T5-XXL,generative,0.6309297535714575,0.0,2,2.0
mm_0172460,FLAN-T5-base,generative,0.6309297535714575,0.0,2,2.0
mm_0172661,BioMistral-7B,generative,0.683310763089587,1.0,6,4.0
mm_0172661,FLAN-T5-XXL,generative,-0.0,0.0,6,1.0
mm_0172661,FLAN-T5-base,generative,0.5645750340535796,0.0,6,3.0
mm_0173765,BioMistral-7B,generative,0.6460148371100897,1.0,4,3.0
mm_0173765,FLAN-T5-XXL,generative,-0.0,0.0,4,1.0
mm_0173765,FLAN-T5-base,generative,-0.0,0.0,4,1.0
mm_0174037,BioMistral-7B,generative,0.6460148371100897,1.0,4,3.0
mm_0174037,FLAN-T5-XXL,generative,-0.0,0.0,4,1.0
mm_0174037,FLAN-T5-base,generative,0.43067655807339306,0.0,4,2.0
mm_0174527,BioMistral-7B,generative,0.683310763089587,1.0,6,4.0
mm_0174527,FLAN-T5-XXL,generative,0.3271035759815648,1.0,6,2.0
mm_0174527,FLAN-T5-base,generative,-0.0,0.0,6,1.0
mm_0174783,BioMistral-7B,generative,0.8020464921255943,1.0,6,5.0
mm_0174783,FLAN-T5-XXL,generative,0.5197589750988045,0.0,6,3.0
mm_0174783,FLAN-T5-base,generative,0.3271035759815648,0.0,6,2.0
mm_0175215,BioMistral-7B,generative,0.5645750340535796,0.6666666666666666,6,3.0
mm_0175215,FLAN-T5-XXL,generative,0.3271035759815648,0.0,6,2.0
mm_0175215,FLAN-T5-base,generative,0.3271035759815648,0.0,6,2.0
mm_0175242,BioMistral-7B,generative,0.43067655807339306,1.0,4,2.0
mm_0175242,FLAN-T5-XXL,generative,-0.0,0.0,4,1.0
mm_0175242,FLAN-T5-base,generative,0.34939847028229715,0.0,4,2.0
mm_0175769,BioMistral-7B,generative,0.5887621559162939,1.0,5,3.0
mm_0175769,FLAN-T5-XXL,generative,0.3756149631508355,0.6,5,2.0
mm_0175769,FLAN-T5-base,generative,-0.0,1.0,5,1.0
mm_0176132,BioMistral-7B,generative,0.683310763089587,0.0,6,4.0
mm_0176132,FLAN-T5-XXL,generative,0.3562071871080222,0.0,6,2.0
mm_0176132,FLAN-T5-base,generative,-0.0,0.0,6,1.0
mm_0176153,BioMistral-7B,generative,0.8020464921255943,0.0,6,5.0
mm_0176153,FLAN-T5-XXL,generative,-0.0,0.0,6,1.0
mm_0176153,FLAN-T5-base,generative,0.3562071871080222,0.0,6,2.0
mm_0176433,BioMistral-7B,generative,0.43067655807339306,0.0,4,2.0
mm_0176433,FLAN-T5-XXL,generative,0.43067655807339306,0.0,4,2.0
mm_0176433,FLAN-T5-base,generative,0.6460148371100897,0.0,4,3.0
mm_0176562,BioMistral-7B,generative,0.5887621559162939,1.0,5,3.0
mm_0176562,FLAN-T5-XXL,generative,0.3756149631508355,0.0,5,2.0
mm_0176562,FLAN-T5-base,generative,0.3756149631508355,0.0,5,2.0
mm_0176770,BioMistral-7B,generative,-0.0,1.0,2,1.0
mm_0176770,FLAN-T5-XXL,generative,-0.0,0.0,2,1.0
mm_0176770,FLAN-T5-base,generative,-0.0,0.0,2,1.0
mm_0177411,BioMistral-7B,generative,0.5887621559162939,0.0,5,3.0
mm_0177411,FLAN-T5-XXL,generative,-0.0,0.0,5,1.0
mm_0177411,FLAN-T5-base,generative,0.27927991012866066,0.0,5,2.0
mm_0177471,BioMistral-7B,generative,0.8020464921255943,1.0,6,5.0
mm_0177471,FLAN-T5-XXL,generative,0.3271035759815648,0.0,6,2.0
mm_0177471,FLAN-T5-base,generative,0.5197589750988045,0.16666666666666666,6,3.0
mm_0177777,BioMistral-7B,generative,0.683310763089587,1.0,6,4.0
mm_0177777,FLAN-T5-XXL,generative,0.5645750340535796,0.0,6,3.0
mm_0177777,FLAN-T5-base,generative,-0.0,0.0,6,1.0
mm_0177855,BioMistral-7B,generative,0.7097959727678896,0.5,8,5.0
mm_0177855,FLAN-T5-XXL,generative,0.5520635343750253,0.0,8,4.0
mm_0177855,FLAN-T5-base,generative,0.2559297535714574,0.0,8,2.0
mm_0178262,BioMistral-7B,generative,0.7886621919643219,0.25,8,6.0
mm_0178262,FLAN-T5-XXL,generative,0.2559297535714574,0.0,8,2.0
mm_0178262,FLAN-T5-base,generative,0.33479597276788964,0.0,8,3.0
mm_0178424,BioMistral-7B,generative,0.8020464921255943,1.0,6,5.0
mm_0178424,FLAN-T5-XXL,generative,-0.0,0.0,6,1.0
mm_0178424,FLAN-T5-base,generative,0.3271035759815648,0.6666666666666666,6,2.0
mm_0178559,BioMistral-7B,generative,-0.0,1.0,2,1.0
mm_0178559,FLAN-T5-XXL,generative,-0.0,0.0,2,1.0
mm_0178559,FLAN-T5-base,generative,-0.0,0.0,2,1.0
mm_0178996,BioMistral-7B,generative,0.683310763089587,1.0,6,4.0
mm_0178996,FLAN-T5-XXL,generative,0.4458393050175722,0.0,6,3.0
mm_0178996,FLAN-T5-base,generative,0.3271035759815648,0.0,6,2.0
mm_0179114,BioMistral-7B,generative,0.43067655807339306,0.0,4,2.0
mm_0179114,FLAN-T5-XXL,generative,-0.0,0.0,4,1.0
mm_0179114,FLAN-T5-base,generative,-0.0,0.0,4,1.0
mm_0180560,BioMistral-7B,generative,0.8020464921255943,1.0,6,5.0
mm_0180560,FLAN-T5-XXL,generative,-0.0,0.0,6,1.0
mm_0180560,FLAN-T5-base,generative,-0.0,0.0,6,1.0
mm_0180790,BioMistral-7B,generative,0.8020464921255943,0.6666666666666666,6,5.0
mm_0180790,FLAN-T5-XXL,generative,0.3271035759815648,0.0,6,2.0
mm_0180790,FLAN-T5-base,generative,0.683310763089587,0.0,6,4.0
mm_0180796,BioMistral-7B,generative,0.683310763089587,0.0,6,4.0
mm_0180796,FLAN-T5-XXL,generative,0.3271035759815648,0.0,6,2.0
mm_0180796,FLAN-T5-base,generative,0.5197589750988045,0.0,6,3.0
mm_0181168,BioMistral-7B,generative,0.683310763089587,0.6666666666666666,6,4.0
mm_0181168,FLAN-T5-XXL,generative,0.4458393050175722,0.6666666666666666,6,3.0
mm_0181168,FLAN-T5-base,generative,0.5197589750988045,0.0,6,3.0
mm_0181222,BioMistral-7B,generative,0.4591479170272448,1.0,3,2.0
mm_0181222,FLAN-T5-XXL,generative,0.4591479170272448,0.0,3,2.0
mm_0181222,FLAN-T5-base,generative,0.4591479170272448,0.0,3,2.0
mm_0181309,BioMistral-7B,generative,0.8020464921255943,1.0,6,5.0
mm_0181309,FLAN-T5-XXL,generative,0.5197589750988045,0.16666666666666666,6,3.0
mm_0181309,FLAN-T5-base,generative,0.23154265837250496,0.0,6,2.0
mm_0181675,BioMistral-7B,generative,0.5645750340535796,0.0,6,3.0
mm_0181675,FLAN-T5-XXL,generative,0.23154265837250496,0.0,6,2.0
mm_0181675,FLAN-T5-base,generative,-0.0,0.0,6,1.0
mm_0184130,BioMistral-7B,generative,0.683310763089587,1.0,6,4.0
mm_0184130,FLAN-T5-XXL,generative,0.23154265837250496,0.16666666666666666,6,2.0
mm_0184130,FLAN-T5-base,generative,-0.0,0.0,6,1.0
mm_0184313,BioMistral-7B,generative,0.7886621919643219,1.0,8,6.0
mm_0184313,FLAN-T5-XXL,generative,0.2559297535714574,0.0,8,2.0
mm_0184313,FLAN-T5-base,generative,0.4731973151785931,0.5,8,3.0
mm_0184320,BioMistral-7B,generative,0.6460148371100897,1.0,4,3.0
mm_0184320,FLAN-T5-XXL,generative,0.43067655807339306,0.0,4,2.0
mm_0184320,FLAN-T5-base,generative,0.43067655807339306,0.0,4,2.0
mm_0184337,BioMistral-7B,generative,0.43067655807339306,1.0,4,2.0
mm_0184337,FLAN-T5-XXL,generative,0.43067655807339306,0.5,4,2.0
mm_0184337,FLAN-T5-base,generative,0.43067655807339306,0.5,4,2.0
mm_0184531,BioMistral-7B,generative,0.0,0.0,1,1.0
mm_0184531,FLAN-T5-XXL,generative,0.0,0.0,1,1.0
mm_0184531,FLAN-T5-base,generative,0.0,0.0,1,1.0
mm_0185245,BioMistral-7B,generative,0.6500706883049155,0.0,7,4.0
mm_0185245,FLAN-T5-XXL,generative,0.45959449782872513,0.0,7,3.0
mm_0185245,FLAN-T5-base,generative,0.287706856188877,0.0,7,2.0
mm_0185936,BioMistral-7B,generative,0.43067655807339306,1.0,4,2.0
mm_0185936,FLAN-T5-XXL,generative,0.6460148371100897,0.0,4,3.0
mm_0185936,FLAN-T5-base,generative,-0.0,0.0,4,1.0
mm_0186119,BioMistral-7B,generative,0.43067655807339306,0.5,4,2.0
mm_0186119,FLAN-T5-XXL,generative,-0.0,1.0,4,1.0
mm_0186119,FLAN-T5-base,generative,-0.0,1.0,4,1.0
mm_0186465,BioMistral-7B,generative,0.7453087835430107,1.0,7,5.0
mm_0186465,FLAN-T5-XXL,generative,0.32840937867808384,0.0,7,2.0
mm_0186465,FLAN-T5-base,generative,-0.0,0.0,7,1.0
mm_0187173,BioMistral-7B,generative,0.43067655807339306,0.0,4,2.0
mm_0187173,FLAN-T5-XXL,generative,0.43067655807339306,0.0,4,2.0
mm_0187173,FLAN-T5-base,generative,-0.0,0.0,4,1.0
mm_0187489,BioMistral-7B,generative,0.683310763089587,0.0,6,4.0
mm_0187489,FLAN-T5-XXL,generative,0.3271035759815648,0.6666666666666666,6,2.0
mm_0187489,FLAN-T5-base,generative,0.3562071871080222,0.0,6,2.0
mm_0187588,BioMistral-7B,generative,0.6309297535714575,0.0,2,2.0
mm_0187588,FLAN-T5-XXL,generative,-0.0,0.0,2,1.0
mm_0187588,FLAN-T5-base,generative,-0.0,0.0,2,1.0
mm_0187792,BioMistral-7B,generative,0.6500706883049155,0.0,7,4.0
mm_0187792,FLAN-T5-XXL,generative,-0.0,0.0,7,1.0
mm_0187792,FLAN-T5-base,generative,-0.0,0.0,7,1.0
mm_0187940,BioMistral-7B,generative,0.7453087835430107,0.0,7,5.0
mm_0187940,FLAN-T5-XXL,generative,0.287706856188877,0.0,7,2.0
mm_0187940,FLAN-T5-base,generative,0.5188855691542743,0.0,7,3.0
mm_0188057,BioMistral-7B,generative,0.683310763089587,0.3333333333333333,6,4.0
mm_0188057,FLAN-T5-XXL,generative,0.3271035759815648,0.0,6,2.0
mm_0188057,FLAN-T5-base,generative,0.5645750340535796,0.0,6,3.0
mm_0188249,BioMistral-7B,generative,0.7435032788101106,1.0,5,4.0
mm_0188249,FLAN-T5-XXL,generative,0.3756149631508355,0.0,5,2.0
mm_0188249,FLAN-T5-base,generative,0.3756149631508355,0.0,5,2.0
mm_0189033,BioMistral-7B,generative,0.5197589750988045,1.0,6,3.0
mm_0189033,FLAN-T5-XXL,generative,0.23154265837250496,0.0,6,2.0
mm_0189033,FLAN-T5-base,generative,0.23154265837250496,0.0,6,2.0
mm_0189388,BioMistral-7B,generative,0.683310763089587,0.0,6,4.0
mm_0189388,FLAN-T5-XXL,generative,0.5645750340535796,0.0,6,3.0
mm_0189388,FLAN-T5-base,generative,-0.0,0.0,6,1.0
mm_0189542,BioMistral-7B,generative,0.7435032788101106,0.0,5,4.0
mm_0189542,FLAN-T5-XXL,generative,-0.0,0.0,5,1.0
mm_0189542,FLAN-T5-base,generative,-0.0,0.0,5,1.0
mm_0189992,BioMistral-7B,generative,-0.0,0.0,2,1.0
mm_0189992,FLAN-T5-XXL,generative,-0.0,0.0,2,1.0
mm_0189992,FLAN-T5-base,generative,-0.0,0.0,2,1.0
mm_0190644,BioMistral-7B,generative,0.4591479170272448,1.0,3,2.0
mm_0190644,FLAN-T5-XXL,generative,-0.0,1.0,3,1.0
mm_0190644,FLAN-T5-base,generative,-0.0,1.0,3,1.0
mm_0191008,BioMistral-7B,generative,0.7435032788101106,1.0,5,4.0
mm_0191008,FLAN-T5-XXL,generative,0.5303560860446522,0.0,5,3.0
mm_0191008,FLAN-T5-base,generative,0.7435032788101106,0.0,5,4.0
mm_0191715,BioMistral-7B,generative,0.43067655807339306,0.0,4,2.0
mm_0191715,FLAN-T5-XXL,generative,-0.0,0.0,4,1.0
mm_0191715,FLAN-T5-base,generative,0.43067655807339306,0.0,4,2.0
mm_0192165,BioMistral-7B,generative,0.4591479170272448,0.0,3,2.0
mm_0192165,FLAN-T5-XXL,generative,-0.0,0.0,3,1.0
mm_0192165,FLAN-T5-base,generative,-0.0,0.0,3,1.0
mm_0193015,BioMistral-7B,generative,0.43067655807339306,0.5,4,2.0
mm_0193015,FLAN-T5-XXL,generative,-0.0,0.0,4,1.0
mm_0193015,FLAN-T5-base,generative,-0.0,0.0,4,1.0
mm_0193331,BioMistral-7B,generative,0.6460148371100897,1.0,4,3.0
mm_0193331,FLAN-T5-XXL,generative,0.6460148371100897,0.0,4,3.0
mm_0193331,FLAN-T5-base,generative,0.43067655807339306,0.0,4,2.0
mm_0193351,BioMistral-7B,generative,0.6460148371100897,0.0,4,3.0
mm_0193351,FLAN-T5-XXL,generative,0.6460148371100897,0.0,4,3.0
mm_0193351,FLAN-T5-base,generative,0.43067655807339306,0.0,4,2.0
mm_0193717,BioMistral-7B,generative,0.6460148371100897,0.0,4,3.0
mm_0193717,FLAN-T5-XXL,generative,0.43067655807339306,0.0,4,2.0
mm_0193717,FLAN-T5-base,generative,-0.0,0.0,4,1.0
mm_0194015,BioMistral-7B,generative,0.7886621919643219,0.25,8,6.0
mm_0194015,FLAN-T5-XXL,generative,-0.0,1.0,8,1.0
mm_0194015,FLAN-T5-base,generative,-0.0,1.0,8,1.0
mm_0194026,BioMistral-7B,generative,0.6309297535714575,1.0,2,2.0
mm_0194026,FLAN-T5-XXL,generative,-0.0,0.0,2,1.0
mm_0194026,FLAN-T5-base,generative,-0.0,0.0,2,1.0
mm_0194085,BioMistral-7B,generative,-0.0,1.0,2,1.0
mm_0194085,FLAN-T5-XXL,generative,-0.0,0.0,2,1.0
mm_0194085,FLAN-T5-base,generative,-0.0,0.0,2,1.0
mm_0194562,BioMistral-7B,generative,0.43067655807339306,0.5,4,2.0
mm_0194562,FLAN-T5-XXL,generative,0.43067655807339306,0.5,4,2.0
mm_0194562,FLAN-T5-base,generative,0.43067655807339306,0.0,4,2.0
mm_0195338,BioMistral-7B,generative,0.7435032788101106,0.4,5,4.0
mm_0195338,FLAN-T5-XXL,generative,0.27927991012866066,0.0,5,2.0
mm_0195338,FLAN-T5-base,generative,0.27927991012866066,0.0,5,2.0
mm_0196116,BioMistral-7B,generative,0.4591479170272448,1.0,3,2.0
mm_0196116,FLAN-T5-XXL,generative,0.4591479170272448,0.0,3,2.0
mm_0196116,FLAN-T5-base,generative,-0.0,0.0,3,1.0
mm_0196264,BioMistral-7B,generative,0.5645750340535796,0.0,6,3.0
mm_0196264,FLAN-T5-XXL,generative,0.23154265837250496,0.0,6,2.0
mm_0196264,FLAN-T5-base,generative,-0.0,0.0,6,1.0
mm_0196838,BioMistral-7B,generative,0.43067655807339306,0.5,4,2.0
mm_0196838,FLAN-T5-XXL,generative,0.6460148371100897,0.5,4,3.0
mm_0196838,FLAN-T5-base,generative,0.34939847028229715,0.25,4,2.0
mm_0197067,BioMistral-7B,generative,0.840546878781106,0.7142857142857143,7,6.0
mm_0197067,FLAN-T5-XXL,generative,0.1972242595274425,0.0,7,2.0
mm_0197067,FLAN-T5-base,generative,0.1972242595274425,0.0,7,2.0
mm_0197241,BioMistral-7B,generative,0.43067655807339306,1.0,4,2.0
mm_0197241,FLAN-T5-XXL,generative,-0.0,0.0,4,1.0
mm_0197241,FLAN-T5-base,generative,0.43067655807339306,0.0,4,2.0
mm_0197765,BioMistral-7B,generative,0.8020464921255943,0.6666666666666666,6,5.0
mm_0197765,FLAN-T5-XXL,generative,-0.0,0.0,6,1.0
mm_0197765,FLAN-T5-base,generative,0.683310763089587,0.0,6,4.0
mm_0198299,BioMistral-7B,generative,0.683310763089587,1.0,6,4.0
mm_0198299,FLAN-T5-XXL,generative,-0.0,0.0,6,1.0
mm_0198299,FLAN-T5-base,generative,-0.0,0.0,6,1.0
mm_0198407,BioMistral-7B,generative,0.7097959727678896,0.25,8,5.0
mm_0198407,FLAN-T5-XXL,generative,-0.0,0.0,8,1.0
mm_0198407,FLAN-T5-base,generative,-0.0,0.0,8,1.0
mm_0198476,BioMistral-7B,generative,0.43067655807339306,0.5,4,2.0
mm_0198476,FLAN-T5-XXL,generative,0.43067655807339306,0.0,4,2.0
mm_0198476,FLAN-T5-base,generative,0.43067655807339306,0.0,4,2.0
mm_0198970,BioMistral-7B,generative,0.683310763089587,1.0,6,4.0
mm_0198970,FLAN-T5-XXL,generative,0.23154265837250496,0.0,6,2.0
mm_0198970,FLAN-T5-base,generative,0.23154265837250496,0.0,6,2.0
mm_0199321,BioMistral-7B,generative,0.7435032788101106,1.0,5,4.0
mm_0199321,FLAN-T5-XXL,generative,-0.0,0.0,5,1.0
mm_0199321,FLAN-T5-base,generative,0.5303560860446522,0.0,5,3.0
mm_0199585,BioMistral-7B,generative,0.7097959727678896,0.0,8,5.0
mm_0199585,FLAN-T5-XXL,generative,0.2559297535714574,0.75,8,2.0
mm_0199585,FLAN-T5-base,generative,-0.0,0.0,8,1.0
mm_0199599,BioMistral-7B,generative,0.5645750340535796,0.0,6,3.0
mm_0199599,FLAN-T5-XXL,generative,0.23154265837250496,0.0,6,2.0
mm_0199599,FLAN-T5-base,generative,-0.0,0.0,6,1.0
mm_0199662,BioMistral-7B,generative,0.6460148371100897,1.0,4,3.0
mm_0199662,FLAN-T5-XXL,generative,0.43067655807339306,0.0,4,2.0
mm_0199662,FLAN-T5-base,generative,0.6460148371100897,0.0,4,3.0
mm_0199885,BioMistral-7B,generative,0.43067655807339306,1.0,4,2.0
mm_0199885,FLAN-T5-XXL,generative,0.43067655807339306,0.0,4,2.0
mm_0199885,FLAN-T5-base,generative,0.43067655807339306,0.0,4,2.0
mm_0200523,BioMistral-7B,generative,0.683310763089587,0.0,6,4.0
mm_0200523,FLAN-T5-XXL,generative,0.3271035759815648,0.0,6,2.0
mm_0200523,FLAN-T5-base,generative,0.5645750340535796,0.0,6,3.0
mm_0200689,BioMistral-7B,generative,0.8613531161467861,0.5,4,4.0
mm_0200689,FLAN-T5-XXL,generative,0.6460148371100897,0.0,4,3.0
mm_0200689,FLAN-T5-base,generative,0.43067655807339306,0.0,4,2.0
mm_0200899,BioMistral-7B,generative,0.5645750340535796,0.6666666666666666,6,3.0
mm_0200899,FLAN-T5-XXL,generative,0.3271035759815648,0.0,6,2.0
mm_0200899,FLAN-T5-base,generative,0.5645750340535796,0.0,6,3.0
mm_0201109,BioMistral-7B,generative,0.792481250360578,0.0,3,3.0
mm_0201109,FLAN-T5-XXL,generative,-0.0,0.0,3,1.0
mm_0201109,FLAN-T5-base,generative,-0.0,0.0,3,1.0
mm_0201459,BioMistral-7B,generative,0.43067655807339306,0.5,4,2.0
mm_0201459,FLAN-T5-XXL,generative,0.34939847028229715,0.0,4,2.0
mm_0201459,FLAN-T5-base,generative,0.43067655807339306,0.0,4,2.0
