instance_id,perturbation_type,mention_context,perturbation_text,lexical_change_magnitude,gold_mention,gold_cui,accepted_final
bioasq_0,back_translation,What is small-activating RNA?,What is Small Activating RNA?,0.10344827586206896,small activating RNAs are double stranded RNAs (dsRNAs) that target gene promote,QA_ANSWER,True
bioasq_0,back_translation,What is small-activating RNA?,What is Small Activating RNA?,0.10344827586206896,small activating RNAs are double stranded RNAs (dsRNAs) that target gene promote,QA_ANSWER,True
bioasq_0,controlled_paraphrase,What is small-activating RNA?,Could you provide a description of small-activating RNA?,0.5535714285714286,small activating RNAs are double stranded RNAs (dsRNAs) that target gene promote,QA_ANSWER,True
bioasq_0,controlled_paraphrase,What is small-activating RNA?,Could you provide a description of small-activating RNA?,0.5535714285714286,small activating RNAs are double stranded RNAs (dsRNAs) that target gene promote,QA_ANSWER,True
bioasq_0,synonym_substitution,What is small-activating RNA?,What be small-activating RNA?,0.06896551724137931,small activating RNAs are double stranded RNAs (dsRNAs) that target gene promote,QA_ANSWER,True
bioasq_0,synonym_substitution,What is small-activating RNA?,What be small-activating RNA?,0.06896551724137931,small activating RNAs are double stranded RNAs (dsRNAs) that target gene promote,QA_ANSWER,True
bioasq_1,back_translation,Can the CEP290 gene mutations be targeted by AAV-mediated gene therapy?,Can the CEP290 gene mutations be specifically treated by AAV-mediated gene therapy?,0.18072289156626506,The large size of the CEP290 gene prevents its use in adeno-associated virus (AA,QA_ANSWER,True
bioasq_1,back_translation,Can the CEP290 gene mutations be targeted by AAV-mediated gene therapy?,Can the CEP290 gene mutations be specifically treated by AAV-mediated gene therapy?,0.18072289156626506,The large size of the CEP290 gene prevents its use in adeno-associated virus (AA,QA_ANSWER,True
bioasq_2,synonym_substitution,Is there an approved vaccine against Helicobacter pylori?,be there Associate in Nursing approve vaccine against Helicobacter pylori?,0.28378378378378377,"No, there is no approved vaccine against Helicobacter pylori.",QA_ANSWER,True
bioasq_2,synonym_substitution,Is there an approved vaccine against Helicobacter pylori?,be there Associate in Nursing approve vaccine against Helicobacter pylori?,0.28378378378378377,"No, there is no approved vaccine against Helicobacter pylori.",QA_ANSWER,True
bioasq_4,back_translation,Cerliponase alfa is apprived for treatment of which disease?,Cerliponase alfa is used to treat which disease?,0.25,Cerliponase alfa is a recombinant human tripeptidyl peptidase-1 (TPP1) approved ,QA_ANSWER,True
bioasq_4,back_translation,Cerliponase alfa is apprived for treatment of which disease?,Cerliponase alfa is used to treat which disease?,0.25,Cerliponase alfa is a recombinant human tripeptidyl peptidase-1 (TPP1) approved ,QA_ANSWER,True
bioasq_4,synonym_substitution,Cerliponase alfa is apprived for treatment of which disease?,Cerliponase alfa be apprived for intervention of which disease?,0.15873015873015872,Cerliponase alfa is a recombinant human tripeptidyl peptidase-1 (TPP1) approved ,QA_ANSWER,True
bioasq_4,synonym_substitution,Cerliponase alfa is apprived for treatment of which disease?,Cerliponase alfa be apprived for intervention of which disease?,0.15873015873015872,Cerliponase alfa is a recombinant human tripeptidyl peptidase-1 (TPP1) approved ,QA_ANSWER,True
bioasq_6,back_translation,RTS S AS01 vaccine was developed to prevent which disease?,The vaccine RTS S AS01 has been developed to prevent what disease?,0.36363636363636365,"RTS,S/AS01 vaccine was developed for prevention of malaria.",QA_ANSWER,True
bioasq_6,back_translation,RTS S AS01 vaccine was developed to prevent which disease?,The vaccine RTS S AS01 has been developed to prevent what disease?,0.36363636363636365,"RTS,S/AS01 vaccine was developed for prevention of malaria.",QA_ANSWER,True
bioasq_8,back_translation,Which are the characteristics of  Andersen syndrome?,What are the characteristics of Andersen's syndrome?,0.11538461538461539,"the characteristics of Andersen syndrome are abnormal QT-U complex, ventricular ",QA_ANSWER,True
bioasq_8,back_translation,Which are the characteristics of  Andersen syndrome?,What are the characteristics of Andersen's syndrome?,0.11538461538461539,"the characteristics of Andersen syndrome are abnormal QT-U complex, ventricular ",QA_ANSWER,True
bioasq_8,controlled_paraphrase,Which are the characteristics of  Andersen syndrome?,What are the features of Andersen syndrome?,0.28846153846153844,"the characteristics of Andersen syndrome are abnormal QT-U complex, ventricular ",QA_ANSWER,True
bioasq_8,controlled_paraphrase,Which are the characteristics of  Andersen syndrome?,What are the features of Andersen syndrome?,0.28846153846153844,"the characteristics of Andersen syndrome are abnormal QT-U complex, ventricular ",QA_ANSWER,True
bioasq_9,back_translation,What are the currently FDA approved monoclonal antibodies for myeloma?,What are the currently approved FDA monoclonal antibodies against myeloma?,0.20270270270270271,"The US Food and Drug Administration approved MoAbs, include belantamab mafodotin",QA_ANSWER,True
bioasq_9,back_translation,What are the currently FDA approved monoclonal antibodies for myeloma?,What are the currently approved FDA monoclonal antibodies against myeloma?,0.20270270270270271,"The US Food and Drug Administration approved MoAbs, include belantamab mafodotin",QA_ANSWER,True
bioasq_9,synonym_substitution,What are the currently FDA approved monoclonal antibodies for myeloma?,What ar the presently Food and Drug Administration approved monoclonal antibodies for myeloma?,0.3191489361702128,"The US Food and Drug Administration approved MoAbs, include belantamab mafodotin",QA_ANSWER,True
bioasq_9,synonym_substitution,What are the currently FDA approved monoclonal antibodies for myeloma?,What ar the presently Food and Drug Administration approved monoclonal antibodies for myeloma?,0.3191489361702128,"The US Food and Drug Administration approved MoAbs, include belantamab mafodotin",QA_ANSWER,True
bioasq_10,synonym_substitution,Which is the basis of the ATAC-Seq protocol?,Which be the footing of the ATAC-Seq protocol?,0.17391304347826086,"This method probes DNA accessibility with hyperactive Tn5 transposase, which ins",QA_ANSWER,True
bioasq_10,synonym_substitution,Which is the basis of the ATAC-Seq protocol?,Which be the footing of the ATAC-Seq protocol?,0.17391304347826086,"This method probes DNA accessibility with hyperactive Tn5 transposase, which ins",QA_ANSWER,True
bioasq_11,controlled_paraphrase,Is liquid biopsy a cost-effective technique in general population screening for colorectal cancer?,Is liquid biopsy a cost-effective option for detecting colorectal cancer in the general population?,0.5353535353535354,"No, liquid biopsy is not a cost-effective technique for general population scree",QA_ANSWER,True
bioasq_11,controlled_paraphrase,Is liquid biopsy a cost-effective technique in general population screening for colorectal cancer?,Is liquid biopsy a cost-effective option for detecting colorectal cancer in the general population?,0.5353535353535354,"No, liquid biopsy is not a cost-effective technique for general population scree",QA_ANSWER,True
bioasq_11,synonym_substitution,Is liquid biopsy a cost-effective technique in general population screening for colorectal cancer?,be liquid biopsy angstrom cost-efficient technique in general population screening for colorectal cancer?,0.13333333333333333,"No, liquid biopsy is not a cost-effective technique for general population scree",QA_ANSWER,True
bioasq_11,synonym_substitution,Is liquid biopsy a cost-effective technique in general population screening for colorectal cancer?,be liquid biopsy angstrom cost-efficient technique in general population screening for colorectal cancer?,0.13333333333333333,"No, liquid biopsy is not a cost-effective technique for general population scree",QA_ANSWER,True
bioasq_12,back_translation,"What is the meaning of the acronym ""TAILS"" used in protein N-terminomics?","What is the meaning of the acronym ""TAILS"", which is used in N-terminomics protein?",0.24096385542168675,"TAILS stands for ""Terminal Amine Isotopic Labeling of Substrates""",QA_ANSWER,True
bioasq_12,back_translation,"What is the meaning of the acronym ""TAILS"" used in protein N-terminomics?","What is the meaning of the acronym ""TAILS"", which is used in N-terminomics protein?",0.24096385542168675,"TAILS stands for ""Terminal Amine Isotopic Labeling of Substrates""",QA_ANSWER,True
bioasq_12,controlled_paraphrase,"What is the meaning of the acronym ""TAILS"" used in protein N-terminomics?",What do the acronym TAILS stand for in the context of protein N-terminomics?,0.5,"TAILS stands for ""Terminal Amine Isotopic Labeling of Substrates""",QA_ANSWER,True
bioasq_12,controlled_paraphrase,"What is the meaning of the acronym ""TAILS"" used in protein N-terminomics?",What do the acronym TAILS stand for in the context of protein N-terminomics?,0.5,"TAILS stands for ""Terminal Amine Isotopic Labeling of Substrates""",QA_ANSWER,True
bioasq_12,synonym_substitution,"What is the meaning of the acronym ""TAILS"" used in protein N-terminomics?","What be the significance of the acronym ""TAILS"" use in protein N-terminomics?",0.15584415584415584,"TAILS stands for ""Terminal Amine Isotopic Labeling of Substrates""",QA_ANSWER,True
bioasq_12,synonym_substitution,"What is the meaning of the acronym ""TAILS"" used in protein N-terminomics?","What be the significance of the acronym ""TAILS"" use in protein N-terminomics?",0.15584415584415584,"TAILS stands for ""Terminal Amine Isotopic Labeling of Substrates""",QA_ANSWER,True
bioasq_13,back_translation,Is TIAM1 favoring tumor progression in colorectal cancer (CRC)?,Does TIAM1 favour tumour progression in colorectal cancer (CRC)?,0.125,No. In colorectal cancer (CRC) TIAM1 suppresses tumor progression by regulating ,QA_ANSWER,True
bioasq_13,back_translation,Is TIAM1 favoring tumor progression in colorectal cancer (CRC)?,Does TIAM1 favour tumour progression in colorectal cancer (CRC)?,0.125,No. In colorectal cancer (CRC) TIAM1 suppresses tumor progression by regulating ,QA_ANSWER,True
bioasq_13,controlled_paraphrase,Is TIAM1 favoring tumor progression in colorectal cancer (CRC)?,Does TIAM1 promote the growth of tumors in colorectal cancer (CRC)?,0.40298507462686567,No. In colorectal cancer (CRC) TIAM1 suppresses tumor progression by regulating ,QA_ANSWER,True
bioasq_13,controlled_paraphrase,Is TIAM1 favoring tumor progression in colorectal cancer (CRC)?,Does TIAM1 promote the growth of tumors in colorectal cancer (CRC)?,0.40298507462686567,No. In colorectal cancer (CRC) TIAM1 suppresses tumor progression by regulating ,QA_ANSWER,True
bioasq_13,synonym_substitution,Is TIAM1 favoring tumor progression in colorectal cancer (CRC)?,be TIAM1 prefer tumour progression in colorectal cancer (CRC)?,0.1746031746031746,No. In colorectal cancer (CRC) TIAM1 suppresses tumor progression by regulating ,QA_ANSWER,True
bioasq_13,synonym_substitution,Is TIAM1 favoring tumor progression in colorectal cancer (CRC)?,be TIAM1 prefer tumour progression in colorectal cancer (CRC)?,0.1746031746031746,No. In colorectal cancer (CRC) TIAM1 suppresses tumor progression by regulating ,QA_ANSWER,True
bioasq_14,back_translation,Which Python tool has been developed for network-based stratification of tumor mutations?,Which Python tool was developed for network-based stratification of tumor mutations?,0.06741573033707865,PyNBS is a modularized Python 2.7 implementation of the network-based stratifica,QA_ANSWER,True
bioasq_14,back_translation,Which Python tool has been developed for network-based stratification of tumor mutations?,Which Python tool was developed for network-based stratification of tumor mutations?,0.06741573033707865,PyNBS is a modularized Python 2.7 implementation of the network-based stratifica,QA_ANSWER,True
bioasq_14,controlled_paraphrase,Which Python tool has been developed for network-based stratification of tumor mutations?,What is the Python code for network stratification of tumor mutations?,0.3595505617977528,PyNBS is a modularized Python 2.7 implementation of the network-based stratifica,QA_ANSWER,True
bioasq_14,controlled_paraphrase,Which Python tool has been developed for network-based stratification of tumor mutations?,What is the Python code for network stratification of tumor mutations?,0.3595505617977528,PyNBS is a modularized Python 2.7 implementation of the network-based stratifica,QA_ANSWER,True
bioasq_14,synonym_substitution,Which Python tool has been developed for network-based stratification of tumor mutations?,Which Python tool hour angle be develop for network-based stratification of tumor mutations?,0.13043478260869565,PyNBS is a modularized Python 2.7 implementation of the network-based stratifica,QA_ANSWER,True
bioasq_14,synonym_substitution,Which Python tool has been developed for network-based stratification of tumor mutations?,Which Python tool hour angle be develop for network-based stratification of tumor mutations?,0.13043478260869565,PyNBS is a modularized Python 2.7 implementation of the network-based stratifica,QA_ANSWER,True
bioasq_15,controlled_paraphrase,What disease can be treated with Lenacapavir?,Which illness can be cured by taking Lenacapavir?,0.40816326530612246,"Lenacapavir is a long-acting, highly potent HIV-1 capsid (CA) inhibitor that is ",QA_ANSWER,True
bioasq_15,controlled_paraphrase,What disease can be treated with Lenacapavir?,Which illness can be cured by taking Lenacapavir?,0.40816326530612246,"Lenacapavir is a long-acting, highly potent HIV-1 capsid (CA) inhibitor that is ",QA_ANSWER,True
bioasq_16,synonym_substitution,What are the targets of avapritinib?,What ar the target of avapritinib?,0.05555555555555555,Avapritinib is a novel inhibitor of KIT/PDGFRA. It is approved in the U.S. for t,QA_ANSWER,True
bioasq_16,synonym_substitution,What are the targets of avapritinib?,What ar the target of avapritinib?,0.05555555555555555,Avapritinib is a novel inhibitor of KIT/PDGFRA. It is approved in the U.S. for t,QA_ANSWER,True
bioasq_17,back_translation,Is co-loss of BRCA2-RB1 associated with better prognosis for prostate cancer patients?,Is a BRCA2-RB1 co-loss associated with a better prognosis for prostate cancer patients?,0.22988505747126436,No. Co-loss of BRCA2-RB1 in human prostate cancer cells induces an epithelial-to,QA_ANSWER,True
bioasq_17,back_translation,Is co-loss of BRCA2-RB1 associated with better prognosis for prostate cancer patients?,Is a BRCA2-RB1 co-loss associated with a better prognosis for prostate cancer patients?,0.22988505747126436,No. Co-loss of BRCA2-RB1 in human prostate cancer cells induces an epithelial-to,QA_ANSWER,True
bioasq_17,synonym_substitution,Is co-loss of BRCA2-RB1 associated with better prognosis for prostate cancer patients?,be co-loss of BRCA2-RB1 associate with better forecast for prostate cancer patients?,0.12790697674418605,No. Co-loss of BRCA2-RB1 in human prostate cancer cells induces an epithelial-to,QA_ANSWER,True
bioasq_17,synonym_substitution,Is co-loss of BRCA2-RB1 associated with better prognosis for prostate cancer patients?,be co-loss of BRCA2-RB1 associate with better forecast for prostate cancer patients?,0.12790697674418605,No. Co-loss of BRCA2-RB1 in human prostate cancer cells induces an epithelial-to,QA_ANSWER,True
bioasq_17,syntactic_reordering,Is co-loss of BRCA2-RB1 associated with better prognosis for prostate cancer patients?,associated with better prognosis for prostate cancer patients ? Is co - loss of BRCA2 - RB1,0.5824175824175825,No. Co-loss of BRCA2-RB1 in human prostate cancer cells induces an epithelial-to,QA_ANSWER,True
bioasq_17,syntactic_reordering,Is co-loss of BRCA2-RB1 associated with better prognosis for prostate cancer patients?,associated with better prognosis for prostate cancer patients ? Is co - loss of BRCA2 - RB1,0.5824175824175825,No. Co-loss of BRCA2-RB1 in human prostate cancer cells induces an epithelial-to,QA_ANSWER,True
bioasq_18,synonym_substitution,What medication are included in the Juvisync pill?,What medicine ar include in the Juvisync pill?,0.12,Juvisync pill included sitagliptin and simvastatin.,QA_ANSWER,True
bioasq_18,synonym_substitution,What medication are included in the Juvisync pill?,What medicine ar include in the Juvisync pill?,0.12,Juvisync pill included sitagliptin and simvastatin.,QA_ANSWER,True
bioasq_20,back_translation,List the human acrocentric chromosomes that are involved in Robertsonian translocation.,List of human acrocentric chromosomes involved in Robertsonian translocation.,0.13793103448275862,Robertsonian translocations (ROBs) are the most common chromosomal rearrangement,QA_ANSWER,True
bioasq_20,back_translation,List the human acrocentric chromosomes that are involved in Robertsonian translocation.,List of human acrocentric chromosomes involved in Robertsonian translocation.,0.13793103448275862,Robertsonian translocations (ROBs) are the most common chromosomal rearrangement,QA_ANSWER,True
bioasq_20,controlled_paraphrase,List the human acrocentric chromosomes that are involved in Robertsonian translocation.,What are the acrocentric chromosomes that participate in Robertsonian translocation in humans?,0.3191489361702128,Robertsonian translocations (ROBs) are the most common chromosomal rearrangement,QA_ANSWER,True
bioasq_20,controlled_paraphrase,List the human acrocentric chromosomes that are involved in Robertsonian translocation.,What are the acrocentric chromosomes that participate in Robertsonian translocation in humans?,0.3191489361702128,Robertsonian translocations (ROBs) are the most common chromosomal rearrangement,QA_ANSWER,True
bioasq_20,synonym_substitution,List the human acrocentric chromosomes that are involved in Robertsonian translocation.,listing the homo acrocentric chromosome that are involved in Robertsonian translocation.,0.09090909090909091,Robertsonian translocations (ROBs) are the most common chromosomal rearrangement,QA_ANSWER,True
bioasq_20,synonym_substitution,List the human acrocentric chromosomes that are involved in Robertsonian translocation.,listing the homo acrocentric chromosome that are involved in Robertsonian translocation.,0.09090909090909091,Robertsonian translocations (ROBs) are the most common chromosomal rearrangement,QA_ANSWER,True
bioasq_21,back_translation,What should you do if you find an individual that you suspect has overdosed?,What should you do if you find a person you suspect is overdosed with?,0.3026315789473684,"If you find an individual who you suspect has overdosed, it is important to seek",QA_ANSWER,True
bioasq_21,back_translation,What should you do if you find an individual that you suspect has overdosed?,What should you do if you find a person you suspect is overdosed with?,0.3026315789473684,"If you find an individual who you suspect has overdosed, it is important to seek",QA_ANSWER,True
bioasq_22,back_translation,Is induction of interferon by TLR7 higher in males?,Is the induction of interferon by TLR7 higher in men?,0.1320754716981132,Yes. TLR7 activation correlates with induction of interferon more strongly in ma,QA_ANSWER,True
bioasq_22,back_translation,Is induction of interferon by TLR7 higher in males?,Is the induction of interferon by TLR7 higher in men?,0.1320754716981132,Yes. TLR7 activation correlates with induction of interferon more strongly in ma,QA_ANSWER,True
bioasq_22,controlled_paraphrase,Is induction of interferon by TLR7 higher in males?,Is there a greater induction of interferon in males due to TLR7?,0.546875,Yes. TLR7 activation correlates with induction of interferon more strongly in ma,QA_ANSWER,True
bioasq_22,controlled_paraphrase,Is induction of interferon by TLR7 higher in males?,Is there a greater induction of interferon in males due to TLR7?,0.546875,Yes. TLR7 activation correlates with induction of interferon more strongly in ma,QA_ANSWER,True
bioasq_22,synonym_substitution,Is induction of interferon by TLR7 higher in males?,be initiation of interferon past TLR7 higher in males?,0.18518518518518517,Yes. TLR7 activation correlates with induction of interferon more strongly in ma,QA_ANSWER,True
bioasq_22,synonym_substitution,Is induction of interferon by TLR7 higher in males?,be initiation of interferon past TLR7 higher in males?,0.18518518518518517,Yes. TLR7 activation correlates with induction of interferon more strongly in ma,QA_ANSWER,True
bioasq_23,controlled_paraphrase,Which are the most commonly reported pathological states associated with the formation of DNA G-quadruplexes?,What are the prevalent pathological states associated with the development of DNA G-quadruplexes?,0.29357798165137616,There is a growing recognition for the profound role of G-quadruplexes in a wide,QA_ANSWER,True
bioasq_23,controlled_paraphrase,Which are the most commonly reported pathological states associated with the formation of DNA G-quadruplexes?,What are the prevalent pathological states associated with the development of DNA G-quadruplexes?,0.29357798165137616,There is a growing recognition for the profound role of G-quadruplexes in a wide,QA_ANSWER,True
bioasq_23,synonym_substitution,Which are the most commonly reported pathological states associated with the formation of DNA G-quadruplexes?,Which ar the most normally report pathological states associated with the formation of DNA G-quadruplexes?,0.06422018348623854,There is a growing recognition for the profound role of G-quadruplexes in a wide,QA_ANSWER,True
bioasq_23,synonym_substitution,Which are the most commonly reported pathological states associated with the formation of DNA G-quadruplexes?,Which ar the most normally report pathological states associated with the formation of DNA G-quadruplexes?,0.06422018348623854,There is a growing recognition for the profound role of G-quadruplexes in a wide,QA_ANSWER,True
bioasq_24,back_translation,Which drugs are included in the IROX regimen for colorectal cancer?,What drugs are included in the IROX regime for colorectal cancer?,0.05970149253731343,IROX regimen for colorectal cancer includes irinotecan and oxaliplatin.,QA_ANSWER,True
bioasq_24,back_translation,Which drugs are included in the IROX regimen for colorectal cancer?,What drugs are included in the IROX regime for colorectal cancer?,0.05970149253731343,IROX regimen for colorectal cancer includes irinotecan and oxaliplatin.,QA_ANSWER,True
bioasq_24,controlled_paraphrase,Which drugs are included in the IROX regimen for colorectal cancer?,What are the active ingredients in IROX to treat colorectal cancer?,0.5074626865671642,IROX regimen for colorectal cancer includes irinotecan and oxaliplatin.,QA_ANSWER,True
bioasq_24,controlled_paraphrase,Which drugs are included in the IROX regimen for colorectal cancer?,What are the active ingredients in IROX to treat colorectal cancer?,0.5074626865671642,IROX regimen for colorectal cancer includes irinotecan and oxaliplatin.,QA_ANSWER,True
bioasq_25,controlled_paraphrase,What is the Her2 status in Li-Fraumeni syndrome?,What is the level of Her2 present in Li-Fraumeni syndrome?,0.27586206896551724,"In the background of a germline TP53 mutation of the Li-Fraumeni syndrome, the H",QA_ANSWER,True
bioasq_25,controlled_paraphrase,What is the Her2 status in Li-Fraumeni syndrome?,What is the level of Her2 present in Li-Fraumeni syndrome?,0.27586206896551724,"In the background of a germline TP53 mutation of the Li-Fraumeni syndrome, the H",QA_ANSWER,True
bioasq_25,synonym_substitution,What is the Her2 status in Li-Fraumeni syndrome?,What be the Her2 position inch Li-Fraumeni syndrome?,0.21153846153846154,"In the background of a germline TP53 mutation of the Li-Fraumeni syndrome, the H",QA_ANSWER,True
bioasq_25,synonym_substitution,What is the Her2 status in Li-Fraumeni syndrome?,What be the Her2 position inch Li-Fraumeni syndrome?,0.21153846153846154,"In the background of a germline TP53 mutation of the Li-Fraumeni syndrome, the H",QA_ANSWER,True
bioasq_26,controlled_paraphrase,Is valproic acid effective for glioblastoma treatment?,Can valproic acid treat glioblastoma?,0.4444444444444444,"Yes, valproic acid prolong survival of glioblastoma patients. Valproic acid is a",QA_ANSWER,True
bioasq_26,controlled_paraphrase,Is valproic acid effective for glioblastoma treatment?,Can valproic acid treat glioblastoma?,0.4444444444444444,"Yes, valproic acid prolong survival of glioblastoma patients. Valproic acid is a",QA_ANSWER,True
bioasq_27,synonym_substitution,How is active neurotoxin of Clostridium botulinum detected?,How be active agent neurolysin of Clostridium botulinum detected?,0.16923076923076924,"Active neurotoxin of Clostridium botulinum can be detected by:
mouse lethality a",QA_ANSWER,True
bioasq_27,synonym_substitution,How is active neurotoxin of Clostridium botulinum detected?,How be active agent neurolysin of Clostridium botulinum detected?,0.16923076923076924,"Active neurotoxin of Clostridium botulinum can be detected by:
mouse lethality a",QA_ANSWER,True
bioasq_28,controlled_paraphrase,Do proton pump inhibitors affect thyroxine absorption?,Is there a correlation between proton pump inhibitors and thyroxine absorption?,0.43037974683544306,"Proton-pump inhibitors, antacids and a long list of drugs may decrease thyroxine",QA_ANSWER,True
bioasq_28,controlled_paraphrase,Do proton pump inhibitors affect thyroxine absorption?,Is there a correlation between proton pump inhibitors and thyroxine absorption?,0.43037974683544306,"Proton-pump inhibitors, antacids and a long list of drugs may decrease thyroxine",QA_ANSWER,True
bioasq_30,controlled_paraphrase,What is the drug chloroquine or hydroxychloroquine used for?,For what purposes is chloroquine or hydroxychloroquine prescribed?,0.3787878787878788,Chloroquine (CQ) has been used for decades as the primary chemotherapeutic drug ,QA_ANSWER,True
bioasq_30,controlled_paraphrase,What is the drug chloroquine or hydroxychloroquine used for?,For what purposes is chloroquine or hydroxychloroquine prescribed?,0.3787878787878788,Chloroquine (CQ) has been used for decades as the primary chemotherapeutic drug ,QA_ANSWER,True
bioasq_31,back_translation,is intense physical activity associated with longevity ?,Is intensive physical activity associated with longevity ?,0.05172413793103448,Several survival studies showed that professional athletes has higher longevity ,QA_ANSWER,True
bioasq_31,back_translation,is intense physical activity associated with longevity ?,Is intensive physical activity associated with longevity ?,0.05172413793103448,Several survival studies showed that professional athletes has higher longevity ,QA_ANSWER,True
bioasq_32,back_translation,Is there a role of proton beam therapy in medulloblastoma treatment?,Is there a role of proton beam therapy in the treatment of medulloblastoma?,0.36,"Yes, proton beam therapy is used for treatment of medulloblastoma.",QA_ANSWER,True
bioasq_32,back_translation,Is there a role of proton beam therapy in medulloblastoma treatment?,Is there a role of proton beam therapy in the treatment of medulloblastoma?,0.36,"Yes, proton beam therapy is used for treatment of medulloblastoma.",QA_ANSWER,True
bioasq_32,synonym_substitution,Is there a role of proton beam therapy in medulloblastoma treatment?,be there angstrom function of proton beam therapy in medulloblastoma treatment?,0.20253164556962025,"Yes, proton beam therapy is used for treatment of medulloblastoma.",QA_ANSWER,True
bioasq_32,synonym_substitution,Is there a role of proton beam therapy in medulloblastoma treatment?,be there angstrom function of proton beam therapy in medulloblastoma treatment?,0.20253164556962025,"Yes, proton beam therapy is used for treatment of medulloblastoma.",QA_ANSWER,True
bioasq_34,synonym_substitution,What is an acceptable sequence coverage(depth) required for human whole-exome sequencing?,What be Associate in Nursing acceptable sequence coverage(depth) necessitate for human whole-exome sequencing?,0.2636363636363636,A medium depth may be considered as 8x while the most common values vary between,QA_ANSWER,True
bioasq_34,synonym_substitution,What is an acceptable sequence coverage(depth) required for human whole-exome sequencing?,What be Associate in Nursing acceptable sequence coverage(depth) necessitate for human whole-exome sequencing?,0.2636363636363636,A medium depth may be considered as 8x while the most common values vary between,QA_ANSWER,True
bioasq_35,back_translation,What is the association between number of pregnancies and rheumatoid arthritis,What is the relationship between the number of pregnancies and rheumatoid arthritis?,0.17857142857142858,Greater parity significantly reduced the odds of RA. A larger number of pregnanc,QA_ANSWER,True
bioasq_35,back_translation,What is the association between number of pregnancies and rheumatoid arthritis,What is the relationship between the number of pregnancies and rheumatoid arthritis?,0.17857142857142858,Greater parity significantly reduced the odds of RA. A larger number of pregnanc,QA_ANSWER,True
bioasq_35,controlled_paraphrase,What is the association between number of pregnancies and rheumatoid arthritis,What is the correlation between the frequency of pregnancies and rheumatoid arthritis?,0.22093023255813954,Greater parity significantly reduced the odds of RA. A larger number of pregnanc,QA_ANSWER,True
bioasq_35,controlled_paraphrase,What is the association between number of pregnancies and rheumatoid arthritis,What is the correlation between the frequency of pregnancies and rheumatoid arthritis?,0.22093023255813954,Greater parity significantly reduced the odds of RA. A larger number of pregnanc,QA_ANSWER,True
bioasq_35,synonym_substitution,What is the association between number of pregnancies and rheumatoid arthritis,What be the association betwixt figure of pregnancies and rheumatoid arthritis,0.14102564102564102,Greater parity significantly reduced the odds of RA. A larger number of pregnanc,QA_ANSWER,True
bioasq_35,synonym_substitution,What is the association between number of pregnancies and rheumatoid arthritis,What be the association betwixt figure of pregnancies and rheumatoid arthritis,0.14102564102564102,Greater parity significantly reduced the odds of RA. A larger number of pregnanc,QA_ANSWER,True
bioasq_36,synonym_substitution,Hairpatches is a single gene mutation associated with what disease?,Hairpatches be angstrom bingle gene mutation associated with what disease?,0.13513513513513514,Hairpatches is a single gene mutation associated with progressive renal failure ,QA_ANSWER,True
bioasq_36,synonym_substitution,Hairpatches is a single gene mutation associated with what disease?,Hairpatches be angstrom bingle gene mutation associated with what disease?,0.13513513513513514,Hairpatches is a single gene mutation associated with progressive renal failure ,QA_ANSWER,True
bioasq_37,back_translation,Which signaling pathways have been associated with medulloblastoma formation and growth?,What signaling pathways were associated with the formation and growth of medulloblastomas?,0.4888888888888889,Medulloblastoma comprises approximately 20% of all primary pediatric brain tumor,QA_ANSWER,True
bioasq_37,back_translation,Which signaling pathways have been associated with medulloblastoma formation and growth?,What signaling pathways were associated with the formation and growth of medulloblastomas?,0.4888888888888889,Medulloblastoma comprises approximately 20% of all primary pediatric brain tumor,QA_ANSWER,True
bioasq_38,controlled_paraphrase,Which cytokine molecule activates SMADs?,What is the cytokinese that triggers the activation of SMADs?,0.4918032786885246,SMADs are activated by Transforming growth factor beta (TGF beta),QA_ANSWER,True
bioasq_38,controlled_paraphrase,Which cytokine molecule activates SMADs?,What is the cytokinese that triggers the activation of SMADs?,0.4918032786885246,SMADs are activated by Transforming growth factor beta (TGF beta),QA_ANSWER,True
bioasq_38,synonym_substitution,Which cytokine molecule activates SMADs?,Which cytokine molecule trip SMADs?,0.2,SMADs are activated by Transforming growth factor beta (TGF beta),QA_ANSWER,True
bioasq_38,synonym_substitution,Which cytokine molecule activates SMADs?,Which cytokine molecule trip SMADs?,0.2,SMADs are activated by Transforming growth factor beta (TGF beta),QA_ANSWER,True
bioasq_39,back_translation,Has Denosumab (Prolia) been approved by FDA?,Was Denosumab (Prolia) approved by the FDA?,0.22727272727272727,"Yes, Denosumab was approved by the FDA in 2010.",QA_ANSWER,True
bioasq_39,back_translation,Has Denosumab (Prolia) been approved by FDA?,Was Denosumab (Prolia) approved by the FDA?,0.22727272727272727,"Yes, Denosumab was approved by the FDA in 2010.",QA_ANSWER,True
bioasq_39,controlled_paraphrase,Has Denosumab (Prolia) been approved by FDA?,Is Denosumab (Prolia) approved by the FDA?,0.25,"Yes, Denosumab was approved by the FDA in 2010.",QA_ANSWER,True
bioasq_39,controlled_paraphrase,Has Denosumab (Prolia) been approved by FDA?,Is Denosumab (Prolia) approved by the FDA?,0.25,"Yes, Denosumab was approved by the FDA in 2010.",QA_ANSWER,True
bioasq_39,synonym_substitution,Has Denosumab (Prolia) been approved by FDA?,hour angle Denosumab (Prolia) be approve by FDA?,0.25,"Yes, Denosumab was approved by the FDA in 2010.",QA_ANSWER,True
bioasq_39,synonym_substitution,Has Denosumab (Prolia) been approved by FDA?,hour angle Denosumab (Prolia) be approve by FDA?,0.25,"Yes, Denosumab was approved by the FDA in 2010.",QA_ANSWER,True
bioasq_40,back_translation,Is there an association between presenteeism and depression?,Is there a connection between presenteeism and depression?,0.13333333333333333,Yes. Presenteeism is associated with depression. Remission of depression is asso,QA_ANSWER,True
bioasq_40,back_translation,Is there an association between presenteeism and depression?,Is there a connection between presenteeism and depression?,0.13333333333333333,Yes. Presenteeism is associated with depression. Remission of depression is asso,QA_ANSWER,True
bioasq_40,controlled_paraphrase,Is there an association between presenteeism and depression?,Is there a correlation between being a presentee and experiencing depression?,0.38961038961038963,Yes. Presenteeism is associated with depression. Remission of depression is asso,QA_ANSWER,True
bioasq_40,controlled_paraphrase,Is there an association between presenteeism and depression?,Is there a correlation between being a presentee and experiencing depression?,0.38961038961038963,Yes. Presenteeism is associated with depression. Remission of depression is asso,QA_ANSWER,True
bioasq_41,back_translation,What is the role of music therapy in coma patients.,What role does music therapy play in coma patients?,0.3137254901960784,Several studies have shown that music can boost cognitive functions in patients ,QA_ANSWER,True
bioasq_41,back_translation,What is the role of music therapy in coma patients.,What role does music therapy play in coma patients?,0.3137254901960784,Several studies have shown that music can boost cognitive functions in patients ,QA_ANSWER,True
bioasq_41,controlled_paraphrase,What is the role of music therapy in coma patients.,What is the impact of music therapy on individuals in a coma?,0.4426229508196721,Several studies have shown that music can boost cognitive functions in patients ,QA_ANSWER,True
bioasq_41,controlled_paraphrase,What is the role of music therapy in coma patients.,What is the impact of music therapy on individuals in a coma?,0.4426229508196721,Several studies have shown that music can boost cognitive functions in patients ,QA_ANSWER,True
bioasq_41,synonym_substitution,What is the role of music therapy in coma patients.,What be the function of music therapy inch coma patients.,0.21052631578947367,Several studies have shown that music can boost cognitive functions in patients ,QA_ANSWER,True
bioasq_41,synonym_substitution,What is the role of music therapy in coma patients.,What be the function of music therapy inch coma patients.,0.21052631578947367,Several studies have shown that music can boost cognitive functions in patients ,QA_ANSWER,True
bioasq_43,back_translation,Herpes viruses have what type of genome?,Herpes viruses have what kind of genome?,0.1,"The Herpesviridae are a family of viruses which have a large genome of linear, d",QA_ANSWER,True
bioasq_43,back_translation,Herpes viruses have what type of genome?,Herpes viruses have what kind of genome?,0.1,"The Herpesviridae are a family of viruses which have a large genome of linear, d",QA_ANSWER,True
bioasq_43,synonym_substitution,Herpes viruses have what type of genome?,Herpes virus rich person what type of genome?,0.2222222222222222,"The Herpesviridae are a family of viruses which have a large genome of linear, d",QA_ANSWER,True
bioasq_43,synonym_substitution,Herpes viruses have what type of genome?,Herpes virus rich person what type of genome?,0.2222222222222222,"The Herpesviridae are a family of viruses which have a large genome of linear, d",QA_ANSWER,True
bioasq_44,back_translation,With which personality traits has the human monoamine oxidase A (MAOA) gene been associated?,What were the personality traits associated with the human monoamine oxidase A (MAOA) gene?,0.42391304347826086,Association studies suggest that the low activity variant of the monoamine oxida,QA_ANSWER,True
bioasq_44,back_translation,With which personality traits has the human monoamine oxidase A (MAOA) gene been associated?,What were the personality traits associated with the human monoamine oxidase A (MAOA) gene?,0.42391304347826086,Association studies suggest that the low activity variant of the monoamine oxida,QA_ANSWER,True
bioasq_44,controlled_paraphrase,With which personality traits has the human monoamine oxidase A (MAOA) gene been associated?,Which personality traits are associated with the human monoamine oxidase A (MAOA) gene?,0.41304347826086957,Association studies suggest that the low activity variant of the monoamine oxida,QA_ANSWER,True
bioasq_44,controlled_paraphrase,With which personality traits has the human monoamine oxidase A (MAOA) gene been associated?,Which personality traits are associated with the human monoamine oxidase A (MAOA) gene?,0.41304347826086957,Association studies suggest that the low activity variant of the monoamine oxida,QA_ANSWER,True
bioasq_44,synonym_substitution,With which personality traits has the human monoamine oxidase A (MAOA) gene been associated?,With which personality trait hour angle the homo monoamine oxidase A (MAOA) gene been associated?,0.12371134020618557,Association studies suggest that the low activity variant of the monoamine oxida,QA_ANSWER,True
bioasq_44,synonym_substitution,With which personality traits has the human monoamine oxidase A (MAOA) gene been associated?,With which personality trait hour angle the homo monoamine oxidase A (MAOA) gene been associated?,0.12371134020618557,Association studies suggest that the low activity variant of the monoamine oxida,QA_ANSWER,True
bioasq_46,controlled_paraphrase,Is there a mouse model for Fanconi anemia?,Does a mouse model exist for Fanconi anemia?,0.29545454545454547,A number of mouse models have already been generated with a targeted disruption ,QA_ANSWER,True
bioasq_46,controlled_paraphrase,Is there a mouse model for Fanconi anemia?,Does a mouse model exist for Fanconi anemia?,0.29545454545454547,A number of mouse models have already been generated with a targeted disruption ,QA_ANSWER,True
bioasq_46,synonym_substitution,Is there a mouse model for Fanconi anemia?,be there angstrom mouse theoretical account for Fanconi anemia?,0.3968253968253968,A number of mouse models have already been generated with a targeted disruption ,QA_ANSWER,True
bioasq_46,synonym_substitution,Is there a mouse model for Fanconi anemia?,be there angstrom mouse theoretical account for Fanconi anemia?,0.3968253968253968,A number of mouse models have already been generated with a targeted disruption ,QA_ANSWER,True
bioasq_47,controlled_paraphrase,What are the 3 types of ultraviolet (UV) solar radiation?,What are the three classifications of ultraviolet (UV) solar radiation?,0.2535211267605634,"Solar ultraviolet (UV) radiation, an ubiquitous environmental carcinogen, is cla",QA_ANSWER,True
bioasq_47,controlled_paraphrase,What are the 3 types of ultraviolet (UV) solar radiation?,What are the three classifications of ultraviolet (UV) solar radiation?,0.2535211267605634,"Solar ultraviolet (UV) radiation, an ubiquitous environmental carcinogen, is cla",QA_ANSWER,True
bioasq_47,synonym_substitution,What are the 3 types of ultraviolet (UV) solar radiation?,What ar the three type of ultraviolet (UV) solar radiation?,0.11864406779661017,"Solar ultraviolet (UV) radiation, an ubiquitous environmental carcinogen, is cla",QA_ANSWER,True
bioasq_47,synonym_substitution,What are the 3 types of ultraviolet (UV) solar radiation?,What ar the three type of ultraviolet (UV) solar radiation?,0.11864406779661017,"Solar ultraviolet (UV) radiation, an ubiquitous environmental carcinogen, is cla",QA_ANSWER,True
bioasq_48,back_translation,Does radiotherapy for prostate cancer increase bladder cancer risk?,Does radiation therapy in prostate cancer increase the risk of bladder cancer?,0.32051282051282054,"Yes, radiotherapy for prostate cancer is associated with increased bladder cance",QA_ANSWER,True
bioasq_48,back_translation,Does radiotherapy for prostate cancer increase bladder cancer risk?,Does radiation therapy in prostate cancer increase the risk of bladder cancer?,0.32051282051282054,"Yes, radiotherapy for prostate cancer is associated with increased bladder cance",QA_ANSWER,True
bioasq_48,controlled_paraphrase,Does radiotherapy for prostate cancer increase bladder cancer risk?,Is there a correlation between radiotherapy for prostate cancer and the likelihood of bladder cancer?,0.504950495049505,"Yes, radiotherapy for prostate cancer is associated with increased bladder cance",QA_ANSWER,True
bioasq_48,controlled_paraphrase,Does radiotherapy for prostate cancer increase bladder cancer risk?,Is there a correlation between radiotherapy for prostate cancer and the likelihood of bladder cancer?,0.504950495049505,"Yes, radiotherapy for prostate cancer is associated with increased bladder cance",QA_ANSWER,True
bioasq_50,controlled_paraphrase,Was golimumab tested for diabetes?,Has golimumab been administered to individuals with diabetes?,0.5081967213114754,"Yes, among children and young adults with newly diagnosed overt type 1 diabetes,",QA_ANSWER,True
bioasq_50,controlled_paraphrase,Was golimumab tested for diabetes?,Has golimumab been administered to individuals with diabetes?,0.5081967213114754,"Yes, among children and young adults with newly diagnosed overt type 1 diabetes,",QA_ANSWER,True
bioasq_53,back_translation,What are common side effects of the progesterone-only pill (POP)?,What are the common side effects of the Progesterone-Only pill (POP)?,0.08695652173913043,"The progestogen-only pill may change your periods (lighter, more frequent or sto",QA_ANSWER,True
bioasq_53,back_translation,What are common side effects of the progesterone-only pill (POP)?,What are the common side effects of the Progesterone-Only pill (POP)?,0.08695652173913043,"The progestogen-only pill may change your periods (lighter, more frequent or sto",QA_ANSWER,True
bioasq_53,controlled_paraphrase,What are common side effects of the progesterone-only pill (POP)?,What are the typical side effects of using the progesterone-only pill (POP)?,0.2236842105263158,"The progestogen-only pill may change your periods (lighter, more frequent or sto",QA_ANSWER,True
bioasq_53,controlled_paraphrase,What are common side effects of the progesterone-only pill (POP)?,What are the typical side effects of using the progesterone-only pill (POP)?,0.2236842105263158,"The progestogen-only pill may change your periods (lighter, more frequent or sto",QA_ANSWER,True
bioasq_53,synonym_substitution,What are common side effects of the progesterone-only pill (POP)?,What ar park side personal effects of the progesterone-only pill (POP)?,0.22535211267605634,"The progestogen-only pill may change your periods (lighter, more frequent or sto",QA_ANSWER,True
bioasq_53,synonym_substitution,What are common side effects of the progesterone-only pill (POP)?,What ar park side personal effects of the progesterone-only pill (POP)?,0.22535211267605634,"The progestogen-only pill may change your periods (lighter, more frequent or sto",QA_ANSWER,True
bioasq_54,back_translation,Which chromosomes are implicated in the Emanuel syndrome?,Which chromosomes are involved in Emanuel syndrome?,0.19298245614035087,"Emanuel syndrome is associated with supernumerary chromosome t(11;22)(q23;q11), ",QA_ANSWER,True
bioasq_54,back_translation,Which chromosomes are implicated in the Emanuel syndrome?,Which chromosomes are involved in Emanuel syndrome?,0.19298245614035087,"Emanuel syndrome is associated with supernumerary chromosome t(11;22)(q23;q11), ",QA_ANSWER,True
bioasq_54,controlled_paraphrase,Which chromosomes are implicated in the Emanuel syndrome?,Which chromosomes are linked to the Emanuel syndrome?,0.14035087719298245,"Emanuel syndrome is associated with supernumerary chromosome t(11;22)(q23;q11), ",QA_ANSWER,True
bioasq_54,controlled_paraphrase,Which chromosomes are implicated in the Emanuel syndrome?,Which chromosomes are linked to the Emanuel syndrome?,0.14035087719298245,"Emanuel syndrome is associated with supernumerary chromosome t(11;22)(q23;q11), ",QA_ANSWER,True
bioasq_54,synonym_substitution,Which chromosomes are implicated in the Emanuel syndrome?,Which chromosome ar implicate in the Emanuel syndrome?,0.05263157894736842,"Emanuel syndrome is associated with supernumerary chromosome t(11;22)(q23;q11), ",QA_ANSWER,True
bioasq_54,synonym_substitution,Which chromosomes are implicated in the Emanuel syndrome?,Which chromosome ar implicate in the Emanuel syndrome?,0.05263157894736842,"Emanuel syndrome is associated with supernumerary chromosome t(11;22)(q23;q11), ",QA_ANSWER,True
bioasq_55,back_translation,What is the mode of administration of Ubrogepant?,What is the method of administration of Ubrogepant?,0.0784313725490196,Ubrogepant (MK-1602) is administered orally.,QA_ANSWER,True
bioasq_55,back_translation,What is the mode of administration of Ubrogepant?,What is the method of administration of Ubrogepant?,0.0784313725490196,Ubrogepant (MK-1602) is administered orally.,QA_ANSWER,True
bioasq_56,controlled_paraphrase,Which mutated genes are associated with isolated ectopia lentis?,What are the mutated genes that account for the development of isolated ectopia lentis?,0.42528735632183906,"Isolated ectopia lentis (EL) is caused by mutation in genes:
1) ADAMTSL4 and 
2)",QA_ANSWER,True
bioasq_56,controlled_paraphrase,Which mutated genes are associated with isolated ectopia lentis?,What are the mutated genes that account for the development of isolated ectopia lentis?,0.42528735632183906,"Isolated ectopia lentis (EL) is caused by mutation in genes:
1) ADAMTSL4 and 
2)",QA_ANSWER,True
bioasq_57,controlled_paraphrase,Explain gene knock-down.,Define gene knock-down.,0.25,Gene knock-down refers to the reduction of the expression of a specific gene usi,QA_ANSWER,True
bioasq_57,controlled_paraphrase,Explain gene knock-down.,Define gene knock-down.,0.25,Gene knock-down refers to the reduction of the expression of a specific gene usi,QA_ANSWER,True
bioasq_58,back_translation,Is there a crystal structure of the full-length of the flaviviridae NS5(Methyltransferase - RNA depended RNA Polymerase) ?,Is there a crystal structure of the entire length of flaviviridae NS5 (methyltransferase - RNA-dependent RNA polymerase) ?,0.13934426229508196,"Yes, there is the crystal Structure of the full-length Japanese encephalitis vir",QA_ANSWER,True
bioasq_58,back_translation,Is there a crystal structure of the full-length of the flaviviridae NS5(Methyltransferase - RNA depended RNA Polymerase) ?,Is there a crystal structure of the entire length of flaviviridae NS5 (methyltransferase - RNA-dependent RNA polymerase) ?,0.13934426229508196,"Yes, there is the crystal Structure of the full-length Japanese encephalitis vir",QA_ANSWER,True
bioasq_58,controlled_paraphrase,Is there a crystal structure of the full-length of the flaviviridae NS5(Methyltransferase - RNA depended RNA Polymerase) ?,Is there a crystallographic record of the complete length of flaviviridae NS5 (Methyltransferase - RNA dependent RNA Polymerase)?,0.2248062015503876,"Yes, there is the crystal Structure of the full-length Japanese encephalitis vir",QA_ANSWER,True
bioasq_58,controlled_paraphrase,Is there a crystal structure of the full-length of the flaviviridae NS5(Methyltransferase - RNA depended RNA Polymerase) ?,Is there a crystallographic record of the complete length of flaviviridae NS5 (Methyltransferase - RNA dependent RNA Polymerase)?,0.2248062015503876,"Yes, there is the crystal Structure of the full-length Japanese encephalitis vir",QA_ANSWER,True
bioasq_58,synonym_substitution,Is there a crystal structure of the full-length of the flaviviridae NS5(Methyltransferase - RNA depended RNA Polymerase) ?,be there angstrom crystal construction of the full-length of the flaviviridae NS5(Methyltransferase - RNA depended RNA Polymerase) ?,0.11363636363636363,"Yes, there is the crystal Structure of the full-length Japanese encephalitis vir",QA_ANSWER,True
bioasq_58,synonym_substitution,Is there a crystal structure of the full-length of the flaviviridae NS5(Methyltransferase - RNA depended RNA Polymerase) ?,be there angstrom crystal construction of the full-length of the flaviviridae NS5(Methyltransferase - RNA depended RNA Polymerase) ?,0.11363636363636363,"Yes, there is the crystal Structure of the full-length Japanese encephalitis vir",QA_ANSWER,True
bioasq_60,controlled_paraphrase,Which resource contains accurate enhancer predictions in the developing limb?,What is the source of enhancer predictions for the developing limb?,0.35064935064935066,"Limb-Enhancer Genie (LEG) is a collection of highly accurate, genome-wide predic",QA_ANSWER,True
bioasq_60,controlled_paraphrase,Which resource contains accurate enhancer predictions in the developing limb?,What is the source of enhancer predictions for the developing limb?,0.35064935064935066,"Limb-Enhancer Genie (LEG) is a collection of highly accurate, genome-wide predic",QA_ANSWER,True
bioasq_61,back_translation,Which gene is involved in Giant Axonal Neuropathy?,Which gene is involved in giant axonal neuropathy?,0.06,Giant axonal neuropathy (GAN) is a progressive neurodegenerative disease caused ,QA_ANSWER,True
bioasq_61,back_translation,Which gene is involved in Giant Axonal Neuropathy?,Which gene is involved in giant axonal neuropathy?,0.06,Giant axonal neuropathy (GAN) is a progressive neurodegenerative disease caused ,QA_ANSWER,True
bioasq_61,controlled_paraphrase,Which gene is involved in Giant Axonal Neuropathy?,What gene is responsible for Giant Axonal Neuropathy?,0.3018867924528302,Giant axonal neuropathy (GAN) is a progressive neurodegenerative disease caused ,QA_ANSWER,True
bioasq_61,controlled_paraphrase,Which gene is involved in Giant Axonal Neuropathy?,What gene is responsible for Giant Axonal Neuropathy?,0.3018867924528302,Giant axonal neuropathy (GAN) is a progressive neurodegenerative disease caused ,QA_ANSWER,True
bioasq_63,controlled_paraphrase,Which transcription factors are involved in E-cadherin repression during EMT?,What are the transcription factors that play a role in E-cadherin repression during EMT?,0.25,Downregulation of E-cadherin is a crucial event for epithelial to mesenchymal tr,QA_ANSWER,True
bioasq_63,controlled_paraphrase,Which transcription factors are involved in E-cadherin repression during EMT?,What are the transcription factors that play a role in E-cadherin repression during EMT?,0.25,Downregulation of E-cadherin is a crucial event for epithelial to mesenchymal tr,QA_ANSWER,True
bioasq_63,synonym_substitution,Which transcription factors are involved in E-cadherin repression during EMT?,Which written text factor ar involved in E-cadherin repression during EMT?,0.16883116883116883,Downregulation of E-cadherin is a crucial event for epithelial to mesenchymal tr,QA_ANSWER,True
bioasq_63,synonym_substitution,Which transcription factors are involved in E-cadherin repression during EMT?,Which written text factor ar involved in E-cadherin repression during EMT?,0.16883116883116883,Downregulation of E-cadherin is a crucial event for epithelial to mesenchymal tr,QA_ANSWER,True
bioasq_64,synonym_substitution,What is included in the fourth generation HIV test?,What be include inch the fourth generation HIV test?,0.09615384615384616,Fourth generation assays detect simultaneously antibodies for HIV and the p24 an,QA_ANSWER,True
bioasq_64,synonym_substitution,What is included in the fourth generation HIV test?,What be include inch the fourth generation HIV test?,0.09615384615384616,Fourth generation assays detect simultaneously antibodies for HIV and the p24 an,QA_ANSWER,True
bioasq_65,back_translation,What are the 3 main bacteria found in human milk?,What are the 3 main bacteria in human milk?,0.12244897959183673,"Human milk is rich in diverse bacteria, particularly Staphylococcus, Streptococc",QA_ANSWER,True
bioasq_65,back_translation,What are the 3 main bacteria found in human milk?,What are the 3 main bacteria in human milk?,0.12244897959183673,"Human milk is rich in diverse bacteria, particularly Staphylococcus, Streptococc",QA_ANSWER,True
bioasq_65,controlled_paraphrase,What are the 3 main bacteria found in human milk?,What are the three primary bacteria that can be found in human milk?,0.3235294117647059,"Human milk is rich in diverse bacteria, particularly Staphylococcus, Streptococc",QA_ANSWER,True
bioasq_65,controlled_paraphrase,What are the 3 main bacteria found in human milk?,What are the three primary bacteria that can be found in human milk?,0.3235294117647059,"Human milk is rich in diverse bacteria, particularly Staphylococcus, Streptococc",QA_ANSWER,True
bioasq_65,synonym_substitution,What are the 3 main bacteria found in human milk?,What ar the three briny bacteria found in human milk?,0.16981132075471697,"Human milk is rich in diverse bacteria, particularly Staphylococcus, Streptococc",QA_ANSWER,True
bioasq_65,synonym_substitution,What are the 3 main bacteria found in human milk?,What ar the three briny bacteria found in human milk?,0.16981132075471697,"Human milk is rich in diverse bacteria, particularly Staphylococcus, Streptococc",QA_ANSWER,True
bioasq_66,controlled_paraphrase,Describe the RNA Centric Annotation System (RCAS),What is the RNA Centric Annotation System (RCAS)?,0.16326530612244897,The RNA Centric Annotation System (RCAS) is an R package which is designed to ea,QA_ANSWER,True
bioasq_66,controlled_paraphrase,Describe the RNA Centric Annotation System (RCAS),What is the RNA Centric Annotation System (RCAS)?,0.16326530612244897,The RNA Centric Annotation System (RCAS) is an R package which is designed to ea,QA_ANSWER,True
bioasq_67,controlled_paraphrase,Is Enlimomab effective for stroke treatment?,Is Enlimomab a viable option for treating strokes?,0.52,No. Anti-ICAM therapy with enlimomab is not an effective treatment for ischemic ,QA_ANSWER,True
bioasq_67,controlled_paraphrase,Is Enlimomab effective for stroke treatment?,Is Enlimomab a viable option for treating strokes?,0.52,No. Anti-ICAM therapy with enlimomab is not an effective treatment for ischemic ,QA_ANSWER,True
bioasq_68,controlled_paraphrase,What is the Versene Solution used for?,What are the applications of the Versene Solution?,0.6,the Versene Solution is used for the detachment of stem cell sheets.,QA_ANSWER,True
bioasq_68,controlled_paraphrase,What is the Versene Solution used for?,What are the applications of the Versene Solution?,0.6,the Versene Solution is used for the detachment of stem cell sheets.,QA_ANSWER,True
bioasq_68,synonym_substitution,What is the Versene Solution used for?,What be the Versene Solution use for?,0.07894736842105263,the Versene Solution is used for the detachment of stem cell sheets.,QA_ANSWER,True
bioasq_68,synonym_substitution,What is the Versene Solution used for?,What be the Versene Solution use for?,0.07894736842105263,the Versene Solution is used for the detachment of stem cell sheets.,QA_ANSWER,True
bioasq_69,controlled_paraphrase,What is the number of long non coding RNAs in the human genome,What is the count of long non coding RNAs present in the human genome?,0.21428571428571427,Different estimates put currently the number of human long non coding RNAs betwe,QA_ANSWER,True
bioasq_69,controlled_paraphrase,What is the number of long non coding RNAs in the human genome,What is the count of long non coding RNAs present in the human genome?,0.21428571428571427,Different estimates put currently the number of human long non coding RNAs betwe,QA_ANSWER,True
bioasq_70,back_translation,Does iron regulate oligodendrocyte maturation?,Does iron regulate the maturation of oligodendrocytes?,0.5370370370370371,"Yes, iron availability is essential for normal oligodendrocyte maturation as the",QA_ANSWER,True
bioasq_70,back_translation,Does iron regulate oligodendrocyte maturation?,Does iron regulate the maturation of oligodendrocytes?,0.5370370370370371,"Yes, iron availability is essential for normal oligodendrocyte maturation as the",QA_ANSWER,True
bioasq_71,back_translation,What does polyadenylate-binding protein 4 (PABP4) bind to?,How does polyadenylate-binding protein 4 (PABP4) bind?,0.1206896551724138,PABP4  binds mRNA poly(A) tails.,QA_ANSWER,True
bioasq_71,back_translation,What does polyadenylate-binding protein 4 (PABP4) bind to?,How does polyadenylate-binding protein 4 (PABP4) bind?,0.1206896551724138,PABP4  binds mRNA poly(A) tails.,QA_ANSWER,True
bioasq_71,controlled_paraphrase,What does polyadenylate-binding protein 4 (PABP4) bind to?,What is the binding site of polyadenylate-binding protein 4 (PABP4)?,0.4117647058823529,PABP4  binds mRNA poly(A) tails.,QA_ANSWER,True
bioasq_71,controlled_paraphrase,What does polyadenylate-binding protein 4 (PABP4) bind to?,What is the binding site of polyadenylate-binding protein 4 (PABP4)?,0.4117647058823529,PABP4  binds mRNA poly(A) tails.,QA_ANSWER,True
bioasq_71,synonym_substitution,What does polyadenylate-binding protein 4 (PABP4) bind to?,What Department of Energy polyadenylate-binding protein four (PABP4) bind to?,0.2857142857142857,PABP4  binds mRNA poly(A) tails.,QA_ANSWER,True
bioasq_71,synonym_substitution,What does polyadenylate-binding protein 4 (PABP4) bind to?,What Department of Energy polyadenylate-binding protein four (PABP4) bind to?,0.2857142857142857,PABP4  binds mRNA poly(A) tails.,QA_ANSWER,True
bioasq_72,back_translation,Could DNA (cytosine-5-)-methyltransferases serve as tumour markers?,Could DNA (cytosine 5-) methyltransferases be used as tumour markers?,0.10144927536231885,Yes. It has been demonstrated in a number of experimental studies that DNA (Cyto,QA_ANSWER,True
bioasq_72,back_translation,Could DNA (cytosine-5-)-methyltransferases serve as tumour markers?,Could DNA (cytosine 5-) methyltransferases be used as tumour markers?,0.10144927536231885,Yes. It has been demonstrated in a number of experimental studies that DNA (Cyto,QA_ANSWER,True
bioasq_72,controlled_paraphrase,Could DNA (cytosine-5-)-methyltransferases serve as tumour markers?,Is it possible to utilize DNA (cytosine-5-)-methyltransferases as tumour markers?,0.345679012345679,Yes. It has been demonstrated in a number of experimental studies that DNA (Cyto,QA_ANSWER,True
bioasq_72,controlled_paraphrase,Could DNA (cytosine-5-)-methyltransferases serve as tumour markers?,Is it possible to utilize DNA (cytosine-5-)-methyltransferases as tumour markers?,0.345679012345679,Yes. It has been demonstrated in a number of experimental studies that DNA (Cyto,QA_ANSWER,True
bioasq_73,back_translation,What are some of the effects of Zika Virus in infected individuals?,What are some of the effects of Zika Virus on infected people?,0.16417910447761194,"While most of the symptoms of zika virus are relatively mild, zika virus in preg",QA_ANSWER,True
bioasq_73,back_translation,What are some of the effects of Zika Virus in infected individuals?,What are some of the effects of Zika Virus on infected people?,0.16417910447761194,"While most of the symptoms of zika virus are relatively mild, zika virus in preg",QA_ANSWER,True
bioasq_73,controlled_paraphrase,What are some of the effects of Zika Virus in infected individuals?,What are the repercussions of Zika Virus on a person's health?,0.5074626865671642,"While most of the symptoms of zika virus are relatively mild, zika virus in preg",QA_ANSWER,True
bioasq_73,controlled_paraphrase,What are some of the effects of Zika Virus in infected individuals?,What are the repercussions of Zika Virus on a person's health?,0.5074626865671642,"While most of the symptoms of zika virus are relatively mild, zika virus in preg",QA_ANSWER,True
bioasq_73,synonym_substitution,What are some of the effects of Zika Virus in infected individuals?,What ar some of the personal effects of Zika Virus inch infected individuals?,0.15584415584415584,"While most of the symptoms of zika virus are relatively mild, zika virus in preg",QA_ANSWER,True
bioasq_73,synonym_substitution,What are some of the effects of Zika Virus in infected individuals?,What ar some of the personal effects of Zika Virus inch infected individuals?,0.15584415584415584,"While most of the symptoms of zika virus are relatively mild, zika virus in preg",QA_ANSWER,True
bioasq_74,back_translation,Which cell type has the protein Chromogranin A as marker?,Which cell type has the protein Chromogranine A as a marker?,0.05,Chromogranin A is a marker for neuroendocrine cells,QA_ANSWER,True
bioasq_74,back_translation,Which cell type has the protein Chromogranin A as marker?,Which cell type has the protein Chromogranine A as a marker?,0.05,Chromogranin A is a marker for neuroendocrine cells,QA_ANSWER,True
bioasq_74,controlled_paraphrase,Which cell type has the protein Chromogranin A as marker?,What type of cell utilizes Chromogranin A as a marker?,0.42105263157894735,Chromogranin A is a marker for neuroendocrine cells,QA_ANSWER,True
bioasq_74,controlled_paraphrase,Which cell type has the protein Chromogranin A as marker?,What type of cell utilizes Chromogranin A as a marker?,0.42105263157894735,Chromogranin A is a marker for neuroendocrine cells,QA_ANSWER,True
bioasq_75,controlled_paraphrase,What is the function of the protein SERT?,What does the SERT protein do?,0.5365853658536586,SERT is a Serotonin transporter.,QA_ANSWER,True
bioasq_75,controlled_paraphrase,What is the function of the protein SERT?,What does the SERT protein do?,0.5365853658536586,SERT is a Serotonin transporter.,QA_ANSWER,True
bioasq_75,synonym_substitution,What is the function of the protein SERT?,What be the mathematical function of the protein SERT?,0.2777777777777778,SERT is a Serotonin transporter.,QA_ANSWER,True
bioasq_75,synonym_substitution,What is the function of the protein SERT?,What be the mathematical function of the protein SERT?,0.2777777777777778,SERT is a Serotonin transporter.,QA_ANSWER,True
bioasq_79,back_translation,What is the importance of Janus Kinases in dermatology?,What is the significance of Janus Kinases in dermatology?,0.12280701754385964,Janus Kinase (JAK) is active in many skin diseases and recent evidence show that,QA_ANSWER,True
bioasq_79,back_translation,What is the importance of Janus Kinases in dermatology?,What is the significance of Janus Kinases in dermatology?,0.12280701754385964,Janus Kinase (JAK) is active in many skin diseases and recent evidence show that,QA_ANSWER,True
bioasq_79,controlled_paraphrase,What is the importance of Janus Kinases in dermatology?,What is the significance of Janus Kinases in the field of dermatology?,0.2857142857142857,Janus Kinase (JAK) is active in many skin diseases and recent evidence show that,QA_ANSWER,True
bioasq_79,controlled_paraphrase,What is the importance of Janus Kinases in dermatology?,What is the significance of Janus Kinases in the field of dermatology?,0.2857142857142857,Janus Kinase (JAK) is active in many skin diseases and recent evidence show that,QA_ANSWER,True
bioasq_79,synonym_substitution,What is the importance of Janus Kinases in dermatology?,What be the importance of Janus kinase inch dermatology?,0.10714285714285714,Janus Kinase (JAK) is active in many skin diseases and recent evidence show that,QA_ANSWER,True
bioasq_79,synonym_substitution,What is the importance of Janus Kinases in dermatology?,What be the importance of Janus kinase inch dermatology?,0.10714285714285714,Janus Kinase (JAK) is active in many skin diseases and recent evidence show that,QA_ANSWER,True
bioasq_81,controlled_paraphrase,Are BRAF V600E mutation associated to worse prognosis in colorectal cancer patients?,Is there a link between the presence of BRAF V600E mutation and poorer survival rates in colorectal cancer patients?,0.5172413793103449,"- Yes, in metastatic colorectal cancer, BRAF V600E mutation is associated with w",QA_ANSWER,True
bioasq_81,controlled_paraphrase,Are BRAF V600E mutation associated to worse prognosis in colorectal cancer patients?,Is there a link between the presence of BRAF V600E mutation and poorer survival rates in colorectal cancer patients?,0.5172413793103449,"- Yes, in metastatic colorectal cancer, BRAF V600E mutation is associated with w",QA_ANSWER,True
bioasq_81,synonym_substitution,Are BRAF V600E mutation associated to worse prognosis in colorectal cancer patients?,ar BRAF V600E mutant associate to worse prognosis in colorectal cancer patients?,0.08333333333333333,"- Yes, in metastatic colorectal cancer, BRAF V600E mutation is associated with w",QA_ANSWER,True
bioasq_81,synonym_substitution,Are BRAF V600E mutation associated to worse prognosis in colorectal cancer patients?,ar BRAF V600E mutant associate to worse prognosis in colorectal cancer patients?,0.08333333333333333,"- Yes, in metastatic colorectal cancer, BRAF V600E mutation is associated with w",QA_ANSWER,True
bioasq_82,controlled_paraphrase,What is the role of cytidine deaminase in healthy cells?,What is the function of cytidine deaminase in cellular metabolism?,0.3181818181818182,Activation-induced cytidine deaminase (AID) catalyses the deamination of deoxycy,QA_ANSWER,True
bioasq_82,controlled_paraphrase,What is the role of cytidine deaminase in healthy cells?,What is the function of cytidine deaminase in cellular metabolism?,0.3181818181818182,Activation-induced cytidine deaminase (AID) catalyses the deamination of deoxycy,QA_ANSWER,True
bioasq_82,synonym_substitution,What is the role of cytidine deaminase in healthy cells?,What be the function of deoxycytidine deaminase in healthy cells?,0.23076923076923078,Activation-induced cytidine deaminase (AID) catalyses the deamination of deoxycy,QA_ANSWER,True
bioasq_82,synonym_substitution,What is the role of cytidine deaminase in healthy cells?,What be the function of deoxycytidine deaminase in healthy cells?,0.23076923076923078,Activation-induced cytidine deaminase (AID) catalyses the deamination of deoxycy,QA_ANSWER,True
bioasq_83,back_translation,List anti-amyloid-beta monoclonal antibodies that have been investigated in clinical trials for treatment of Alzheimer disease.,List of anti-amyloid beta monoclonal antibodies studied in clinical trials for the treatment of Alzheimer's disease.,0.25984251968503935,"Ponezumab, solanezumab and bapineuzumab are humanized antiamyloid beta (Aβ) mono",QA_ANSWER,True
bioasq_83,back_translation,List anti-amyloid-beta monoclonal antibodies that have been investigated in clinical trials for treatment of Alzheimer disease.,List of anti-amyloid beta monoclonal antibodies studied in clinical trials for the treatment of Alzheimer's disease.,0.25984251968503935,"Ponezumab, solanezumab and bapineuzumab are humanized antiamyloid beta (Aβ) mono",QA_ANSWER,True
bioasq_83,controlled_paraphrase,List anti-amyloid-beta monoclonal antibodies that have been investigated in clinical trials for treatment of Alzheimer disease.,Identify the monoclonal antibodies against amyloid-beta that have been tested in clinical trials for Alzheimer disease treatment.,0.5271317829457365,"Ponezumab, solanezumab and bapineuzumab are humanized antiamyloid beta (Aβ) mono",QA_ANSWER,True
bioasq_83,controlled_paraphrase,List anti-amyloid-beta monoclonal antibodies that have been investigated in clinical trials for treatment of Alzheimer disease.,Identify the monoclonal antibodies against amyloid-beta that have been tested in clinical trials for Alzheimer disease treatment.,0.5271317829457365,"Ponezumab, solanezumab and bapineuzumab are humanized antiamyloid beta (Aβ) mono",QA_ANSWER,True
bioasq_83,synonym_substitution,List anti-amyloid-beta monoclonal antibodies that have been investigated in clinical trials for treatment of Alzheimer disease.,listing anti-amyloid-beta monoclonal antibody antibody that have been investigated in clinical trials for treatment of Alzheimer disease.,0.0948905109489051,"Ponezumab, solanezumab and bapineuzumab are humanized antiamyloid beta (Aβ) mono",QA_ANSWER,True
bioasq_83,synonym_substitution,List anti-amyloid-beta monoclonal antibodies that have been investigated in clinical trials for treatment of Alzheimer disease.,listing anti-amyloid-beta monoclonal antibody antibody that have been investigated in clinical trials for treatment of Alzheimer disease.,0.0948905109489051,"Ponezumab, solanezumab and bapineuzumab are humanized antiamyloid beta (Aβ) mono",QA_ANSWER,True
bioasq_84,back_translation,"SGOT is an abbreviation for an enzyme other wise known as alanine amino transferase, yes or no?","SGOT is an abbreviation for an enzyme also known as alanine aminotransferase, yes or no?",0.10526315789473684,"patients with aspartate amino transferase (SGOT), alanine amino transferase (SGP",QA_ANSWER,True
bioasq_84,back_translation,"SGOT is an abbreviation for an enzyme other wise known as alanine amino transferase, yes or no?","SGOT is an abbreviation for an enzyme also known as alanine aminotransferase, yes or no?",0.10526315789473684,"patients with aspartate amino transferase (SGOT), alanine amino transferase (SGP",QA_ANSWER,True
bioasq_84,controlled_paraphrase,"SGOT is an abbreviation for an enzyme other wise known as alanine amino transferase, yes or no?",Does SGOT refer to the alanine amino transferase enzyme?,0.5789473684210527,"patients with aspartate amino transferase (SGOT), alanine amino transferase (SGP",QA_ANSWER,True
bioasq_84,controlled_paraphrase,"SGOT is an abbreviation for an enzyme other wise known as alanine amino transferase, yes or no?",Does SGOT refer to the alanine amino transferase enzyme?,0.5789473684210527,"patients with aspartate amino transferase (SGOT), alanine amino transferase (SGP",QA_ANSWER,True
bioasq_84,synonym_substitution,"SGOT is an abbreviation for an enzyme other wise known as alanine amino transferase, yes or no?","SGOT be Associate in Nursing abbreviation for Associate in Nursing enzyme other wise known as alanine amino transferase, yes or no?",0.2900763358778626,"patients with aspartate amino transferase (SGOT), alanine amino transferase (SGP",QA_ANSWER,True
bioasq_84,synonym_substitution,"SGOT is an abbreviation for an enzyme other wise known as alanine amino transferase, yes or no?","SGOT be Associate in Nursing abbreviation for Associate in Nursing enzyme other wise known as alanine amino transferase, yes or no?",0.2900763358778626,"patients with aspartate amino transferase (SGOT), alanine amino transferase (SGP",QA_ANSWER,True
bioasq_85,synonym_substitution,Is myasthenia gravis associated with osteoporosis?,be myasthenia gravis gravis associate with osteoporosis?,0.17857142857142858,Myasthenia gravis (MG) is a neuromuscular disease which has been associated with,QA_ANSWER,True
bioasq_85,synonym_substitution,Is myasthenia gravis associated with osteoporosis?,be myasthenia gravis gravis associate with osteoporosis?,0.17857142857142858,Myasthenia gravis (MG) is a neuromuscular disease which has been associated with,QA_ANSWER,True
bioasq_86,back_translation,Is there association of matrix metalloproteinases with behaviour of pituitary adenomas?,Is there a link between matrix metalloproteinases and the behaviour of pituitary adenomas?,0.2,"Yes, there is evidence to suggest that matrix metalloproteinases are associated ",QA_ANSWER,True
bioasq_86,back_translation,Is there association of matrix metalloproteinases with behaviour of pituitary adenomas?,Is there a link between matrix metalloproteinases and the behaviour of pituitary adenomas?,0.2,"Yes, there is evidence to suggest that matrix metalloproteinases are associated ",QA_ANSWER,True
bioasq_86,controlled_paraphrase,Is there association of matrix metalloproteinases with behaviour of pituitary adenomas?,Do matrix metalloproteinases have any association with the behaviour of pituitary adenomas?,0.4945054945054945,"Yes, there is evidence to suggest that matrix metalloproteinases are associated ",QA_ANSWER,True
bioasq_86,controlled_paraphrase,Is there association of matrix metalloproteinases with behaviour of pituitary adenomas?,Do matrix metalloproteinases have any association with the behaviour of pituitary adenomas?,0.4945054945054945,"Yes, there is evidence to suggest that matrix metalloproteinases are associated ",QA_ANSWER,True
bioasq_86,synonym_substitution,Is there association of matrix metalloproteinases with behaviour of pituitary adenomas?,be there association of matrix metalloproteinases with behavior of pituitary gland adenomas?,0.09782608695652174,"Yes, there is evidence to suggest that matrix metalloproteinases are associated ",QA_ANSWER,True
bioasq_86,synonym_substitution,Is there association of matrix metalloproteinases with behaviour of pituitary adenomas?,be there association of matrix metalloproteinases with behavior of pituitary gland adenomas?,0.09782608695652174,"Yes, there is evidence to suggest that matrix metalloproteinases are associated ",QA_ANSWER,True
bioasq_87,back_translation,Against which protein is the antibody used for immonostaining of Lewy bodies raised?,Which protein is the antibody used to raise Lewy bodies?,0.39285714285714285,"alpha-Synuclein is a presynaptic protein, which was identified as a specific com",QA_ANSWER,True
bioasq_87,back_translation,Against which protein is the antibody used for immonostaining of Lewy bodies raised?,Which protein is the antibody used to raise Lewy bodies?,0.39285714285714285,"alpha-Synuclein is a presynaptic protein, which was identified as a specific com",QA_ANSWER,True
bioasq_87,synonym_substitution,Against which protein is the antibody used for immonostaining of Lewy bodies raised?,Against which protein be the antibody use for immonostaining of Lewy body raised?,0.07142857142857142,"alpha-Synuclein is a presynaptic protein, which was identified as a specific com",QA_ANSWER,True
bioasq_87,synonym_substitution,Against which protein is the antibody used for immonostaining of Lewy bodies raised?,Against which protein be the antibody use for immonostaining of Lewy body raised?,0.07142857142857142,"alpha-Synuclein is a presynaptic protein, which was identified as a specific com",QA_ANSWER,True
bioasq_88,back_translation,Where are Goblet cells localized?,Where are Goblet cells located?,0.09090909090909091,"Goblet cells are found in the intestine, in the lungs, in the eyes etc. Goblet c",QA_ANSWER,True
bioasq_88,back_translation,Where are Goblet cells localized?,Where are Goblet cells located?,0.09090909090909091,"Goblet cells are found in the intestine, in the lungs, in the eyes etc. Goblet c",QA_ANSWER,True
bioasq_88,controlled_paraphrase,Where are Goblet cells localized?,Where are the Goblet cells situated in the body?,0.4166666666666667,"Goblet cells are found in the intestine, in the lungs, in the eyes etc. Goblet c",QA_ANSWER,True
bioasq_88,controlled_paraphrase,Where are Goblet cells localized?,Where are the Goblet cells situated in the body?,0.4166666666666667,"Goblet cells are found in the intestine, in the lungs, in the eyes etc. Goblet c",QA_ANSWER,True
bioasq_88,synonym_substitution,Where are Goblet cells localized?,Where ar Goblet cell localized?,0.06060606060606061,"Goblet cells are found in the intestine, in the lungs, in the eyes etc. Goblet c",QA_ANSWER,True
bioasq_88,synonym_substitution,Where are Goblet cells localized?,Where ar Goblet cell localized?,0.06060606060606061,"Goblet cells are found in the intestine, in the lungs, in the eyes etc. Goblet c",QA_ANSWER,True
bioasq_89,back_translation,"Where, in what US state, was there a measles outbreak in an Amish community","Where, in which U.S. state, there was a measles outbreak in an Amish community",0.16666666666666666,The measles outbreak started an Amish community in Ohio,QA_ANSWER,True
bioasq_89,back_translation,"Where, in what US state, was there a measles outbreak in an Amish community","Where, in which U.S. state, there was a measles outbreak in an Amish community",0.16666666666666666,The measles outbreak started an Amish community in Ohio,QA_ANSWER,True
bioasq_89,synonym_substitution,"Where, in what US state, was there a measles outbreak in an Amish community","Where, inch what United States state, Washington there a measles outbreak in an Amish community",0.22105263157894736,The measles outbreak started an Amish community in Ohio,QA_ANSWER,True
bioasq_89,synonym_substitution,"Where, in what US state, was there a measles outbreak in an Amish community","Where, inch what United States state, Washington there a measles outbreak in an Amish community",0.22105263157894736,The measles outbreak started an Amish community in Ohio,QA_ANSWER,True
bioasq_90,back_translation,New treatments in multiple sclerosis.,New treatments for multiple sclerosis.,0.07894736842105263,"New approaches to treatment for MS include gut microbiome modification, fumarate",QA_ANSWER,True
bioasq_90,back_translation,New treatments in multiple sclerosis.,New treatments for multiple sclerosis.,0.07894736842105263,"New approaches to treatment for MS include gut microbiome modification, fumarate",QA_ANSWER,True
bioasq_90,synonym_substitution,New treatments in multiple sclerosis.,New treatment inch multiple sclerosis.,0.07894736842105263,"New approaches to treatment for MS include gut microbiome modification, fumarate",QA_ANSWER,True
bioasq_90,synonym_substitution,New treatments in multiple sclerosis.,New treatment inch multiple sclerosis.,0.07894736842105263,"New approaches to treatment for MS include gut microbiome modification, fumarate",QA_ANSWER,True
bioasq_91,controlled_paraphrase,Is ACE2 expressed on cell surfaces?,Does ACE2 exist on the surfaces of cells?,0.5365853658536586,"Yes,
ACE2 is a type 1 integral membrane protein and contains a catalytically act",QA_ANSWER,True
bioasq_91,controlled_paraphrase,Is ACE2 expressed on cell surfaces?,Does ACE2 exist on the surfaces of cells?,0.5365853658536586,"Yes,
ACE2 is a type 1 integral membrane protein and contains a catalytically act",QA_ANSWER,True
bioasq_91,synonym_substitution,Is ACE2 expressed on cell surfaces?,be ACE2 express on cell surfaces?,0.11428571428571428,"Yes,
ACE2 is a type 1 integral membrane protein and contains a catalytically act",QA_ANSWER,True
bioasq_91,synonym_substitution,Is ACE2 expressed on cell surfaces?,be ACE2 express on cell surfaces?,0.11428571428571428,"Yes,
ACE2 is a type 1 integral membrane protein and contains a catalytically act",QA_ANSWER,True
bioasq_92,synonym_substitution,What is the proteoglycan Tsukushi?,What be the proteoglycan Tsukushi?,0.058823529411764705,"Tsukushi (TSK), a member of the small leucine-rich repeat proteoglycan (SLRP) fa",QA_ANSWER,True
bioasq_92,synonym_substitution,What is the proteoglycan Tsukushi?,What be the proteoglycan Tsukushi?,0.058823529411764705,"Tsukushi (TSK), a member of the small leucine-rich repeat proteoglycan (SLRP) fa",QA_ANSWER,True
bioasq_93,back_translation,Has protein citrullination been implicated in rheumatoid arthritis?,Has protein citrullination been involved in rheumatoid arthritis?,0.1044776119402985,"Yes, protein citrullination been implicated in rheumatoid arthritis.",QA_ANSWER,True
bioasq_93,back_translation,Has protein citrullination been implicated in rheumatoid arthritis?,Has protein citrullination been involved in rheumatoid arthritis?,0.1044776119402985,"Yes, protein citrullination been implicated in rheumatoid arthritis.",QA_ANSWER,True
bioasq_94,back_translation,Which are the types of cancer that c-Myc is associated with?,What types of cancer is c-Myc associated with?,0.26666666666666666,"The types of cancer that c-Myc is associates with are breast cancer, non-small-c",QA_ANSWER,True
bioasq_94,back_translation,Which are the types of cancer that c-Myc is associated with?,What types of cancer is c-Myc associated with?,0.26666666666666666,"The types of cancer that c-Myc is associates with are breast cancer, non-small-c",QA_ANSWER,True
bioasq_94,synonym_substitution,Which are the types of cancer that c-Myc is associated with?,Which ar the type of malignant neoplastic disease that c-Myc is associated with?,0.325,"The types of cancer that c-Myc is associates with are breast cancer, non-small-c",QA_ANSWER,True
bioasq_94,synonym_substitution,Which are the types of cancer that c-Myc is associated with?,Which ar the type of malignant neoplastic disease that c-Myc is associated with?,0.325,"The types of cancer that c-Myc is associates with are breast cancer, non-small-c",QA_ANSWER,True
bioasq_95,back_translation,What is the mode of inheritance of Facioscapulohumeral muscular dystrophy (FSHD)?,What is the type of inheritance of facioscapulohumeral muscle dystrophy (FSHD)?,0.08641975308641975,Facioscapulohumeral muscular dystrophy has an autosomal dominant inheritance pat,QA_ANSWER,True
bioasq_95,back_translation,What is the mode of inheritance of Facioscapulohumeral muscular dystrophy (FSHD)?,What is the type of inheritance of facioscapulohumeral muscle dystrophy (FSHD)?,0.08641975308641975,Facioscapulohumeral muscular dystrophy has an autosomal dominant inheritance pat,QA_ANSWER,True
bioasq_95,controlled_paraphrase,What is the mode of inheritance of Facioscapulohumeral muscular dystrophy (FSHD)?,What is the genetic precursor of Facioscapulohumeral muscular dystrophy (FSHD)?,0.19753086419753085,Facioscapulohumeral muscular dystrophy has an autosomal dominant inheritance pat,QA_ANSWER,True
bioasq_95,controlled_paraphrase,What is the mode of inheritance of Facioscapulohumeral muscular dystrophy (FSHD)?,What is the genetic precursor of Facioscapulohumeral muscular dystrophy (FSHD)?,0.19753086419753085,Facioscapulohumeral muscular dystrophy has an autosomal dominant inheritance pat,QA_ANSWER,True
bioasq_95,synonym_substitution,What is the mode of inheritance of Facioscapulohumeral muscular dystrophy (FSHD)?,What be the manner of heritage of Facioscapulohumeral muscular dystrophy (FSHD)?,0.12345679012345678,Facioscapulohumeral muscular dystrophy has an autosomal dominant inheritance pat,QA_ANSWER,True
bioasq_95,synonym_substitution,What is the mode of inheritance of Facioscapulohumeral muscular dystrophy (FSHD)?,What be the manner of heritage of Facioscapulohumeral muscular dystrophy (FSHD)?,0.12345679012345678,Facioscapulohumeral muscular dystrophy has an autosomal dominant inheritance pat,QA_ANSWER,True
bioasq_96,back_translation,Which cloud-based platform has been developed for comparing GWAS?,Which cloud-based platform was developed to compare GWAS?,0.16923076923076924,EasyGWAS is a cloud-based platform for comparing the results of Genome-Wide Asso,QA_ANSWER,True
bioasq_96,back_translation,Which cloud-based platform has been developed for comparing GWAS?,Which cloud-based platform was developed to compare GWAS?,0.16923076923076924,EasyGWAS is a cloud-based platform for comparing the results of Genome-Wide Asso,QA_ANSWER,True
bioasq_96,controlled_paraphrase,Which cloud-based platform has been developed for comparing GWAS?,Which cloud-based platform has been created for comparing GWAS?,0.09230769230769231,EasyGWAS is a cloud-based platform for comparing the results of Genome-Wide Asso,QA_ANSWER,True
bioasq_96,controlled_paraphrase,Which cloud-based platform has been developed for comparing GWAS?,Which cloud-based platform has been created for comparing GWAS?,0.09230769230769231,EasyGWAS is a cloud-based platform for comparing the results of Genome-Wide Asso,QA_ANSWER,True
bioasq_97,back_translation,Should corticosteroids be considered as adjunctive therapy in paediatric sepsis management?,Should corticosteroids be considered as adjunctive therapy in paediatric sepsis treatments?,0.06593406593406594,No. Corticosteroids should not be considered as adjunctive therapy in paediatric,QA_ANSWER,True
bioasq_97,back_translation,Should corticosteroids be considered as adjunctive therapy in paediatric sepsis management?,Should corticosteroids be considered as adjunctive therapy in paediatric sepsis treatments?,0.06593406593406594,No. Corticosteroids should not be considered as adjunctive therapy in paediatric,QA_ANSWER,True
bioasq_97,controlled_paraphrase,Should corticosteroids be considered as adjunctive therapy in paediatric sepsis management?,Is it appropriate to use corticosteroids as an adjunct in treating paediatric sepsis?,0.5714285714285714,No. Corticosteroids should not be considered as adjunctive therapy in paediatric,QA_ANSWER,True
bioasq_97,controlled_paraphrase,Should corticosteroids be considered as adjunctive therapy in paediatric sepsis management?,Is it appropriate to use corticosteroids as an adjunct in treating paediatric sepsis?,0.5714285714285714,No. Corticosteroids should not be considered as adjunctive therapy in paediatric,QA_ANSWER,True
bioasq_98,back_translation,Which domain allowing self-association do exist in TDP-43 and FUS proteins?,What domain allows self-association exists in TDP-43 and FUS proteins?,0.13333333333333333,PRION PROTEINS,QA_ANSWER,True
bioasq_98,back_translation,Which domain allowing self-association do exist in TDP-43 and FUS proteins?,What domain allows self-association exists in TDP-43 and FUS proteins?,0.13333333333333333,PRION PROTEINS,QA_ANSWER,True
bioasq_98,controlled_paraphrase,Which domain allowing self-association do exist in TDP-43 and FUS proteins?,What is the self-association domain of TDP-43 and FUS proteins?,0.30666666666666664,PRION PROTEINS,QA_ANSWER,True
bioasq_98,controlled_paraphrase,Which domain allowing self-association do exist in TDP-43 and FUS proteins?,What is the self-association domain of TDP-43 and FUS proteins?,0.30666666666666664,PRION PROTEINS,QA_ANSWER,True
bioasq_98,synonym_substitution,Which domain allowing self-association do exist in TDP-43 and FUS proteins?,Which sphere let self-association bash exist in TDP-43 and FUS proteins?,0.22666666666666666,PRION PROTEINS,QA_ANSWER,True
bioasq_98,synonym_substitution,Which domain allowing self-association do exist in TDP-43 and FUS proteins?,Which sphere let self-association bash exist in TDP-43 and FUS proteins?,0.22666666666666666,PRION PROTEINS,QA_ANSWER,True
bioasq_100,controlled_paraphrase,Which protein is affected by dusp8 activation?,What is the name of the protein that undergoes dusp8 activation?,0.5,dusp8 (M3/6) is a dual-specificity phosphatase selective for JNK.,QA_ANSWER,True
bioasq_100,controlled_paraphrase,Which protein is affected by dusp8 activation?,What is the name of the protein that undergoes dusp8 activation?,0.5,dusp8 (M3/6) is a dual-specificity phosphatase selective for JNK.,QA_ANSWER,True
bioasq_100,synonym_substitution,Which protein is affected by dusp8 activation?,Which protein be affect past dusp8 activation?,0.15217391304347827,dusp8 (M3/6) is a dual-specificity phosphatase selective for JNK.,QA_ANSWER,True
bioasq_100,synonym_substitution,Which protein is affected by dusp8 activation?,Which protein be affect past dusp8 activation?,0.15217391304347827,dusp8 (M3/6) is a dual-specificity phosphatase selective for JNK.,QA_ANSWER,True
bioasq_101,controlled_paraphrase,What is the molecular pathogenesis of Spinal Muscular Atrophy?,How does the molecular pathology of Spinal Muscular Atrophy come about?,0.352112676056338,Spinal muscular atrophy is an autosomal recessive neurodegenerative disease char,QA_ANSWER,True
bioasq_101,controlled_paraphrase,What is the molecular pathogenesis of Spinal Muscular Atrophy?,How does the molecular pathology of Spinal Muscular Atrophy come about?,0.352112676056338,Spinal muscular atrophy is an autosomal recessive neurodegenerative disease char,QA_ANSWER,True
bioasq_101,synonym_substitution,What is the molecular pathogenesis of Spinal Muscular Atrophy?,What be the molecular pathogenesis of spinal anesthesia Muscular Atrophy?,0.1917808219178082,Spinal muscular atrophy is an autosomal recessive neurodegenerative disease char,QA_ANSWER,True
bioasq_101,synonym_substitution,What is the molecular pathogenesis of Spinal Muscular Atrophy?,What be the molecular pathogenesis of spinal anesthesia Muscular Atrophy?,0.1917808219178082,Spinal muscular atrophy is an autosomal recessive neurodegenerative disease char,QA_ANSWER,True
bioasq_102,synonym_substitution,Is Cabotegravir effective for HIV prevention?,be Cabotegravir effectual for HIV prevention?,0.1111111111111111,"Yes, Cabotegravir is effective for HIV prevention.",QA_ANSWER,True
bioasq_102,synonym_substitution,Is Cabotegravir effective for HIV prevention?,be Cabotegravir effectual for HIV prevention?,0.1111111111111111,"Yes, Cabotegravir is effective for HIV prevention.",QA_ANSWER,True
bioasq_103,synonym_substitution,What is golodirsen's mechanism of action?,What be golodirsen's chemical mechanism of action?,0.22,Golodirsen is a phosphorodiamidate morpholino oligomer (PMO) designed to induce ,QA_ANSWER,True
bioasq_103,synonym_substitution,What is golodirsen's mechanism of action?,What be golodirsen's chemical mechanism of action?,0.22,Golodirsen is a phosphorodiamidate morpholino oligomer (PMO) designed to induce ,QA_ANSWER,True
bioasq_105,back_translation,"What are the phenotypic features of the autosomal dominant, development disease, Noonans syndrome","What are the phenotypic characteristics of autosomal dominant, developmental disease, Noonan syndrome",0.16831683168316833,Noonan syndrome (NS) is an autosomal dominant disorder with vast heterogeneity i,QA_ANSWER,True
bioasq_105,back_translation,"What are the phenotypic features of the autosomal dominant, development disease, Noonans syndrome","What are the phenotypic characteristics of autosomal dominant, developmental disease, Noonan syndrome",0.16831683168316833,Noonan syndrome (NS) is an autosomal dominant disorder with vast heterogeneity i,QA_ANSWER,True
bioasq_105,controlled_paraphrase,"What are the phenotypic features of the autosomal dominant, development disease, Noonans syndrome","What are the physical characteristics of Noonans syndrome, a development disease that is autosomal dominant?",0.5462962962962963,Noonan syndrome (NS) is an autosomal dominant disorder with vast heterogeneity i,QA_ANSWER,True
bioasq_105,controlled_paraphrase,"What are the phenotypic features of the autosomal dominant, development disease, Noonans syndrome","What are the physical characteristics of Noonans syndrome, a development disease that is autosomal dominant?",0.5462962962962963,Noonan syndrome (NS) is an autosomal dominant disorder with vast heterogeneity i,QA_ANSWER,True
bioasq_106,back_translation,Is the monoclonal antibody Trastuzumab (Herceptin) of potential use in the treatment of prostate cancer?,Is the monoclonal antibody trastuzumab (Herceptin) of a possible use in the treatment of prostate cancer?,0.08571428571428572,"Although is still controversial, Trastuzumab (Herceptin) can be of potential use",QA_ANSWER,True
bioasq_106,back_translation,Is the monoclonal antibody Trastuzumab (Herceptin) of potential use in the treatment of prostate cancer?,Is the monoclonal antibody trastuzumab (Herceptin) of a possible use in the treatment of prostate cancer?,0.08571428571428572,"Although is still controversial, Trastuzumab (Herceptin) can be of potential use",QA_ANSWER,True
bioasq_106,controlled_paraphrase,Is the monoclonal antibody Trastuzumab (Herceptin) of potential use in the treatment of prostate cancer?,"Can Trastuzumab (Herceptin), a monoclonal antibody, be used to treat prostate cancer?",0.5384615384615384,"Although is still controversial, Trastuzumab (Herceptin) can be of potential use",QA_ANSWER,True
bioasq_106,controlled_paraphrase,Is the monoclonal antibody Trastuzumab (Herceptin) of potential use in the treatment of prostate cancer?,"Can Trastuzumab (Herceptin), a monoclonal antibody, be used to treat prostate cancer?",0.5384615384615384,"Although is still controversial, Trastuzumab (Herceptin) can be of potential use",QA_ANSWER,True
bioasq_106,synonym_substitution,Is the monoclonal antibody Trastuzumab (Herceptin) of potential use in the treatment of prostate cancer?,be the monoclonal antibody antibody Trastuzumab (Herceptin) of potentiality use in the treatment of prostate cancer?,0.1206896551724138,"Although is still controversial, Trastuzumab (Herceptin) can be of potential use",QA_ANSWER,True
bioasq_106,synonym_substitution,Is the monoclonal antibody Trastuzumab (Herceptin) of potential use in the treatment of prostate cancer?,be the monoclonal antibody antibody Trastuzumab (Herceptin) of potentiality use in the treatment of prostate cancer?,0.1206896551724138,"Although is still controversial, Trastuzumab (Herceptin) can be of potential use",QA_ANSWER,True
bioasq_108,back_translation,Are there any urine biomarkers for chronic kidney disease?,Are there urine biomarkers for chronic kidney disease?,0.06896551724137931,"Chronic kidney disease (CKD), is a progressive loss in renal function over a per",QA_ANSWER,True
bioasq_108,back_translation,Are there any urine biomarkers for chronic kidney disease?,Are there urine biomarkers for chronic kidney disease?,0.06896551724137931,"Chronic kidney disease (CKD), is a progressive loss in renal function over a per",QA_ANSWER,True
bioasq_108,controlled_paraphrase,Are there any urine biomarkers for chronic kidney disease?,Is there a way to use urine as a biomarker for chronic kidney disease?,0.2714285714285714,"Chronic kidney disease (CKD), is a progressive loss in renal function over a per",QA_ANSWER,True
bioasq_108,controlled_paraphrase,Are there any urine biomarkers for chronic kidney disease?,Is there a way to use urine as a biomarker for chronic kidney disease?,0.2714285714285714,"Chronic kidney disease (CKD), is a progressive loss in renal function over a per",QA_ANSWER,True
bioasq_108,synonym_substitution,Are there any urine biomarkers for chronic kidney disease?,ar there whatever piss biomarkers for chronic kidney disease?,0.19672131147540983,"Chronic kidney disease (CKD), is a progressive loss in renal function over a per",QA_ANSWER,True
bioasq_108,synonym_substitution,Are there any urine biomarkers for chronic kidney disease?,ar there whatever piss biomarkers for chronic kidney disease?,0.19672131147540983,"Chronic kidney disease (CKD), is a progressive loss in renal function over a per",QA_ANSWER,True
bioasq_110,back_translation,Losigamone can be used for treatment of which disease?,Losigamon can be used to treat which disease?,0.18518518518518517,Losigamone is sometimes used as an add-on therapy for epilepsy.,QA_ANSWER,True
bioasq_110,back_translation,Losigamone can be used for treatment of which disease?,Losigamon can be used to treat which disease?,0.18518518518518517,Losigamone is sometimes used as an add-on therapy for epilepsy.,QA_ANSWER,True
bioasq_111,back_translation,Which deep learning framework has been developed for cancer molecular subtype classification?,Which deep learning framework has been developed for the classification of cancer molecules?,0.3870967741935484,Molecular subtyping of cancer is a critical step towards more individualized the,QA_ANSWER,True
bioasq_111,back_translation,Which deep learning framework has been developed for cancer molecular subtype classification?,Which deep learning framework has been developed for the classification of cancer molecules?,0.3870967741935484,Molecular subtyping of cancer is a critical step towards more individualized the,QA_ANSWER,True
bioasq_111,controlled_paraphrase,Which deep learning framework has been developed for cancer molecular subtype classification?,What is the deep learning model used to classify cancer into molecular subtypes?,0.5483870967741935,Molecular subtyping of cancer is a critical step towards more individualized the,QA_ANSWER,True
bioasq_111,controlled_paraphrase,Which deep learning framework has been developed for cancer molecular subtype classification?,What is the deep learning model used to classify cancer into molecular subtypes?,0.5483870967741935,Molecular subtyping of cancer is a critical step towards more individualized the,QA_ANSWER,True
bioasq_112,back_translation,Is FKBP52 encoding a chaperone ?,Does FKBP52 encode a chaperone?,0.21875,"Yes,
FKBP52 is a co-chaperone.",QA_ANSWER,True
bioasq_112,back_translation,Is FKBP52 encoding a chaperone ?,Does FKBP52 encode a chaperone?,0.21875,"Yes,
FKBP52 is a co-chaperone.",QA_ANSWER,True
bioasq_112,controlled_paraphrase,Is FKBP52 encoding a chaperone ?,Can FKBP52 be classified as a chaperone encoding?,0.4897959183673469,"Yes,
FKBP52 is a co-chaperone.",QA_ANSWER,True
bioasq_112,controlled_paraphrase,Is FKBP52 encoding a chaperone ?,Can FKBP52 be classified as a chaperone encoding?,0.4897959183673469,"Yes,
FKBP52 is a co-chaperone.",QA_ANSWER,True
bioasq_113,back_translation,Which eukaryote genomes contain operons?,What eukaryote genomes do operons contain?,0.40476190476190477,Genes in nematode and ascidian genomes frequently occur in operons such genes co,QA_ANSWER,True
bioasq_113,back_translation,Which eukaryote genomes contain operons?,What eukaryote genomes do operons contain?,0.40476190476190477,Genes in nematode and ascidian genomes frequently occur in operons such genes co,QA_ANSWER,True
bioasq_113,controlled_paraphrase,Which eukaryote genomes contain operons?,What eukaryotic genomes contain operons?,0.125,Genes in nematode and ascidian genomes frequently occur in operons such genes co,QA_ANSWER,True
bioasq_113,controlled_paraphrase,Which eukaryote genomes contain operons?,What eukaryotic genomes contain operons?,0.125,Genes in nematode and ascidian genomes frequently occur in operons such genes co,QA_ANSWER,True
bioasq_113,synonym_substitution,Which eukaryote genomes contain operons?,Which eucaryote genome incorporate operons?,0.23255813953488372,Genes in nematode and ascidian genomes frequently occur in operons such genes co,QA_ANSWER,True
bioasq_113,synonym_substitution,Which eukaryote genomes contain operons?,Which eucaryote genome incorporate operons?,0.23255813953488372,Genes in nematode and ascidian genomes frequently occur in operons such genes co,QA_ANSWER,True
bioasq_114,controlled_paraphrase,What is the mode of action of the Tc toxins?,What is the mechanism of action of Tc toxins?,0.26666666666666666,The toxin complex (tc) genes of bacteria comprise a large and growing family who,QA_ANSWER,True
bioasq_114,controlled_paraphrase,What is the mode of action of the Tc toxins?,What is the mechanism of action of Tc toxins?,0.26666666666666666,The toxin complex (tc) genes of bacteria comprise a large and growing family who,QA_ANSWER,True
bioasq_115,controlled_paraphrase,Has Revlimid been approved by the US Food and Drug Administration?,Is Revlimid recognized by the US Food and Drug Administration as a food supplement?,0.39759036144578314,"Yes, Revlimid has been approved by the US Food and Drug Administration for treat",QA_ANSWER,True
bioasq_115,controlled_paraphrase,Has Revlimid been approved by the US Food and Drug Administration?,Is Revlimid recognized by the US Food and Drug Administration as a food supplement?,0.39759036144578314,"Yes, Revlimid has been approved by the US Food and Drug Administration for treat",QA_ANSWER,True
bioasq_116,controlled_paraphrase,Are Conserved Nonexonic Elements (CNEEs) important in phylogenomics research?,How relevant are Conserved Nonexonic Elements (CNEEs) to phylogenomics?,0.44155844155844154,Yes. Conserved Nonexonic Elements (CNEEs) appear to be promising as phylogenomic,QA_ANSWER,True
bioasq_116,controlled_paraphrase,Are Conserved Nonexonic Elements (CNEEs) important in phylogenomics research?,How relevant are Conserved Nonexonic Elements (CNEEs) to phylogenomics?,0.44155844155844154,Yes. Conserved Nonexonic Elements (CNEEs) appear to be promising as phylogenomic,QA_ANSWER,True
bioasq_118,synonym_substitution,Is MK-1602 a CGRP antagonist?,be MK-1602 angstrom CGRP antagonist?,0.25,"Yes, MK-1602 is a CGRP antagonist.",QA_ANSWER,True
bioasq_118,synonym_substitution,Is MK-1602 a CGRP antagonist?,be MK-1602 angstrom CGRP antagonist?,0.25,"Yes, MK-1602 is a CGRP antagonist.",QA_ANSWER,True
bioasq_120,controlled_paraphrase,Which is the prevalence of cystic fibrosis in the human population?,What is the frequency of cystic fibrosis in the human population?,0.11940298507462686,Prevalence of Cystic Fibrosis varies according to the population. A theoretical ,QA_ANSWER,True
bioasq_120,controlled_paraphrase,Which is the prevalence of cystic fibrosis in the human population?,What is the frequency of cystic fibrosis in the human population?,0.11940298507462686,Prevalence of Cystic Fibrosis varies according to the population. A theoretical ,QA_ANSWER,True
bioasq_120,synonym_substitution,Which is the prevalence of cystic fibrosis in the human population?,Which be the prevalence of cystic fibrosis inch the homo population?,0.10294117647058823,Prevalence of Cystic Fibrosis varies according to the population. A theoretical ,QA_ANSWER,True
bioasq_120,synonym_substitution,Which is the prevalence of cystic fibrosis in the human population?,Which be the prevalence of cystic fibrosis inch the homo population?,0.10294117647058823,Prevalence of Cystic Fibrosis varies according to the population. A theoretical ,QA_ANSWER,True
bioasq_121,back_translation,What do studies show about the effect of Induced hypothermia in premature babies?,What do studies show about the effects of induced hypothermia in premature infants?,0.0963855421686747,Randomised studies have demonstrated the efficacy of hypothermia for the treatme,QA_ANSWER,True
bioasq_121,back_translation,What do studies show about the effect of Induced hypothermia in premature babies?,What do studies show about the effects of induced hypothermia in premature infants?,0.0963855421686747,Randomised studies have demonstrated the efficacy of hypothermia for the treatme,QA_ANSWER,True
bioasq_121,controlled_paraphrase,What do studies show about the effect of Induced hypothermia in premature babies?,What is the research on the impact of Induced hypothermia on premature babies?,0.25925925925925924,Randomised studies have demonstrated the efficacy of hypothermia for the treatme,QA_ANSWER,True
bioasq_121,controlled_paraphrase,What do studies show about the effect of Induced hypothermia in premature babies?,What is the research on the impact of Induced hypothermia on premature babies?,0.25925925925925924,Randomised studies have demonstrated the efficacy of hypothermia for the treatme,QA_ANSWER,True
bioasq_122,controlled_paraphrase,Which key gene is involved in syndromic obesity phenotype of patients with 1p21.3 microdeletions?,What is the primary gene that contributes to the syndromic obesity of individuals with 1p21.3 microdeletions?,0.45871559633027525,MIR137 is the key gene mediator of the syndromic obesity phenotype of patients w,QA_ANSWER,True
bioasq_122,controlled_paraphrase,Which key gene is involved in syndromic obesity phenotype of patients with 1p21.3 microdeletions?,What is the primary gene that contributes to the syndromic obesity of individuals with 1p21.3 microdeletions?,0.45871559633027525,MIR137 is the key gene mediator of the syndromic obesity phenotype of patients w,QA_ANSWER,True
bioasq_122,synonym_substitution,Which key gene is involved in syndromic obesity phenotype of patients with 1p21.3 microdeletions?,Which key cistron be involve in syndromic obesity phenotype of patients with 1p21.3 microdeletions?,0.10101010101010101,MIR137 is the key gene mediator of the syndromic obesity phenotype of patients w,QA_ANSWER,True
bioasq_122,synonym_substitution,Which key gene is involved in syndromic obesity phenotype of patients with 1p21.3 microdeletions?,Which key cistron be involve in syndromic obesity phenotype of patients with 1p21.3 microdeletions?,0.10101010101010101,MIR137 is the key gene mediator of the syndromic obesity phenotype of patients w,QA_ANSWER,True
bioasq_123,back_translation,Please list symptoms of measles.,List symptoms of measles.,0.25,The leading symptoms of the disease are high fever that presents after an incuba,QA_ANSWER,True
bioasq_123,back_translation,Please list symptoms of measles.,List symptoms of measles.,0.25,The leading symptoms of the disease are high fever that presents after an incuba,QA_ANSWER,True
bioasq_125,back_translation,Does splicing occur co-transcriptionally?,Does splicing co-transcriptional occur?,0.2926829268292683,"The consensus view, based on four organisms, is that the majority of splicing ev",QA_ANSWER,True
bioasq_125,back_translation,Does splicing occur co-transcriptionally?,Does splicing co-transcriptional occur?,0.2926829268292683,"The consensus view, based on four organisms, is that the majority of splicing ev",QA_ANSWER,True
bioasq_126,back_translation,Why does cranberry juice help combat urinary tract infections?,Why does cranberry juice help fight urinary tract infections?,0.08064516129032258,"Cranberry products affect the surface properties, such as fimbriae and lipopolys",QA_ANSWER,True
bioasq_126,back_translation,Why does cranberry juice help combat urinary tract infections?,Why does cranberry juice help fight urinary tract infections?,0.08064516129032258,"Cranberry products affect the surface properties, such as fimbriae and lipopolys",QA_ANSWER,True
bioasq_126,controlled_paraphrase,Why does cranberry juice help combat urinary tract infections?,How does cranberry juice aid in the treatment of urinary tract infections?,0.2972972972972973,"Cranberry products affect the surface properties, such as fimbriae and lipopolys",QA_ANSWER,True
bioasq_126,controlled_paraphrase,Why does cranberry juice help combat urinary tract infections?,How does cranberry juice aid in the treatment of urinary tract infections?,0.2972972972972973,"Cranberry products affect the surface properties, such as fimbriae and lipopolys",QA_ANSWER,True
bioasq_127,controlled_paraphrase,Which molecule is inhibited by larotrectinib?,What is the specific chemical that is suppressed by larotrectinib?,0.5151515151515151,"Larotrectinib is oral, potent, and selective inhibitor of tropomyosin receptor k",QA_ANSWER,True
bioasq_127,controlled_paraphrase,Which molecule is inhibited by larotrectinib?,What is the specific chemical that is suppressed by larotrectinib?,0.5151515151515151,"Larotrectinib is oral, potent, and selective inhibitor of tropomyosin receptor k",QA_ANSWER,True
bioasq_127,synonym_substitution,Which molecule is inhibited by larotrectinib?,Which molecule be suppress past larotrectinib?,0.32608695652173914,"Larotrectinib is oral, potent, and selective inhibitor of tropomyosin receptor k",QA_ANSWER,True
bioasq_127,synonym_substitution,Which molecule is inhibited by larotrectinib?,Which molecule be suppress past larotrectinib?,0.32608695652173914,"Larotrectinib is oral, potent, and selective inhibitor of tropomyosin receptor k",QA_ANSWER,True
bioasq_128,synonym_substitution,Is DNA polymerase θ involved in DNA repair?,be deoxyribonucleic acid polymerase θ involve in DNA repair?,0.4,"Yes, 	DNA polymerase θ protects against genomic instability via an alternative e",QA_ANSWER,True
bioasq_128,synonym_substitution,Is DNA polymerase θ involved in DNA repair?,be deoxyribonucleic acid polymerase θ involve in DNA repair?,0.4,"Yes, 	DNA polymerase θ protects against genomic instability via an alternative e",QA_ANSWER,True
bioasq_132,back_translation,What are the major clinical Villefranche criteria for classic Ehlers-Danlos syndrome?,What are the most important clinical Villefranche criteria for classical Ehlers-Danlos syndrome?,0.13541666666666666,The major clinical Villefranche criteria for classic Ehlers-Danlos syndrome are ,QA_ANSWER,True
bioasq_132,back_translation,What are the major clinical Villefranche criteria for classic Ehlers-Danlos syndrome?,What are the most important clinical Villefranche criteria for classical Ehlers-Danlos syndrome?,0.13541666666666666,The major clinical Villefranche criteria for classic Ehlers-Danlos syndrome are ,QA_ANSWER,True
bioasq_132,controlled_paraphrase,What are the major clinical Villefranche criteria for classic Ehlers-Danlos syndrome?,What are the primary clinical features of classic Ehlers-Danlos syndrome according to the symptoms of Villefranche syndrome?,0.5806451612903226,The major clinical Villefranche criteria for classic Ehlers-Danlos syndrome are ,QA_ANSWER,True
bioasq_132,controlled_paraphrase,What are the major clinical Villefranche criteria for classic Ehlers-Danlos syndrome?,What are the primary clinical features of classic Ehlers-Danlos syndrome according to the symptoms of Villefranche syndrome?,0.5806451612903226,The major clinical Villefranche criteria for classic Ehlers-Danlos syndrome are ,QA_ANSWER,True
bioasq_132,synonym_substitution,What are the major clinical Villefranche criteria for classic Ehlers-Danlos syndrome?,What ar the major clinical Villefranche standard for classic Ehlers-Danlos syndrome?,0.10588235294117647,The major clinical Villefranche criteria for classic Ehlers-Danlos syndrome are ,QA_ANSWER,True
bioasq_132,synonym_substitution,What are the major clinical Villefranche criteria for classic Ehlers-Danlos syndrome?,What ar the major clinical Villefranche standard for classic Ehlers-Danlos syndrome?,0.10588235294117647,The major clinical Villefranche criteria for classic Ehlers-Danlos syndrome are ,QA_ANSWER,True
bioasq_133,back_translation,Is APOBEC3B protein predominantly cytoplasmic or nuclear?,Is APOBEC3B protein predominantly cytoplasmic or atomic?,0.12280701754385964,"Contrary to other APOBEC family members, APOBEC3B was found to predominantly con",QA_ANSWER,True
bioasq_133,back_translation,Is APOBEC3B protein predominantly cytoplasmic or nuclear?,Is APOBEC3B protein predominantly cytoplasmic or atomic?,0.12280701754385964,"Contrary to other APOBEC family members, APOBEC3B was found to predominantly con",QA_ANSWER,True
bioasq_133,controlled_paraphrase,Is APOBEC3B protein predominantly cytoplasmic or nuclear?,Does APOBEC3B protein belong to the cytoplasm or nuclear category?,0.3787878787878788,"Contrary to other APOBEC family members, APOBEC3B was found to predominantly con",QA_ANSWER,True
bioasq_133,controlled_paraphrase,Is APOBEC3B protein predominantly cytoplasmic or nuclear?,Does APOBEC3B protein belong to the cytoplasm or nuclear category?,0.3787878787878788,"Contrary to other APOBEC family members, APOBEC3B was found to predominantly con",QA_ANSWER,True
bioasq_133,synonym_substitution,Is APOBEC3B protein predominantly cytoplasmic or nuclear?,be APOBEC3B protein preponderantly cytoplasmatic or nuclear?,0.15,"Contrary to other APOBEC family members, APOBEC3B was found to predominantly con",QA_ANSWER,True
bioasq_133,synonym_substitution,Is APOBEC3B protein predominantly cytoplasmic or nuclear?,be APOBEC3B protein preponderantly cytoplasmatic or nuclear?,0.15,"Contrary to other APOBEC family members, APOBEC3B was found to predominantly con",QA_ANSWER,True
bioasq_134,controlled_paraphrase,Is CD84 genetically associated with arthritis?,Can CD84 be genetically linked to arthritis?,0.34782608695652173,"Three members of this gene family, Ly108, Ly9, and CD84, exhibit polymorphisms t",QA_ANSWER,True
bioasq_134,controlled_paraphrase,Is CD84 genetically associated with arthritis?,Can CD84 be genetically linked to arthritis?,0.34782608695652173,"Three members of this gene family, Ly108, Ly9, and CD84, exhibit polymorphisms t",QA_ANSWER,True
bioasq_134,synonym_substitution,Is CD84 genetically associated with arthritis?,be CD84 genetically associate with arthritis?,0.06521739130434782,"Three members of this gene family, Ly108, Ly9, and CD84, exhibit polymorphisms t",QA_ANSWER,True
bioasq_134,synonym_substitution,Is CD84 genetically associated with arthritis?,be CD84 genetically associate with arthritis?,0.06521739130434782,"Three members of this gene family, Ly108, Ly9, and CD84, exhibit polymorphisms t",QA_ANSWER,True
bioasq_135,back_translation,Does Curare function by stimulating the acetylcholine receptor?,Does Curare work by stimulating the acetylcholine receptor?,0.12698412698412698,No. Curare function does not stimulate the acetylcholine receptor.,QA_ANSWER,True
bioasq_135,back_translation,Does Curare function by stimulating the acetylcholine receptor?,Does Curare work by stimulating the acetylcholine receptor?,0.12698412698412698,No. Curare function does not stimulate the acetylcholine receptor.,QA_ANSWER,True
bioasq_136,back_translation,"What is the phenomenon described as ""complex coacervation""?","What is called ""complex coakervation""?",0.423728813559322,"Here, we demonstrate that charge-mediated phase separation, or complex coacervat",QA_ANSWER,True
bioasq_136,back_translation,"What is the phenomenon described as ""complex coacervation""?","What is called ""complex coakervation""?",0.423728813559322,"Here, we demonstrate that charge-mediated phase separation, or complex coacervat",QA_ANSWER,True
bioasq_136,controlled_paraphrase,"What is the phenomenon described as ""complex coacervation""?","How would you define ""complex coacervation""?",0.4576271186440678,"Here, we demonstrate that charge-mediated phase separation, or complex coacervat",QA_ANSWER,True
bioasq_136,controlled_paraphrase,"What is the phenomenon described as ""complex coacervation""?","How would you define ""complex coacervation""?",0.4576271186440678,"Here, we demonstrate that charge-mediated phase separation, or complex coacervat",QA_ANSWER,True
bioasq_138,back_translation,Does an interferon (IFN) signature exist for SLE patients?,Is there an interferon signature (IFN) for SLE patients?,0.3103448275862069,Interferon type I (IFN-I) plays a pivotal role in the pathogenesis of SLE. An IF,QA_ANSWER,True
bioasq_138,back_translation,Does an interferon (IFN) signature exist for SLE patients?,Is there an interferon signature (IFN) for SLE patients?,0.3103448275862069,Interferon type I (IFN-I) plays a pivotal role in the pathogenesis of SLE. An IF,QA_ANSWER,True
bioasq_138,controlled_paraphrase,Does an interferon (IFN) signature exist for SLE patients?,Does an interferon (IFN) signature exist for individuals with SLE?,0.2727272727272727,Interferon type I (IFN-I) plays a pivotal role in the pathogenesis of SLE. An IF,QA_ANSWER,True
bioasq_138,controlled_paraphrase,Does an interferon (IFN) signature exist for SLE patients?,Does an interferon (IFN) signature exist for individuals with SLE?,0.2727272727272727,Interferon type I (IFN-I) plays a pivotal role in the pathogenesis of SLE. An IF,QA_ANSWER,True
bioasq_139,synonym_substitution,Which genomic positions are preferentially selected for transposon insertion?,Which genomic position ar preferentially choose for transposon insertion?,0.11688311688311688,Preferential integration occurs in non-coding DNA and heterochromatin. A prefere,QA_ANSWER,True
bioasq_139,synonym_substitution,Which genomic positions are preferentially selected for transposon insertion?,Which genomic position ar preferentially choose for transposon insertion?,0.11688311688311688,Preferential integration occurs in non-coding DNA and heterochromatin. A prefere,QA_ANSWER,True
bioasq_140,back_translation,Are high-flow nasal cannulae effective for treatment of preterm infants?,Are powerful nasal cannulas effective for the treatment of premature babies?,0.3026315789473684,Yes. The use of high-flow nasal cannulae is an increasingly popular alternative ,QA_ANSWER,True
bioasq_140,back_translation,Are high-flow nasal cannulae effective for treatment of preterm infants?,Are powerful nasal cannulas effective for the treatment of premature babies?,0.3026315789473684,Yes. The use of high-flow nasal cannulae is an increasingly popular alternative ,QA_ANSWER,True
bioasq_140,controlled_paraphrase,Are high-flow nasal cannulae effective for treatment of preterm infants?,Do high-flow nasal cannulae have a positive effect on the health of preterm infants?,0.32142857142857145,Yes. The use of high-flow nasal cannulae is an increasingly popular alternative ,QA_ANSWER,True
bioasq_140,controlled_paraphrase,Are high-flow nasal cannulae effective for treatment of preterm infants?,Do high-flow nasal cannulae have a positive effect on the health of preterm infants?,0.32142857142857145,Yes. The use of high-flow nasal cannulae is an increasingly popular alternative ,QA_ANSWER,True
bioasq_142,controlled_paraphrase,Which company produces Keytruda?,What is the name of the manufacturer of Keytruda?,0.5918367346938775,"Keytruda is produced by Merck & Co., Inc..",QA_ANSWER,True
bioasq_142,controlled_paraphrase,Which company produces Keytruda?,What is the name of the manufacturer of Keytruda?,0.5918367346938775,"Keytruda is produced by Merck & Co., Inc..",QA_ANSWER,True
bioasq_143,controlled_paraphrase,"In clinical trials, the H3 R antagonist CEP-26401 has a positive effect on cognition, yes or no?","Does CEP-26401, a H3 R antagonist, have a positive or negative effect on cognition in clinical trials?",0.5784313725490197,The H3 R antagonist CEP-26401 had an effect on cognition.,QA_ANSWER,True
bioasq_143,controlled_paraphrase,"In clinical trials, the H3 R antagonist CEP-26401 has a positive effect on cognition, yes or no?","Does CEP-26401, a H3 R antagonist, have a positive or negative effect on cognition in clinical trials?",0.5784313725490197,The H3 R antagonist CEP-26401 had an effect on cognition.,QA_ANSWER,True
bioasq_143,synonym_substitution,"In clinical trials, the H3 R antagonist CEP-26401 has a positive effect on cognition, yes or no?","inch clinical trials, the H3 roentgen adversary CEP-26401 has a positive effect on cognition, yes or no?",0.16346153846153846,The H3 R antagonist CEP-26401 had an effect on cognition.,QA_ANSWER,True
bioasq_143,synonym_substitution,"In clinical trials, the H3 R antagonist CEP-26401 has a positive effect on cognition, yes or no?","inch clinical trials, the H3 roentgen adversary CEP-26401 has a positive effect on cognition, yes or no?",0.16346153846153846,The H3 R antagonist CEP-26401 had an effect on cognition.,QA_ANSWER,True
bioasq_144,back_translation,Where is the protein slitrk1 localized?,Where is the protein slitrk1 located?,0.07692307692307693,Slitrk1 is enriched in postsynaptic fractions and is localized to excitatory syn,QA_ANSWER,True
bioasq_144,back_translation,Where is the protein slitrk1 localized?,Where is the protein slitrk1 located?,0.07692307692307693,Slitrk1 is enriched in postsynaptic fractions and is localized to excitatory syn,QA_ANSWER,True
bioasq_144,controlled_paraphrase,Where is the protein slitrk1 localized?,What is the localization of slitrk1 protein?,0.5454545454545454,Slitrk1 is enriched in postsynaptic fractions and is localized to excitatory syn,QA_ANSWER,True
bioasq_144,controlled_paraphrase,Where is the protein slitrk1 localized?,What is the localization of slitrk1 protein?,0.5454545454545454,Slitrk1 is enriched in postsynaptic fractions and is localized to excitatory syn,QA_ANSWER,True
bioasq_144,synonym_substitution,Where is the protein slitrk1 localized?,Where be the protein slitrk1 localized?,0.05128205128205128,Slitrk1 is enriched in postsynaptic fractions and is localized to excitatory syn,QA_ANSWER,True
bioasq_144,synonym_substitution,Where is the protein slitrk1 localized?,Where be the protein slitrk1 localized?,0.05128205128205128,Slitrk1 is enriched in postsynaptic fractions and is localized to excitatory syn,QA_ANSWER,True
bioasq_145,back_translation,Which clotting factor is in the Andexxa?,What coagulation factor is in the Andexxa?,0.2619047619047619,Andexxa(r) is a first-in-class recombinant modified factor Xa protein. It is ava,QA_ANSWER,True
bioasq_145,back_translation,Which clotting factor is in the Andexxa?,What coagulation factor is in the Andexxa?,0.2619047619047619,Andexxa(r) is a first-in-class recombinant modified factor Xa protein. It is ava,QA_ANSWER,True
bioasq_146,back_translation,Which mutated gene causes the Chédiak-Higashi Syndrome?,Which mutated gene causes Chédiak Higashi syndrome?,0.10909090909090909,Mutation in the lysosomal trafficking regulator (LYST) gene causes the Chédiak-H,QA_ANSWER,True
bioasq_146,back_translation,Which mutated gene causes the Chédiak-Higashi Syndrome?,Which mutated gene causes Chédiak Higashi syndrome?,0.10909090909090909,Mutation in the lysosomal trafficking regulator (LYST) gene causes the Chédiak-H,QA_ANSWER,True
bioasq_146,controlled_paraphrase,Which mutated gene causes the Chédiak-Higashi Syndrome?,Which gene mutation leads to the Chédiak-Higashi Syndrome?,0.3103448275862069,Mutation in the lysosomal trafficking regulator (LYST) gene causes the Chédiak-H,QA_ANSWER,True
bioasq_146,controlled_paraphrase,Which mutated gene causes the Chédiak-Higashi Syndrome?,Which gene mutation leads to the Chédiak-Higashi Syndrome?,0.3103448275862069,Mutation in the lysosomal trafficking regulator (LYST) gene causes the Chédiak-H,QA_ANSWER,True
bioasq_147,synonym_substitution,The 1p19q co-deletion is associated with what types of tumors?,The 1p19q co-deletion be associate with what type of tumors?,0.06451612903225806,"The 1p19q co-deletion is associated with oligodendrogliomas, fibrillary astrocyt",QA_ANSWER,True
bioasq_147,synonym_substitution,The 1p19q co-deletion is associated with what types of tumors?,The 1p19q co-deletion be associate with what type of tumors?,0.06451612903225806,"The 1p19q co-deletion is associated with oligodendrogliomas, fibrillary astrocyt",QA_ANSWER,True
bioasq_148,back_translation,What is the role of TAD protein domain?,What role does the TAD protein domain play?,0.37209302325581395,TAD domain is a transcription activation domain found in transcription factors.,QA_ANSWER,True
bioasq_148,back_translation,What is the role of TAD protein domain?,What role does the TAD protein domain play?,0.37209302325581395,TAD domain is a transcription activation domain found in transcription factors.,QA_ANSWER,True
bioasq_148,controlled_paraphrase,What is the role of TAD protein domain?,What is the function of the TAD protein domain?,0.2553191489361702,TAD domain is a transcription activation domain found in transcription factors.,QA_ANSWER,True
bioasq_148,controlled_paraphrase,What is the role of TAD protein domain?,What is the function of the TAD protein domain?,0.2553191489361702,TAD domain is a transcription activation domain found in transcription factors.,QA_ANSWER,True
bioasq_149,controlled_paraphrase,What are the functions of sorting nexin 27?,What is the purpose of sorting nexin 27?,0.23255813953488372,Sorting nexin 27 (SNX27) regulates endocytic sorting/recycling and intracellular,QA_ANSWER,True
bioasq_149,controlled_paraphrase,What are the functions of sorting nexin 27?,What is the purpose of sorting nexin 27?,0.23255813953488372,Sorting nexin 27 (SNX27) regulates endocytic sorting/recycling and intracellular,QA_ANSWER,True
bioasq_149,synonym_substitution,What are the functions of sorting nexin 27?,What ar the function of sort nexin 27?,0.11627906976744186,Sorting nexin 27 (SNX27) regulates endocytic sorting/recycling and intracellular,QA_ANSWER,True
bioasq_149,synonym_substitution,What are the functions of sorting nexin 27?,What ar the function of sort nexin 27?,0.11627906976744186,Sorting nexin 27 (SNX27) regulates endocytic sorting/recycling and intracellular,QA_ANSWER,True
