instance_id,perturbation_type,mention_context,perturbation_text,lexical_change_magnitude,gold_mention,gold_cui,accepted_final
squad_0,controlled_paraphrase,"On which corner is the shopping center located? While many homes in the neighborhood date back to the 1930s or before, the neighborhood is also home to several public housing developments built between the 1960s and 1990s by the Fresno Housing Auth","What is the location of the shopping center? Although the majority of the houses in the area were constructed in the 1930s or earlier, there are also several public housing developments constructed between the 1960s and 1990s by the Fresno Housing Auth.",0.41106719367588934,Fresno and B streets,QA_ANSWER,True
squad_0,controlled_paraphrase,"On which corner is the shopping center located? While many homes in the neighborhood date back to the 1930s or before, the neighborhood is also home to several public housing developments built between the 1960s and 1990s by the Fresno Housing Auth","What is the location of the shopping center? Although the majority of the houses in the area were constructed in the 1930s or earlier, there are also several public housing developments constructed between the 1960s and 1990s by the Fresno Housing Auth.",0.41106719367588934,Fresno and B streets,QA_ANSWER,True
squad_0,syntactic_reordering,"On which corner is the shopping center located? While many homes in the neighborhood date back to the 1930s or before, the neighborhood is also home to several public housing developments built between the 1960s and 1990s by the Fresno Housing Auth","While many homes in the neighborhood date back to the 1930s or before, the neighborhood is also home to several public housing developments built between the 1960s and 1990s by the Fresno Housing Auth On which corner is the shopping center located?",0.3870967741935484,Fresno and B streets,QA_ANSWER,True
squad_0,syntactic_reordering,"On which corner is the shopping center located? While many homes in the neighborhood date back to the 1930s or before, the neighborhood is also home to several public housing developments built between the 1960s and 1990s by the Fresno Housing Auth","While many homes in the neighborhood date back to the 1930s or before, the neighborhood is also home to several public housing developments built between the 1960s and 1990s by the Fresno Housing Auth On which corner is the shopping center located?",0.3870967741935484,Fresno and B streets,QA_ANSWER,True
squad_1,back_translation,"What is the comparison in price between Australian private schools versus public? Private schools in Australia may be favoured for many reasons: prestige and the social status of the 'old school tie'; better quality physical infrastructure and more facilities (e.g. playing fields, ","What is the price comparison between Australian private schools and public schools? Private schools in Australia can be preferred for many reasons: prestige and the social status of the ""old school tie""; better quality physical infrastructure and more facilities (e.g. playgrounds,",0.16312056737588654,more expensive,QA_ANSWER,True
squad_1,back_translation,"What is the comparison in price between Australian private schools versus public? Private schools in Australia may be favoured for many reasons: prestige and the social status of the 'old school tie'; better quality physical infrastructure and more facilities (e.g. playing fields, ","What is the price comparison between Australian private schools and public schools? Private schools in Australia can be preferred for many reasons: prestige and the social status of the ""old school tie""; better quality physical infrastructure and more facilities (e.g. playgrounds,",0.16312056737588654,more expensive,QA_ANSWER,True
squad_1,syntactic_reordering,"What is the comparison in price between Australian private schools versus public? Private schools in Australia may be favoured for many reasons: prestige and the social status of the 'old school tie'; better quality physical infrastructure and more facilities (e.g. playing fields, ","Private schools in Australia may be favoured for many reasons: prestige and the social status of the 'old school tie'; better quality physical infrastructure and more facilities (e.g. playing fields, What is the comparison in price between Australian private schools versus public?",0.5780141843971631,more expensive,QA_ANSWER,True
squad_1,syntactic_reordering,"What is the comparison in price between Australian private schools versus public? Private schools in Australia may be favoured for many reasons: prestige and the social status of the 'old school tie'; better quality physical infrastructure and more facilities (e.g. playing fields, ","Private schools in Australia may be favoured for many reasons: prestige and the social status of the 'old school tie'; better quality physical infrastructure and more facilities (e.g. playing fields, What is the comparison in price between Australian private schools versus public?",0.5780141843971631,more expensive,QA_ANSWER,True
squad_3,back_translation,"When did BSkyB launch it's HDTV service? BSkyB launched its HDTV service, Sky+ HD, on 22 May 2006. Prior to its launch, BSkyB claimed that 40,000 people had registered to receive the HD service. In the week before the launch, rumours started","When did BSkyB start its HDTV service? BSkyB launched its HDTV service, Sky+ HD, on May 22, 2006. Before its launch, BSkyB claimed that 40,000 people had registered to receive the HD service.",0.27385892116182575,22 May 2006,QA_ANSWER,True
squad_3,back_translation,"When did BSkyB launch it's HDTV service? BSkyB launched its HDTV service, Sky+ HD, on 22 May 2006. Prior to its launch, BSkyB claimed that 40,000 people had registered to receive the HD service. In the week before the launch, rumours started","When did BSkyB start its HDTV service? BSkyB launched its HDTV service, Sky+ HD, on May 22, 2006. Before its launch, BSkyB claimed that 40,000 people had registered to receive the HD service.",0.27385892116182575,22 May 2006,QA_ANSWER,True
squad_3,controlled_paraphrase,"When did BSkyB launch it's HDTV service? BSkyB launched its HDTV service, Sky+ HD, on 22 May 2006. Prior to its launch, BSkyB claimed that 40,000 people had registered to receive the HD service. In the week before the launch, rumours started","At what time did BSkyB introduce its HDTV service, Sky+ HD, on 22 May 2006? BSkyB claimed that 40,000 individuals had registered for its HDTV service before the launch, but in the week before the launch, rumors circulated.",0.4854771784232365,22 May 2006,QA_ANSWER,True
squad_3,controlled_paraphrase,"When did BSkyB launch it's HDTV service? BSkyB launched its HDTV service, Sky+ HD, on 22 May 2006. Prior to its launch, BSkyB claimed that 40,000 people had registered to receive the HD service. In the week before the launch, rumours started","At what time did BSkyB introduce its HDTV service, Sky+ HD, on 22 May 2006? BSkyB claimed that 40,000 individuals had registered for its HDTV service before the launch, but in the week before the launch, rumors circulated.",0.4854771784232365,22 May 2006,QA_ANSWER,True
squad_3,synonym_substitution,"When did BSkyB launch it's HDTV service? BSkyB launched its HDTV service, Sky+ HD, on 22 May 2006. Prior to its launch, BSkyB claimed that 40,000 people had registered to receive the HD service. In the week before the launch, rumours started","When make BSkyB launch it's high-definition television service? BSkyB establish its HDTV service, Sky+ HD, on 22 May 2006. Prior to its launch, BSkyB claimed that 40,000 people had registered to receive the HD service. In the week before the launch, rumours started",0.1471698113207547,22 May 2006,QA_ANSWER,True
squad_3,synonym_substitution,"When did BSkyB launch it's HDTV service? BSkyB launched its HDTV service, Sky+ HD, on 22 May 2006. Prior to its launch, BSkyB claimed that 40,000 people had registered to receive the HD service. In the week before the launch, rumours started","When make BSkyB launch it's high-definition television service? BSkyB establish its HDTV service, Sky+ HD, on 22 May 2006. Prior to its launch, BSkyB claimed that 40,000 people had registered to receive the HD service. In the week before the launch, rumours started",0.1471698113207547,22 May 2006,QA_ANSWER,True
squad_4,back_translation,"When did the origins of magnetic and electric fields occur? The origin of electric and magnetic fields would not be fully explained until 1864 when James Clerk Maxwell unified a number of earlier theories into a set of 20 scalar equations, which were later ref","When did magnetic and electric fields come into being? The origin of electric and magnetic fields was not fully explained until 1864, when James Clerk Maxwell unified a series of earlier theories into a series of 20 scalar equations, which later re",0.2,1864,QA_ANSWER,True
squad_4,back_translation,"When did the origins of magnetic and electric fields occur? The origin of electric and magnetic fields would not be fully explained until 1864 when James Clerk Maxwell unified a number of earlier theories into a set of 20 scalar equations, which were later ref","When did magnetic and electric fields come into being? The origin of electric and magnetic fields was not fully explained until 1864, when James Clerk Maxwell unified a series of earlier theories into a series of 20 scalar equations, which later re",0.2,1864,QA_ANSWER,True
squad_4,syntactic_reordering,"When did the origins of magnetic and electric fields occur? The origin of electric and magnetic fields would not be fully explained until 1864 when James Clerk Maxwell unified a number of earlier theories into a set of 20 scalar equations, which were later ref","The origin of electric and magnetic fields would not be fully explained until 1864 when James Clerk Maxwell unified a number of earlier theories into a set of 20 scalar equations, which were later ref When did the origins of magnetic and electric fields occur?",0.46153846153846156,1864,QA_ANSWER,True
squad_4,syntactic_reordering,"When did the origins of magnetic and electric fields occur? The origin of electric and magnetic fields would not be fully explained until 1864 when James Clerk Maxwell unified a number of earlier theories into a set of 20 scalar equations, which were later ref","The origin of electric and magnetic fields would not be fully explained until 1864 when James Clerk Maxwell unified a number of earlier theories into a set of 20 scalar equations, which were later ref When did the origins of magnetic and electric fields occur?",0.46153846153846156,1864,QA_ANSWER,True
squad_7,controlled_paraphrase,"When was Geegen the emperor? Emperor Gegeen Khan, Ayurbarwada's son and successor, ruled for only two years, from 1321 to 1323. He continued his father's policies to reform the government based on the Confucian principles, with t","At what point in time did Geegen become the ruler? Emperor Gegeen Khan, the son and heir of Ayurbarwada, governed for a mere two years, from 1321 to 1323. He carried on his father's policy of reforming the government based on Confucian principles, with tibing.",0.38846153846153847,1321 to 1323,QA_ANSWER,True
squad_7,controlled_paraphrase,"When was Geegen the emperor? Emperor Gegeen Khan, Ayurbarwada's son and successor, ruled for only two years, from 1321 to 1323. He continued his father's policies to reform the government based on the Confucian principles, with t","At what point in time did Geegen become the ruler? Emperor Gegeen Khan, the son and heir of Ayurbarwada, governed for a mere two years, from 1321 to 1323. He carried on his father's policy of reforming the government based on Confucian principles, with tibing.",0.38846153846153847,1321 to 1323,QA_ANSWER,True
squad_7,synonym_substitution,"When was Geegen the emperor? Emperor Gegeen Khan, Ayurbarwada's son and successor, ruled for only two years, from 1321 to 1323. He continued his father's policies to reform the government based on the Confucian principles, with t","When Washington Geegen the emperor? Emperor Gegeen Khan, Ayurbarwada's boy and successor, govern for only two years, from 1321 to 1323. He continued his father's policies to reform the government based on the Confucian principles, with t",0.06329113924050633,1321 to 1323,QA_ANSWER,True
squad_7,synonym_substitution,"When was Geegen the emperor? Emperor Gegeen Khan, Ayurbarwada's son and successor, ruled for only two years, from 1321 to 1323. He continued his father's policies to reform the government based on the Confucian principles, with t","When Washington Geegen the emperor? Emperor Gegeen Khan, Ayurbarwada's boy and successor, govern for only two years, from 1321 to 1323. He continued his father's policies to reform the government based on the Confucian principles, with t",0.06329113924050633,1321 to 1323,QA_ANSWER,True
squad_8,controlled_paraphrase,"At what point does oxygen toxicity begin to happen? Oxygen gas (O
2) can be toxic at elevated partial pressures, leading to convulsions and other health problems.[j] Oxygen toxicity usually begins to occur at partial pressures more than 50 kilopascals ","When does oxygen toxicity occur? At high partial pressures, oxygen gas (O2) can be toxic, resulting in convulsions and other health issues.[j] Partial pressures above 50 kilopascals are when oxygen toxicity begins.",0.5793650793650794,50 kilopascals,QA_ANSWER,True
squad_8,controlled_paraphrase,"At what point does oxygen toxicity begin to happen? Oxygen gas (O
2) can be toxic at elevated partial pressures, leading to convulsions and other health problems.[j] Oxygen toxicity usually begins to occur at partial pressures more than 50 kilopascals ","When does oxygen toxicity occur? At high partial pressures, oxygen gas (O2) can be toxic, resulting in convulsions and other health issues.[j] Partial pressures above 50 kilopascals are when oxygen toxicity begins.",0.5793650793650794,50 kilopascals,QA_ANSWER,True
squad_8,syntactic_reordering,"At what point does oxygen toxicity begin to happen? Oxygen gas (O
2) can be toxic at elevated partial pressures, leading to convulsions and other health problems.[j] Oxygen toxicity usually begins to occur at partial pressures more than 50 kilopascals ","Oxygen toxicity usually begins to occur at partial pressures more than 50 kilopascals Oxygen gas (O
2) can be toxic at elevated partial pressures, leading to convulsions and other health problems.[j] At what point does oxygen toxicity begin to happen?",0.5277777777777778,50 kilopascals,QA_ANSWER,True
squad_8,syntactic_reordering,"At what point does oxygen toxicity begin to happen? Oxygen gas (O
2) can be toxic at elevated partial pressures, leading to convulsions and other health problems.[j] Oxygen toxicity usually begins to occur at partial pressures more than 50 kilopascals ","Oxygen toxicity usually begins to occur at partial pressures more than 50 kilopascals Oxygen gas (O
2) can be toxic at elevated partial pressures, leading to convulsions and other health problems.[j] At what point does oxygen toxicity begin to happen?",0.5277777777777778,50 kilopascals,QA_ANSWER,True
squad_9,synonym_substitution,How is unregistered property held in informal form? In many poor and developing countries much land and housing is held outside the formal or legal property ownership registration system. Much unregistered property is held in informal form through vari,How be unregistered belongings keep in informal form? In many poor and developing countries much land and housing is held outside the formal or legal property ownership registration system. Much unregistered property is held in informal form through vari,0.05511811023622047,through various associations and other arrangements,QA_ANSWER,True
squad_9,synonym_substitution,How is unregistered property held in informal form? In many poor and developing countries much land and housing is held outside the formal or legal property ownership registration system. Much unregistered property is held in informal form through vari,How be unregistered belongings keep in informal form? In many poor and developing countries much land and housing is held outside the formal or legal property ownership registration system. Much unregistered property is held in informal form through vari,0.05511811023622047,through various associations and other arrangements,QA_ANSWER,True
squad_9,syntactic_reordering,How is unregistered property held in informal form? In many poor and developing countries much land and housing is held outside the formal or legal property ownership registration system. Much unregistered property is held in informal form through vari,Much unregistered property is held in informal form through vari In many poor and developing countries much land and housing is held outside the formal or legal property ownership registration system. How is unregistered property held in informal form?,0.1746031746031746,through various associations and other arrangements,QA_ANSWER,True
squad_9,syntactic_reordering,How is unregistered property held in informal form? In many poor and developing countries much land and housing is held outside the formal or legal property ownership registration system. Much unregistered property is held in informal form through vari,Much unregistered property is held in informal form through vari In many poor and developing countries much land and housing is held outside the formal or legal property ownership registration system. How is unregistered property held in informal form?,0.1746031746031746,through various associations and other arrangements,QA_ANSWER,True
squad_11,back_translation,"What style were the mass constructed residential blocks designed in? Warsaw's mixture of architectural styles reflects the turbulent history of the city and country. During the Second World War, Warsaw was razed to the ground by bombing raids and planned destruction. A","In what style were the mass-built blocks built? Warsaw's mix of architectural styles reflects the turbulent history of the city and the country. During the Second World War, Warsaw was hurled to the ground by bombing and planned destruction.",0.20446096654275092,typical of Eastern bloc countries,QA_ANSWER,True
squad_11,back_translation,"What style were the mass constructed residential blocks designed in? Warsaw's mixture of architectural styles reflects the turbulent history of the city and country. During the Second World War, Warsaw was razed to the ground by bombing raids and planned destruction. A","In what style were the mass-built blocks built? Warsaw's mix of architectural styles reflects the turbulent history of the city and the country. During the Second World War, Warsaw was hurled to the ground by bombing and planned destruction.",0.20446096654275092,typical of Eastern bloc countries,QA_ANSWER,True
squad_11,syntactic_reordering,"What style were the mass constructed residential blocks designed in? Warsaw's mixture of architectural styles reflects the turbulent history of the city and country. During the Second World War, Warsaw was razed to the ground by bombing raids and planned destruction. A","A During the Second World War, Warsaw was razed to the ground by bombing raids and planned destruction. Warsaw's mixture of architectural styles reflects the turbulent history of the city and country. What style were the mass constructed residential blocks designed in?",0.5799256505576208,typical of Eastern bloc countries,QA_ANSWER,True
squad_11,syntactic_reordering,"What style were the mass constructed residential blocks designed in? Warsaw's mixture of architectural styles reflects the turbulent history of the city and country. During the Second World War, Warsaw was razed to the ground by bombing raids and planned destruction. A","A During the Second World War, Warsaw was razed to the ground by bombing raids and planned destruction. Warsaw's mixture of architectural styles reflects the turbulent history of the city and country. What style were the mass constructed residential blocks designed in?",0.5799256505576208,typical of Eastern bloc countries,QA_ANSWER,True
squad_12,controlled_paraphrase,"What is the land area of Jacksonville? According to the United States Census Bureau, the city has a total area of 874.3 square miles (2,264 km2), making Jacksonville the largest city in land area in the contiguous United States; of this, 8","What is the land area of Jacksonville? According to the United States Census Bureau, the city has a total area of 874.3 square miles (2,264 km2), making it the largest city in land area in the contiguous United States; of this, 84.2 percent is in land area.",0.1517509727626459,874.3 square miles,QA_ANSWER,True
squad_12,controlled_paraphrase,"What is the land area of Jacksonville? According to the United States Census Bureau, the city has a total area of 874.3 square miles (2,264 km2), making Jacksonville the largest city in land area in the contiguous United States; of this, 8","What is the land area of Jacksonville? According to the United States Census Bureau, the city has a total area of 874.3 square miles (2,264 km2), making it the largest city in land area in the contiguous United States; of this, 84.2 percent is in land area.",0.1517509727626459,874.3 square miles,QA_ANSWER,True
squad_12,synonym_substitution,"What is the land area of Jacksonville? According to the United States Census Bureau, the city has a total area of 874.3 square miles (2,264 km2), making Jacksonville the largest city in land area in the contiguous United States; of this, 8","What be the land country of Jacksonville? harmonize to the United States Census Bureau, the city has a total area of 874.3 square miles (2,264 km2), making Jacksonville the largest city in land area in the contiguous United States; of this, 8",0.07024793388429752,874.3 square miles,QA_ANSWER,True
squad_12,synonym_substitution,"What is the land area of Jacksonville? According to the United States Census Bureau, the city has a total area of 874.3 square miles (2,264 km2), making Jacksonville the largest city in land area in the contiguous United States; of this, 8","What be the land country of Jacksonville? harmonize to the United States Census Bureau, the city has a total area of 874.3 square miles (2,264 km2), making Jacksonville the largest city in land area in the contiguous United States; of this, 8",0.07024793388429752,874.3 square miles,QA_ANSWER,True
squad_12,syntactic_reordering,"What is the land area of Jacksonville? According to the United States Census Bureau, the city has a total area of 874.3 square miles (2,264 km2), making Jacksonville the largest city in land area in the contiguous United States; of this, 8","According to the United States Census Bureau, the city has a total area of 874.3 square miles (2,264 km2), making Jacksonville the largest city in land area in the contiguous United States; of this, 8 What is the land area of Jacksonville?",0.3263598326359833,874.3 square miles,QA_ANSWER,True
squad_12,syntactic_reordering,"What is the land area of Jacksonville? According to the United States Census Bureau, the city has a total area of 874.3 square miles (2,264 km2), making Jacksonville the largest city in land area in the contiguous United States; of this, 8","According to the United States Census Bureau, the city has a total area of 874.3 square miles (2,264 km2), making Jacksonville the largest city in land area in the contiguous United States; of this, 8 What is the land area of Jacksonville?",0.3263598326359833,874.3 square miles,QA_ANSWER,True
squad_14,back_translation,"Which theorem can be simplified to the Lasker–Noether theorem? In ring theory, the notion of number is generally replaced with that of ideal. Prime ideals, which generalize prime elements in the sense that the principal ideal generated by a prime element is a pri","Which theorem can be simplified to the Lasker-Noether-theorem? In ring theory, the term number is generally replaced by that of the ideal. Prime ideals that generalize prime elements in the sense that the main ideal created by a prime element is a pri",0.12927756653992395,The fundamental theorem of arithmetic,QA_ANSWER,True
squad_14,back_translation,"Which theorem can be simplified to the Lasker–Noether theorem? In ring theory, the notion of number is generally replaced with that of ideal. Prime ideals, which generalize prime elements in the sense that the principal ideal generated by a prime element is a pri","Which theorem can be simplified to the Lasker-Noether-theorem? In ring theory, the term number is generally replaced by that of the ideal. Prime ideals that generalize prime elements in the sense that the main ideal created by a prime element is a pri",0.12927756653992395,The fundamental theorem of arithmetic,QA_ANSWER,True
squad_14,controlled_paraphrase,"Which theorem can be simplified to the Lasker–Noether theorem? In ring theory, the notion of number is generally replaced with that of ideal. Prime ideals, which generalize prime elements in the sense that the principal ideal generated by a prime element is a pri","Is there a simpler Lasker-Noether theorem than the Lasker-Noether theorem? In ring theory, the notion of ideals is commonly used instead. Prime ideals generalize prime elements by assuming that the principal ideal generated by a prime element is a privariate prime ideal.",0.3948339483394834,The fundamental theorem of arithmetic,QA_ANSWER,True
squad_14,controlled_paraphrase,"Which theorem can be simplified to the Lasker–Noether theorem? In ring theory, the notion of number is generally replaced with that of ideal. Prime ideals, which generalize prime elements in the sense that the principal ideal generated by a prime element is a pri","Is there a simpler Lasker-Noether theorem than the Lasker-Noether theorem? In ring theory, the notion of ideals is commonly used instead. Prime ideals generalize prime elements by assuming that the principal ideal generated by a prime element is a privariate prime ideal.",0.3948339483394834,The fundamental theorem of arithmetic,QA_ANSWER,True
squad_15,back_translation,What did the Apple system assign automatically  AppleTalk was a proprietary suite of networking protocols developed by Apple Inc. in 1985 for Apple Macintosh computers. It was the primary protocol used by Apple devices through the 1980s and 90s. Ap,What has the Apple system automatically assigned to AppleTalk was a proprietary suite of network protocols developed by Apple Inc. in 1985 for Apple Macintosh computers. It was the primary protocol used by Apple devices over the 1980s and 1990s. Ap,0.12903225806451613,"automatically assigned addresses, updated the distributed namespace, and configured any required inter-network routing",QA_ANSWER,True
squad_15,back_translation,What did the Apple system assign automatically  AppleTalk was a proprietary suite of networking protocols developed by Apple Inc. in 1985 for Apple Macintosh computers. It was the primary protocol used by Apple devices through the 1980s and 90s. Ap,What has the Apple system automatically assigned to AppleTalk was a proprietary suite of network protocols developed by Apple Inc. in 1985 for Apple Macintosh computers. It was the primary protocol used by Apple devices over the 1980s and 1990s. Ap,0.12903225806451613,"automatically assigned addresses, updated the distributed namespace, and configured any required inter-network routing",QA_ANSWER,True
squad_15,controlled_paraphrase,What did the Apple system assign automatically  AppleTalk was a proprietary suite of networking protocols developed by Apple Inc. in 1985 for Apple Macintosh computers. It was the primary protocol used by Apple devices through the 1980s and 90s. Ap,"AppleTalk, a suite of networking protocols developed by Apple Inc. in 1985 for Apple Macintosh computers, was the primary protocol used by Apple devices throughout the 1980s and 90s. It was automatically assigned to this protocol by the Apple system.",0.544,"automatically assigned addresses, updated the distributed namespace, and configured any required inter-network routing",QA_ANSWER,True
squad_15,controlled_paraphrase,What did the Apple system assign automatically  AppleTalk was a proprietary suite of networking protocols developed by Apple Inc. in 1985 for Apple Macintosh computers. It was the primary protocol used by Apple devices through the 1980s and 90s. Ap,"AppleTalk, a suite of networking protocols developed by Apple Inc. in 1985 for Apple Macintosh computers, was the primary protocol used by Apple devices throughout the 1980s and 90s. It was automatically assigned to this protocol by the Apple system.",0.544,"automatically assigned addresses, updated the distributed namespace, and configured any required inter-network routing",QA_ANSWER,True
squad_16,syntactic_reordering,What happened with the ground water level with the Rhine straightening program? The Upper Rhine region was changed significantly by a Rhine straightening program in the 19th Century. The rate of flow was increased and the ground water level fell significantly. Dead branches dried,Dead branches dried The rate of flow was increased and the ground water level fell significantly. The Upper Rhine region was changed significantly by a Rhine straightening program in the 19th Century. What happened with the ground water level with the Rhine straightening program?,0.4642857142857143,fell significantly,QA_ANSWER,True
squad_16,syntactic_reordering,What happened with the ground water level with the Rhine straightening program? The Upper Rhine region was changed significantly by a Rhine straightening program in the 19th Century. The rate of flow was increased and the ground water level fell significantly. Dead branches dried,Dead branches dried The rate of flow was increased and the ground water level fell significantly. The Upper Rhine region was changed significantly by a Rhine straightening program in the 19th Century. What happened with the ground water level with the Rhine straightening program?,0.4642857142857143,fell significantly,QA_ANSWER,True
squad_17,back_translation,"Dendritic cells present antigens to what cells of the adaptive nervous system? Dendritic cells (DC) are phagocytes in tissues that are in contact with the external environment; therefore, they are located mainly in the skin, nose, lungs, stomach, and intestines. They are named f","Dendritic cells represent antigens for which cells of the adaptive nervous system? Dendritic cells (DCs) are phagocytes in tissues that are in contact with the outer environment; therefore, they are mainly in the skin, nose, lungs, stomach and intestines.",0.13978494623655913,T cells,QA_ANSWER,True
squad_17,back_translation,"Dendritic cells present antigens to what cells of the adaptive nervous system? Dendritic cells (DC) are phagocytes in tissues that are in contact with the external environment; therefore, they are located mainly in the skin, nose, lungs, stomach, and intestines. They are named f","Dendritic cells represent antigens for which cells of the adaptive nervous system? Dendritic cells (DCs) are phagocytes in tissues that are in contact with the outer environment; therefore, they are mainly in the skin, nose, lungs, stomach and intestines.",0.13978494623655913,T cells,QA_ANSWER,True
squad_17,controlled_paraphrase,"Dendritic cells present antigens to what cells of the adaptive nervous system? Dendritic cells (DC) are phagocytes in tissues that are in contact with the external environment; therefore, they are located mainly in the skin, nose, lungs, stomach, and intestines. They are named f","Which dendritic cells that present antigens to the adaptive nervous system are primarily phagocytes located in tissues that come into contact with the external environment, such as the skin, nose, lungs, stomach, and intestines. They are known as DCs.",0.3727598566308244,T cells,QA_ANSWER,True
squad_17,controlled_paraphrase,"Dendritic cells present antigens to what cells of the adaptive nervous system? Dendritic cells (DC) are phagocytes in tissues that are in contact with the external environment; therefore, they are located mainly in the skin, nose, lungs, stomach, and intestines. They are named f","Which dendritic cells that present antigens to the adaptive nervous system are primarily phagocytes located in tissues that come into contact with the external environment, such as the skin, nose, lungs, stomach, and intestines. They are known as DCs.",0.3727598566308244,T cells,QA_ANSWER,True
squad_17,syntactic_reordering,"Dendritic cells present antigens to what cells of the adaptive nervous system? Dendritic cells (DC) are phagocytes in tissues that are in contact with the external environment; therefore, they are located mainly in the skin, nose, lungs, stomach, and intestines. They are named f","They are named f Dendritic cells (DC) are phagocytes in tissues that are in contact with the external environment; therefore, they are located mainly in the skin, nose, lungs, stomach, and intestines. Dendritic cells present antigens to what cells of the adaptive nervous system?",0.4874551971326165,T cells,QA_ANSWER,True
squad_17,syntactic_reordering,"Dendritic cells present antigens to what cells of the adaptive nervous system? Dendritic cells (DC) are phagocytes in tissues that are in contact with the external environment; therefore, they are located mainly in the skin, nose, lungs, stomach, and intestines. They are named f","They are named f Dendritic cells (DC) are phagocytes in tissues that are in contact with the external environment; therefore, they are located mainly in the skin, nose, lungs, stomach, and intestines. Dendritic cells present antigens to what cells of the adaptive nervous system?",0.4874551971326165,T cells,QA_ANSWER,True
squad_18,back_translation,How much of the Rhine flow does Ijssel carry? The other third of the water flows through the Pannerdens Kanaal and redistributes in the IJssel and Nederrijn. The IJssel branch carries one ninth of the water flow of the Rhine north into the IJssel,How much of the river Ijssel flows from the Rhine? The other third of the water flows through the Pannerdens Kanaal and is distributed in IJssel and Nederrijn. The IJssel branch leads a ninth of the rivers of the Rhine to the north into the IJssel,0.23481781376518218,one ninth,QA_ANSWER,True
squad_18,back_translation,How much of the Rhine flow does Ijssel carry? The other third of the water flows through the Pannerdens Kanaal and redistributes in the IJssel and Nederrijn. The IJssel branch carries one ninth of the water flow of the Rhine north into the IJssel,How much of the river Ijssel flows from the Rhine? The other third of the water flows through the Pannerdens Kanaal and is distributed in IJssel and Nederrijn. The IJssel branch leads a ninth of the rivers of the Rhine to the north into the IJssel,0.23481781376518218,one ninth,QA_ANSWER,True
squad_18,controlled_paraphrase,How much of the Rhine flow does Ijssel carry? The other third of the water flows through the Pannerdens Kanaal and redistributes in the IJssel and Nederrijn. The IJssel branch carries one ninth of the water flow of the Rhine north into the IJssel,What is the amount of water carried by the Ijssel branch of the Rhine? The remaining third of the water flows through the Pannerdens Kanaal and redistributes in the IJssel and Nederrijn. The IJssel branch carries one ninth of the water flow of the Rhine north into the IJssel.,0.213768115942029,one ninth,QA_ANSWER,True
squad_18,controlled_paraphrase,How much of the Rhine flow does Ijssel carry? The other third of the water flows through the Pannerdens Kanaal and redistributes in the IJssel and Nederrijn. The IJssel branch carries one ninth of the water flow of the Rhine north into the IJssel,What is the amount of water carried by the Ijssel branch of the Rhine? The remaining third of the water flows through the Pannerdens Kanaal and redistributes in the IJssel and Nederrijn. The IJssel branch carries one ninth of the water flow of the Rhine north into the IJssel.,0.213768115942029,one ninth,QA_ANSWER,True
squad_18,synonym_substitution,How much of the Rhine flow does Ijssel carry? The other third of the water flows through the Pannerdens Kanaal and redistributes in the IJssel and Nederrijn. The IJssel branch carries one ninth of the water flow of the Rhine north into the IJssel,How much of the J. B. Rhine flowing Department of Energy Ijssel carry? The other third of the water flows through the Pannerdens Kanaal and redistributes in the IJssel and Nederrijn. The IJssel branch carries one ninth of the water flow of the Rhine north into the IJssel,0.0996309963099631,one ninth,QA_ANSWER,True
squad_18,synonym_substitution,How much of the Rhine flow does Ijssel carry? The other third of the water flows through the Pannerdens Kanaal and redistributes in the IJssel and Nederrijn. The IJssel branch carries one ninth of the water flow of the Rhine north into the IJssel,How much of the J. B. Rhine flowing Department of Energy Ijssel carry? The other third of the water flows through the Pannerdens Kanaal and redistributes in the IJssel and Nederrijn. The IJssel branch carries one ninth of the water flow of the Rhine north into the IJssel,0.0996309963099631,one ninth,QA_ANSWER,True
squad_18,syntactic_reordering,How much of the Rhine flow does Ijssel carry? The other third of the water flows through the Pannerdens Kanaal and redistributes in the IJssel and Nederrijn. The IJssel branch carries one ninth of the water flow of the Rhine north into the IJssel,The IJssel branch carries one ninth of the water flow of the Rhine north into the IJssel The other third of the water flows through the Pannerdens Kanaal and redistributes in the IJssel and Nederrijn. How much of the Rhine flow does Ijssel carry?,0.5528455284552846,one ninth,QA_ANSWER,True
squad_18,syntactic_reordering,How much of the Rhine flow does Ijssel carry? The other third of the water flows through the Pannerdens Kanaal and redistributes in the IJssel and Nederrijn. The IJssel branch carries one ninth of the water flow of the Rhine north into the IJssel,The IJssel branch carries one ninth of the water flow of the Rhine north into the IJssel The other third of the water flows through the Pannerdens Kanaal and redistributes in the IJssel and Nederrijn. How much of the Rhine flow does Ijssel carry?,0.5528455284552846,one ninth,QA_ANSWER,True
squad_19,back_translation,"How long ago did oxygen reach 10% of its present level? Free oxygen gas was almost nonexistent in Earth's atmosphere before photosynthetic archaea and bacteria evolved, probably about 3.5 billion years ago. Free oxygen first appeared in significant quantit","How long has oxygen reached 10% of its current level? Free oxygen gas was almost non-existent in the Earth's atmosphere before photosynthetic archaea and bacteria developed, probably about 3.5 billion years ago. Free oxygen first appeared in significant quantite",0.08778625954198473,1.7 billion years ago,QA_ANSWER,True
squad_19,back_translation,"How long ago did oxygen reach 10% of its present level? Free oxygen gas was almost nonexistent in Earth's atmosphere before photosynthetic archaea and bacteria evolved, probably about 3.5 billion years ago. Free oxygen first appeared in significant quantit","How long has oxygen reached 10% of its current level? Free oxygen gas was almost non-existent in the Earth's atmosphere before photosynthetic archaea and bacteria developed, probably about 3.5 billion years ago. Free oxygen first appeared in significant quantite",0.08778625954198473,1.7 billion years ago,QA_ANSWER,True
squad_19,controlled_paraphrase,"How long ago did oxygen reach 10% of its present level? Free oxygen gas was almost nonexistent in Earth's atmosphere before photosynthetic archaea and bacteria evolved, probably about 3.5 billion years ago. Free oxygen first appeared in significant quantit",At what time did oxygen equal 10% of its current level? It's believed that free oxygen gas was scarce in Earth's atmosphere before the emergence of photosynthetic archaea and bacteria. This occurred approximately 3.5 billion years ago when free oxygen first appeared in significant quantities.,0.3651877133105802,1.7 billion years ago,QA_ANSWER,True
squad_19,controlled_paraphrase,"How long ago did oxygen reach 10% of its present level? Free oxygen gas was almost nonexistent in Earth's atmosphere before photosynthetic archaea and bacteria evolved, probably about 3.5 billion years ago. Free oxygen first appeared in significant quantit",At what time did oxygen equal 10% of its current level? It's believed that free oxygen gas was scarce in Earth's atmosphere before the emergence of photosynthetic archaea and bacteria. This occurred approximately 3.5 billion years ago when free oxygen first appeared in significant quantities.,0.3651877133105802,1.7 billion years ago,QA_ANSWER,True
squad_19,syntactic_reordering,"How long ago did oxygen reach 10% of its present level? Free oxygen gas was almost nonexistent in Earth's atmosphere before photosynthetic archaea and bacteria evolved, probably about 3.5 billion years ago. Free oxygen first appeared in significant quantit","Free oxygen first appeared in significant quantit Free oxygen gas was almost nonexistent in Earth's atmosphere before photosynthetic archaea and bacteria evolved, probably about 3.5 billion years ago. How long ago did oxygen reach 10% of its present level?",0.3515625,1.7 billion years ago,QA_ANSWER,True
squad_19,syntactic_reordering,"How long ago did oxygen reach 10% of its present level? Free oxygen gas was almost nonexistent in Earth's atmosphere before photosynthetic archaea and bacteria evolved, probably about 3.5 billion years ago. Free oxygen first appeared in significant quantit","Free oxygen first appeared in significant quantit Free oxygen gas was almost nonexistent in Earth's atmosphere before photosynthetic archaea and bacteria evolved, probably about 3.5 billion years ago. How long ago did oxygen reach 10% of its present level?",0.3515625,1.7 billion years ago,QA_ANSWER,True
squad_20,back_translation,"What consequence of establishing the Scottish Parliament applies to Scottish MPs sitting in the UK House of Commons? A procedural consequence of the establishment of the Scottish Parliament is that Scottish MPs sitting in the UK House of Commons are able to vote on domestic legislation that applies only to England, ",What is the consequence of the establishment of the Scottish Parliament for Scottish Members sitting in the British House of Commons? A procedural consequence of the establishment of the Scottish Parliament is that Scottish Members sitting in the British House of Commons can vote on national legislation that applies only to England.,0.2125748502994012,"able to vote on domestic legislation that applies only to England, Wales and Northern Ireland",QA_ANSWER,True
squad_20,back_translation,"What consequence of establishing the Scottish Parliament applies to Scottish MPs sitting in the UK House of Commons? A procedural consequence of the establishment of the Scottish Parliament is that Scottish MPs sitting in the UK House of Commons are able to vote on domestic legislation that applies only to England, ",What is the consequence of the establishment of the Scottish Parliament for Scottish Members sitting in the British House of Commons? A procedural consequence of the establishment of the Scottish Parliament is that Scottish Members sitting in the British House of Commons can vote on national legislation that applies only to England.,0.2125748502994012,"able to vote on domestic legislation that applies only to England, Wales and Northern Ireland",QA_ANSWER,True
squad_20,controlled_paraphrase,"What consequence of establishing the Scottish Parliament applies to Scottish MPs sitting in the UK House of Commons? A procedural consequence of the establishment of the Scottish Parliament is that Scottish MPs sitting in the UK House of Commons are able to vote on domestic legislation that applies only to England, ",The establishment of the Scottish Parliament has resulted in Scottish MPs in the UK House of Commons being able to vote on domestic legislation that only applies to England.,0.5520504731861199,"able to vote on domestic legislation that applies only to England, Wales and Northern Ireland",QA_ANSWER,True
squad_20,controlled_paraphrase,"What consequence of establishing the Scottish Parliament applies to Scottish MPs sitting in the UK House of Commons? A procedural consequence of the establishment of the Scottish Parliament is that Scottish MPs sitting in the UK House of Commons are able to vote on domestic legislation that applies only to England, ",The establishment of the Scottish Parliament has resulted in Scottish MPs in the UK House of Commons being able to vote on domestic legislation that only applies to England.,0.5520504731861199,"able to vote on domestic legislation that applies only to England, Wales and Northern Ireland",QA_ANSWER,True
squad_20,syntactic_reordering,"What consequence of establishing the Scottish Parliament applies to Scottish MPs sitting in the UK House of Commons? A procedural consequence of the establishment of the Scottish Parliament is that Scottish MPs sitting in the UK House of Commons are able to vote on domestic legislation that applies only to England, ","A procedural consequence of the establishment of the Scottish Parliament is that Scottish MPs sitting in the UK House of Commons are able to vote on domestic legislation that applies only to England, What consequence of establishing the Scottish Parliament applies to Scottish MPs sitting in the UK House of Commons?",0.5583596214511041,"able to vote on domestic legislation that applies only to England, Wales and Northern Ireland",QA_ANSWER,True
squad_20,syntactic_reordering,"What consequence of establishing the Scottish Parliament applies to Scottish MPs sitting in the UK House of Commons? A procedural consequence of the establishment of the Scottish Parliament is that Scottish MPs sitting in the UK House of Commons are able to vote on domestic legislation that applies only to England, ","A procedural consequence of the establishment of the Scottish Parliament is that Scottish MPs sitting in the UK House of Commons are able to vote on domestic legislation that applies only to England, What consequence of establishing the Scottish Parliament applies to Scottish MPs sitting in the UK House of Commons?",0.5583596214511041,"able to vote on domestic legislation that applies only to England, Wales and Northern Ireland",QA_ANSWER,True
squad_22,back_translation,"What is the world's busiest general aviation airport? Southern California is home to Los Angeles International Airport, the second-busiest airport in the United States by passenger volume (see World's busiest airports by passenger traffic) and the third ","What is the world's busiest airport for general aviation? Southern California is home to Los Angeles International Airport, the second largest airport in the United States by passenger volume (see World's busiest airports by passenger traffic) and the third largest airport in the world.",0.18815331010452963,Van Nuys Airport,QA_ANSWER,True
squad_22,back_translation,"What is the world's busiest general aviation airport? Southern California is home to Los Angeles International Airport, the second-busiest airport in the United States by passenger volume (see World's busiest airports by passenger traffic) and the third ","What is the world's busiest airport for general aviation? Southern California is home to Los Angeles International Airport, the second largest airport in the United States by passenger volume (see World's busiest airports by passenger traffic) and the third largest airport in the world.",0.18815331010452963,Van Nuys Airport,QA_ANSWER,True
squad_22,controlled_paraphrase,"What is the world's busiest general aviation airport? Southern California is home to Los Angeles International Airport, the second-busiest airport in the United States by passenger volume (see World's busiest airports by passenger traffic) and the third ","Which general aviation airport ranks as the busiest in the world? Los Angeles International Airport, located in Southern California, is the second-busiest airport in the United States by passenger volume (see World's busiest airports by passenger traffic) and the third-busiest airport in the world by passenger traffic.",0.425,Van Nuys Airport,QA_ANSWER,True
squad_22,controlled_paraphrase,"What is the world's busiest general aviation airport? Southern California is home to Los Angeles International Airport, the second-busiest airport in the United States by passenger volume (see World's busiest airports by passenger traffic) and the third ","Which general aviation airport ranks as the busiest in the world? Los Angeles International Airport, located in Southern California, is the second-busiest airport in the United States by passenger volume (see World's busiest airports by passenger traffic) and the third-busiest airport in the world by passenger traffic.",0.425,Van Nuys Airport,QA_ANSWER,True
squad_22,syntactic_reordering,"What is the world's busiest general aviation airport? Southern California is home to Los Angeles International Airport, the second-busiest airport in the United States by passenger volume (see World's busiest airports by passenger traffic) and the third ","Southern California is home to Los Angeles International Airport, the second-busiest airport in the United States by passenger volume (see World's busiest airports by passenger traffic) and the third What is the world's busiest general aviation airport?",0.421259842519685,Van Nuys Airport,QA_ANSWER,True
squad_22,syntactic_reordering,"What is the world's busiest general aviation airport? Southern California is home to Los Angeles International Airport, the second-busiest airport in the United States by passenger volume (see World's busiest airports by passenger traffic) and the third ","Southern California is home to Los Angeles International Airport, the second-busiest airport in the United States by passenger volume (see World's busiest airports by passenger traffic) and the third What is the world's busiest general aviation airport?",0.421259842519685,Van Nuys Airport,QA_ANSWER,True
squad_23,back_translation,"When did Barton and Whitfield demand climate research records? On 23 June 2005, Rep. Joe Barton, chairman of the House Committee on Energy and Commerce wrote joint letters with Ed Whitfield, Chairman of the Subcommittee on Oversight and Investigations demanding f","When did Barton and Whitfield demand climate research data? On 23 June 2005, Rep. Joe Barton, Chairman of the House Committee on Energy and Commerce, wrote joint letters with Ed Whitfield, Chairman of the Subcommittee on Oversight and Investigations",0.07984790874524715,23 June 2005,QA_ANSWER,True
squad_23,back_translation,"When did Barton and Whitfield demand climate research records? On 23 June 2005, Rep. Joe Barton, chairman of the House Committee on Energy and Commerce wrote joint letters with Ed Whitfield, Chairman of the Subcommittee on Oversight and Investigations demanding f","When did Barton and Whitfield demand climate research data? On 23 June 2005, Rep. Joe Barton, Chairman of the House Committee on Energy and Commerce, wrote joint letters with Ed Whitfield, Chairman of the Subcommittee on Oversight and Investigations",0.07984790874524715,23 June 2005,QA_ANSWER,True
squad_23,controlled_paraphrase,"When did Barton and Whitfield demand climate research records? On 23 June 2005, Rep. Joe Barton, chairman of the House Committee on Energy and Commerce wrote joint letters with Ed Whitfield, Chairman of the Subcommittee on Oversight and Investigations demanding f","When did Barton and Whitfield ask for climate research records? Rep. Joe Barton and Ed Whitfield wrote joint letters on 23 June 2005, demanding fracking.",0.5513307984790875,23 June 2005,QA_ANSWER,True
squad_23,controlled_paraphrase,"When did Barton and Whitfield demand climate research records? On 23 June 2005, Rep. Joe Barton, chairman of the House Committee on Energy and Commerce wrote joint letters with Ed Whitfield, Chairman of the Subcommittee on Oversight and Investigations demanding f","When did Barton and Whitfield ask for climate research records? Rep. Joe Barton and Ed Whitfield wrote joint letters on 23 June 2005, demanding fracking.",0.5513307984790875,23 June 2005,QA_ANSWER,True
squad_23,syntactic_reordering,"When did Barton and Whitfield demand climate research records? On 23 June 2005, Rep. Joe Barton, chairman of the House Committee on Energy and Commerce wrote joint letters with Ed Whitfield, Chairman of the Subcommittee on Oversight and Investigations demanding f","On 23 June 2005, Rep. Joe Barton, chairman of the House Committee on Energy and Commerce wrote joint letters with Ed Whitfield, Chairman of the Subcommittee on Oversight and Investigations demanding f When did Barton and Whitfield demand climate research records?",0.4790874524714829,23 June 2005,QA_ANSWER,True
squad_23,syntactic_reordering,"When did Barton and Whitfield demand climate research records? On 23 June 2005, Rep. Joe Barton, chairman of the House Committee on Energy and Commerce wrote joint letters with Ed Whitfield, Chairman of the Subcommittee on Oversight and Investigations demanding f","On 23 June 2005, Rep. Joe Barton, chairman of the House Committee on Energy and Commerce wrote joint letters with Ed Whitfield, Chairman of the Subcommittee on Oversight and Investigations demanding f When did Barton and Whitfield demand climate research records?",0.4790874524714829,23 June 2005,QA_ANSWER,True
squad_24,back_translation,"AC and NC are complexity classes typically associated with what type of circuit? Other important complexity classes include BPP, ZPP and RP, which are defined using probabilistic Turing machines; AC and NC, which are defined using Boolean circuits; and BQP and QMA, which are defin","AC and NC are complexity classes typically associated with what type of circuit? Other important complexity classes are BPP, ZPP and RP, which are defined by probabilistic Turing machines; AC and NC, which are defined by Boolean circuits; and BQP and QMA, which are defined by",0.07473309608540925,Boolean,QA_ANSWER,True
squad_24,back_translation,"AC and NC are complexity classes typically associated with what type of circuit? Other important complexity classes include BPP, ZPP and RP, which are defined using probabilistic Turing machines; AC and NC, which are defined using Boolean circuits; and BQP and QMA, which are defin","AC and NC are complexity classes typically associated with what type of circuit? Other important complexity classes are BPP, ZPP and RP, which are defined by probabilistic Turing machines; AC and NC, which are defined by Boolean circuits; and BQP and QMA, which are defined by",0.07473309608540925,Boolean,QA_ANSWER,True
squad_24,controlled_paraphrase,"AC and NC are complexity classes typically associated with what type of circuit? Other important complexity classes include BPP, ZPP and RP, which are defined using probabilistic Turing machines; AC and NC, which are defined using Boolean circuits; and BQP and QMA, which are defin","What is the typical type of circuit that incorporates complexity classes AC and NC? Other complexity classes include BPP, ZPP, and RP, which are defined using probabilistic Turing machines, AC and NC, which are defined using Boolean circuits, and BQP and QMA, which are defined using BQP and QMA.",0.33783783783783783,Boolean,QA_ANSWER,True
squad_24,controlled_paraphrase,"AC and NC are complexity classes typically associated with what type of circuit? Other important complexity classes include BPP, ZPP and RP, which are defined using probabilistic Turing machines; AC and NC, which are defined using Boolean circuits; and BQP and QMA, which are defin","What is the typical type of circuit that incorporates complexity classes AC and NC? Other complexity classes include BPP, ZPP, and RP, which are defined using probabilistic Turing machines, AC and NC, which are defined using Boolean circuits, and BQP and QMA, which are defined using BQP and QMA.",0.33783783783783783,Boolean,QA_ANSWER,True
squad_24,synonym_substitution,"AC and NC are complexity classes typically associated with what type of circuit? Other important complexity classes include BPP, ZPP and RP, which are defined using probabilistic Turing machines; AC and NC, which are defined using Boolean circuits; and BQP and QMA, which are defin","actinium and North Carolina ar complexity classes typically associated with what type of circuit? Other important complexity classes include BPP, ZPP and RP, which are defined using probabilistic Turing machines; AC and NC, which are defined using Boolean circuits; and BQP and QMA, which are defin",0.07046979865771812,Boolean,QA_ANSWER,True
squad_24,synonym_substitution,"AC and NC are complexity classes typically associated with what type of circuit? Other important complexity classes include BPP, ZPP and RP, which are defined using probabilistic Turing machines; AC and NC, which are defined using Boolean circuits; and BQP and QMA, which are defin","actinium and North Carolina ar complexity classes typically associated with what type of circuit? Other important complexity classes include BPP, ZPP and RP, which are defined using probabilistic Turing machines; AC and NC, which are defined using Boolean circuits; and BQP and QMA, which are defin",0.07046979865771812,Boolean,QA_ANSWER,True
squad_24,syntactic_reordering,"AC and NC are complexity classes typically associated with what type of circuit? Other important complexity classes include BPP, ZPP and RP, which are defined using probabilistic Turing machines; AC and NC, which are defined using Boolean circuits; and BQP and QMA, which are defin","Other important complexity classes include BPP, ZPP and RP, which are defined using probabilistic Turing machines; AC and NC, which are defined using Boolean circuits; and BQP and QMA, which are defin AC and NC are complexity classes typically associated with what type of circuit?",0.5765124555160143,Boolean,QA_ANSWER,True
squad_24,syntactic_reordering,"AC and NC are complexity classes typically associated with what type of circuit? Other important complexity classes include BPP, ZPP and RP, which are defined using probabilistic Turing machines; AC and NC, which are defined using Boolean circuits; and BQP and QMA, which are defin","Other important complexity classes include BPP, ZPP and RP, which are defined using probabilistic Turing machines; AC and NC, which are defined using Boolean circuits; and BQP and QMA, which are defin AC and NC are complexity classes typically associated with what type of circuit?",0.5765124555160143,Boolean,QA_ANSWER,True
squad_25,back_translation,"After the operators are warned by the escape of the steam, what may they then do? Lead fusible plugs may be present in the crown of the boiler's firebox. If the water level drops, such that the temperature of the firebox crown increases significantly, the lead melts and the steam e","If the operators are warned by the escape of the steam, then what can they do? Lead fusible plugs can be present in the crown of the boiler fire box. If the water level drops, so that the temperature of the fire box crown increases significantly, the lead melts and the steam e",0.0851063829787234,manually suppress the fire,QA_ANSWER,True
squad_25,back_translation,"After the operators are warned by the escape of the steam, what may they then do? Lead fusible plugs may be present in the crown of the boiler's firebox. If the water level drops, such that the temperature of the firebox crown increases significantly, the lead melts and the steam e","If the operators are warned by the escape of the steam, then what can they do? Lead fusible plugs can be present in the crown of the boiler fire box. If the water level drops, so that the temperature of the fire box crown increases significantly, the lead melts and the steam e",0.0851063829787234,manually suppress the fire,QA_ANSWER,True
squad_25,controlled_paraphrase,"After the operators are warned by the escape of the steam, what may they then do? Lead fusible plugs may be present in the crown of the boiler's firebox. If the water level drops, such that the temperature of the firebox crown increases significantly, the lead melts and the steam e","When the steam escapes, what actions can the operators take? For instance, lead fusible plugs may be present in the crown of the boiler's firebox. If the water level decreases, causing a significant rise in the temperature of the firebox crown, the lead will melt and the steam will evaporate.",0.45051194539249145,manually suppress the fire,QA_ANSWER,True
squad_25,controlled_paraphrase,"After the operators are warned by the escape of the steam, what may they then do? Lead fusible plugs may be present in the crown of the boiler's firebox. If the water level drops, such that the temperature of the firebox crown increases significantly, the lead melts and the steam e","When the steam escapes, what actions can the operators take? For instance, lead fusible plugs may be present in the crown of the boiler's firebox. If the water level decreases, causing a significant rise in the temperature of the firebox crown, the lead will melt and the steam will evaporate.",0.45051194539249145,manually suppress the fire,QA_ANSWER,True
squad_27,back_translation,"How did Natives in Logstown take Celeron's information? When Céloron's expedition arrived at Logstown, the Native Americans in the area informed Céloron that they owned the Ohio Country and that they would trade with the British regardless of the French. C","How did Natives in Logstown take Celeron's information? When Céloron's expedition arrived in Logstown, Native Americans in the Céloron area informed them that they owned Ohio land and that they would trade with the British independently of the French. C",0.1640625,informed Céloron that they owned the Ohio Country and that they would trade with the British regardless of the French,QA_ANSWER,True
squad_27,back_translation,"How did Natives in Logstown take Celeron's information? When Céloron's expedition arrived at Logstown, the Native Americans in the area informed Céloron that they owned the Ohio Country and that they would trade with the British regardless of the French. C","How did Natives in Logstown take Celeron's information? When Céloron's expedition arrived in Logstown, Native Americans in the Céloron area informed them that they owned Ohio land and that they would trade with the British independently of the French. C",0.1640625,informed Céloron that they owned the Ohio Country and that they would trade with the British regardless of the French,QA_ANSWER,True
squad_27,controlled_paraphrase,"How did Natives in Logstown take Celeron's information? When Céloron's expedition arrived at Logstown, the Native Americans in the area informed Céloron that they owned the Ohio Country and that they would trade with the British regardless of the French. C","What was the approach of the Natives in Logstown towards Celeron's message? Upon reaching Logstown, the Native Americans in the vicinity informed Céloron that they possessed the Ohio Country and would trade with the British regardless of the French.",0.36328125,informed Céloron that they owned the Ohio Country and that they would trade with the British regardless of the French,QA_ANSWER,True
squad_27,controlled_paraphrase,"How did Natives in Logstown take Celeron's information? When Céloron's expedition arrived at Logstown, the Native Americans in the area informed Céloron that they owned the Ohio Country and that they would trade with the British regardless of the French. C","What was the approach of the Natives in Logstown towards Celeron's message? Upon reaching Logstown, the Native Americans in the vicinity informed Céloron that they possessed the Ohio Country and would trade with the British regardless of the French.",0.36328125,informed Céloron that they owned the Ohio Country and that they would trade with the British regardless of the French,QA_ANSWER,True
squad_27,syntactic_reordering,"How did Natives in Logstown take Celeron's information? When Céloron's expedition arrived at Logstown, the Native Americans in the area informed Céloron that they owned the Ohio Country and that they would trade with the British regardless of the French. C","C When Céloron's expedition arrived at Logstown, the Native Americans in the area informed Céloron that they owned the Ohio Country and that they would trade with the British regardless of the French. How did Natives in Logstown take Celeron's information?",0.421875,informed Céloron that they owned the Ohio Country and that they would trade with the British regardless of the French,QA_ANSWER,True
squad_27,syntactic_reordering,"How did Natives in Logstown take Celeron's information? When Céloron's expedition arrived at Logstown, the Native Americans in the area informed Céloron that they owned the Ohio Country and that they would trade with the British regardless of the French. C","C When Céloron's expedition arrived at Logstown, the Native Americans in the area informed Céloron that they owned the Ohio Country and that they would trade with the British regardless of the French. How did Natives in Logstown take Celeron's information?",0.421875,informed Céloron that they owned the Ohio Country and that they would trade with the British regardless of the French,QA_ANSWER,True
squad_28,back_translation,"What was the name of the approved measure that helped cover the cost of major city projects? When a consolidation referendum was held in 1967, voters approved the plan. On October 1, 1968, the governments merged to create the Consolidated City of Jacksonville. Fire, police, health & welfare, ","What was the name of the approved measure that helped cover the costs of major city projects? When a consolidation referendum was held in 1967, the voters agreed to the plan. On October 1, 1968, the governments merged to create the consolidated city of Jacksonville. Fire, police, health and welfare,",0.06,Better Jacksonville Plan,QA_ANSWER,True
squad_28,back_translation,"What was the name of the approved measure that helped cover the cost of major city projects? When a consolidation referendum was held in 1967, voters approved the plan. On October 1, 1968, the governments merged to create the Consolidated City of Jacksonville. Fire, police, health & welfare, ","What was the name of the approved measure that helped cover the costs of major city projects? When a consolidation referendum was held in 1967, the voters agreed to the plan. On October 1, 1968, the governments merged to create the consolidated city of Jacksonville. Fire, police, health and welfare,",0.06,Better Jacksonville Plan,QA_ANSWER,True
squad_28,controlled_paraphrase,"What was the name of the approved measure that helped cover the cost of major city projects? When a consolidation referendum was held in 1967, voters approved the plan. On October 1, 1968, the governments merged to create the Consolidated City of Jacksonville. Fire, police, health & welfare, ","What was the measure approved by voters in 1967 that helped pay for major city projects? The plan was approved by a consolidation referendum and on October 1, 1968, the governments merged to form the Consolidated City of Jacksonville.",0.46075085324232085,Better Jacksonville Plan,QA_ANSWER,True
squad_28,controlled_paraphrase,"What was the name of the approved measure that helped cover the cost of major city projects? When a consolidation referendum was held in 1967, voters approved the plan. On October 1, 1968, the governments merged to create the Consolidated City of Jacksonville. Fire, police, health & welfare, ","What was the measure approved by voters in 1967 that helped pay for major city projects? The plan was approved by a consolidation referendum and on October 1, 1968, the governments merged to form the Consolidated City of Jacksonville.",0.46075085324232085,Better Jacksonville Plan,QA_ANSWER,True
squad_28,synonym_substitution,"What was the name of the approved measure that helped cover the cost of major city projects? When a consolidation referendum was held in 1967, voters approved the plan. On October 1, 1968, the governments merged to create the Consolidated City of Jacksonville. Fire, police, health & welfare, ","What Washington the name of the approve step that helped cover the cost of major city projects? When a consolidation referendum was held in 1967, voters approved the plan. On October 1, 1968, the governments merged to create the Consolidated City of Jacksonville. Fire, police, health & welfare,",0.05423728813559322,Better Jacksonville Plan,QA_ANSWER,True
squad_28,synonym_substitution,"What was the name of the approved measure that helped cover the cost of major city projects? When a consolidation referendum was held in 1967, voters approved the plan. On October 1, 1968, the governments merged to create the Consolidated City of Jacksonville. Fire, police, health & welfare, ","What Washington the name of the approve step that helped cover the cost of major city projects? When a consolidation referendum was held in 1967, voters approved the plan. On October 1, 1968, the governments merged to create the Consolidated City of Jacksonville. Fire, police, health & welfare,",0.05423728813559322,Better Jacksonville Plan,QA_ANSWER,True
squad_29,back_translation,"What is the position of the satellite that allowed sky to broadcast channels almost elclusively for the United Kingdom? When Sky Digital was launched in 1998 the new service used the Astra 2A satellite which was located at the 28.5°E orbital position, unlike the analogue service which was broadcast from 19.2°E. This wa","What is the position of the satellite that made it possible for the sky to broadcast almost exclusively channels for the United Kingdom? When Sky Digital was launched in 1998, the new service used the Astra 2A satellite, which was located at the 28.5°E orbital position, in contrast to the analogue service, which was broadcast from 19.2°E onwards.",0.1867816091954023,28.5°E,QA_ANSWER,True
squad_29,back_translation,"What is the position of the satellite that allowed sky to broadcast channels almost elclusively for the United Kingdom? When Sky Digital was launched in 1998 the new service used the Astra 2A satellite which was located at the 28.5°E orbital position, unlike the analogue service which was broadcast from 19.2°E. This wa","What is the position of the satellite that made it possible for the sky to broadcast almost exclusively channels for the United Kingdom? When Sky Digital was launched in 1998, the new service used the Astra 2A satellite, which was located at the 28.5°E orbital position, in contrast to the analogue service, which was broadcast from 19.2°E onwards.",0.1867816091954023,28.5°E,QA_ANSWER,True
squad_29,synonym_substitution,"What is the position of the satellite that allowed sky to broadcast channels almost elclusively for the United Kingdom? When Sky Digital was launched in 1998 the new service used the Astra 2A satellite which was located at the 28.5°E orbital position, unlike the analogue service which was broadcast from 19.2°E. This wa","What be the place of the artificial satellite that allowed sky to broadcast channels almost elclusively for the United Kingdom? When Sky Digital was launched in 1998 the new service used the Astra 2A satellite which was located at the 28.5°E orbital position, unlike the analogue service which was broadcast from 19.2°E. This wa",0.06097560975609756,28.5°E,QA_ANSWER,True
squad_29,synonym_substitution,"What is the position of the satellite that allowed sky to broadcast channels almost elclusively for the United Kingdom? When Sky Digital was launched in 1998 the new service used the Astra 2A satellite which was located at the 28.5°E orbital position, unlike the analogue service which was broadcast from 19.2°E. This wa","What be the place of the artificial satellite that allowed sky to broadcast channels almost elclusively for the United Kingdom? When Sky Digital was launched in 1998 the new service used the Astra 2A satellite which was located at the 28.5°E orbital position, unlike the analogue service which was broadcast from 19.2°E. This wa",0.06097560975609756,28.5°E,QA_ANSWER,True
squad_31,back_translation,"What did historians do in the absence of census figures? In England, in the absence of census figures, historians propose a range of preincident population figures from as high as 7 million to as low as 4 million in 1300, and a postincident population figur","What did historians do in the absence of censuses? In England, in the absence of censuses, historians propose a number of pre-indicative population figures of up to 7 million to 4 million in 1300, and a post-indicative population figure",0.2178988326848249,propose a range of preincident population figures from as high as 7 million to as low as 4 million,QA_ANSWER,True
squad_31,back_translation,"What did historians do in the absence of census figures? In England, in the absence of census figures, historians propose a range of preincident population figures from as high as 7 million to as low as 4 million in 1300, and a postincident population figur","What did historians do in the absence of censuses? In England, in the absence of censuses, historians propose a number of pre-indicative population figures of up to 7 million to 4 million in 1300, and a post-indicative population figure",0.2178988326848249,propose a range of preincident population figures from as high as 7 million to as low as 4 million,QA_ANSWER,True
squad_31,controlled_paraphrase,"What did historians do in the absence of census figures? In England, in the absence of census figures, historians propose a range of preincident population figures from as high as 7 million to as low as 4 million in 1300, and a postincident population figur","In the absence of census figures, what actions did historians take in England? In the absence of census figures, they suggested a range of preincident population figures from as high as 7 million to as low as 4 million in 1300, and a postincident population figure.",0.2830188679245283,propose a range of preincident population figures from as high as 7 million to as low as 4 million,QA_ANSWER,True
squad_31,controlled_paraphrase,"What did historians do in the absence of census figures? In England, in the absence of census figures, historians propose a range of preincident population figures from as high as 7 million to as low as 4 million in 1300, and a postincident population figur","In the absence of census figures, what actions did historians take in England? In the absence of census figures, they suggested a range of preincident population figures from as high as 7 million to as low as 4 million in 1300, and a postincident population figure.",0.2830188679245283,propose a range of preincident population figures from as high as 7 million to as low as 4 million,QA_ANSWER,True
squad_31,syntactic_reordering,"What did historians do in the absence of census figures? In England, in the absence of census figures, historians propose a range of preincident population figures from as high as 7 million to as low as 4 million in 1300, and a postincident population figur","In England, in the absence of census figures, historians propose a range of preincident population figures from as high as 7 million to as low as 4 million in 1300, and a postincident population figur What did historians do in the absence of census figures?",0.44357976653696496,propose a range of preincident population figures from as high as 7 million to as low as 4 million,QA_ANSWER,True
squad_31,syntactic_reordering,"What did historians do in the absence of census figures? In England, in the absence of census figures, historians propose a range of preincident population figures from as high as 7 million to as low as 4 million in 1300, and a postincident population figur","In England, in the absence of census figures, historians propose a range of preincident population figures from as high as 7 million to as low as 4 million in 1300, and a postincident population figur What did historians do in the absence of census figures?",0.44357976653696496,propose a range of preincident population figures from as high as 7 million to as low as 4 million,QA_ANSWER,True
squad_32,back_translation,"How many mechanisms does a typical steam engine have to keep boiler pressure from getting too high? Steam engines frequently possess two independent mechanisms for ensuring that the pressure in the boiler does not go too high; one may be adjusted by the user, the second is typically designed as an u","How many mechanisms does a typical steam engine need to keep boiler pressure from getting too high? Steam engines often have two independent mechanisms to ensure that the pressure in the boiler does not go too high; one can be set by the user, the second is usually considered as a",0.15,two,QA_ANSWER,True
squad_32,back_translation,"How many mechanisms does a typical steam engine have to keep boiler pressure from getting too high? Steam engines frequently possess two independent mechanisms for ensuring that the pressure in the boiler does not go too high; one may be adjusted by the user, the second is typically designed as an u","How many mechanisms does a typical steam engine need to keep boiler pressure from getting too high? Steam engines often have two independent mechanisms to ensure that the pressure in the boiler does not go too high; one can be set by the user, the second is usually considered as a",0.15,two,QA_ANSWER,True
squad_32,synonym_substitution,"How many mechanisms does a typical steam engine have to keep boiler pressure from getting too high? Steam engines frequently possess two independent mechanisms for ensuring that the pressure in the boiler does not go too high; one may be adjusted by the user, the second is typically designed as an u","How many mechanism Department of Energy angstrom typical steam engine have to keep boiler pressure from getting too high? Steam engines frequently possess two independent mechanisms for ensuring that the pressure in the boiler does not go too high; one may be adjusted by the user, the second is typically designed as an u",0.08074534161490683,two,QA_ANSWER,True
squad_32,synonym_substitution,"How many mechanisms does a typical steam engine have to keep boiler pressure from getting too high? Steam engines frequently possess two independent mechanisms for ensuring that the pressure in the boiler does not go too high; one may be adjusted by the user, the second is typically designed as an u","How many mechanism Department of Energy angstrom typical steam engine have to keep boiler pressure from getting too high? Steam engines frequently possess two independent mechanisms for ensuring that the pressure in the boiler does not go too high; one may be adjusted by the user, the second is typically designed as an u",0.08074534161490683,two,QA_ANSWER,True
squad_33,controlled_paraphrase,"Why does the Rhine water fall into depths at the Rheinbrech? The flow of cold, gray mountain water continues for some distance into the lake. The cold water flows near the surface and at first doesn't mix with the warmer, green waters of Upper Lake. But then, a","Why does the Rhine water fall into the depths at the Rheinbrech? The cold, gray mountain water continues for some distance into the lake. The cold water flows near the surface and initially doesn't mix with the warmer, green waters of Upper Lake. However, a glacial element enters the lake after a certain period.",0.2523961661341853,greater density of cold water,QA_ANSWER,True
squad_33,controlled_paraphrase,"Why does the Rhine water fall into depths at the Rheinbrech? The flow of cold, gray mountain water continues for some distance into the lake. The cold water flows near the surface and at first doesn't mix with the warmer, green waters of Upper Lake. But then, a","Why does the Rhine water fall into the depths at the Rheinbrech? The cold, gray mountain water continues for some distance into the lake. The cold water flows near the surface and initially doesn't mix with the warmer, green waters of Upper Lake. However, a glacial element enters the lake after a certain period.",0.2523961661341853,greater density of cold water,QA_ANSWER,True
squad_33,synonym_substitution,"Why does the Rhine water fall into depths at the Rheinbrech? The flow of cold, gray mountain water continues for some distance into the lake. The cold water flows near the surface and at first doesn't mix with the warmer, green waters of Upper Lake. But then, a","wherefore Department of Energy the J. B. Rhine water fall into depths at the Rheinbrech? The flow of cold, gray mountain water continues for some distance into the lake. The cold water flows near the surface and at first doesn't mix with the warmer, green waters of Upper Lake. But then, a",0.11072664359861592,greater density of cold water,QA_ANSWER,True
squad_33,synonym_substitution,"Why does the Rhine water fall into depths at the Rheinbrech? The flow of cold, gray mountain water continues for some distance into the lake. The cold water flows near the surface and at first doesn't mix with the warmer, green waters of Upper Lake. But then, a","wherefore Department of Energy the J. B. Rhine water fall into depths at the Rheinbrech? The flow of cold, gray mountain water continues for some distance into the lake. The cold water flows near the surface and at first doesn't mix with the warmer, green waters of Upper Lake. But then, a",0.11072664359861592,greater density of cold water,QA_ANSWER,True
squad_34,back_translation,"After the Peterloo massacre what poet wrote The Massacre of Anarchy? Following the Peterloo massacre of 1819, poet Percy Shelley wrote the political poem The Mask of Anarchy later that year, that begins with the images of what he thought to be the unjust forms of autho","After the Peterloo massacre, what poet wrote The Massacre of Anarchy? After the Peterloo massacre of 1819, poet Percy Shelley wrote the political poem The Mask of Anarchy later this year, with the images of what he used for the unjust forms of Autho",0.13011152416356878,Percy Shelley,QA_ANSWER,True
squad_34,back_translation,"After the Peterloo massacre what poet wrote The Massacre of Anarchy? Following the Peterloo massacre of 1819, poet Percy Shelley wrote the political poem The Mask of Anarchy later that year, that begins with the images of what he thought to be the unjust forms of autho","After the Peterloo massacre, what poet wrote The Massacre of Anarchy? After the Peterloo massacre of 1819, poet Percy Shelley wrote the political poem The Mask of Anarchy later this year, with the images of what he used for the unjust forms of Autho",0.13011152416356878,Percy Shelley,QA_ANSWER,True
squad_34,controlled_paraphrase,"After the Peterloo massacre what poet wrote The Massacre of Anarchy? Following the Peterloo massacre of 1819, poet Percy Shelley wrote the political poem The Mask of Anarchy later that year, that begins with the images of what he thought to be the unjust forms of autho","After the Peterloo massacre, which poet authored The Massacre of Anarchy? Later that year, Percy Shelley wrote The Mask of Anarchy, a political poem that depicted what Shelley believed were unfair forms of violence.",0.4944237918215613,Percy Shelley,QA_ANSWER,True
squad_34,controlled_paraphrase,"After the Peterloo massacre what poet wrote The Massacre of Anarchy? Following the Peterloo massacre of 1819, poet Percy Shelley wrote the political poem The Mask of Anarchy later that year, that begins with the images of what he thought to be the unjust forms of autho","After the Peterloo massacre, which poet authored The Massacre of Anarchy? Later that year, Percy Shelley wrote The Mask of Anarchy, a political poem that depicted what Shelley believed were unfair forms of violence.",0.4944237918215613,Percy Shelley,QA_ANSWER,True
squad_34,synonym_substitution,"After the Peterloo massacre what poet wrote The Massacre of Anarchy? Following the Peterloo massacre of 1819, poet Percy Shelley wrote the political poem The Mask of Anarchy later that year, that begins with the images of what he thought to be the unjust forms of autho","After the Peterloo slaughter what poet write The slaughter of Anarchy? Following the Peterloo massacre of 1819, poet Percy Shelley wrote the political poem The Mask of Anarchy later that year, that begins with the images of what he thought to be the unjust forms of autho",0.06273062730627306,Percy Shelley,QA_ANSWER,True
squad_34,synonym_substitution,"After the Peterloo massacre what poet wrote The Massacre of Anarchy? Following the Peterloo massacre of 1819, poet Percy Shelley wrote the political poem The Mask of Anarchy later that year, that begins with the images of what he thought to be the unjust forms of autho","After the Peterloo slaughter what poet write The slaughter of Anarchy? Following the Peterloo massacre of 1819, poet Percy Shelley wrote the political poem The Mask of Anarchy later that year, that begins with the images of what he thought to be the unjust forms of autho",0.06273062730627306,Percy Shelley,QA_ANSWER,True
squad_34,syntactic_reordering,"After the Peterloo massacre what poet wrote The Massacre of Anarchy? Following the Peterloo massacre of 1819, poet Percy Shelley wrote the political poem The Mask of Anarchy later that year, that begins with the images of what he thought to be the unjust forms of autho","Following the Peterloo massacre of 1819, poet Percy Shelley wrote the political poem The Mask of Anarchy later that year, that begins with the images of what he thought to be the unjust forms of autho After the Peterloo massacre what poet wrote The Massacre of Anarchy?",0.5130111524163569,Percy Shelley,QA_ANSWER,True
squad_34,syntactic_reordering,"After the Peterloo massacre what poet wrote The Massacre of Anarchy? Following the Peterloo massacre of 1819, poet Percy Shelley wrote the political poem The Mask of Anarchy later that year, that begins with the images of what he thought to be the unjust forms of autho","Following the Peterloo massacre of 1819, poet Percy Shelley wrote the political poem The Mask of Anarchy later that year, that begins with the images of what he thought to be the unjust forms of autho After the Peterloo massacre what poet wrote The Massacre of Anarchy?",0.5130111524163569,Percy Shelley,QA_ANSWER,True
squad_37,controlled_paraphrase,"After 1945, what challenged the French empire? In World War II, Charles de Gaulle and the Free French used the overseas colonies as bases from which they fought to liberate France. However after 1945 anti-colonial movements began to challenge the ","What were the challenges that the French empire faced after 1945? During World War II, Charles de Gaulle and the Free French utilized overseas colonies as bases to fight for France's liberation. However, anti-colonial movements emerged after 1945.",0.4251012145748988,anti-colonial movements,QA_ANSWER,True
squad_37,controlled_paraphrase,"After 1945, what challenged the French empire? In World War II, Charles de Gaulle and the Free French used the overseas colonies as bases from which they fought to liberate France. However after 1945 anti-colonial movements began to challenge the ","What were the challenges that the French empire faced after 1945? During World War II, Charles de Gaulle and the Free French utilized overseas colonies as bases to fight for France's liberation. However, anti-colonial movements emerged after 1945.",0.4251012145748988,anti-colonial movements,QA_ANSWER,True
squad_37,syntactic_reordering,"After 1945, what challenged the French empire? In World War II, Charles de Gaulle and the Free French used the overseas colonies as bases from which they fought to liberate France. However after 1945 anti-colonial movements began to challenge the ","However after 1945 anti-colonial movements began to challenge the In World War II, Charles de Gaulle and the Free French used the overseas colonies as bases from which they fought to liberate France. After 1945, what challenged the French empire?",0.3805668016194332,anti-colonial movements,QA_ANSWER,True
squad_37,syntactic_reordering,"After 1945, what challenged the French empire? In World War II, Charles de Gaulle and the Free French used the overseas colonies as bases from which they fought to liberate France. However after 1945 anti-colonial movements began to challenge the ","However after 1945 anti-colonial movements began to challenge the In World War II, Charles de Gaulle and the Free French used the overseas colonies as bases from which they fought to liberate France. After 1945, what challenged the French empire?",0.3805668016194332,anti-colonial movements,QA_ANSWER,True
squad_38,back_translation,"What type of outlook do some of the Muslims in London have? Greater London has over 900,000 Muslims, (most of South Asian origins and concentrated in the East London boroughs of Newham, Tower Hamlets and Waltham Forest), and among them are some with a strong I","What kind of outlook do some of the Muslims have in London? Greater London has over 900,000 Muslims, (most of the South Asian origins and concentrated in the East London Boroughs of Newham, Tower Hamlets and Waltham Forest), and among them are some with a strong I",0.07196969696969698,strong Islamist,QA_ANSWER,True
squad_38,back_translation,"What type of outlook do some of the Muslims in London have? Greater London has over 900,000 Muslims, (most of South Asian origins and concentrated in the East London boroughs of Newham, Tower Hamlets and Waltham Forest), and among them are some with a strong I","What kind of outlook do some of the Muslims have in London? Greater London has over 900,000 Muslims, (most of the South Asian origins and concentrated in the East London Boroughs of Newham, Tower Hamlets and Waltham Forest), and among them are some with a strong I",0.07196969696969698,strong Islamist,QA_ANSWER,True
squad_38,controlled_paraphrase,"What type of outlook do some of the Muslims in London have? Greater London has over 900,000 Muslims, (most of South Asian origins and concentrated in the East London boroughs of Newham, Tower Hamlets and Waltham Forest), and among them are some with a strong I","What is the perception of certain Muslims in London? Greater London has over 900,000 Muslims, most of whom are of South Asian origins and located in the East London boroughs of Newham, Tower Hamlets, and Waltham Forest. A number of them have a strong anti-Muslim bias.",0.3208955223880597,strong Islamist,QA_ANSWER,True
squad_38,controlled_paraphrase,"What type of outlook do some of the Muslims in London have? Greater London has over 900,000 Muslims, (most of South Asian origins and concentrated in the East London boroughs of Newham, Tower Hamlets and Waltham Forest), and among them are some with a strong I","What is the perception of certain Muslims in London? Greater London has over 900,000 Muslims, most of whom are of South Asian origins and located in the East London boroughs of Newham, Tower Hamlets, and Waltham Forest. A number of them have a strong anti-Muslim bias.",0.3208955223880597,strong Islamist,QA_ANSWER,True
squad_38,syntactic_reordering,"What type of outlook do some of the Muslims in London have? Greater London has over 900,000 Muslims, (most of South Asian origins and concentrated in the East London boroughs of Newham, Tower Hamlets and Waltham Forest), and among them are some with a strong I","Greater London has over 900,000 Muslims, (most of South Asian origins and concentrated in the East London boroughs of Newham, Tower Hamlets and Waltham Forest), and among them are some with a strong I What type of outlook do some of the Muslims in London have?",0.46153846153846156,strong Islamist,QA_ANSWER,True
squad_38,syntactic_reordering,"What type of outlook do some of the Muslims in London have? Greater London has over 900,000 Muslims, (most of South Asian origins and concentrated in the East London boroughs of Newham, Tower Hamlets and Waltham Forest), and among them are some with a strong I","Greater London has over 900,000 Muslims, (most of South Asian origins and concentrated in the East London boroughs of Newham, Tower Hamlets and Waltham Forest), and among them are some with a strong I What type of outlook do some of the Muslims in London have?",0.46153846153846156,strong Islamist,QA_ANSWER,True
squad_40,back_translation,"What type of radar was used to classify trees into four categories? To accurately map the Amazon's biomass and subsequent carbon related emissions, the classification of tree growth stages within different parts of the forest is crucial. In 2006 Tatiana Kuplich organi","What kind of radar was used to classify trees in four categories? To map the biomass of the Amazon and subsequent carbon-related emissions accurately, the classification of tree growth levels within different parts of the forest is crucial. 2006 Tatiana Kuplich organi",0.19402985074626866,Synthetic aperture radar (SAR),QA_ANSWER,True
squad_40,back_translation,"What type of radar was used to classify trees into four categories? To accurately map the Amazon's biomass and subsequent carbon related emissions, the classification of tree growth stages within different parts of the forest is crucial. In 2006 Tatiana Kuplich organi","What kind of radar was used to classify trees in four categories? To map the biomass of the Amazon and subsequent carbon-related emissions accurately, the classification of tree growth levels within different parts of the forest is crucial. 2006 Tatiana Kuplich organi",0.19402985074626866,Synthetic aperture radar (SAR),QA_ANSWER,True
squad_40,controlled_paraphrase,"What type of radar was used to classify trees into four categories? To accurately map the Amazon's biomass and subsequent carbon related emissions, the classification of tree growth stages within different parts of the forest is crucial. In 2006 Tatiana Kuplich organi",The classification of trees into four categories using radar is crucial for accurately mapping the Amazon's biomass and carbon emissions. Tatiana Kuplich organized a study in 2006 that emphasized the classification of tree growth stages within different parts of the forest.,0.5875912408759124,Synthetic aperture radar (SAR),QA_ANSWER,True
squad_40,controlled_paraphrase,"What type of radar was used to classify trees into four categories? To accurately map the Amazon's biomass and subsequent carbon related emissions, the classification of tree growth stages within different parts of the forest is crucial. In 2006 Tatiana Kuplich organi",The classification of trees into four categories using radar is crucial for accurately mapping the Amazon's biomass and carbon emissions. Tatiana Kuplich organized a study in 2006 that emphasized the classification of tree growth stages within different parts of the forest.,0.5875912408759124,Synthetic aperture radar (SAR),QA_ANSWER,True
squad_40,synonym_substitution,"What type of radar was used to classify trees into four categories? To accurately map the Amazon's biomass and subsequent carbon related emissions, the classification of tree growth stages within different parts of the forest is crucial. In 2006 Tatiana Kuplich organi","What type of microwave radar Washington use to classify trees into four categories? To accurately map the Amazon's biomass and subsequent carbon related emissions, the classification of tree growth stages within different parts of the forest is crucial. In 2006 Tatiana Kuplich organi",0.06690140845070422,Synthetic aperture radar (SAR),QA_ANSWER,True
squad_40,synonym_substitution,"What type of radar was used to classify trees into four categories? To accurately map the Amazon's biomass and subsequent carbon related emissions, the classification of tree growth stages within different parts of the forest is crucial. In 2006 Tatiana Kuplich organi","What type of microwave radar Washington use to classify trees into four categories? To accurately map the Amazon's biomass and subsequent carbon related emissions, the classification of tree growth stages within different parts of the forest is crucial. In 2006 Tatiana Kuplich organi",0.06690140845070422,Synthetic aperture radar (SAR),QA_ANSWER,True
squad_40,syntactic_reordering,"What type of radar was used to classify trees into four categories? To accurately map the Amazon's biomass and subsequent carbon related emissions, the classification of tree growth stages within different parts of the forest is crucial. In 2006 Tatiana Kuplich organi","In 2006 Tatiana Kuplich organi To accurately map the Amazon's biomass and subsequent carbon related emissions, the classification of tree growth stages within different parts of the forest is crucial. What type of radar was used to classify trees into four categories?",0.40298507462686567,Synthetic aperture radar (SAR),QA_ANSWER,True
squad_40,syntactic_reordering,"What type of radar was used to classify trees into four categories? To accurately map the Amazon's biomass and subsequent carbon related emissions, the classification of tree growth stages within different parts of the forest is crucial. In 2006 Tatiana Kuplich organi","In 2006 Tatiana Kuplich organi To accurately map the Amazon's biomass and subsequent carbon related emissions, the classification of tree growth stages within different parts of the forest is crucial. What type of radar was used to classify trees into four categories?",0.40298507462686567,Synthetic aperture radar (SAR),QA_ANSWER,True
squad_41,back_translation,"At what degree are the pistons of a two-cylinder compound connected to the cranks? With two-cylinder compounds used in railway work, the pistons are connected to the cranks as with a two-cylinder simple at 90° out of phase with each other (quartered). When the double expansion group","To what degree are the pistons of a two-cylinder connection connected to the cranks? In the case of two-cylinder connections used in railway work, the pistons are simply connected (quartered) at 90° from the phase, as in the case of a two-cylinder.",0.44876325088339225,90,QA_ANSWER,True
squad_41,back_translation,"At what degree are the pistons of a two-cylinder compound connected to the cranks? With two-cylinder compounds used in railway work, the pistons are connected to the cranks as with a two-cylinder simple at 90° out of phase with each other (quartered). When the double expansion group","To what degree are the pistons of a two-cylinder connection connected to the cranks? In the case of two-cylinder connections used in railway work, the pistons are simply connected (quartered) at 90° from the phase, as in the case of a two-cylinder.",0.44876325088339225,90,QA_ANSWER,True
squad_41,controlled_paraphrase,"At what degree are the pistons of a two-cylinder compound connected to the cranks? With two-cylinder compounds used in railway work, the pistons are connected to the cranks as with a two-cylinder simple at 90° out of phase with each other (quartered). When the double expansion group","What is the degree of connection between the pistons and cranks of a two-cylinder compound? In the case of railway work, the pistons are connected to the cranks as they would to a two-cylinder compound, but at a 90° angle out of phase (quartered).",0.5229681978798587,90,QA_ANSWER,True
squad_41,controlled_paraphrase,"At what degree are the pistons of a two-cylinder compound connected to the cranks? With two-cylinder compounds used in railway work, the pistons are connected to the cranks as with a two-cylinder simple at 90° out of phase with each other (quartered). When the double expansion group","What is the degree of connection between the pistons and cranks of a two-cylinder compound? In the case of railway work, the pistons are connected to the cranks as they would to a two-cylinder compound, but at a 90° angle out of phase (quartered).",0.5229681978798587,90,QA_ANSWER,True
squad_41,syntactic_reordering,"At what degree are the pistons of a two-cylinder compound connected to the cranks? With two-cylinder compounds used in railway work, the pistons are connected to the cranks as with a two-cylinder simple at 90° out of phase with each other (quartered). When the double expansion group","When the double expansion group With two-cylinder compounds used in railway work, the pistons are connected to the cranks as with a two-cylinder simple at 90° out of phase with each other (quartered). At what degree are the pistons of a two-cylinder compound connected to the cranks?",0.45936395759717313,90,QA_ANSWER,True
squad_41,syntactic_reordering,"At what degree are the pistons of a two-cylinder compound connected to the cranks? With two-cylinder compounds used in railway work, the pistons are connected to the cranks as with a two-cylinder simple at 90° out of phase with each other (quartered). When the double expansion group","When the double expansion group With two-cylinder compounds used in railway work, the pistons are connected to the cranks as with a two-cylinder simple at 90° out of phase with each other (quartered). At what degree are the pistons of a two-cylinder compound connected to the cranks?",0.45936395759717313,90,QA_ANSWER,True
squad_43,back_translation,"What did the Gulf War inadvertently do in the early 1990s? Another factor in the early 1990s that worked to radicalize the Islamist movement was the Gulf War, which brought several hundred thousand US and allied non-Muslim military personnel to Saudi Arabian ","What did the Gulf War do unintentionally in the early 1990s? Another factor in the early 1990s, which advocated the radicalization of the Islamist movement, was the Gulf War, which brought several hundred thousand US and allied non-Muslim military personnel to Saudi Arabia.",0.1386861313868613,worked to radicalize the Islamist movement,QA_ANSWER,True
squad_43,back_translation,"What did the Gulf War inadvertently do in the early 1990s? Another factor in the early 1990s that worked to radicalize the Islamist movement was the Gulf War, which brought several hundred thousand US and allied non-Muslim military personnel to Saudi Arabian ","What did the Gulf War do unintentionally in the early 1990s? Another factor in the early 1990s, which advocated the radicalization of the Islamist movement, was the Gulf War, which brought several hundred thousand US and allied non-Muslim military personnel to Saudi Arabia.",0.1386861313868613,worked to radicalize the Islamist movement,QA_ANSWER,True
squad_43,synonym_substitution,"What did the Gulf War inadvertently do in the early 1990s? Another factor in the early 1990s that worked to radicalize the Islamist movement was the Gulf War, which brought several hundred thousand US and allied non-Muslim military personnel to Saudi Arabian ","What make the Gulf warfare unwittingly do in the early 1990s? Another factor in the early 1990s that worked to radicalize the Islamist movement was the Gulf War, which brought several hundred thousand US and allied non-Muslim military personnel to Saudi Arabian",0.06896551724137931,worked to radicalize the Islamist movement,QA_ANSWER,True
squad_43,synonym_substitution,"What did the Gulf War inadvertently do in the early 1990s? Another factor in the early 1990s that worked to radicalize the Islamist movement was the Gulf War, which brought several hundred thousand US and allied non-Muslim military personnel to Saudi Arabian ","What make the Gulf warfare unwittingly do in the early 1990s? Another factor in the early 1990s that worked to radicalize the Islamist movement was the Gulf War, which brought several hundred thousand US and allied non-Muslim military personnel to Saudi Arabian",0.06896551724137931,worked to radicalize the Islamist movement,QA_ANSWER,True
squad_43,syntactic_reordering,"What did the Gulf War inadvertently do in the early 1990s? Another factor in the early 1990s that worked to radicalize the Islamist movement was the Gulf War, which brought several hundred thousand US and allied non-Muslim military personnel to Saudi Arabian ","Another factor in the early 1990s that worked to radicalize the Islamist movement was the Gulf War, which brought several hundred thousand US and allied non-Muslim military personnel to Saudi Arabian What did the Gulf War inadvertently do in the early 1990s?",0.4517374517374517,worked to radicalize the Islamist movement,QA_ANSWER,True
squad_43,syntactic_reordering,"What did the Gulf War inadvertently do in the early 1990s? Another factor in the early 1990s that worked to radicalize the Islamist movement was the Gulf War, which brought several hundred thousand US and allied non-Muslim military personnel to Saudi Arabian ","Another factor in the early 1990s that worked to radicalize the Islamist movement was the Gulf War, which brought several hundred thousand US and allied non-Muslim military personnel to Saudi Arabian What did the Gulf War inadvertently do in the early 1990s?",0.4517374517374517,worked to radicalize the Islamist movement,QA_ANSWER,True
squad_44,back_translation,"With what European country did the Huguenots feel kinship for emigration to? Stadtholder William III of Orange, who later became King of England, emerged as the strongest opponent of king Louis XIV after the French attacked the Dutch Republic in 1672. William formed the League","With which European country did the Huguenots feel related to emigration? Town governor William III of Orange, who later became king of England, stepped as the strongest opponent of King Louis XIV after the French attack on the Dutch Republic in 1672. William formed the league",0.1263537906137184,Dutch Republic,QA_ANSWER,True
squad_44,back_translation,"With what European country did the Huguenots feel kinship for emigration to? Stadtholder William III of Orange, who later became King of England, emerged as the strongest opponent of king Louis XIV after the French attacked the Dutch Republic in 1672. William formed the League","With which European country did the Huguenots feel related to emigration? Town governor William III of Orange, who later became king of England, stepped as the strongest opponent of King Louis XIV after the French attack on the Dutch Republic in 1672. William formed the league",0.1263537906137184,Dutch Republic,QA_ANSWER,True
squad_44,controlled_paraphrase,"With what European country did the Huguenots feel kinship for emigration to? Stadtholder William III of Orange, who later became King of England, emerged as the strongest opponent of king Louis XIV after the French attacked the Dutch Republic in 1672. William formed the League","Which European nation did the Huguenots feel a strong bond with by leaving? Stadtholder William III of Orange, who later became King of England, emerged as the most formidable opponent of king Louis XIV after the French attacked the Dutch Republic in 1672. William established the League of Nations after his appointment in 1683.",0.3100303951367781,Dutch Republic,QA_ANSWER,True
squad_44,controlled_paraphrase,"With what European country did the Huguenots feel kinship for emigration to? Stadtholder William III of Orange, who later became King of England, emerged as the strongest opponent of king Louis XIV after the French attacked the Dutch Republic in 1672. William formed the League","Which European nation did the Huguenots feel a strong bond with by leaving? Stadtholder William III of Orange, who later became King of England, emerged as the most formidable opponent of king Louis XIV after the French attacked the Dutch Republic in 1672. William established the League of Nations after his appointment in 1683.",0.3100303951367781,Dutch Republic,QA_ANSWER,True
squad_44,syntactic_reordering,"With what European country did the Huguenots feel kinship for emigration to? Stadtholder William III of Orange, who later became King of England, emerged as the strongest opponent of king Louis XIV after the French attacked the Dutch Republic in 1672. William formed the League","William formed the League Stadtholder William III of Orange, who later became King of England, emerged as the strongest opponent of king Louis XIV after the French attacked the Dutch Republic in 1672. With what European country did the Huguenots feel kinship for emigration to?",0.44765342960288806,Dutch Republic,QA_ANSWER,True
squad_44,syntactic_reordering,"With what European country did the Huguenots feel kinship for emigration to? Stadtholder William III of Orange, who later became King of England, emerged as the strongest opponent of king Louis XIV after the French attacked the Dutch Republic in 1672. William formed the League","William formed the League Stadtholder William III of Orange, who later became King of England, emerged as the strongest opponent of king Louis XIV after the French attacked the Dutch Republic in 1672. With what European country did the Huguenots feel kinship for emigration to?",0.44765342960288806,Dutch Republic,QA_ANSWER,True
squad_46,back_translation,What is the process by which the antigen/antibody complex is processed in to peptides? A B cell identifies pathogens when antibodies on its surface bind to a specific foreign antigen. This antigen/antibody complex is taken up by the B cell and processed by proteolysis into peptides. The,How is the antigen/antibody complex processed into peptides? A B cell identifies pathogens when antibodies bind to a specific foreign antigen on its surface. This antigen/antibody complex is absorbed by the B cell and processed into peptides by proteolysis.,0.32752613240418116,proteolysis,QA_ANSWER,True
squad_46,back_translation,What is the process by which the antigen/antibody complex is processed in to peptides? A B cell identifies pathogens when antibodies on its surface bind to a specific foreign antigen. This antigen/antibody complex is taken up by the B cell and processed by proteolysis into peptides. The,How is the antigen/antibody complex processed into peptides? A B cell identifies pathogens when antibodies bind to a specific foreign antigen on its surface. This antigen/antibody complex is absorbed by the B cell and processed into peptides by proteolysis.,0.32752613240418116,proteolysis,QA_ANSWER,True
squad_46,controlled_paraphrase,What is the process by which the antigen/antibody complex is processed in to peptides? A B cell identifies pathogens when antibodies on its surface bind to a specific foreign antigen. This antigen/antibody complex is taken up by the B cell and processed by proteolysis into peptides. The,How does the antigen/antibody complex transform into peptides? A B cell recognizes pathogens when antibodies on its surface bind to a specific foreign antigen. The antigen/antibody complex is then taken up by the B cell and processed by proteolysis into peptides.,0.18815331010452963,proteolysis,QA_ANSWER,True
squad_46,controlled_paraphrase,What is the process by which the antigen/antibody complex is processed in to peptides? A B cell identifies pathogens when antibodies on its surface bind to a specific foreign antigen. This antigen/antibody complex is taken up by the B cell and processed by proteolysis into peptides. The,How does the antigen/antibody complex transform into peptides? A B cell recognizes pathogens when antibodies on its surface bind to a specific foreign antigen. The antigen/antibody complex is then taken up by the B cell and processed by proteolysis into peptides.,0.18815331010452963,proteolysis,QA_ANSWER,True
squad_46,syntactic_reordering,What is the process by which the antigen/antibody complex is processed in to peptides? A B cell identifies pathogens when antibodies on its surface bind to a specific foreign antigen. This antigen/antibody complex is taken up by the B cell and processed by proteolysis into peptides. The,The This antigen/antibody complex is taken up by the B cell and processed by proteolysis into peptides. A B cell identifies pathogens when antibodies on its surface bind to a specific foreign antigen. What is the process by which the antigen/antibody complex is processed in to peptides?,0.47038327526132406,proteolysis,QA_ANSWER,True
squad_46,syntactic_reordering,What is the process by which the antigen/antibody complex is processed in to peptides? A B cell identifies pathogens when antibodies on its surface bind to a specific foreign antigen. This antigen/antibody complex is taken up by the B cell and processed by proteolysis into peptides. The,The This antigen/antibody complex is taken up by the B cell and processed by proteolysis into peptides. A B cell identifies pathogens when antibodies on its surface bind to a specific foreign antigen. What is the process by which the antigen/antibody complex is processed in to peptides?,0.47038327526132406,proteolysis,QA_ANSWER,True
squad_48,back_translation,"Who wrote the poem The Mark of Anarchy? Following the Peterloo massacre of 1819, poet Percy Shelley wrote the political poem The Mask of Anarchy later that year, that begins with the images of what he thought to be the unjust forms of autho","Who wrote the poem The Sign of Anarchy? After the Peterloo Massacre of 1819, poet Percy Shelley wrote the political poem The Mask of Anarchy later this year, with the images of what he used for the unjust forms of Autho",0.1625,Percy Shelley,QA_ANSWER,True
squad_48,back_translation,"Who wrote the poem The Mark of Anarchy? Following the Peterloo massacre of 1819, poet Percy Shelley wrote the political poem The Mask of Anarchy later that year, that begins with the images of what he thought to be the unjust forms of autho","Who wrote the poem The Sign of Anarchy? After the Peterloo Massacre of 1819, poet Percy Shelley wrote the political poem The Mask of Anarchy later this year, with the images of what he used for the unjust forms of Autho",0.1625,Percy Shelley,QA_ANSWER,True
squad_48,synonym_substitution,"Who wrote the poem The Mark of Anarchy? Following the Peterloo massacre of 1819, poet Percy Shelley wrote the political poem The Mask of Anarchy later that year, that begins with the images of what he thought to be the unjust forms of autho","World Health Organization write the verse form The Mark of Anarchy? Following the Peterloo massacre of 1819, poet Percy Shelley wrote the political poem The Mask of Anarchy later that year, that begins with the images of what he thought to be the unjust forms of autho",0.11567164179104478,Percy Shelley,QA_ANSWER,True
squad_48,synonym_substitution,"Who wrote the poem The Mark of Anarchy? Following the Peterloo massacre of 1819, poet Percy Shelley wrote the political poem The Mask of Anarchy later that year, that begins with the images of what he thought to be the unjust forms of autho","World Health Organization write the verse form The Mark of Anarchy? Following the Peterloo massacre of 1819, poet Percy Shelley wrote the political poem The Mask of Anarchy later that year, that begins with the images of what he thought to be the unjust forms of autho",0.11567164179104478,Percy Shelley,QA_ANSWER,True
squad_48,syntactic_reordering,"Who wrote the poem The Mark of Anarchy? Following the Peterloo massacre of 1819, poet Percy Shelley wrote the political poem The Mask of Anarchy later that year, that begins with the images of what he thought to be the unjust forms of autho","Following the Peterloo massacre of 1819, poet Percy Shelley wrote the political poem The Mask of Anarchy later that year, that begins with the images of what he thought to be the unjust forms of autho Who wrote the poem The Mark of Anarchy?",0.3333333333333333,Percy Shelley,QA_ANSWER,True
squad_48,syntactic_reordering,"Who wrote the poem The Mark of Anarchy? Following the Peterloo massacre of 1819, poet Percy Shelley wrote the political poem The Mask of Anarchy later that year, that begins with the images of what he thought to be the unjust forms of autho","Following the Peterloo massacre of 1819, poet Percy Shelley wrote the political poem The Mask of Anarchy later that year, that begins with the images of what he thought to be the unjust forms of autho Who wrote the poem The Mark of Anarchy?",0.3333333333333333,Percy Shelley,QA_ANSWER,True
squad_49,back_translation,"Los Angeles is in the lower part of what? Though there is no official definition for the northern boundary of southern California, such a division has existed from the time when Mexico ruled California, and political disputes raged between th","Los Angeles is in the lower part of what? Although there is no official definition for the northern border of Southern California, such a split from the time when Mexico ruled California, and political disputes raged between th",0.10330578512396695,Alta California,QA_ANSWER,True
squad_49,back_translation,"Los Angeles is in the lower part of what? Though there is no official definition for the northern boundary of southern California, such a division has existed from the time when Mexico ruled California, and political disputes raged between th","Los Angeles is in the lower part of what? Although there is no official definition for the northern border of Southern California, such a split from the time when Mexico ruled California, and political disputes raged between th",0.10330578512396695,Alta California,QA_ANSWER,True
squad_49,controlled_paraphrase,"Los Angeles is in the lower part of what? Though there is no official definition for the northern boundary of southern California, such a division has existed from the time when Mexico ruled California, and political disputes raged between th","What is the location of Los Angeles at the bottom of the list? Although there is no official definition for the northern boundary of southern California, a division has existed since the time when Mexico governed California and political conflicts arose between different regions.",0.32857142857142857,Alta California,QA_ANSWER,True
squad_49,controlled_paraphrase,"Los Angeles is in the lower part of what? Though there is no official definition for the northern boundary of southern California, such a division has existed from the time when Mexico ruled California, and political disputes raged between th","What is the location of Los Angeles at the bottom of the list? Although there is no official definition for the northern boundary of southern California, a division has existed since the time when Mexico governed California and political conflicts arose between different regions.",0.32857142857142857,Alta California,QA_ANSWER,True
squad_49,syntactic_reordering,"Los Angeles is in the lower part of what? Though there is no official definition for the northern boundary of southern California, such a division has existed from the time when Mexico ruled California, and political disputes raged between th","Though there is no official definition for the northern boundary of southern California, such a division has existed from the time when Mexico ruled California, and political disputes raged between th Los Angeles is in the lower part of what?",0.34710743801652894,Alta California,QA_ANSWER,True
squad_49,syntactic_reordering,"Los Angeles is in the lower part of what? Though there is no official definition for the northern boundary of southern California, such a division has existed from the time when Mexico ruled California, and political disputes raged between th","Though there is no official definition for the northern boundary of southern California, such a division has existed from the time when Mexico ruled California, and political disputes raged between th Los Angeles is in the lower part of what?",0.34710743801652894,Alta California,QA_ANSWER,True
squad_51,back_translation,"What word is the word pharmacy taken from? The word pharmacy is derived from its root word pharma which was a term used since the 15th–17th centuries. However, the original Greek roots from pharmakos imply sorcery or even poison. In addition t","From what word is the word pharmacy taken? The word pharmacy derives from its root word pharma, which was a term used since the 15th-17th century. However, the original Greek roots imply pharmacotic magic or even poison.",0.21810699588477367,its root word pharma,QA_ANSWER,True
squad_51,back_translation,"What word is the word pharmacy taken from? The word pharmacy is derived from its root word pharma which was a term used since the 15th–17th centuries. However, the original Greek roots from pharmakos imply sorcery or even poison. In addition t","From what word is the word pharmacy taken? The word pharmacy derives from its root word pharma, which was a term used since the 15th-17th century. However, the original Greek roots imply pharmacotic magic or even poison.",0.21810699588477367,its root word pharma,QA_ANSWER,True
squad_51,controlled_paraphrase,"What word is the word pharmacy taken from? The word pharmacy is derived from its root word pharma which was a term used since the 15th–17th centuries. However, the original Greek roots from pharmakos imply sorcery or even poison. In addition t","What is the etymology of the word pharmacy? The word pharmacy comes from the root term pharma, which was a term used since the 15th-17th centuries. However, the original Greek origins from pharmakos suggest that the term implys sorcery or poison. Additionally, the term pharmacy refers to a medical practice.",0.42207792207792205,its root word pharma,QA_ANSWER,True
squad_51,controlled_paraphrase,"What word is the word pharmacy taken from? The word pharmacy is derived from its root word pharma which was a term used since the 15th–17th centuries. However, the original Greek roots from pharmakos imply sorcery or even poison. In addition t","What is the etymology of the word pharmacy? The word pharmacy comes from the root term pharma, which was a term used since the 15th-17th centuries. However, the original Greek origins from pharmakos suggest that the term implys sorcery or poison. Additionally, the term pharmacy refers to a medical practice.",0.42207792207792205,its root word pharma,QA_ANSWER,True
squad_51,syntactic_reordering,"What word is the word pharmacy taken from? The word pharmacy is derived from its root word pharma which was a term used since the 15th–17th centuries. However, the original Greek roots from pharmakos imply sorcery or even poison. In addition t","In addition t However, the original Greek roots from pharmakos imply sorcery or even poison. The word pharmacy is derived from its root word pharma which was a term used since the 15th–17th centuries. What word is the word pharmacy taken from?",0.5555555555555556,its root word pharma,QA_ANSWER,True
squad_51,syntactic_reordering,"What word is the word pharmacy taken from? The word pharmacy is derived from its root word pharma which was a term used since the 15th–17th centuries. However, the original Greek roots from pharmakos imply sorcery or even poison. In addition t","In addition t However, the original Greek roots from pharmakos imply sorcery or even poison. The word pharmacy is derived from its root word pharma which was a term used since the 15th–17th centuries. What word is the word pharmacy taken from?",0.5555555555555556,its root word pharma,QA_ANSWER,True
squad_52,back_translation,"A satellite that measured the amount of dust going to the Amazon was named what? NASA's CALIPSO satellite has measured the amount of dust transported by wind from the Sahara to the Amazon: an average 182 million tons of dust are windblown out of the Sahara each year, at 15 degrees",A satellite measuring the amount of dust going to the Amazon has been named what? NASA's CALIPSO satellite has measured the amount of dust being transported from the Sahara to the Amazon by wind: an average of 182 million tons of dust is blown from the Sahara every year at 15 degrees.,0.2,CALIPSO,QA_ANSWER,True
squad_52,back_translation,"A satellite that measured the amount of dust going to the Amazon was named what? NASA's CALIPSO satellite has measured the amount of dust transported by wind from the Sahara to the Amazon: an average 182 million tons of dust are windblown out of the Sahara each year, at 15 degrees",A satellite measuring the amount of dust going to the Amazon has been named what? NASA's CALIPSO satellite has measured the amount of dust being transported from the Sahara to the Amazon by wind: an average of 182 million tons of dust is blown from the Sahara every year at 15 degrees.,0.2,CALIPSO,QA_ANSWER,True
squad_52,controlled_paraphrase,"A satellite that measured the amount of dust going to the Amazon was named what? NASA's CALIPSO satellite has measured the amount of dust transported by wind from the Sahara to the Amazon: an average 182 million tons of dust are windblown out of the Sahara each year, at 15 degrees","NASA's CALIPSO satellite has measured the amount of dust transported by wind from the Sahara to the Amazon, with an average of 182 million tons of dust being blown out of the Sahara each year at 15 degrees.",0.3487544483985765,CALIPSO,QA_ANSWER,True
squad_52,controlled_paraphrase,"A satellite that measured the amount of dust going to the Amazon was named what? NASA's CALIPSO satellite has measured the amount of dust transported by wind from the Sahara to the Amazon: an average 182 million tons of dust are windblown out of the Sahara each year, at 15 degrees","NASA's CALIPSO satellite has measured the amount of dust transported by wind from the Sahara to the Amazon, with an average of 182 million tons of dust being blown out of the Sahara each year at 15 degrees.",0.3487544483985765,CALIPSO,QA_ANSWER,True
squad_52,synonym_substitution,"A satellite that measured the amount of dust going to the Amazon was named what? NASA's CALIPSO satellite has measured the amount of dust transported by wind from the Sahara to the Amazon: an average 182 million tons of dust are windblown out of the Sahara each year, at 15 degrees","angstrom artificial satellite that measure the amount of dust going to the Amazon was named what? NASA's CALIPSO satellite has measured the amount of dust transported by wind from the Sahara to the Amazon: an average 182 million tons of dust are windblown out of the Sahara each year, at 15 degrees",0.06711409395973154,CALIPSO,QA_ANSWER,True
squad_52,synonym_substitution,"A satellite that measured the amount of dust going to the Amazon was named what? NASA's CALIPSO satellite has measured the amount of dust transported by wind from the Sahara to the Amazon: an average 182 million tons of dust are windblown out of the Sahara each year, at 15 degrees","angstrom artificial satellite that measure the amount of dust going to the Amazon was named what? NASA's CALIPSO satellite has measured the amount of dust transported by wind from the Sahara to the Amazon: an average 182 million tons of dust are windblown out of the Sahara each year, at 15 degrees",0.06711409395973154,CALIPSO,QA_ANSWER,True
squad_52,syntactic_reordering,"A satellite that measured the amount of dust going to the Amazon was named what? NASA's CALIPSO satellite has measured the amount of dust transported by wind from the Sahara to the Amazon: an average 182 million tons of dust are windblown out of the Sahara each year, at 15 degrees","NASA's CALIPSO satellite has measured the amount of dust transported by wind from the Sahara to the Amazon: an average 182 million tons of dust are windblown out of the Sahara each year, at 15 degrees A satellite that measured the amount of dust going to the Amazon was named what?",0.5765124555160143,CALIPSO,QA_ANSWER,True
squad_52,syntactic_reordering,"A satellite that measured the amount of dust going to the Amazon was named what? NASA's CALIPSO satellite has measured the amount of dust transported by wind from the Sahara to the Amazon: an average 182 million tons of dust are windblown out of the Sahara each year, at 15 degrees","NASA's CALIPSO satellite has measured the amount of dust transported by wind from the Sahara to the Amazon: an average 182 million tons of dust are windblown out of the Sahara each year, at 15 degrees A satellite that measured the amount of dust going to the Amazon was named what?",0.5765124555160143,CALIPSO,QA_ANSWER,True
squad_53,back_translation,"Vaccination exploits what feature of the human immune system in order to be successful? Long-term active memory is acquired following infection by activation of B and T cells. Active immunity can also be generated artificially, through vaccination. The principle behind vaccination (also ","Vaccination uses which characteristic of the human immune system to be successful? Long-term active memory is acquired after infection by activation of B- and T-cells. Active immunity can also be created artificially, by vaccination. The principle of vaccination (also",0.19791666666666666,natural specificity of the immune system,QA_ANSWER,True
squad_53,back_translation,"Vaccination exploits what feature of the human immune system in order to be successful? Long-term active memory is acquired following infection by activation of B and T cells. Active immunity can also be generated artificially, through vaccination. The principle behind vaccination (also ","Vaccination uses which characteristic of the human immune system to be successful? Long-term active memory is acquired after infection by activation of B- and T-cells. Active immunity can also be created artificially, by vaccination. The principle of vaccination (also",0.19791666666666666,natural specificity of the immune system,QA_ANSWER,True
squad_53,syntactic_reordering,"Vaccination exploits what feature of the human immune system in order to be successful? Long-term active memory is acquired following infection by activation of B and T cells. Active immunity can also be generated artificially, through vaccination. The principle behind vaccination (also ","The principle behind vaccination (also Active immunity can also be generated artificially, through vaccination. Long-term active memory is acquired following infection by activation of B and T cells. Vaccination exploits what feature of the human immune system in order to be successful?",0.59375,natural specificity of the immune system,QA_ANSWER,True
squad_53,syntactic_reordering,"Vaccination exploits what feature of the human immune system in order to be successful? Long-term active memory is acquired following infection by activation of B and T cells. Active immunity can also be generated artificially, through vaccination. The principle behind vaccination (also ","The principle behind vaccination (also Active immunity can also be generated artificially, through vaccination. Long-term active memory is acquired following infection by activation of B and T cells. Vaccination exploits what feature of the human immune system in order to be successful?",0.59375,natural specificity of the immune system,QA_ANSWER,True
squad_54,back_translation,How long has Proportionality been recognized as one of the general principles of EU law? Proportionality is recognised one of the general principles of European Union law by the European Court of Justice since the 1950s. According to the general principle of proportionality the lawfulness,How long has proportionality been recognised as one of the general principles of EU law? Proportionality has been recognised by the European Court of Justice as one of the general principles of EU law since the 1950s.,0.35986159169550175,since the 1950s,QA_ANSWER,True
squad_54,back_translation,How long has Proportionality been recognized as one of the general principles of EU law? Proportionality is recognised one of the general principles of European Union law by the European Court of Justice since the 1950s. According to the general principle of proportionality the lawfulness,How long has proportionality been recognised as one of the general principles of EU law? Proportionality has been recognised by the European Court of Justice as one of the general principles of EU law since the 1950s.,0.35986159169550175,since the 1950s,QA_ANSWER,True
squad_54,syntactic_reordering,How long has Proportionality been recognized as one of the general principles of EU law? Proportionality is recognised one of the general principles of European Union law by the European Court of Justice since the 1950s. According to the general principle of proportionality the lawfulness,According to the general principle of proportionality the lawfulness Proportionality is recognised one of the general principles of European Union law by the European Court of Justice since the 1950s. How long has Proportionality been recognized as one of the general principles of EU law?,0.47750865051903113,since the 1950s,QA_ANSWER,True
squad_54,syntactic_reordering,How long has Proportionality been recognized as one of the general principles of EU law? Proportionality is recognised one of the general principles of European Union law by the European Court of Justice since the 1950s. According to the general principle of proportionality the lawfulness,According to the general principle of proportionality the lawfulness Proportionality is recognised one of the general principles of European Union law by the European Court of Justice since the 1950s. How long has Proportionality been recognized as one of the general principles of EU law?,0.47750865051903113,since the 1950s,QA_ANSWER,True
squad_55,back_translation,What type of math was advanced during the Yuan? Advances in polynomial algebra were made by mathematicians during the Yuan era. The mathematician Zhu Shijie (1249–1314) solved simultaneous equations with up to four unknowns using a rectangular arra,What kind of mathematics was used during the Yuan? Progress in polynomial algebra were made by mathematicians during the Yuan era. The mathematician Zhu Shijie (1249–1314) solved simultaneous alignments with up to four unknowns with a rectangular arra,0.13545816733067728,polynomial algebra,QA_ANSWER,True
squad_55,back_translation,What type of math was advanced during the Yuan? Advances in polynomial algebra were made by mathematicians during the Yuan era. The mathematician Zhu Shijie (1249–1314) solved simultaneous equations with up to four unknowns using a rectangular arra,What kind of mathematics was used during the Yuan? Progress in polynomial algebra were made by mathematicians during the Yuan era. The mathematician Zhu Shijie (1249–1314) solved simultaneous alignments with up to four unknowns with a rectangular arra,0.13545816733067728,polynomial algebra,QA_ANSWER,True
squad_55,synonym_substitution,What type of math was advanced during the Yuan? Advances in polynomial algebra were made by mathematicians during the Yuan era. The mathematician Zhu Shijie (1249–1314) solved simultaneous equations with up to four unknowns using a rectangular arra,What type of mathematics Washington advance during the Yuan? Advances in polynomial algebra were made by mathematicians during the Yuan era. The mathematician Zhu Shijie (1249–1314) solved simultaneous equations with up to four unknowns using a rectangular arra,0.06130268199233716,polynomial algebra,QA_ANSWER,True
squad_55,synonym_substitution,What type of math was advanced during the Yuan? Advances in polynomial algebra were made by mathematicians during the Yuan era. The mathematician Zhu Shijie (1249–1314) solved simultaneous equations with up to four unknowns using a rectangular arra,What type of mathematics Washington advance during the Yuan? Advances in polynomial algebra were made by mathematicians during the Yuan era. The mathematician Zhu Shijie (1249–1314) solved simultaneous equations with up to four unknowns using a rectangular arra,0.06130268199233716,polynomial algebra,QA_ANSWER,True
squad_57,controlled_paraphrase,"What signer of the Articles of Confederation was descended from Huguenots? Paul Revere was descended from Huguenot refugees, as was Henry Laurens, who signed the Articles of Confederation for South Carolina; Jack Jouett, who made the ride from Cuckoo Tavern to warn Thomas Je","Who among the signatories of the Articles of Confederation was a Huguenot? Paul Revere was a Huguenot refugee, and Henry Laurens signed the Articles of Confederation for South Carolina.",0.4509090909090909,Henry Laurens,QA_ANSWER,True
squad_57,controlled_paraphrase,"What signer of the Articles of Confederation was descended from Huguenots? Paul Revere was descended from Huguenot refugees, as was Henry Laurens, who signed the Articles of Confederation for South Carolina; Jack Jouett, who made the ride from Cuckoo Tavern to warn Thomas Je","Who among the signatories of the Articles of Confederation was a Huguenot? Paul Revere was a Huguenot refugee, and Henry Laurens signed the Articles of Confederation for South Carolina.",0.4509090909090909,Henry Laurens,QA_ANSWER,True
squad_57,synonym_substitution,"What signer of the Articles of Confederation was descended from Huguenots? Paul Revere was descended from Huguenot refugees, as was Henry Laurens, who signed the Articles of Confederation for South Carolina; Jack Jouett, who made the ride from Cuckoo Tavern to warn Thomas Je","What signer of the article of alliance Washington descended from Huguenots? Paul Revere was descended from Huguenot refugees, as was Henry Laurens, who signed the Articles of Confederation for South Carolina; Jack Jouett, who made the ride from Cuckoo Tavern to warn Thomas Je",0.06521739130434782,Henry Laurens,QA_ANSWER,True
squad_57,synonym_substitution,"What signer of the Articles of Confederation was descended from Huguenots? Paul Revere was descended from Huguenot refugees, as was Henry Laurens, who signed the Articles of Confederation for South Carolina; Jack Jouett, who made the ride from Cuckoo Tavern to warn Thomas Je","What signer of the article of alliance Washington descended from Huguenots? Paul Revere was descended from Huguenot refugees, as was Henry Laurens, who signed the Articles of Confederation for South Carolina; Jack Jouett, who made the ride from Cuckoo Tavern to warn Thomas Je",0.06521739130434782,Henry Laurens,QA_ANSWER,True
squad_57,syntactic_reordering,"What signer of the Articles of Confederation was descended from Huguenots? Paul Revere was descended from Huguenot refugees, as was Henry Laurens, who signed the Articles of Confederation for South Carolina; Jack Jouett, who made the ride from Cuckoo Tavern to warn Thomas Je","Paul Revere was descended from Huguenot refugees, as was Henry Laurens, who signed the Articles of Confederation for South Carolina; Jack Jouett, who made the ride from Cuckoo Tavern to warn Thomas Je What signer of the Articles of Confederation was descended from Huguenots?",0.5454545454545454,Henry Laurens,QA_ANSWER,True
squad_57,syntactic_reordering,"What signer of the Articles of Confederation was descended from Huguenots? Paul Revere was descended from Huguenot refugees, as was Henry Laurens, who signed the Articles of Confederation for South Carolina; Jack Jouett, who made the ride from Cuckoo Tavern to warn Thomas Je","Paul Revere was descended from Huguenot refugees, as was Henry Laurens, who signed the Articles of Confederation for South Carolina; Jack Jouett, who made the ride from Cuckoo Tavern to warn Thomas Je What signer of the Articles of Confederation was descended from Huguenots?",0.5454545454545454,Henry Laurens,QA_ANSWER,True
squad_60,controlled_paraphrase,What is the name of the property that designates a number as being prime or not? The property of being prime (or not) is called primality. A simple but slow method of verifying the primality of a given number n is known as trial division. It consists of testing whether n is a mult,What is the name of the property that determines whether a number is prime or not? Primality is the property of whether it is prime or not. Trial division is a simple but time-consuming method of verifying the primality of a given number n. It involves checking if n is a multifid number.,0.4548611111111111,primality,QA_ANSWER,True
squad_60,controlled_paraphrase,What is the name of the property that designates a number as being prime or not? The property of being prime (or not) is called primality. A simple but slow method of verifying the primality of a given number n is known as trial division. It consists of testing whether n is a mult,What is the name of the property that determines whether a number is prime or not? Primality is the property of whether it is prime or not. Trial division is a simple but time-consuming method of verifying the primality of a given number n. It involves checking if n is a multifid number.,0.4548611111111111,primality,QA_ANSWER,True
squad_62,back_translation,"Who was famous for disobedience against a tax collector? However, this definition is disputed by Thoreau's political philosophy pitching the conscience vs. the collective. The individual is the final judge of right and wrong. More than this, since only indi","Who was famous for disobedience to a tax collector? However, this definition is disputed by Thoreau's political philosophy, which puts conscience against the collective. The individual is the last judge of right and wrong. More than this, since only indi",0.10894941634241245,Thoreau,QA_ANSWER,True
squad_62,back_translation,"Who was famous for disobedience against a tax collector? However, this definition is disputed by Thoreau's political philosophy pitching the conscience vs. the collective. The individual is the final judge of right and wrong. More than this, since only indi","Who was famous for disobedience to a tax collector? However, this definition is disputed by Thoreau's political philosophy, which puts conscience against the collective. The individual is the last judge of right and wrong. More than this, since only indi",0.10894941634241245,Thoreau,QA_ANSWER,True
squad_62,controlled_paraphrase,"Who was famous for disobedience against a tax collector? However, this definition is disputed by Thoreau's political philosophy pitching the conscience vs. the collective. The individual is the final judge of right and wrong. More than this, since only indi","Who was the person who disobeyed a tax collector? Thoreau's political philosophy challenges this definition by distinguishing between conscience and the masses. The individual is the ultimate judge of right and wrong, since only indiscriminate action is sufficient.",0.5471698113207547,Thoreau,QA_ANSWER,True
squad_62,controlled_paraphrase,"Who was famous for disobedience against a tax collector? However, this definition is disputed by Thoreau's political philosophy pitching the conscience vs. the collective. The individual is the final judge of right and wrong. More than this, since only indi","Who was the person who disobeyed a tax collector? Thoreau's political philosophy challenges this definition by distinguishing between conscience and the masses. The individual is the ultimate judge of right and wrong, since only indiscriminate action is sufficient.",0.5471698113207547,Thoreau,QA_ANSWER,True
squad_62,syntactic_reordering,"Who was famous for disobedience against a tax collector? However, this definition is disputed by Thoreau's political philosophy pitching the conscience vs. the collective. The individual is the final judge of right and wrong. More than this, since only indi","More than this, since only indi The individual is the final judge of right and wrong. However, this definition is disputed by Thoreau's political philosophy pitching the conscience vs. the collective. Who was famous for disobedience against a tax collector?",0.5058365758754864,Thoreau,QA_ANSWER,True
squad_62,syntactic_reordering,"Who was famous for disobedience against a tax collector? However, this definition is disputed by Thoreau's political philosophy pitching the conscience vs. the collective. The individual is the final judge of right and wrong. More than this, since only indi","More than this, since only indi The individual is the final judge of right and wrong. However, this definition is disputed by Thoreau's political philosophy pitching the conscience vs. the collective. Who was famous for disobedience against a tax collector?",0.5058365758754864,Thoreau,QA_ANSWER,True
squad_63,back_translation,"Economy, Energy and Tourism is one of the what? Subject Committees are established at the beginning of each parliamentary session, and again the members on each committee reflect the balance of parties across Parliament. Typically each committee co","Economic, energy and tourism are among the what? Technical committees are set up at the beginning of each parliamentary meeting, and once again the members in each committee reflect the balance of the parties throughout the Parliament.",0.3387096774193548,current Subject Committees,QA_ANSWER,True
squad_63,back_translation,"Economy, Energy and Tourism is one of the what? Subject Committees are established at the beginning of each parliamentary session, and again the members on each committee reflect the balance of parties across Parliament. Typically each committee co","Economic, energy and tourism are among the what? Technical committees are set up at the beginning of each parliamentary meeting, and once again the members in each committee reflect the balance of the parties throughout the Parliament.",0.3387096774193548,current Subject Committees,QA_ANSWER,True
squad_63,syntactic_reordering,"Economy, Energy and Tourism is one of the what? Subject Committees are established at the beginning of each parliamentary session, and again the members on each committee reflect the balance of parties across Parliament. Typically each committee co","Typically each committee co Subject Committees are established at the beginning of each parliamentary session, and again the members on each committee reflect the balance of parties across Parliament. Economy, Energy and Tourism is one of the what?",0.29838709677419356,current Subject Committees,QA_ANSWER,True
squad_63,syntactic_reordering,"Economy, Energy and Tourism is one of the what? Subject Committees are established at the beginning of each parliamentary session, and again the members on each committee reflect the balance of parties across Parliament. Typically each committee co","Typically each committee co Subject Committees are established at the beginning of each parliamentary session, and again the members on each committee reflect the balance of parties across Parliament. Economy, Energy and Tourism is one of the what?",0.29838709677419356,current Subject Committees,QA_ANSWER,True
squad_65,back_translation,What is the weather type of Mallee and upper Wimmera? The Mallee and upper Wimmera are Victoria's warmest regions with hot winds blowing from nearby semi-deserts. Average temperatures exceed 32 °C (90 °F) during summer and 15 °C (59 °F) in winter. Except,What is the weather type of Mallee and upper Wimmera? Mallee and upper Wimmera are Victoria's warmest regions with hot winds from nearby semi-deserts. Average temperatures over 32 °C (90 °F) in summer and 15 °C (59 °F) in winter.,0.11023622047244094,warmest regions,QA_ANSWER,True
squad_65,back_translation,What is the weather type of Mallee and upper Wimmera? The Mallee and upper Wimmera are Victoria's warmest regions with hot winds blowing from nearby semi-deserts. Average temperatures exceed 32 °C (90 °F) during summer and 15 °C (59 °F) in winter. Except,What is the weather type of Mallee and upper Wimmera? Mallee and upper Wimmera are Victoria's warmest regions with hot winds from nearby semi-deserts. Average temperatures over 32 °C (90 °F) in summer and 15 °C (59 °F) in winter.,0.11023622047244094,warmest regions,QA_ANSWER,True
squad_65,controlled_paraphrase,What is the weather type of Mallee and upper Wimmera? The Mallee and upper Wimmera are Victoria's warmest regions with hot winds blowing from nearby semi-deserts. Average temperatures exceed 32 °C (90 °F) during summer and 15 °C (59 °F) in winter. Except,"What is the climate of Mallee and upper Wimmera? The Mallee and upper Wimmera are Victoria's warmest regions, with hot winds blowing from nearby semi-deserts. During summer, average temperatures exceed 32 °C (90 °F) and in winter, they reach 15 °C (59 °F).",0.24609375,warmest regions,QA_ANSWER,True
squad_65,controlled_paraphrase,What is the weather type of Mallee and upper Wimmera? The Mallee and upper Wimmera are Victoria's warmest regions with hot winds blowing from nearby semi-deserts. Average temperatures exceed 32 °C (90 °F) during summer and 15 °C (59 °F) in winter. Except,"What is the climate of Mallee and upper Wimmera? The Mallee and upper Wimmera are Victoria's warmest regions, with hot winds blowing from nearby semi-deserts. During summer, average temperatures exceed 32 °C (90 °F) and in winter, they reach 15 °C (59 °F).",0.24609375,warmest regions,QA_ANSWER,True
squad_65,synonym_substitution,What is the weather type of Mallee and upper Wimmera? The Mallee and upper Wimmera are Victoria's warmest regions with hot winds blowing from nearby semi-deserts. Average temperatures exceed 32 °C (90 °F) during summer and 15 °C (59 °F) in winter. Except,What be the weather condition type of Mallee and upper berth Wimmera? The Mallee and upper Wimmera are Victoria's warmest regions with hot winds blowing from nearby semi-deserts. Average temperatures exceed 32 °C (90 °F) during summer and 15 °C (59 °F) in winter. Except,0.06666666666666667,warmest regions,QA_ANSWER,True
squad_65,synonym_substitution,What is the weather type of Mallee and upper Wimmera? The Mallee and upper Wimmera are Victoria's warmest regions with hot winds blowing from nearby semi-deserts. Average temperatures exceed 32 °C (90 °F) during summer and 15 °C (59 °F) in winter. Except,What be the weather condition type of Mallee and upper berth Wimmera? The Mallee and upper Wimmera are Victoria's warmest regions with hot winds blowing from nearby semi-deserts. Average temperatures exceed 32 °C (90 °F) during summer and 15 °C (59 °F) in winter. Except,0.06666666666666667,warmest regions,QA_ANSWER,True
squad_65,syntactic_reordering,What is the weather type of Mallee and upper Wimmera? The Mallee and upper Wimmera are Victoria's warmest regions with hot winds blowing from nearby semi-deserts. Average temperatures exceed 32 °C (90 °F) during summer and 15 °C (59 °F) in winter. Except,Except Average temperatures exceed 32 °C (90 °F) during summer and 15 °C (59 °F) in winter. The Mallee and upper Wimmera are Victoria's warmest regions with hot winds blowing from nearby semi-deserts. What is the weather type of Mallee and upper Wimmera?,0.5551181102362205,warmest regions,QA_ANSWER,True
squad_65,syntactic_reordering,What is the weather type of Mallee and upper Wimmera? The Mallee and upper Wimmera are Victoria's warmest regions with hot winds blowing from nearby semi-deserts. Average temperatures exceed 32 °C (90 °F) during summer and 15 °C (59 °F) in winter. Except,Except Average temperatures exceed 32 °C (90 °F) during summer and 15 °C (59 °F) in winter. The Mallee and upper Wimmera are Victoria's warmest regions with hot winds blowing from nearby semi-deserts. What is the weather type of Mallee and upper Wimmera?,0.5551181102362205,warmest regions,QA_ANSWER,True
squad_66,back_translation,"What is the unproven assumption generally ascribed to the value of complexity classes? Many known complexity classes are suspected to be unequal, but this has not been proved. For instance P ⊆ NP ⊆ PP ⊆ PSPACE, but it is possible that P = PSPACE. If P is not equal to NP, then P is not e","What is the untested assumption that is usually attributed to the value of complexity classes? Many known complexity classes are suspected to be unequal, but this has not been proven. For example, P -P-P-P-P-P-P-P, but it is possible that P = PSPACE. If P is not equal to NP, then P is not e",0.14776632302405499,suspected to be unequal,QA_ANSWER,True
squad_66,back_translation,"What is the unproven assumption generally ascribed to the value of complexity classes? Many known complexity classes are suspected to be unequal, but this has not been proved. For instance P ⊆ NP ⊆ PP ⊆ PSPACE, but it is possible that P = PSPACE. If P is not equal to NP, then P is not e","What is the untested assumption that is usually attributed to the value of complexity classes? Many known complexity classes are suspected to be unequal, but this has not been proven. For example, P -P-P-P-P-P-P-P, but it is possible that P = PSPACE. If P is not equal to NP, then P is not e",0.14776632302405499,suspected to be unequal,QA_ANSWER,True
squad_66,controlled_paraphrase,"What is the unproven assumption generally ascribed to the value of complexity classes? Many known complexity classes are suspected to be unequal, but this has not been proved. For instance P ⊆ NP ⊆ PP ⊆ PSPACE, but it is possible that P = PSPACE. If P is not equal to NP, then P is not e","What is the supposition that complexity classes are commonly assumed to be unequal? Many complexity classes are suspected to be unequal, but this has not been proven. For example, P  NP  PP  PSPACE may be assumed to be PSPACE, but P  NP may be assumed to be PSPACE. If P is not equal to NP, then P is not equivalent to P.",0.4392523364485981,suspected to be unequal,QA_ANSWER,True
squad_66,controlled_paraphrase,"What is the unproven assumption generally ascribed to the value of complexity classes? Many known complexity classes are suspected to be unequal, but this has not been proved. For instance P ⊆ NP ⊆ PP ⊆ PSPACE, but it is possible that P = PSPACE. If P is not equal to NP, then P is not e","What is the supposition that complexity classes are commonly assumed to be unequal? Many complexity classes are suspected to be unequal, but this has not been proven. For example, P  NP  PP  PSPACE may be assumed to be PSPACE, but P  NP may be assumed to be PSPACE. If P is not equal to NP, then P is not equivalent to P.",0.4392523364485981,suspected to be unequal,QA_ANSWER,True
squad_70,back_translation,How many divisions make up the academics of the university? The College of the University of Chicago grants Bachelor of Arts and Bachelor of Science degrees in 50 academic majors and 28 minors. The college's academics are divided into five divisions: the Biolo,How many departments are the university's academics? The college of the University of Chicago grants Bachelor of Arts and Bachelor of Science degrees in 50 academic majors and 28 minors. The university's academics are divided into five departments: the Biolo,0.20384615384615384,five,QA_ANSWER,True
squad_70,back_translation,How many divisions make up the academics of the university? The College of the University of Chicago grants Bachelor of Arts and Bachelor of Science degrees in 50 academic majors and 28 minors. The college's academics are divided into five divisions: the Biolo,How many departments are the university's academics? The college of the University of Chicago grants Bachelor of Arts and Bachelor of Science degrees in 50 academic majors and 28 minors. The university's academics are divided into five departments: the Biolo,0.20384615384615384,five,QA_ANSWER,True
squad_70,controlled_paraphrase,How many divisions make up the academics of the university? The College of the University of Chicago grants Bachelor of Arts and Bachelor of Science degrees in 50 academic majors and 28 minors. The college's academics are divided into five divisions: the Biolo,"What is the number of divisions in the academics of the University of Chicago? For example, the College of the University of Chicago awards Bachelor of Arts and Bachelor of Science degrees in 50 academic majors and 28 minors. The college's academics are divided into five divisions: the BioloioloioloioloioloioloioloioloioloioloioloioloioloioloioloioloioloioloioloioloioloioloioloioloioloioloioloioloioloioloioloioloioloioloioloioloioloioloioloioloioloioloioloioloioloioloioloioloioloioloioloioloAutoAuto",0.5317460317460317,five,QA_ANSWER,True
squad_70,controlled_paraphrase,How many divisions make up the academics of the university? The College of the University of Chicago grants Bachelor of Arts and Bachelor of Science degrees in 50 academic majors and 28 minors. The college's academics are divided into five divisions: the Biolo,"What is the number of divisions in the academics of the University of Chicago? For example, the College of the University of Chicago awards Bachelor of Arts and Bachelor of Science degrees in 50 academic majors and 28 minors. The college's academics are divided into five divisions: the BioloioloioloioloioloioloioloioloioloioloioloioloioloioloioloioloioloioloioloioloioloioloioloioloioloioloioloioloioloioloioloioloioloioloioloioloioloioloioloioloioloioloioloioloioloioloioloioloioloioloioloioloAutoAuto",0.5317460317460317,five,QA_ANSWER,True
squad_70,syntactic_reordering,How many divisions make up the academics of the university? The College of the University of Chicago grants Bachelor of Arts and Bachelor of Science degrees in 50 academic majors and 28 minors. The college's academics are divided into five divisions: the Biolo,The college's academics are divided into five divisions: the Biolo The College of the University of Chicago grants Bachelor of Arts and Bachelor of Science degrees in 50 academic majors and 28 minors. How many divisions make up the academics of the university?,0.4153846153846154,five,QA_ANSWER,True
squad_70,syntactic_reordering,How many divisions make up the academics of the university? The College of the University of Chicago grants Bachelor of Arts and Bachelor of Science degrees in 50 academic majors and 28 minors. The college's academics are divided into five divisions: the Biolo,The college's academics are divided into five divisions: the Biolo The College of the University of Chicago grants Bachelor of Arts and Bachelor of Science degrees in 50 academic majors and 28 minors. How many divisions make up the academics of the university?,0.4153846153846154,five,QA_ANSWER,True
squad_71,controlled_paraphrase,"In which region tribe were large settlements discovered? Terra preta (black earth), which is distributed over large areas in the Amazon forest, is now widely accepted as a product of indigenous soil management. The development of this fertile soil allowed a",What region tribe discovered large settlements? Terra preta (black earth) is spread across vast areas of the Amazon forest and is widely accepted as a product of indigenous soil management.,0.4085603112840467,Xingu tribe,QA_ANSWER,True
squad_71,controlled_paraphrase,"In which region tribe were large settlements discovered? Terra preta (black earth), which is distributed over large areas in the Amazon forest, is now widely accepted as a product of indigenous soil management. The development of this fertile soil allowed a",What region tribe discovered large settlements? Terra preta (black earth) is spread across vast areas of the Amazon forest and is widely accepted as a product of indigenous soil management.,0.4085603112840467,Xingu tribe,QA_ANSWER,True
squad_71,syntactic_reordering,"In which region tribe were large settlements discovered? Terra preta (black earth), which is distributed over large areas in the Amazon forest, is now widely accepted as a product of indigenous soil management. The development of this fertile soil allowed a","The development of this fertile soil allowed a Terra preta (black earth), which is distributed over large areas in the Amazon forest, is now widely accepted as a product of indigenous soil management. In which region tribe were large settlements discovered?",0.32684824902723736,Xingu tribe,QA_ANSWER,True
squad_71,syntactic_reordering,"In which region tribe were large settlements discovered? Terra preta (black earth), which is distributed over large areas in the Amazon forest, is now widely accepted as a product of indigenous soil management. The development of this fertile soil allowed a","The development of this fertile soil allowed a Terra preta (black earth), which is distributed over large areas in the Amazon forest, is now widely accepted as a product of indigenous soil management. In which region tribe were large settlements discovered?",0.32684824902723736,Xingu tribe,QA_ANSWER,True
squad_75,back_translation,"What are the two major subsystems of the immune system? The immune system is a system of many biological structures and processes within an organism that protects against disease. To function properly, an immune system must detect a wide variety of agents,","What are the two most important subsystems of the immune system? The immune system is a system of many biological structures and processes within an organism that protects against diseases. To function properly, an immune system must recognize a variety of active ingredients,",0.12681159420289856,innate immune system versus the adaptive immune system,QA_ANSWER,True
squad_75,back_translation,"What are the two major subsystems of the immune system? The immune system is a system of many biological structures and processes within an organism that protects against disease. To function properly, an immune system must detect a wide variety of agents,","What are the two most important subsystems of the immune system? The immune system is a system of many biological structures and processes within an organism that protects against diseases. To function properly, an immune system must recognize a variety of active ingredients,",0.12681159420289856,innate immune system versus the adaptive immune system,QA_ANSWER,True
squad_75,controlled_paraphrase,"What are the two major subsystems of the immune system? The immune system is a system of many biological structures and processes within an organism that protects against disease. To function properly, an immune system must detect a wide variety of agents,","What are the two primary subsystems of the immune system? The immune system is a complex network of biological structures and processes that protect an organism from diseases. To function correctly, an immune system must detect a wide range of agents.",0.25390625,innate immune system versus the adaptive immune system,QA_ANSWER,True
squad_75,controlled_paraphrase,"What are the two major subsystems of the immune system? The immune system is a system of many biological structures and processes within an organism that protects against disease. To function properly, an immune system must detect a wide variety of agents,","What are the two primary subsystems of the immune system? The immune system is a complex network of biological structures and processes that protect an organism from diseases. To function correctly, an immune system must detect a wide range of agents.",0.25390625,innate immune system versus the adaptive immune system,QA_ANSWER,True
squad_75,syntactic_reordering,"What are the two major subsystems of the immune system? The immune system is a system of many biological structures and processes within an organism that protects against disease. To function properly, an immune system must detect a wide variety of agents,","To function properly, an immune system must detect a wide variety of agents, The immune system is a system of many biological structures and processes within an organism that protects against disease. What are the two major subsystems of the immune system?",0.453125,innate immune system versus the adaptive immune system,QA_ANSWER,True
squad_75,syntactic_reordering,"What are the two major subsystems of the immune system? The immune system is a system of many biological structures and processes within an organism that protects against disease. To function properly, an immune system must detect a wide variety of agents,","To function properly, an immune system must detect a wide variety of agents, The immune system is a system of many biological structures and processes within an organism that protects against disease. What are the two major subsystems of the immune system?",0.453125,innate immune system versus the adaptive immune system,QA_ANSWER,True
squad_78,back_translation,"Who proved that air is necessary for combustion? In the late 17th century, Robert Boyle proved that air is necessary for combustion. English chemist John Mayow (1641–1679) refined this work by showing that fire requires only a part of air that he ca","Who has proved that air is necessary for combustion? At the end of the 17th century, Robert Boyle proved that air is necessary for combustion. English chemist John Mayow (1641–1679) refined this work by showing that fire requires only a part of the air that it requires",0.10408921933085502,Robert Boyle,QA_ANSWER,True
squad_78,back_translation,"Who proved that air is necessary for combustion? In the late 17th century, Robert Boyle proved that air is necessary for combustion. English chemist John Mayow (1641–1679) refined this work by showing that fire requires only a part of air that he ca","Who has proved that air is necessary for combustion? At the end of the 17th century, Robert Boyle proved that air is necessary for combustion. English chemist John Mayow (1641–1679) refined this work by showing that fire requires only a part of the air that it requires",0.10408921933085502,Robert Boyle,QA_ANSWER,True
squad_78,controlled_paraphrase,"Who proved that air is necessary for combustion? In the late 17th century, Robert Boyle proved that air is necessary for combustion. English chemist John Mayow (1641–1679) refined this work by showing that fire requires only a part of air that he ca","Who was the first to prove that air is necessary for combustion? In the late 17th century, Robert Boyle proved that air is necessary for combustion. John Mayow (1641–1679) improved this discovery by demonstrating that fire only requires a certain amount of air that he castoffs.",0.29136690647482016,Robert Boyle,QA_ANSWER,True
squad_78,controlled_paraphrase,"Who proved that air is necessary for combustion? In the late 17th century, Robert Boyle proved that air is necessary for combustion. English chemist John Mayow (1641–1679) refined this work by showing that fire requires only a part of air that he ca","Who was the first to prove that air is necessary for combustion? In the late 17th century, Robert Boyle proved that air is necessary for combustion. John Mayow (1641–1679) improved this discovery by demonstrating that fire only requires a certain amount of air that he castoffs.",0.29136690647482016,Robert Boyle,QA_ANSWER,True
squad_78,synonym_substitution,"Who proved that air is necessary for combustion? In the late 17th century, Robert Boyle proved that air is necessary for combustion. English chemist John Mayow (1641–1679) refined this work by showing that fire requires only a part of air that he ca","World Health Organization prove that air be necessary for combustion? In the late 17th century, Robert Boyle proved that air is necessary for combustion. English chemist John Mayow (1641–1679) refined this work by showing that fire requires only a part of air that he ca",0.09259259259259259,Robert Boyle,QA_ANSWER,True
squad_78,synonym_substitution,"Who proved that air is necessary for combustion? In the late 17th century, Robert Boyle proved that air is necessary for combustion. English chemist John Mayow (1641–1679) refined this work by showing that fire requires only a part of air that he ca","World Health Organization prove that air be necessary for combustion? In the late 17th century, Robert Boyle proved that air is necessary for combustion. English chemist John Mayow (1641–1679) refined this work by showing that fire requires only a part of air that he ca",0.09259259259259259,Robert Boyle,QA_ANSWER,True
squad_79,back_translation,"Who is the third riches man in America? In business, notable alumni include Microsoft CEO Satya Nadella, Oracle Corporation founder and the third richest man in America Larry Ellison, Goldman Sachs and MF Global CEO as well as former Govern","Who is the third wealth man in America? The business includes renowned alumni Microsoft CEO Satya Nadela, Oracle Corporation founder and the third richest man in America Larry Ellison, Goldman Sachs and MF Global CEO as well as former government",0.1469387755102041,Larry Ellison,QA_ANSWER,True
squad_79,back_translation,"Who is the third riches man in America? In business, notable alumni include Microsoft CEO Satya Nadella, Oracle Corporation founder and the third richest man in America Larry Ellison, Goldman Sachs and MF Global CEO as well as former Govern","Who is the third wealth man in America? The business includes renowned alumni Microsoft CEO Satya Nadela, Oracle Corporation founder and the third richest man in America Larry Ellison, Goldman Sachs and MF Global CEO as well as former government",0.1469387755102041,Larry Ellison,QA_ANSWER,True
squad_79,synonym_substitution,"Who is the third riches man in America? In business, notable alumni include Microsoft CEO Satya Nadella, Oracle Corporation founder and the third richest man in America Larry Ellison, Goldman Sachs and MF Global CEO as well as former Govern","World Health Organization be the one-third riches man in America? In business, notable alumni include Microsoft CEO Satya Nadella, Oracle Corporation founder and the third richest man in America Larry Ellison, Goldman Sachs and MF Global CEO as well as former Govern",0.10526315789473684,Larry Ellison,QA_ANSWER,True
squad_79,synonym_substitution,"Who is the third riches man in America? In business, notable alumni include Microsoft CEO Satya Nadella, Oracle Corporation founder and the third richest man in America Larry Ellison, Goldman Sachs and MF Global CEO as well as former Govern","World Health Organization be the one-third riches man in America? In business, notable alumni include Microsoft CEO Satya Nadella, Oracle Corporation founder and the third richest man in America Larry Ellison, Goldman Sachs and MF Global CEO as well as former Govern",0.10526315789473684,Larry Ellison,QA_ANSWER,True
squad_79,syntactic_reordering,"Who is the third riches man in America? In business, notable alumni include Microsoft CEO Satya Nadella, Oracle Corporation founder and the third richest man in America Larry Ellison, Goldman Sachs and MF Global CEO as well as former Govern","In business, notable alumni include Microsoft CEO Satya Nadella, Oracle Corporation founder and the third richest man in America Larry Ellison, Goldman Sachs and MF Global CEO as well as former Govern Who is the third riches man in America?",0.3333333333333333,Larry Ellison,QA_ANSWER,True
squad_79,syntactic_reordering,"Who is the third riches man in America? In business, notable alumni include Microsoft CEO Satya Nadella, Oracle Corporation founder and the third richest man in America Larry Ellison, Goldman Sachs and MF Global CEO as well as former Govern","In business, notable alumni include Microsoft CEO Satya Nadella, Oracle Corporation founder and the third richest man in America Larry Ellison, Goldman Sachs and MF Global CEO as well as former Govern Who is the third riches man in America?",0.3333333333333333,Larry Ellison,QA_ANSWER,True
squad_80,back_translation,"How far apart are some of the neighborhood's features? The neighborhood features restaurants, live theater and nightclubs, as well as several independent shops and bookstores, currently operating on or near Olive Avenue, and all within a few hundred feet ","In the neighborhood there are restaurants, live theaters and nightclubs, as well as several independent shops and bookstores currently located on or near Olive Avenue, and all within a few hundred feet",0.25098039215686274,all within a few hundred feet of each other,QA_ANSWER,True
squad_80,back_translation,"How far apart are some of the neighborhood's features? The neighborhood features restaurants, live theater and nightclubs, as well as several independent shops and bookstores, currently operating on or near Olive Avenue, and all within a few hundred feet ","In the neighborhood there are restaurants, live theaters and nightclubs, as well as several independent shops and bookstores currently located on or near Olive Avenue, and all within a few hundred feet",0.25098039215686274,all within a few hundred feet of each other,QA_ANSWER,True
squad_80,controlled_paraphrase,"How far apart are some of the neighborhood's features? The neighborhood features restaurants, live theater and nightclubs, as well as several independent shops and bookstores, currently operating on or near Olive Avenue, and all within a few hundred feet ","What is the extent of the neighborhood's features? Restaurants, nightclubs, and live theater, as well as independent shops and bookstores, are all located on or near Olive Avenue, and all within a few hundred feet of each other.",0.39215686274509803,all within a few hundred feet of each other,QA_ANSWER,True
squad_80,controlled_paraphrase,"How far apart are some of the neighborhood's features? The neighborhood features restaurants, live theater and nightclubs, as well as several independent shops and bookstores, currently operating on or near Olive Avenue, and all within a few hundred feet ","What is the extent of the neighborhood's features? Restaurants, nightclubs, and live theater, as well as independent shops and bookstores, are all located on or near Olive Avenue, and all within a few hundred feet of each other.",0.39215686274509803,all within a few hundred feet of each other,QA_ANSWER,True
squad_80,syntactic_reordering,"How far apart are some of the neighborhood's features? The neighborhood features restaurants, live theater and nightclubs, as well as several independent shops and bookstores, currently operating on or near Olive Avenue, and all within a few hundred feet ","The neighborhood features restaurants, live theater and nightclubs, as well as several independent shops and bookstores, currently operating on or near Olive Avenue, and all within a few hundred feet How far apart are some of the neighborhood's features?",0.42745098039215684,all within a few hundred feet of each other,QA_ANSWER,True
squad_80,syntactic_reordering,"How far apart are some of the neighborhood's features? The neighborhood features restaurants, live theater and nightclubs, as well as several independent shops and bookstores, currently operating on or near Olive Avenue, and all within a few hundred feet ","The neighborhood features restaurants, live theater and nightclubs, as well as several independent shops and bookstores, currently operating on or near Olive Avenue, and all within a few hundred feet How far apart are some of the neighborhood's features?",0.42745098039215684,all within a few hundred feet of each other,QA_ANSWER,True
squad_82,back_translation,"How far does one pharmacy in Croatia date back to? In Europe there are old pharmacies still operating in Dubrovnik, Croatia, located inside the Franciscan monastery, opened in 1317; and in the Town Hall Square of Tallinn, Estonia, dating from at least","How far does a pharmacy go back in Croatia? In Europe there are still old pharmacies in Dubrovnik, Croatia, inside the Franciscan monastery, opened in 1317; and on the Town Hall Square of Tallinn, Estonia, from at least",0.23904382470119523,1317,QA_ANSWER,True
squad_82,back_translation,"How far does one pharmacy in Croatia date back to? In Europe there are old pharmacies still operating in Dubrovnik, Croatia, located inside the Franciscan monastery, opened in 1317; and in the Town Hall Square of Tallinn, Estonia, dating from at least","How far does a pharmacy go back in Croatia? In Europe there are still old pharmacies in Dubrovnik, Croatia, inside the Franciscan monastery, opened in 1317; and on the Town Hall Square of Tallinn, Estonia, from at least",0.23904382470119523,1317,QA_ANSWER,True
squad_82,controlled_paraphrase,"How far does one pharmacy in Croatia date back to? In Europe there are old pharmacies still operating in Dubrovnik, Croatia, located inside the Franciscan monastery, opened in 1317; and in the Town Hall Square of Tallinn, Estonia, dating from at least","How old is the oldest pharmacy in Croatia? In Europe, there are old pharmacies that still exist in Dubrovnik, Croatia, located inside the Franciscan monastery, opened in 1317, and in Tallinn, Estonia, in the Town Hall Square, dating back to at least 1317.",0.34901960784313724,1317,QA_ANSWER,True
squad_82,controlled_paraphrase,"How far does one pharmacy in Croatia date back to? In Europe there are old pharmacies still operating in Dubrovnik, Croatia, located inside the Franciscan monastery, opened in 1317; and in the Town Hall Square of Tallinn, Estonia, dating from at least","How old is the oldest pharmacy in Croatia? In Europe, there are old pharmacies that still exist in Dubrovnik, Croatia, located inside the Franciscan monastery, opened in 1317, and in Tallinn, Estonia, in the Town Hall Square, dating back to at least 1317.",0.34901960784313724,1317,QA_ANSWER,True
squad_82,syntactic_reordering,"How far does one pharmacy in Croatia date back to? In Europe there are old pharmacies still operating in Dubrovnik, Croatia, located inside the Franciscan monastery, opened in 1317; and in the Town Hall Square of Tallinn, Estonia, dating from at least","In Europe there are old pharmacies still operating in Dubrovnik, Croatia, located inside the Franciscan monastery, opened in 1317; and in the Town Hall Square of Tallinn, Estonia, dating from at least How far does one pharmacy in Croatia date back to?",0.4063745019920319,1317,QA_ANSWER,True
squad_82,syntactic_reordering,"How far does one pharmacy in Croatia date back to? In Europe there are old pharmacies still operating in Dubrovnik, Croatia, located inside the Franciscan monastery, opened in 1317; and in the Town Hall Square of Tallinn, Estonia, dating from at least","In Europe there are old pharmacies still operating in Dubrovnik, Croatia, located inside the Franciscan monastery, opened in 1317; and in the Town Hall Square of Tallinn, Estonia, dating from at least How far does one pharmacy in Croatia date back to?",0.4063745019920319,1317,QA_ANSWER,True
squad_83,back_translation,"What is the name of the supposition that there are infinite pairs of primes whose difference is 2? Many questions regarding prime numbers remain open, such as Goldbach's conjecture (that every even integer greater than 2 can be expressed as the sum of two primes), and the twin prime conjecture (tha","What is the name of the supposition that there are infinite pairs of prime numbers whose difference is 2? Many questions about prime numbers remain open, such as Goldbach's guess (that each even whole number can be expressed more than 2 than the sum of two prime numbers), and the two prime numbers guess (tha",0.2621359223300971,the twin prime conjecture,QA_ANSWER,True
squad_83,back_translation,"What is the name of the supposition that there are infinite pairs of primes whose difference is 2? Many questions regarding prime numbers remain open, such as Goldbach's conjecture (that every even integer greater than 2 can be expressed as the sum of two primes), and the twin prime conjecture (tha","What is the name of the supposition that there are infinite pairs of prime numbers whose difference is 2? Many questions about prime numbers remain open, such as Goldbach's guess (that each even whole number can be expressed more than 2 than the sum of two prime numbers), and the two prime numbers guess (tha",0.2621359223300971,the twin prime conjecture,QA_ANSWER,True
squad_83,controlled_paraphrase,"What is the name of the supposition that there are infinite pairs of primes whose difference is 2? Many questions regarding prime numbers remain open, such as Goldbach's conjecture (that every even integer greater than 2 can be expressed as the sum of two primes), and the twin prime conjecture (tha","What is the name of the conjecture that there are infinite pairs of primes with a difference of 2? There are many unanswered questions about primes, such as Goldbach's conjecture (that any even integer greater than 2 can be expressed as the sum of two primes), and the twin prime conjecture (that every even integer greater than 2 can be expressed as the sum of two primes).",0.37967914438502676,the twin prime conjecture,QA_ANSWER,True
squad_83,controlled_paraphrase,"What is the name of the supposition that there are infinite pairs of primes whose difference is 2? Many questions regarding prime numbers remain open, such as Goldbach's conjecture (that every even integer greater than 2 can be expressed as the sum of two primes), and the twin prime conjecture (tha","What is the name of the conjecture that there are infinite pairs of primes with a difference of 2? There are many unanswered questions about primes, such as Goldbach's conjecture (that any even integer greater than 2 can be expressed as the sum of two primes), and the twin prime conjecture (that every even integer greater than 2 can be expressed as the sum of two primes).",0.37967914438502676,the twin prime conjecture,QA_ANSWER,True
squad_84,back_translation,"What school was Walter Camp a captain for the football team? Harvard's athletic rivalry with Yale is intense in every sport in which they meet, coming to a climax each fall in the annual football meeting, which dates back to 1875 and is usually called simply ""T","What school was Walter Camp a captain for the football team? Harvard's sporting rivalry with Yale is intense in every sport in which they meet, coming to a climax every fall in the annual football meeting that goes back to 1875 and is usually simply called ""T",0.11877394636015326,former captain of the Yale football team,QA_ANSWER,True
squad_84,back_translation,"What school was Walter Camp a captain for the football team? Harvard's athletic rivalry with Yale is intense in every sport in which they meet, coming to a climax each fall in the annual football meeting, which dates back to 1875 and is usually called simply ""T","What school was Walter Camp a captain for the football team? Harvard's sporting rivalry with Yale is intense in every sport in which they meet, coming to a climax every fall in the annual football meeting that goes back to 1875 and is usually simply called ""T",0.11877394636015326,former captain of the Yale football team,QA_ANSWER,True
squad_84,synonym_substitution,"What school was Walter Camp a captain for the football team? Harvard's athletic rivalry with Yale is intense in every sport in which they meet, coming to a climax each fall in the annual football meeting, which dates back to 1875 and is usually called simply ""T","What school Washington Bruno Walter encampment a captain for the football team? Harvard's athletic rivalry with Yale is intense in every sport in which they meet, coming to a climax each fall in the annual football meeting, which dates back to 1875 and is usually called simply ""T",0.075,former captain of the Yale football team,QA_ANSWER,True
squad_84,synonym_substitution,"What school was Walter Camp a captain for the football team? Harvard's athletic rivalry with Yale is intense in every sport in which they meet, coming to a climax each fall in the annual football meeting, which dates back to 1875 and is usually called simply ""T","What school Washington Bruno Walter encampment a captain for the football team? Harvard's athletic rivalry with Yale is intense in every sport in which they meet, coming to a climax each fall in the annual football meeting, which dates back to 1875 and is usually called simply ""T",0.075,former captain of the Yale football team,QA_ANSWER,True
squad_84,syntactic_reordering,"What school was Walter Camp a captain for the football team? Harvard's athletic rivalry with Yale is intense in every sport in which they meet, coming to a climax each fall in the annual football meeting, which dates back to 1875 and is usually called simply ""T","Harvard's athletic rivalry with Yale is intense in every sport in which they meet, coming to a climax each fall in the annual football meeting, which dates back to 1875 and is usually called simply ""T What school was Walter Camp a captain for the football team?",0.4674329501915709,former captain of the Yale football team,QA_ANSWER,True
squad_84,syntactic_reordering,"What school was Walter Camp a captain for the football team? Harvard's athletic rivalry with Yale is intense in every sport in which they meet, coming to a climax each fall in the annual football meeting, which dates back to 1875 and is usually called simply ""T","Harvard's athletic rivalry with Yale is intense in every sport in which they meet, coming to a climax each fall in the annual football meeting, which dates back to 1875 and is usually called simply ""T What school was Walter Camp a captain for the football team?",0.4674329501915709,former captain of the Yale football team,QA_ANSWER,True
squad_85,back_translation,"What are the most active parts of ctenophora? The internal cavity forms: a mouth that can usually be closed by muscles; a pharynx (""throat""); a wider area in the center that acts as a stomach; and a system of internal canals. These branch through","What are the most active parts of the Ctenophora? The inner cavity forms: a mouth that can normally be closed by muscles; a pharynx (""throat""), a wider area in the middle that acts as a stomach; and a system of internal channels.",0.17886178861788618,the mouth and pharynx;,QA_ANSWER,True
squad_85,back_translation,"What are the most active parts of ctenophora? The internal cavity forms: a mouth that can usually be closed by muscles; a pharynx (""throat""); a wider area in the center that acts as a stomach; and a system of internal canals. These branch through","What are the most active parts of the Ctenophora? The inner cavity forms: a mouth that can normally be closed by muscles; a pharynx (""throat""), a wider area in the middle that acts as a stomach; and a system of internal channels.",0.17886178861788618,the mouth and pharynx;,QA_ANSWER,True
squad_85,controlled_paraphrase,"What are the most active parts of ctenophora? The internal cavity forms: a mouth that can usually be closed by muscles; a pharynx (""throat""); a wider area in the center that acts as a stomach; and a system of internal canals. These branch through","What parts of ctenophora are the most active? The internal cavity consists of a mouth that can be closed by muscles, a pharynx or throat, a wider area in the center that functions as a stomach, and a system of internal canals that branch through the body.",0.30980392156862746,the mouth and pharynx;,QA_ANSWER,True
squad_85,controlled_paraphrase,"What are the most active parts of ctenophora? The internal cavity forms: a mouth that can usually be closed by muscles; a pharynx (""throat""); a wider area in the center that acts as a stomach; and a system of internal canals. These branch through","What parts of ctenophora are the most active? The internal cavity consists of a mouth that can be closed by muscles, a pharynx or throat, a wider area in the center that functions as a stomach, and a system of internal canals that branch through the body.",0.30980392156862746,the mouth and pharynx;,QA_ANSWER,True
squad_85,syntactic_reordering,"What are the most active parts of ctenophora? The internal cavity forms: a mouth that can usually be closed by muscles; a pharynx (""throat""); a wider area in the center that acts as a stomach; and a system of internal canals. These branch through","These branch through The internal cavity forms: a mouth that can usually be closed by muscles; a pharynx (""throat""); a wider area in the center that acts as a stomach; and a system of internal canals. What are the most active parts of ctenophora?",0.2926829268292683,the mouth and pharynx;,QA_ANSWER,True
squad_85,syntactic_reordering,"What are the most active parts of ctenophora? The internal cavity forms: a mouth that can usually be closed by muscles; a pharynx (""throat""); a wider area in the center that acts as a stomach; and a system of internal canals. These branch through","These branch through The internal cavity forms: a mouth that can usually be closed by muscles; a pharynx (""throat""); a wider area in the center that acts as a stomach; and a system of internal canals. What are the most active parts of ctenophora?",0.2926829268292683,the mouth and pharynx;,QA_ANSWER,True
squad_87,syntactic_reordering,"What does pharmacy legislation mandate? In most countries, the dispensary is subject to pharmacy legislation; with requirements for storage conditions, compulsory texts, equipment, etc., specified in legislation. Where it was once the case ","Where it was once the case In most countries, the dispensary is subject to pharmacy legislation; with requirements for storage conditions, compulsory texts, equipment, etc., specified in legislation. What does pharmacy legislation mandate?",0.24166666666666667,"storage conditions, compulsory texts, equipment, etc.",QA_ANSWER,True
squad_87,syntactic_reordering,"What does pharmacy legislation mandate? In most countries, the dispensary is subject to pharmacy legislation; with requirements for storage conditions, compulsory texts, equipment, etc., specified in legislation. Where it was once the case ","Where it was once the case In most countries, the dispensary is subject to pharmacy legislation; with requirements for storage conditions, compulsory texts, equipment, etc., specified in legislation. What does pharmacy legislation mandate?",0.24166666666666667,"storage conditions, compulsory texts, equipment, etc.",QA_ANSWER,True
squad_88,back_translation,"When is Sky going to introduce UHD broadcasts? On 18 November 2015, Sky announced Sky Q, a range of products and services to be available in 2016. The Sky Q range consists of three set top boxes (Sky Q, Sky Q Silver and Sky Q Mini), a broadband ro","When will Sky UHD broadcasts be presented? On November 18, 2015, Sky Sky Q announced a series of products and services that will be available in 2016. The Sky Q series consists of three set top boxes (Sky Q, Sky Q Silver and Sky Q Mini), a broadband",0.2891566265060241,2016,QA_ANSWER,True
squad_88,back_translation,"When is Sky going to introduce UHD broadcasts? On 18 November 2015, Sky announced Sky Q, a range of products and services to be available in 2016. The Sky Q range consists of three set top boxes (Sky Q, Sky Q Silver and Sky Q Mini), a broadband ro","When will Sky UHD broadcasts be presented? On November 18, 2015, Sky Sky Q announced a series of products and services that will be available in 2016. The Sky Q series consists of three set top boxes (Sky Q, Sky Q Silver and Sky Q Mini), a broadband",0.2891566265060241,2016,QA_ANSWER,True
squad_88,synonym_substitution,"When is Sky going to introduce UHD broadcasts? On 18 November 2015, Sky announced Sky Q, a range of products and services to be available in 2016. The Sky Q range consists of three set top boxes (Sky Q, Sky Q Silver and Sky Q Mini), a broadband ro","When be Sky departure to present UHD broadcasts? On 18 November 2015, Sky announced Sky Q, a range of products and services to be available in 2016. The Sky Q range consists of three set top boxes (Sky Q, Sky Q Silver and Sky Q Mini), a broadband ro",0.07630522088353414,2016,QA_ANSWER,True
squad_88,synonym_substitution,"When is Sky going to introduce UHD broadcasts? On 18 November 2015, Sky announced Sky Q, a range of products and services to be available in 2016. The Sky Q range consists of three set top boxes (Sky Q, Sky Q Silver and Sky Q Mini), a broadband ro","When be Sky departure to present UHD broadcasts? On 18 November 2015, Sky announced Sky Q, a range of products and services to be available in 2016. The Sky Q range consists of three set top boxes (Sky Q, Sky Q Silver and Sky Q Mini), a broadband ro",0.07630522088353414,2016,QA_ANSWER,True
squad_89,back_translation,"How many scalar equations were formed into a set by James Maxwell? The origin of electric and magnetic fields would not be fully explained until 1864 when James Clerk Maxwell unified a number of earlier theories into a set of 20 scalar equations, which were later ref","How many scalar equations were formed into a set of James Maxwell? The origin of electric and magnetic fields would not be fully explained until 1864, when James Clerk Maxwell made a series of earlier theories to a set of 20 scalar equations that later ref",0.09737827715355805,20,QA_ANSWER,True
squad_89,back_translation,"How many scalar equations were formed into a set by James Maxwell? The origin of electric and magnetic fields would not be fully explained until 1864 when James Clerk Maxwell unified a number of earlier theories into a set of 20 scalar equations, which were later ref","How many scalar equations were formed into a set of James Maxwell? The origin of electric and magnetic fields would not be fully explained until 1864, when James Clerk Maxwell made a series of earlier theories to a set of 20 scalar equations that later ref",0.09737827715355805,20,QA_ANSWER,True
squad_89,controlled_paraphrase,"How many scalar equations were formed into a set by James Maxwell? The origin of electric and magnetic fields would not be fully explained until 1864 when James Clerk Maxwell unified a number of earlier theories into a set of 20 scalar equations, which were later ref","How many scalar equations were created by James Maxwell? The origin of electric and magnetic fields was not fully understood until 1864 when James Clerk Maxwell combined several previous theories into a set of 20 scalar equations, which were later refuted.",0.20599250936329588,20,QA_ANSWER,True
squad_89,controlled_paraphrase,"How many scalar equations were formed into a set by James Maxwell? The origin of electric and magnetic fields would not be fully explained until 1864 when James Clerk Maxwell unified a number of earlier theories into a set of 20 scalar equations, which were later ref","How many scalar equations were created by James Maxwell? The origin of electric and magnetic fields was not fully understood until 1864 when James Clerk Maxwell combined several previous theories into a set of 20 scalar equations, which were later refuted.",0.20599250936329588,20,QA_ANSWER,True
squad_89,syntactic_reordering,"How many scalar equations were formed into a set by James Maxwell? The origin of electric and magnetic fields would not be fully explained until 1864 when James Clerk Maxwell unified a number of earlier theories into a set of 20 scalar equations, which were later ref","The origin of electric and magnetic fields would not be fully explained until 1864 when James Clerk Maxwell unified a number of earlier theories into a set of 20 scalar equations, which were later ref How many scalar equations were formed into a set by James Maxwell?",0.50187265917603,20,QA_ANSWER,True
squad_89,syntactic_reordering,"How many scalar equations were formed into a set by James Maxwell? The origin of electric and magnetic fields would not be fully explained until 1864 when James Clerk Maxwell unified a number of earlier theories into a set of 20 scalar equations, which were later ref","The origin of electric and magnetic fields would not be fully explained until 1864 when James Clerk Maxwell unified a number of earlier theories into a set of 20 scalar equations, which were later ref How many scalar equations were formed into a set by James Maxwell?",0.50187265917603,20,QA_ANSWER,True
squad_91,back_translation,"What was the occupation of Joseph Priestley? In the meantime, on August 1, 1774, an experiment conducted by the British clergyman Joseph Priestley focused sunlight on mercuric oxide (HgO) inside a glass tube, which liberated a gas he named ""deph","What was the occupation of Joseph Priestley? Meanwhile, on August 1, 1774, an experiment carried out by the British clergyman Joseph Priestley, sunlight concentrated on Mercury Oxid (HgO) in a glass tube that freed a gas he called ""deph",0.2571428571428571,clergyman,QA_ANSWER,True
squad_91,back_translation,"What was the occupation of Joseph Priestley? In the meantime, on August 1, 1774, an experiment conducted by the British clergyman Joseph Priestley focused sunlight on mercuric oxide (HgO) inside a glass tube, which liberated a gas he named ""deph","What was the occupation of Joseph Priestley? Meanwhile, on August 1, 1774, an experiment carried out by the British clergyman Joseph Priestley, sunlight concentrated on Mercury Oxid (HgO) in a glass tube that freed a gas he called ""deph",0.2571428571428571,clergyman,QA_ANSWER,True
squad_91,synonym_substitution,"What was the occupation of Joseph Priestley? In the meantime, on August 1, 1774, an experiment conducted by the British clergyman Joseph Priestley focused sunlight on mercuric oxide (HgO) inside a glass tube, which liberated a gas he named ""deph","What Washington the business of Chief Joseph Priestley? In the meantime, on August 1, 1774, an experiment conducted by the British clergyman Joseph Priestley focused sunlight on mercuric oxide (HgO) inside a glass tube, which liberated a gas he named ""deph",0.0859375,clergyman,QA_ANSWER,True
squad_91,synonym_substitution,"What was the occupation of Joseph Priestley? In the meantime, on August 1, 1774, an experiment conducted by the British clergyman Joseph Priestley focused sunlight on mercuric oxide (HgO) inside a glass tube, which liberated a gas he named ""deph","What Washington the business of Chief Joseph Priestley? In the meantime, on August 1, 1774, an experiment conducted by the British clergyman Joseph Priestley focused sunlight on mercuric oxide (HgO) inside a glass tube, which liberated a gas he named ""deph",0.0859375,clergyman,QA_ANSWER,True
squad_91,syntactic_reordering,"What was the occupation of Joseph Priestley? In the meantime, on August 1, 1774, an experiment conducted by the British clergyman Joseph Priestley focused sunlight on mercuric oxide (HgO) inside a glass tube, which liberated a gas he named ""deph","In the meantime, on August 1, 1774, an experiment conducted by the British clergyman Joseph Priestley focused sunlight on mercuric oxide (HgO) inside a glass tube, which liberated a gas he named ""deph What was the occupation of Joseph Priestley?",0.3673469387755102,clergyman,QA_ANSWER,True
squad_91,syntactic_reordering,"What was the occupation of Joseph Priestley? In the meantime, on August 1, 1774, an experiment conducted by the British clergyman Joseph Priestley focused sunlight on mercuric oxide (HgO) inside a glass tube, which liberated a gas he named ""deph","In the meantime, on August 1, 1774, an experiment conducted by the British clergyman Joseph Priestley focused sunlight on mercuric oxide (HgO) inside a glass tube, which liberated a gas he named ""deph What was the occupation of Joseph Priestley?",0.3673469387755102,clergyman,QA_ANSWER,True
squad_93,synonym_substitution,"What is tuition for 2012 - 13 year at Harvard?  For the 2012–13 school year annual tuition was $38,000, with a total cost of attendance of $57,000. Beginning 2007, families with incomes below $60,000 pay nothing for their children to attend, includ","What be tuition fee for 2012 - thirteen year at Harvard? For the 2012–13 school year annual tuition was $38,000, with a total cost of attendance of $57,000. Beginning 2007, families with incomes below $60,000 pay nothing for their children to attend, includ",0.058365758754863814,"$38,000",QA_ANSWER,True
squad_93,synonym_substitution,"What is tuition for 2012 - 13 year at Harvard?  For the 2012–13 school year annual tuition was $38,000, with a total cost of attendance of $57,000. Beginning 2007, families with incomes below $60,000 pay nothing for their children to attend, includ","What be tuition fee for 2012 - thirteen year at Harvard? For the 2012–13 school year annual tuition was $38,000, with a total cost of attendance of $57,000. Beginning 2007, families with incomes below $60,000 pay nothing for their children to attend, includ",0.058365758754863814,"$38,000",QA_ANSWER,True
squad_96,back_translation,"what was the name of the other HD channel Virgin media could carry in the future? Virgin Media (re-branded in 2007 from NTL:Telewest) started to offer a high-definition television (HDTV) capable set top box, although from 30 November 2006 until 30 July 2009 it only carried one line","What was the name of the other HD channel that Virgin Media could wear in the future? Virgin Media (named from 2007 by NTL:Telewest) began to offer a high-definition television (HDTV) capable set top box, although from November 30, 2006 to July 30, 2009 it wore only one line",0.21631205673758866,Channel 4 HD,QA_ANSWER,True
squad_96,back_translation,"what was the name of the other HD channel Virgin media could carry in the future? Virgin Media (re-branded in 2007 from NTL:Telewest) started to offer a high-definition television (HDTV) capable set top box, although from 30 November 2006 until 30 July 2009 it only carried one line","What was the name of the other HD channel that Virgin Media could wear in the future? Virgin Media (named from 2007 by NTL:Telewest) began to offer a high-definition television (HDTV) capable set top box, although from November 30, 2006 to July 30, 2009 it wore only one line",0.21631205673758866,Channel 4 HD,QA_ANSWER,True
squad_96,controlled_paraphrase,"what was the name of the other HD channel Virgin media could carry in the future? Virgin Media (re-branded in 2007 from NTL:Telewest) started to offer a high-definition television (HDTV) capable set top box, although from 30 November 2006 until 30 July 2009 it only carried one line","What was the name of the other HD channel that Virgin Media could offer in the future? Virgin Media, re-branded in 2007 from NTL:Telewest, launched a set top box capable of HDTV, but only had one line of coverage from November 2006 to July 2009.",0.4078014184397163,Channel 4 HD,QA_ANSWER,True
squad_96,controlled_paraphrase,"what was the name of the other HD channel Virgin media could carry in the future? Virgin Media (re-branded in 2007 from NTL:Telewest) started to offer a high-definition television (HDTV) capable set top box, although from 30 November 2006 until 30 July 2009 it only carried one line","What was the name of the other HD channel that Virgin Media could offer in the future? Virgin Media, re-branded in 2007 from NTL:Telewest, launched a set top box capable of HDTV, but only had one line of coverage from November 2006 to July 2009.",0.4078014184397163,Channel 4 HD,QA_ANSWER,True
squad_96,synonym_substitution,"what was the name of the other HD channel Virgin media could carry in the future? Virgin Media (re-branded in 2007 from NTL:Telewest) started to offer a high-definition television (HDTV) capable set top box, although from 30 November 2006 until 30 July 2009 it only carried one line","what Washington the name of the other HD transmission channel Virgin medium could carry in the future? Virgin Media (re-branded in 2007 from NTL:Telewest) started to offer a high-definition television (HDTV) capable set top box, although from 30 November 2006 until 30 July 2009 it only carried one line",0.07590759075907591,Channel 4 HD,QA_ANSWER,True
squad_96,synonym_substitution,"what was the name of the other HD channel Virgin media could carry in the future? Virgin Media (re-branded in 2007 from NTL:Telewest) started to offer a high-definition television (HDTV) capable set top box, although from 30 November 2006 until 30 July 2009 it only carried one line","what Washington the name of the other HD transmission channel Virgin medium could carry in the future? Virgin Media (re-branded in 2007 from NTL:Telewest) started to offer a high-definition television (HDTV) capable set top box, although from 30 November 2006 until 30 July 2009 it only carried one line",0.07590759075907591,Channel 4 HD,QA_ANSWER,True
squad_96,syntactic_reordering,"what was the name of the other HD channel Virgin media could carry in the future? Virgin Media (re-branded in 2007 from NTL:Telewest) started to offer a high-definition television (HDTV) capable set top box, although from 30 November 2006 until 30 July 2009 it only carried one line","Virgin Media (re-branded in 2007 from NTL:Telewest) started to offer a high-definition television (HDTV) capable set top box, although from 30 November 2006 until 30 July 2009 it only carried one line what was the name of the other HD channel Virgin media could carry in the future?",0.5815602836879432,Channel 4 HD,QA_ANSWER,True
squad_96,syntactic_reordering,"what was the name of the other HD channel Virgin media could carry in the future? Virgin Media (re-branded in 2007 from NTL:Telewest) started to offer a high-definition television (HDTV) capable set top box, although from 30 November 2006 until 30 July 2009 it only carried one line","Virgin Media (re-branded in 2007 from NTL:Telewest) started to offer a high-definition television (HDTV) capable set top box, although from 30 November 2006 until 30 July 2009 it only carried one line what was the name of the other HD channel Virgin media could carry in the future?",0.5815602836879432,Channel 4 HD,QA_ANSWER,True
squad_98,back_translation,"Which month is the first in the year Parliament takes a two week vacation? Parliament typically sits Tuesdays, Wednesdays and Thursdays from early January to late June and from early September to mid December, with two-week recesses in April and October. Plenary meetings in ","What month is the first in the year in which Parliament takes two weeks' leave? Parliament usually sits on Tuesdays, Wednesdays and Thursdays from the beginning of January to the end of June and from the beginning of September to the middle of December, with two weeks' breaks in April and October.",0.3691275167785235,April,QA_ANSWER,True
squad_98,back_translation,"Which month is the first in the year Parliament takes a two week vacation? Parliament typically sits Tuesdays, Wednesdays and Thursdays from early January to late June and from early September to mid December, with two-week recesses in April and October. Plenary meetings in ","What month is the first in the year in which Parliament takes two weeks' leave? Parliament usually sits on Tuesdays, Wednesdays and Thursdays from the beginning of January to the end of June and from the beginning of September to the middle of December, with two weeks' breaks in April and October.",0.3691275167785235,April,QA_ANSWER,True
squad_98,synonym_substitution,"Which month is the first in the year Parliament takes a two week vacation? Parliament typically sits Tuesdays, Wednesdays and Thursdays from early January to late June and from early September to mid December, with two-week recesses in April and October. Plenary meetings in ","Which calendar month be the number one in the year Parliament takes a two week vacation? Parliament typically sits Tuesdays, Wednesdays and Thursdays from early January to late June and from early September to mid December, with two-week recesses in April and October. Plenary meetings in",0.07291666666666667,April,QA_ANSWER,True
squad_98,synonym_substitution,"Which month is the first in the year Parliament takes a two week vacation? Parliament typically sits Tuesdays, Wednesdays and Thursdays from early January to late June and from early September to mid December, with two-week recesses in April and October. Plenary meetings in ","Which calendar month be the number one in the year Parliament takes a two week vacation? Parliament typically sits Tuesdays, Wednesdays and Thursdays from early January to late June and from early September to mid December, with two-week recesses in April and October. Plenary meetings in",0.07291666666666667,April,QA_ANSWER,True
squad_98,syntactic_reordering,"Which month is the first in the year Parliament takes a two week vacation? Parliament typically sits Tuesdays, Wednesdays and Thursdays from early January to late June and from early September to mid December, with two-week recesses in April and October. Plenary meetings in ","Plenary meetings in Parliament typically sits Tuesdays, Wednesdays and Thursdays from early January to late June and from early September to mid December, with two-week recesses in April and October. Which month is the first in the year Parliament takes a two week vacation?",0.4581818181818182,April,QA_ANSWER,True
squad_98,syntactic_reordering,"Which month is the first in the year Parliament takes a two week vacation? Parliament typically sits Tuesdays, Wednesdays and Thursdays from early January to late June and from early September to mid December, with two-week recesses in April and October. Plenary meetings in ","Plenary meetings in Parliament typically sits Tuesdays, Wednesdays and Thursdays from early January to late June and from early September to mid December, with two-week recesses in April and October. Which month is the first in the year Parliament takes a two week vacation?",0.4581818181818182,April,QA_ANSWER,True
squad_100,back_translation,"Who concluded that the rising income inequality gap was not getting better? In 2014, economists with the Standard & Poor's rating agency concluded that the widening disparity between the U.S.'s wealthiest citizens and the rest of the nation had slowed its recovery from the 20",Who came to the conclusion that the growing income inequality is not getting better? In 2014 economists came to the conclusion with the rating agency Standard & Poor's that the growing disparity between the wealthiest US citizens and the rest of the nation had slowed down their recovery of the 20.,0.31208053691275167,Standard & Poor,QA_ANSWER,True
squad_100,back_translation,"Who concluded that the rising income inequality gap was not getting better? In 2014, economists with the Standard & Poor's rating agency concluded that the widening disparity between the U.S.'s wealthiest citizens and the rest of the nation had slowed its recovery from the 20",Who came to the conclusion that the growing income inequality is not getting better? In 2014 economists came to the conclusion with the rating agency Standard & Poor's that the growing disparity between the wealthiest US citizens and the rest of the nation had slowed down their recovery of the 20.,0.31208053691275167,Standard & Poor,QA_ANSWER,True
squad_100,controlled_paraphrase,"Who concluded that the rising income inequality gap was not getting better? In 2014, economists with the Standard & Poor's rating agency concluded that the widening disparity between the U.S.'s wealthiest citizens and the rest of the nation had slowed its recovery from the 20","Who declared that the income inequality gap was not improving? In 2014, economists with the Standard & Poor's rating agency stated that the increasing gap between the wealthiest Americans and the rest of the nation had impeded the country's turnaround from the 20th century.",0.3442028985507246,Standard & Poor,QA_ANSWER,True
squad_100,controlled_paraphrase,"Who concluded that the rising income inequality gap was not getting better? In 2014, economists with the Standard & Poor's rating agency concluded that the widening disparity between the U.S.'s wealthiest citizens and the rest of the nation had slowed its recovery from the 20","Who declared that the income inequality gap was not improving? In 2014, economists with the Standard & Poor's rating agency stated that the increasing gap between the wealthiest Americans and the rest of the nation had impeded the country's turnaround from the 20th century.",0.3442028985507246,Standard & Poor,QA_ANSWER,True
squad_100,synonym_substitution,"Who concluded that the rising income inequality gap was not getting better? In 2014, economists with the Standard & Poor's rating agency concluded that the widening disparity between the U.S.'s wealthiest citizens and the rest of the nation had slowed its recovery from the 20","World Health Organization reason that the rise income inequality gap was not getting better? In 2014, economists with the Standard & Poor's rating agency concluded that the widening disparity between the U.S.'s wealthiest citizens and the rest of the nation had slowed its recovery from the 20",0.10580204778156997,Standard & Poor,QA_ANSWER,True
squad_100,synonym_substitution,"Who concluded that the rising income inequality gap was not getting better? In 2014, economists with the Standard & Poor's rating agency concluded that the widening disparity between the U.S.'s wealthiest citizens and the rest of the nation had slowed its recovery from the 20","World Health Organization reason that the rise income inequality gap was not getting better? In 2014, economists with the Standard & Poor's rating agency concluded that the widening disparity between the U.S.'s wealthiest citizens and the rest of the nation had slowed its recovery from the 20",0.10580204778156997,Standard & Poor,QA_ANSWER,True
squad_100,syntactic_reordering,"Who concluded that the rising income inequality gap was not getting better? In 2014, economists with the Standard & Poor's rating agency concluded that the widening disparity between the U.S.'s wealthiest citizens and the rest of the nation had slowed its recovery from the 20","In 2014, economists with the Standard & Poor's rating agency concluded that the widening disparity between the U.S.'s wealthiest citizens and the rest of the nation had slowed its recovery from the 20 Who concluded that the rising income inequality gap was not getting better?",0.5507246376811594,Standard & Poor,QA_ANSWER,True
squad_100,syntactic_reordering,"Who concluded that the rising income inequality gap was not getting better? In 2014, economists with the Standard & Poor's rating agency concluded that the widening disparity between the U.S.'s wealthiest citizens and the rest of the nation had slowed its recovery from the 20","In 2014, economists with the Standard & Poor's rating agency concluded that the widening disparity between the U.S.'s wealthiest citizens and the rest of the nation had slowed its recovery from the 20 Who concluded that the rising income inequality gap was not getting better?",0.5507246376811594,Standard & Poor,QA_ANSWER,True
squad_101,back_translation,"Cydippids combs are controlled by what? Lobates have eight comb-rows, originating at the aboral pole and usually not extending beyond the body to the lobes; in species with (four) auricles, the cilia edging the auricles are extensions of ci","Cydippids combs are controlled by what? Lobates have eight comb lines that extend at the Aboral Pole and usually do not extend over the body to the rags; for species with (four) auricles, the cilia around the auricles are extensions of c",0.175,water disturbances created by the cilia,QA_ANSWER,True
squad_101,back_translation,"Cydippids combs are controlled by what? Lobates have eight comb-rows, originating at the aboral pole and usually not extending beyond the body to the lobes; in species with (four) auricles, the cilia edging the auricles are extensions of ci","Cydippids combs are controlled by what? Lobates have eight comb lines that extend at the Aboral Pole and usually do not extend over the body to the rags; for species with (four) auricles, the cilia around the auricles are extensions of c",0.175,water disturbances created by the cilia,QA_ANSWER,True
squad_101,controlled_paraphrase,"Cydippids combs are controlled by what? Lobates have eight comb-rows, originating at the aboral pole and usually not extending beyond the body to the lobes; in species with (four) auricles, the cilia edging the auricles are extensions of ci","What controls the combs in cydippids? Lobates exhibit eight comb-rows that start at the aboral pole and usually do not extend beyond the body to the lobes; in species with four auricles, the cilia edging the auricles are extensions of citricles.",0.2612244897959184,water disturbances created by the cilia,QA_ANSWER,True
squad_101,controlled_paraphrase,"Cydippids combs are controlled by what? Lobates have eight comb-rows, originating at the aboral pole and usually not extending beyond the body to the lobes; in species with (four) auricles, the cilia edging the auricles are extensions of ci","What controls the combs in cydippids? Lobates exhibit eight comb-rows that start at the aboral pole and usually do not extend beyond the body to the lobes; in species with four auricles, the cilia edging the auricles are extensions of citricles.",0.2612244897959184,water disturbances created by the cilia,QA_ANSWER,True
squad_101,syntactic_reordering,"Cydippids combs are controlled by what? Lobates have eight comb-rows, originating at the aboral pole and usually not extending beyond the body to the lobes; in species with (four) auricles, the cilia edging the auricles are extensions of ci","Lobates have eight comb-rows, originating at the aboral pole and usually not extending beyond the body to the lobes; in species with (four) auricles, the cilia edging the auricles are extensions of ci Cydippids combs are controlled by what?",0.3333333333333333,water disturbances created by the cilia,QA_ANSWER,True
squad_101,syntactic_reordering,"Cydippids combs are controlled by what? Lobates have eight comb-rows, originating at the aboral pole and usually not extending beyond the body to the lobes; in species with (four) auricles, the cilia edging the auricles are extensions of ci","Lobates have eight comb-rows, originating at the aboral pole and usually not extending beyond the body to the lobes; in species with (four) auricles, the cilia edging the auricles are extensions of ci Cydippids combs are controlled by what?",0.3333333333333333,water disturbances created by the cilia,QA_ANSWER,True
squad_102,synonym_substitution,"How did Celeron feel about Native relations? In his extensively detailed report, Céloron wrote, ""All I can say is that the Natives of these localities are very badly disposed towards the French, and are entirely devoted to the English. I don't k","How make Celeron feel astir indigen relations? In his extensively detailed report, Céloron wrote, ""All I can say is that the Natives of these localities are very badly disposed towards the French, and are entirely devoted to the English. I don't k",0.05263157894736842,"very badly disposed towards the French, and are entirely devoted to the English",QA_ANSWER,True
squad_102,synonym_substitution,"How did Celeron feel about Native relations? In his extensively detailed report, Céloron wrote, ""All I can say is that the Natives of these localities are very badly disposed towards the French, and are entirely devoted to the English. I don't k","How make Celeron feel astir indigen relations? In his extensively detailed report, Céloron wrote, ""All I can say is that the Natives of these localities are very badly disposed towards the French, and are entirely devoted to the English. I don't k",0.05263157894736842,"very badly disposed towards the French, and are entirely devoted to the English",QA_ANSWER,True
squad_102,syntactic_reordering,"How did Celeron feel about Native relations? In his extensively detailed report, Céloron wrote, ""All I can say is that the Natives of these localities are very badly disposed towards the French, and are entirely devoted to the English. I don't k","I don't k In his extensively detailed report, Céloron wrote, ""All I can say is that the Natives of these localities are very badly disposed towards the French, and are entirely devoted to the English. How did Celeron feel about Native relations?",0.31020408163265306,"very badly disposed towards the French, and are entirely devoted to the English",QA_ANSWER,True
squad_102,syntactic_reordering,"How did Celeron feel about Native relations? In his extensively detailed report, Céloron wrote, ""All I can say is that the Natives of these localities are very badly disposed towards the French, and are entirely devoted to the English. I don't k","I don't k In his extensively detailed report, Céloron wrote, ""All I can say is that the Natives of these localities are very badly disposed towards the French, and are entirely devoted to the English. How did Celeron feel about Native relations?",0.31020408163265306,"very badly disposed towards the French, and are entirely devoted to the English",QA_ANSWER,True
squad_103,back_translation,"In a type III secretion system, proteins are transported to the host cell in order to do what? The success of any pathogen depends on its ability to elude host immune responses. Therefore, pathogens evolved several methods that allow them to successfully infect a host, while evading detection o","In a type III secretion system, proteins are transported to the host cell to do what? The success of a pathogen depends on its ability to escape host immune responses. Therefore, pathogens have developed several methods that enable them to successfully infect a host while avoiding detection.",0.11864406779661017,shut down host defenses,QA_ANSWER,True
squad_103,back_translation,"In a type III secretion system, proteins are transported to the host cell in order to do what? The success of any pathogen depends on its ability to elude host immune responses. Therefore, pathogens evolved several methods that allow them to successfully infect a host, while evading detection o","In a type III secretion system, proteins are transported to the host cell to do what? The success of a pathogen depends on its ability to escape host immune responses. Therefore, pathogens have developed several methods that enable them to successfully infect a host while avoiding detection.",0.11864406779661017,shut down host defenses,QA_ANSWER,True
squad_103,controlled_paraphrase,"In a type III secretion system, proteins are transported to the host cell in order to do what? The success of any pathogen depends on its ability to elude host immune responses. Therefore, pathogens evolved several methods that allow them to successfully infect a host, while evading detection o","Pathogens use a type III secretion system to transport proteins to host cells, but their ability to evade host immune responses necessitates the use of various techniques to infect the host and avoid detection.",0.5457627118644067,shut down host defenses,QA_ANSWER,True
squad_103,controlled_paraphrase,"In a type III secretion system, proteins are transported to the host cell in order to do what? The success of any pathogen depends on its ability to elude host immune responses. Therefore, pathogens evolved several methods that allow them to successfully infect a host, while evading detection o","Pathogens use a type III secretion system to transport proteins to host cells, but their ability to evade host immune responses necessitates the use of various techniques to infect the host and avoid detection.",0.5457627118644067,shut down host defenses,QA_ANSWER,True
squad_104,back_translation,What has a classification system for construction companies? The Standard Industrial Classification and the newer North American Industry Classification System have a classification system for companies that perform or otherwise engage in construction. To recog,What does a classification system have for construction companies? The standard industrial classification and the newer North American industrial classification system have a classification system for companies active in the construction industry or in other ways.,0.23863636363636365,The Standard Industrial Classification and the newer North American Industry Classification System,QA_ANSWER,True
squad_104,back_translation,What has a classification system for construction companies? The Standard Industrial Classification and the newer North American Industry Classification System have a classification system for companies that perform or otherwise engage in construction. To recog,What does a classification system have for construction companies? The standard industrial classification and the newer North American industrial classification system have a classification system for companies active in the construction industry or in other ways.,0.23863636363636365,The Standard Industrial Classification and the newer North American Industry Classification System,QA_ANSWER,True
squad_104,controlled_paraphrase,What has a classification system for construction companies? The Standard Industrial Classification and the newer North American Industry Classification System have a classification system for companies that perform or otherwise engage in construction. To recog,Which classification systems are applicable to construction companies? The Standard Industrial Classification and North American Industry Classification System both have a classification system for construction companies.,0.36015325670498083,The Standard Industrial Classification and the newer North American Industry Classification System,QA_ANSWER,True
squad_104,controlled_paraphrase,What has a classification system for construction companies? The Standard Industrial Classification and the newer North American Industry Classification System have a classification system for companies that perform or otherwise engage in construction. To recog,Which classification systems are applicable to construction companies? The Standard Industrial Classification and North American Industry Classification System both have a classification system for construction companies.,0.36015325670498083,The Standard Industrial Classification and the newer North American Industry Classification System,QA_ANSWER,True
squad_104,syntactic_reordering,What has a classification system for construction companies? The Standard Industrial Classification and the newer North American Industry Classification System have a classification system for companies that perform or otherwise engage in construction. To recog,To recog The Standard Industrial Classification and the newer North American Industry Classification System have a classification system for companies that perform or otherwise engage in construction. What has a classification system for construction companies?,0.421455938697318,The Standard Industrial Classification and the newer North American Industry Classification System,QA_ANSWER,True
squad_104,syntactic_reordering,What has a classification system for construction companies? The Standard Industrial Classification and the newer North American Industry Classification System have a classification system for companies that perform or otherwise engage in construction. To recog,To recog The Standard Industrial Classification and the newer North American Industry Classification System have a classification system for companies that perform or otherwise engage in construction. What has a classification system for construction companies?,0.421455938697318,The Standard Industrial Classification and the newer North American Industry Classification System,QA_ANSWER,True
squad_105,controlled_paraphrase,"How many square kilometers is the Amazon Basin? The Amazon rainforest (Portuguese: Floresta Amazônica or Amazônia; Spanish: Selva Amazónica, Amazonía or usually Amazonia; French: Forêt amazonienne; Dutch: Amazoneregenwoud), also known in English as","What is the square kilometer measurement of the Amazon Basin? The Amazon rainforest, also called Floresta Amazônica or Amazônia in Portuguese, Selva Amazónica, Amazona, or usually Amazonia in Spanish, Forêt amazonienne, or Amazoneregenwoud in Dutch, is also known as the Amazon rainforest in English.",0.35333333333333333,"7,000,000 square kilometres (2,70",QA_ANSWER,True
squad_105,controlled_paraphrase,"How many square kilometers is the Amazon Basin? The Amazon rainforest (Portuguese: Floresta Amazônica or Amazônia; Spanish: Selva Amazónica, Amazonía or usually Amazonia; French: Forêt amazonienne; Dutch: Amazoneregenwoud), also known in English as","What is the square kilometer measurement of the Amazon Basin? The Amazon rainforest, also called Floresta Amazônica or Amazônia in Portuguese, Selva Amazónica, Amazona, or usually Amazonia in Spanish, Forêt amazonienne, or Amazoneregenwoud in Dutch, is also known as the Amazon rainforest in English.",0.35333333333333333,"7,000,000 square kilometres (2,70",QA_ANSWER,True
squad_105,syntactic_reordering,"How many square kilometers is the Amazon Basin? The Amazon rainforest (Portuguese: Floresta Amazônica or Amazônia; Spanish: Selva Amazónica, Amazonía or usually Amazonia; French: Forêt amazonienne; Dutch: Amazoneregenwoud), also known in English as","The Amazon rainforest (Portuguese: Floresta Amazônica or Amazônia; Spanish: Selva Amazónica, Amazonía or usually Amazonia; French: Forêt amazonienne; Dutch: Amazoneregenwoud), also known in English as How many square kilometers is the Amazon Basin?",0.3870967741935484,"7,000,000 square kilometres (2,70",QA_ANSWER,True
squad_105,syntactic_reordering,"How many square kilometers is the Amazon Basin? The Amazon rainforest (Portuguese: Floresta Amazônica or Amazônia; Spanish: Selva Amazónica, Amazonía or usually Amazonia; French: Forêt amazonienne; Dutch: Amazoneregenwoud), also known in English as","The Amazon rainforest (Portuguese: Floresta Amazônica or Amazônia; Spanish: Selva Amazónica, Amazonía or usually Amazonia; French: Forêt amazonienne; Dutch: Amazoneregenwoud), also known in English as How many square kilometers is the Amazon Basin?",0.3870967741935484,"7,000,000 square kilometres (2,70",QA_ANSWER,True
squad_107,back_translation,"Who killed Harold II?  In 1066, Duke William II of Normandy conquered England killing King Harold II at the Battle of Hastings. The invading Normans and their descendants replaced the Anglo-Saxons as the ruling class of Eng",Who killed Harold II? In 1066 Duke William II conquered England from Normandy and killed King Harold II in the Battle of Hastings. The invading Normans and their descendants replaced the Anglo-Saxons as the ruling class of Eng,0.14601769911504425,William II,QA_ANSWER,True
squad_107,back_translation,"Who killed Harold II?  In 1066, Duke William II of Normandy conquered England killing King Harold II at the Battle of Hastings. The invading Normans and their descendants replaced the Anglo-Saxons as the ruling class of Eng",Who killed Harold II? In 1066 Duke William II conquered England from Normandy and killed King Harold II in the Battle of Hastings. The invading Normans and their descendants replaced the Anglo-Saxons as the ruling class of Eng,0.14601769911504425,William II,QA_ANSWER,True
squad_108,controlled_paraphrase,"In which two codes were the roles of pharmacists codified? In Japan, at the end of the Asuka period (538–710) and the early Nara period (710–794), the men who fulfilled roles similar to those of modern pharmacists were highly respected. The place of pharmacis","What were the two codes that pharmacists were assigned? In Japan, during the Asuka period (538-710) and the early Nara period (710-794), individuals who fulfilled roles similar to those of modern pharmacists were held in high esteem. The pharmacological profession was placed in the same category as other professions.",0.44025157232704404,the Taihō Code (701) and re-stated in the Yōrō Code (718),QA_ANSWER,True
squad_108,controlled_paraphrase,"In which two codes were the roles of pharmacists codified? In Japan, at the end of the Asuka period (538–710) and the early Nara period (710–794), the men who fulfilled roles similar to those of modern pharmacists were highly respected. The place of pharmacis","What were the two codes that pharmacists were assigned? In Japan, during the Asuka period (538-710) and the early Nara period (710-794), individuals who fulfilled roles similar to those of modern pharmacists were held in high esteem. The pharmacological profession was placed in the same category as other professions.",0.44025157232704404,the Taihō Code (701) and re-stated in the Yōrō Code (718),QA_ANSWER,True
squad_108,syntactic_reordering,"In which two codes were the roles of pharmacists codified? In Japan, at the end of the Asuka period (538–710) and the early Nara period (710–794), the men who fulfilled roles similar to those of modern pharmacists were highly respected. The place of pharmacis","The place of pharmacis In Japan, at the end of the Asuka period (538–710) and the early Nara period (710–794), the men who fulfilled roles similar to those of modern pharmacists were highly respected. In which two codes were the roles of pharmacists codified?",0.3166023166023166,the Taihō Code (701) and re-stated in the Yōrō Code (718),QA_ANSWER,True
squad_108,syntactic_reordering,"In which two codes were the roles of pharmacists codified? In Japan, at the end of the Asuka period (538–710) and the early Nara period (710–794), the men who fulfilled roles similar to those of modern pharmacists were highly respected. The place of pharmacis","The place of pharmacis In Japan, at the end of the Asuka period (538–710) and the early Nara period (710–794), the men who fulfilled roles similar to those of modern pharmacists were highly respected. In which two codes were the roles of pharmacists codified?",0.3166023166023166,the Taihō Code (701) and re-stated in the Yōrō Code (718),QA_ANSWER,True
squad_109,back_translation,"When was the scale to measure the Rhine introduced?  The length of the Rhine is conventionally measured in ""Rhine-kilometers"" (Rheinkilometer), a scale introduced in 1939 which runs from the Old Rhine Bridge at Constance (0 km) to Hoek van Holland (1036","When was the scale introduced to measure the Rhine? The length of the Rhine is conventionally measured in ""Rheinkmo"" (Rheinkmo), a scale introduced in 1939, which runs from the Altrheinbrücke in Konstanz (0 km) to Hoek van Holland (1036).",0.23715415019762845,1939,QA_ANSWER,True
squad_109,back_translation,"When was the scale to measure the Rhine introduced?  The length of the Rhine is conventionally measured in ""Rhine-kilometers"" (Rheinkilometer), a scale introduced in 1939 which runs from the Old Rhine Bridge at Constance (0 km) to Hoek van Holland (1036","When was the scale introduced to measure the Rhine? The length of the Rhine is conventionally measured in ""Rheinkmo"" (Rheinkmo), a scale introduced in 1939, which runs from the Altrheinbrücke in Konstanz (0 km) to Hoek van Holland (1036).",0.23715415019762845,1939,QA_ANSWER,True
squad_109,controlled_paraphrase,"When was the scale to measure the Rhine introduced?  The length of the Rhine is conventionally measured in ""Rhine-kilometers"" (Rheinkilometer), a scale introduced in 1939 which runs from the Old Rhine Bridge at Constance (0 km) to Hoek van Holland (1036","What is the year of the introduction of the Rhine's measurement scale? The Rhine's length is traditionally measured in ""Rhine-kilometers"" (Rheinkilometer), which was established in 1939 and spans from the Old Rhine Bridge in Constance (0 km) to Hoek van Holland (1036 km).",0.35294117647058826,1939,QA_ANSWER,True
squad_109,controlled_paraphrase,"When was the scale to measure the Rhine introduced?  The length of the Rhine is conventionally measured in ""Rhine-kilometers"" (Rheinkilometer), a scale introduced in 1939 which runs from the Old Rhine Bridge at Constance (0 km) to Hoek van Holland (1036","What is the year of the introduction of the Rhine's measurement scale? The Rhine's length is traditionally measured in ""Rhine-kilometers"" (Rheinkilometer), which was established in 1939 and spans from the Old Rhine Bridge in Constance (0 km) to Hoek van Holland (1036 km).",0.35294117647058826,1939,QA_ANSWER,True
squad_109,synonym_substitution,"When was the scale to measure the Rhine introduced?  The length of the Rhine is conventionally measured in ""Rhine-kilometers"" (Rheinkilometer), a scale introduced in 1939 which runs from the Old Rhine Bridge at Constance (0 km) to Hoek van Holland (1036","When Washington the scale of measurement to step the Rhine introduced? The length of the Rhine is conventionally measured in ""Rhine-kilometers"" (Rheinkilometer), a scale introduced in 1939 which runs from the Old Rhine Bridge at Constance (0 km) to Hoek van Holland (1036",0.08487084870848709,1939,QA_ANSWER,True
squad_109,synonym_substitution,"When was the scale to measure the Rhine introduced?  The length of the Rhine is conventionally measured in ""Rhine-kilometers"" (Rheinkilometer), a scale introduced in 1939 which runs from the Old Rhine Bridge at Constance (0 km) to Hoek van Holland (1036","When Washington the scale of measurement to step the Rhine introduced? The length of the Rhine is conventionally measured in ""Rhine-kilometers"" (Rheinkilometer), a scale introduced in 1939 which runs from the Old Rhine Bridge at Constance (0 km) to Hoek van Holland (1036",0.08487084870848709,1939,QA_ANSWER,True
squad_109,syntactic_reordering,"When was the scale to measure the Rhine introduced?  The length of the Rhine is conventionally measured in ""Rhine-kilometers"" (Rheinkilometer), a scale introduced in 1939 which runs from the Old Rhine Bridge at Constance (0 km) to Hoek van Holland (1036","The length of the Rhine is conventionally measured in ""Rhine-kilometers"" (Rheinkilometer), a scale introduced in 1939 which runs from the Old Rhine Bridge at Constance (0 km) to Hoek van Holland (1036 When was the scale to measure the Rhine introduced?  ",0.421259842519685,1939,QA_ANSWER,True
squad_109,syntactic_reordering,"When was the scale to measure the Rhine introduced?  The length of the Rhine is conventionally measured in ""Rhine-kilometers"" (Rheinkilometer), a scale introduced in 1939 which runs from the Old Rhine Bridge at Constance (0 km) to Hoek van Holland (1036","The length of the Rhine is conventionally measured in ""Rhine-kilometers"" (Rheinkilometer), a scale introduced in 1939 which runs from the Old Rhine Bridge at Constance (0 km) to Hoek van Holland (1036 When was the scale to measure the Rhine introduced?  ",0.421259842519685,1939,QA_ANSWER,True
squad_110,back_translation,"What happens after the lead melts? Lead fusible plugs may be present in the crown of the boiler's firebox. If the water level drops, such that the temperature of the firebox crown increases significantly, the lead melts and the steam e","What happens after the lead melt? Lead fusible plugs can be present in the crown of the boiler fire box. When the water level drops, so that the temperature of the fire box crown increases significantly, the lead melts and the steam e",0.059574468085106386,steam escapes,QA_ANSWER,True
squad_110,back_translation,"What happens after the lead melts? Lead fusible plugs may be present in the crown of the boiler's firebox. If the water level drops, such that the temperature of the firebox crown increases significantly, the lead melts and the steam e","What happens after the lead melt? Lead fusible plugs can be present in the crown of the boiler fire box. When the water level drops, so that the temperature of the fire box crown increases significantly, the lead melts and the steam e",0.059574468085106386,steam escapes,QA_ANSWER,True
squad_112,back_translation,"Why might rats not be responsible for the plague? In addition to arguing that the rat population was insufficient to account for a bubonic plague pandemic, sceptics of the bubonic plague theory point out that the symptoms of the Black Death are not u","Why could rats not be responsible for the plague? In addition to the argument that the rat population was not sufficient to explain a bubonic plague pandemic, skeptics of the bubonic plague theory point out that the symptoms of black death are not",0.144,the rat population was insufficient,QA_ANSWER,True
squad_112,back_translation,"Why might rats not be responsible for the plague? In addition to arguing that the rat population was insufficient to account for a bubonic plague pandemic, sceptics of the bubonic plague theory point out that the symptoms of the Black Death are not u","Why could rats not be responsible for the plague? In addition to the argument that the rat population was not sufficient to explain a bubonic plague pandemic, skeptics of the bubonic plague theory point out that the symptoms of black death are not",0.144,the rat population was insufficient,QA_ANSWER,True
squad_112,controlled_paraphrase,"Why might rats not be responsible for the plague? In addition to arguing that the rat population was insufficient to account for a bubonic plague pandemic, sceptics of the bubonic plague theory point out that the symptoms of the Black Death are not u","How is it possible that rats were not responsible for the plague? They also contend that the rat population was insufficient to explain a bubonic plague outbreak, and that the symptoms of the Black Death are not a result of human error.",0.516,the rat population was insufficient,QA_ANSWER,True
squad_112,controlled_paraphrase,"Why might rats not be responsible for the plague? In addition to arguing that the rat population was insufficient to account for a bubonic plague pandemic, sceptics of the bubonic plague theory point out that the symptoms of the Black Death are not u","How is it possible that rats were not responsible for the plague? They also contend that the rat population was insufficient to explain a bubonic plague outbreak, and that the symptoms of the Black Death are not a result of human error.",0.516,the rat population was insufficient,QA_ANSWER,True
squad_112,synonym_substitution,"Why might rats not be responsible for the plague? In addition to arguing that the rat population was insufficient to account for a bubonic plague pandemic, sceptics of the bubonic plague theory point out that the symptoms of the Black Death are not u","wherefore mightiness rat not be responsible for the plague? In addition to arguing that the rat population was insufficient to account for a bubonic plague pandemic, sceptics of the bubonic plague theory point out that the symptoms of the Black Death are not u",0.05384615384615385,the rat population was insufficient,QA_ANSWER,True
squad_112,synonym_substitution,"Why might rats not be responsible for the plague? In addition to arguing that the rat population was insufficient to account for a bubonic plague pandemic, sceptics of the bubonic plague theory point out that the symptoms of the Black Death are not u","wherefore mightiness rat not be responsible for the plague? In addition to arguing that the rat population was insufficient to account for a bubonic plague pandemic, sceptics of the bubonic plague theory point out that the symptoms of the Black Death are not u",0.05384615384615385,the rat population was insufficient,QA_ANSWER,True
squad_112,syntactic_reordering,"Why might rats not be responsible for the plague? In addition to arguing that the rat population was insufficient to account for a bubonic plague pandemic, sceptics of the bubonic plague theory point out that the symptoms of the Black Death are not u","In addition to arguing that the rat population was insufficient to account for a bubonic plague pandemic, sceptics of the bubonic plague theory point out that the symptoms of the Black Death are not u Why might rats not be responsible for the plague?",0.4,the rat population was insufficient,QA_ANSWER,True
squad_112,syntactic_reordering,"Why might rats not be responsible for the plague? In addition to arguing that the rat population was insufficient to account for a bubonic plague pandemic, sceptics of the bubonic plague theory point out that the symptoms of the Black Death are not u","In addition to arguing that the rat population was insufficient to account for a bubonic plague pandemic, sceptics of the bubonic plague theory point out that the symptoms of the Black Death are not u Why might rats not be responsible for the plague?",0.4,the rat population was insufficient,QA_ANSWER,True
squad_115,controlled_paraphrase,"Who ordered Loudoun to attack Louisbourg? Loudoun, a capable administrator but a cautious field commander, planned one major operation for 1757: an attack on New France's capital, Quebec. Leaving a sizable force at Fort William Henry to distr","Who was responsible for commanding Loudoun to attack Louisbourg in 1757? Loudoun, a capable administrator but a cautious commander, planned a major operation for 1757: an assault on Quebec, the capital of New France. This left a significant force stationed at Fort William Henry to suffer the consequences.",0.39869281045751637,William Pitt,QA_ANSWER,True
squad_115,controlled_paraphrase,"Who ordered Loudoun to attack Louisbourg? Loudoun, a capable administrator but a cautious field commander, planned one major operation for 1757: an attack on New France's capital, Quebec. Leaving a sizable force at Fort William Henry to distr","Who was responsible for commanding Loudoun to attack Louisbourg in 1757? Loudoun, a capable administrator but a cautious commander, planned a major operation for 1757: an assault on Quebec, the capital of New France. This left a significant force stationed at Fort William Henry to suffer the consequences.",0.39869281045751637,William Pitt,QA_ANSWER,True
squad_115,synonym_substitution,"Who ordered Loudoun to attack Louisbourg? Loudoun, a capable administrator but a cautious field commander, planned one major operation for 1757: an attack on New France's capital, Quebec. Leaving a sizable force at Fort William Henry to distr","World Health Organization order Loudoun to onslaught Louisbourg? Loudoun, a capable administrator but a cautious field commander, planned one major operation for 1757: an attack on New France's capital, Quebec. Leaving a sizable force at Fort William Henry to distr",0.12075471698113208,William Pitt,QA_ANSWER,True
squad_115,synonym_substitution,"Who ordered Loudoun to attack Louisbourg? Loudoun, a capable administrator but a cautious field commander, planned one major operation for 1757: an attack on New France's capital, Quebec. Leaving a sizable force at Fort William Henry to distr","World Health Organization order Loudoun to onslaught Louisbourg? Loudoun, a capable administrator but a cautious field commander, planned one major operation for 1757: an attack on New France's capital, Quebec. Leaving a sizable force at Fort William Henry to distr",0.12075471698113208,William Pitt,QA_ANSWER,True
squad_115,syntactic_reordering,"Who ordered Loudoun to attack Louisbourg? Loudoun, a capable administrator but a cautious field commander, planned one major operation for 1757: an attack on New France's capital, Quebec. Leaving a sizable force at Fort William Henry to distr","Leaving a sizable force at Fort William Henry to distr Loudoun, a capable administrator but a cautious field commander, planned one major operation for 1757: an attack on New France's capital, Quebec. Who ordered Loudoun to attack Louisbourg?",0.38016528925619836,William Pitt,QA_ANSWER,True
squad_115,syntactic_reordering,"Who ordered Loudoun to attack Louisbourg? Loudoun, a capable administrator but a cautious field commander, planned one major operation for 1757: an attack on New France's capital, Quebec. Leaving a sizable force at Fort William Henry to distr","Leaving a sizable force at Fort William Henry to distr Loudoun, a capable administrator but a cautious field commander, planned one major operation for 1757: an attack on New France's capital, Quebec. Who ordered Loudoun to attack Louisbourg?",0.38016528925619836,William Pitt,QA_ANSWER,True
squad_116,back_translation,"Rock units become thicker and shorten when placed under this type of compression.  When rock units are placed under horizontal compression, they shorten and become thicker. Because rock units, other than muds, do not significantly change in volume, this is accomplished in two primar","Rock units become thicker and shorter when placed under this type of compression. When rock units are placed under horizontal compression, shorten and become thicker. Since rock units, except mud, do not significantly change volume, this is achieved in two primary ones.",0.13780918727915195,horizontal compression,QA_ANSWER,True
squad_116,back_translation,"Rock units become thicker and shorten when placed under this type of compression.  When rock units are placed under horizontal compression, they shorten and become thicker. Because rock units, other than muds, do not significantly change in volume, this is accomplished in two primar","Rock units become thicker and shorter when placed under this type of compression. When rock units are placed under horizontal compression, shorten and become thicker. Since rock units, except mud, do not significantly change volume, this is achieved in two primary ones.",0.13780918727915195,horizontal compression,QA_ANSWER,True
squad_116,synonym_substitution,"Rock units become thicker and shorten when placed under this type of compression.  When rock units are placed under horizontal compression, they shorten and become thicker. Because rock units, other than muds, do not significantly change in volume, this is accomplished in two primar","stone unit of measurement go thicker and shorten when placed under this type of compression. When rock units are placed under horizontal compression, they shorten and become thicker. Because rock units, other than muds, do not significantly change in volume, this is accomplished in two primar",0.06484641638225255,horizontal compression,QA_ANSWER,True
squad_116,synonym_substitution,"Rock units become thicker and shorten when placed under this type of compression.  When rock units are placed under horizontal compression, they shorten and become thicker. Because rock units, other than muds, do not significantly change in volume, this is accomplished in two primar","stone unit of measurement go thicker and shorten when placed under this type of compression. When rock units are placed under horizontal compression, they shorten and become thicker. Because rock units, other than muds, do not significantly change in volume, this is accomplished in two primar",0.06484641638225255,horizontal compression,QA_ANSWER,True
squad_116,syntactic_reordering,"Rock units become thicker and shorten when placed under this type of compression.  When rock units are placed under horizontal compression, they shorten and become thicker. Because rock units, other than muds, do not significantly change in volume, this is accomplished in two primar","Because rock units, other than muds, do not significantly change in volume, this is accomplished in two primar When rock units are placed under horizontal compression, they shorten and become thicker. Rock units become thicker and shorten when placed under this type of compression.  ",0.5492957746478874,horizontal compression,QA_ANSWER,True
squad_116,syntactic_reordering,"Rock units become thicker and shorten when placed under this type of compression.  When rock units are placed under horizontal compression, they shorten and become thicker. Because rock units, other than muds, do not significantly change in volume, this is accomplished in two primar","Because rock units, other than muds, do not significantly change in volume, this is accomplished in two primar When rock units are placed under horizontal compression, they shorten and become thicker. Rock units become thicker and shorten when placed under this type of compression.  ",0.5492957746478874,horizontal compression,QA_ANSWER,True
squad_118,synonym_substitution,"What is it called when there is an active attempt to overthrow a government or belief system? Non-revolutionary civil disobedience is a simple disobedience of laws on the grounds that they are judged ""wrong"" by an individual conscience, or as part of an effort to render certain laws ineffectiv","What be information technology name when there is an active attempt to overthrow a government or belief system? Non-revolutionary civil disobedience is a simple disobedience of laws on the grounds that they are judged ""wrong"" by an individual conscience, or as part of an effort to render certain laws ineffectiv",0.07692307692307693,Revolutionary civil disobedience,QA_ANSWER,True
squad_118,synonym_substitution,"What is it called when there is an active attempt to overthrow a government or belief system? Non-revolutionary civil disobedience is a simple disobedience of laws on the grounds that they are judged ""wrong"" by an individual conscience, or as part of an effort to render certain laws ineffectiv","What be information technology name when there is an active attempt to overthrow a government or belief system? Non-revolutionary civil disobedience is a simple disobedience of laws on the grounds that they are judged ""wrong"" by an individual conscience, or as part of an effort to render certain laws ineffectiv",0.07692307692307693,Revolutionary civil disobedience,QA_ANSWER,True
squad_119,back_translation,"Who discovered pottery found on Black Hammock Island? The area of the modern city of Jacksonville has been inhabited for thousands of years. On Black Hammock Island in the national Timucuan Ecological and Historic Preserve, a University of North Florida ","Who discovered ceramics found on Black Hammock Island? The area of the modern city of Jacksonville has been inhabited for thousands of years. On Black Hammock Island in the national Timucuan ecological and historical Preserve, a university of North Florida",0.0546875,a University of North Florida team,QA_ANSWER,True
squad_119,back_translation,"Who discovered pottery found on Black Hammock Island? The area of the modern city of Jacksonville has been inhabited for thousands of years. On Black Hammock Island in the national Timucuan Ecological and Historic Preserve, a University of North Florida ","Who discovered ceramics found on Black Hammock Island? The area of the modern city of Jacksonville has been inhabited for thousands of years. On Black Hammock Island in the national Timucuan ecological and historical Preserve, a university of North Florida",0.0546875,a University of North Florida team,QA_ANSWER,True
squad_119,controlled_paraphrase,"Who discovered pottery found on Black Hammock Island? The area of the modern city of Jacksonville has been inhabited for thousands of years. On Black Hammock Island in the national Timucuan Ecological and Historic Preserve, a University of North Florida ","Who discovered pottery on Black Hammock Island? Jacksonville's area has been inhabited for thousands of years. Black Hammock Island is part of the Timucuan Ecological and Historic Preserve, which is owned by the University of North Florida.",0.3188976377952756,a University of North Florida team,QA_ANSWER,True
squad_119,controlled_paraphrase,"Who discovered pottery found on Black Hammock Island? The area of the modern city of Jacksonville has been inhabited for thousands of years. On Black Hammock Island in the national Timucuan Ecological and Historic Preserve, a University of North Florida ","Who discovered pottery on Black Hammock Island? Jacksonville's area has been inhabited for thousands of years. Black Hammock Island is part of the Timucuan Ecological and Historic Preserve, which is owned by the University of North Florida.",0.3188976377952756,a University of North Florida team,QA_ANSWER,True
squad_122,back_translation,Secular Arab nationalism was blamed for both the defeat of Arab troops as well as what type of stagnation? The quick and decisive defeat of the Arab troops during the Six-Day War by Israeli troops constituted a pivotal event in the Arab Muslim world. The defeat along with economic stagnation in the defeate,The secular Arab nationalism was blamed both for the defeat of the Arab troops and for what kind of stagnation? The rapid and decisive defeat of the Arab troops during the six-day war by Israeli troops was a central event in the Arab Muslim world. The defeat along with economic stagnation in defeat,0.18241042345276873,economic,QA_ANSWER,True
squad_122,back_translation,Secular Arab nationalism was blamed for both the defeat of Arab troops as well as what type of stagnation? The quick and decisive defeat of the Arab troops during the Six-Day War by Israeli troops constituted a pivotal event in the Arab Muslim world. The defeat along with economic stagnation in the defeate,The secular Arab nationalism was blamed both for the defeat of the Arab troops and for what kind of stagnation? The rapid and decisive defeat of the Arab troops during the six-day war by Israeli troops was a central event in the Arab Muslim world. The defeat along with economic stagnation in defeat,0.18241042345276873,economic,QA_ANSWER,True
squad_122,syntactic_reordering,Secular Arab nationalism was blamed for both the defeat of Arab troops as well as what type of stagnation? The quick and decisive defeat of the Arab troops during the Six-Day War by Israeli troops constituted a pivotal event in the Arab Muslim world. The defeat along with economic stagnation in the defeate,The defeat along with economic stagnation in the defeate The quick and decisive defeat of the Arab troops during the Six-Day War by Israeli troops constituted a pivotal event in the Arab Muslim world. Secular Arab nationalism was blamed for both the defeat of Arab troops as well as what type of stagnation?,0.5407166123778502,economic,QA_ANSWER,True
squad_122,syntactic_reordering,Secular Arab nationalism was blamed for both the defeat of Arab troops as well as what type of stagnation? The quick and decisive defeat of the Arab troops during the Six-Day War by Israeli troops constituted a pivotal event in the Arab Muslim world. The defeat along with economic stagnation in the defeate,The defeat along with economic stagnation in the defeate The quick and decisive defeat of the Arab troops during the Six-Day War by Israeli troops constituted a pivotal event in the Arab Muslim world. Secular Arab nationalism was blamed for both the defeat of Arab troops as well as what type of stagnation?,0.5407166123778502,economic,QA_ANSWER,True
squad_123,back_translation,"What present day county is New Rochelle in? New Rochelle, located in the county of Westchester on the north shore of Long Island Sound, seemed to be the great location of the Huguenots in New York. It is said that they landed on the coastline p","New Rochelle, located in the county of Westchester on the north bank of Long Island Sound, seemed to be the great location of the Huguenots in New York. It is said that they landed on the coast p",0.21721311475409835,Westchester,QA_ANSWER,True
squad_123,back_translation,"What present day county is New Rochelle in? New Rochelle, located in the county of Westchester on the north shore of Long Island Sound, seemed to be the great location of the Huguenots in New York. It is said that they landed on the coastline p","New Rochelle, located in the county of Westchester on the north bank of Long Island Sound, seemed to be the great location of the Huguenots in New York. It is said that they landed on the coast p",0.21721311475409835,Westchester,QA_ANSWER,True
squad_123,controlled_paraphrase,"What present day county is New Rochelle in? New Rochelle, located in the county of Westchester on the north shore of Long Island Sound, seemed to be the great location of the Huguenots in New York. It is said that they landed on the coastline p","What is the current county of New Rochelle? It was located in Westchester County on the north shore of Long Island Sound, which was reputed to be the favorite spot for the Huguenots in New York. It is said that they landed on the coast in the early 19th century.",0.3893129770992366,Westchester,QA_ANSWER,True
squad_123,controlled_paraphrase,"What present day county is New Rochelle in? New Rochelle, located in the county of Westchester on the north shore of Long Island Sound, seemed to be the great location of the Huguenots in New York. It is said that they landed on the coastline p","What is the current county of New Rochelle? It was located in Westchester County on the north shore of Long Island Sound, which was reputed to be the favorite spot for the Huguenots in New York. It is said that they landed on the coast in the early 19th century.",0.3893129770992366,Westchester,QA_ANSWER,True
squad_123,synonym_substitution,"What present day county is New Rochelle in? New Rochelle, located in the county of Westchester on the north shore of Long Island Sound, seemed to be the great location of the Huguenots in New York. It is said that they landed on the coastline p","What nowadays twenty-four hours county be New Rochelle in? New Rochelle, located in the county of Westchester on the north shore of Long Island Sound, seemed to be the great location of the Huguenots in New York. It is said that they landed on the coastline p",0.0888030888030888,Westchester,QA_ANSWER,True
squad_123,synonym_substitution,"What present day county is New Rochelle in? New Rochelle, located in the county of Westchester on the north shore of Long Island Sound, seemed to be the great location of the Huguenots in New York. It is said that they landed on the coastline p","What nowadays twenty-four hours county be New Rochelle in? New Rochelle, located in the county of Westchester on the north shore of Long Island Sound, seemed to be the great location of the Huguenots in New York. It is said that they landed on the coastline p",0.0888030888030888,Westchester,QA_ANSWER,True
squad_123,syntactic_reordering,"What present day county is New Rochelle in? New Rochelle, located in the county of Westchester on the north shore of Long Island Sound, seemed to be the great location of the Huguenots in New York. It is said that they landed on the coastline p","It is said that they landed on the coastline p New Rochelle, located in the county of Westchester on the north shore of Long Island Sound, seemed to be the great location of the Huguenots in New York. What present day county is New Rochelle in?",0.29508196721311475,Westchester,QA_ANSWER,True
squad_123,syntactic_reordering,"What present day county is New Rochelle in? New Rochelle, located in the county of Westchester on the north shore of Long Island Sound, seemed to be the great location of the Huguenots in New York. It is said that they landed on the coastline p","It is said that they landed on the coastline p New Rochelle, located in the county of Westchester on the north shore of Long Island Sound, seemed to be the great location of the Huguenots in New York. What present day county is New Rochelle in?",0.29508196721311475,Westchester,QA_ANSWER,True
squad_125,back_translation,"What was the pedestrian mall renamed? Fulton Street in Downtown Fresno was Fresno's main financial and commercial district before being converted into one of the nation's first pedestrian malls in 1964. Renamed the Fulton Mall, the area c","What was the pedestrian zone renamed? Fulton Street in Downtown Fresno was Fresno's main financial and business district before being converted into one of the nation's first pedestrian zones in 1964. Renamed Fulton Mall, the area c",0.09243697478991597,Fulton Mall,QA_ANSWER,True
squad_125,back_translation,"What was the pedestrian mall renamed? Fulton Street in Downtown Fresno was Fresno's main financial and commercial district before being converted into one of the nation's first pedestrian malls in 1964. Renamed the Fulton Mall, the area c","What was the pedestrian zone renamed? Fulton Street in Downtown Fresno was Fresno's main financial and business district before being converted into one of the nation's first pedestrian zones in 1964. Renamed Fulton Mall, the area c",0.09243697478991597,Fulton Mall,QA_ANSWER,True
squad_125,controlled_paraphrase,"What was the pedestrian mall renamed? Fulton Street in Downtown Fresno was Fresno's main financial and commercial district before being converted into one of the nation's first pedestrian malls in 1964. Renamed the Fulton Mall, the area c","What was the original name of the pedestrian mall? Until 1964, Fulton Street in Downtown Fresno was the city's primary financial and commercial district. It was later renamed the Fulton Mall, which became one of the nation's first pedestrian malls.",0.5282258064516129,Fulton Mall,QA_ANSWER,True
squad_125,controlled_paraphrase,"What was the pedestrian mall renamed? Fulton Street in Downtown Fresno was Fresno's main financial and commercial district before being converted into one of the nation's first pedestrian malls in 1964. Renamed the Fulton Mall, the area c","What was the original name of the pedestrian mall? Until 1964, Fulton Street in Downtown Fresno was the city's primary financial and commercial district. It was later renamed the Fulton Mall, which became one of the nation's first pedestrian malls.",0.5282258064516129,Fulton Mall,QA_ANSWER,True
squad_125,synonym_substitution,"What was the pedestrian mall renamed? Fulton Street in Downtown Fresno was Fresno's main financial and commercial district before being converted into one of the nation's first pedestrian malls in 1964. Renamed the Fulton Mall, the area c","What Washington the walker promenade renamed? Fulton Street in Downtown Fresno was Fresno's main financial and commercial district before being converted into one of the nation's first pedestrian malls in 1964. Renamed the Fulton Mall, the area c",0.08943089430894309,Fulton Mall,QA_ANSWER,True
squad_125,synonym_substitution,"What was the pedestrian mall renamed? Fulton Street in Downtown Fresno was Fresno's main financial and commercial district before being converted into one of the nation's first pedestrian malls in 1964. Renamed the Fulton Mall, the area c","What Washington the walker promenade renamed? Fulton Street in Downtown Fresno was Fresno's main financial and commercial district before being converted into one of the nation's first pedestrian malls in 1964. Renamed the Fulton Mall, the area c",0.08943089430894309,Fulton Mall,QA_ANSWER,True
squad_125,syntactic_reordering,"What was the pedestrian mall renamed? Fulton Street in Downtown Fresno was Fresno's main financial and commercial district before being converted into one of the nation's first pedestrian malls in 1964. Renamed the Fulton Mall, the area c","Renamed the Fulton Mall, the area c Fulton Street in Downtown Fresno was Fresno's main financial and commercial district before being converted into one of the nation's first pedestrian malls in 1964. What was the pedestrian mall renamed?",0.21008403361344538,Fulton Mall,QA_ANSWER,True
squad_125,syntactic_reordering,"What was the pedestrian mall renamed? Fulton Street in Downtown Fresno was Fresno's main financial and commercial district before being converted into one of the nation's first pedestrian malls in 1964. Renamed the Fulton Mall, the area c","Renamed the Fulton Mall, the area c Fulton Street in Downtown Fresno was Fresno's main financial and commercial district before being converted into one of the nation's first pedestrian malls in 1964. What was the pedestrian mall renamed?",0.21008403361344538,Fulton Mall,QA_ANSWER,True
squad_126,back_translation,When did Zhu Shijie die? Advances in polynomial algebra were made by mathematicians during the Yuan era. The mathematician Zhu Shijie (1249–1314) solved simultaneous equations with up to four unknowns using a rectangular arra,When did Zhu Shijie die? Progress in polynomial algebra were made by mathematicians during the Yuan era. The mathematician Zhu Shijie (1249–1314) solved simultaneous alignments with up to four unknowns with a rectangular arra,0.08444444444444445,1314,QA_ANSWER,True
squad_126,back_translation,When did Zhu Shijie die? Advances in polynomial algebra were made by mathematicians during the Yuan era. The mathematician Zhu Shijie (1249–1314) solved simultaneous equations with up to four unknowns using a rectangular arra,When did Zhu Shijie die? Progress in polynomial algebra were made by mathematicians during the Yuan era. The mathematician Zhu Shijie (1249–1314) solved simultaneous alignments with up to four unknowns with a rectangular arra,0.08444444444444445,1314,QA_ANSWER,True
squad_126,synonym_substitution,When did Zhu Shijie die? Advances in polynomial algebra were made by mathematicians during the Yuan era. The mathematician Zhu Shijie (1249–1314) solved simultaneous equations with up to four unknowns using a rectangular arra,When make Zhu Shijie die? progress inch polynomial algebra were made by mathematicians during the Yuan era. The mathematician Zhu Shijie (1249–1314) solved simultaneous equations with up to four unknowns using a rectangular arra,0.05701754385964912,1314,QA_ANSWER,True
squad_126,synonym_substitution,When did Zhu Shijie die? Advances in polynomial algebra were made by mathematicians during the Yuan era. The mathematician Zhu Shijie (1249–1314) solved simultaneous equations with up to four unknowns using a rectangular arra,When make Zhu Shijie die? progress inch polynomial algebra were made by mathematicians during the Yuan era. The mathematician Zhu Shijie (1249–1314) solved simultaneous equations with up to four unknowns using a rectangular arra,0.05701754385964912,1314,QA_ANSWER,True
squad_127,back_translation,"What are the components of drug therapy? The clinical pharmacist's role involves creating a comprehensive drug therapy plan for patient-specific problems, identifying goals of therapy, and reviewing all prescribed medications prior to dispen","What are the components of drug therapy? The role of the clinical pharmacist is to create a comprehensive drug treatment plan for patient-specific problems, to identify treatment targets and to check all prescribed drugs before dispensing.",0.34854771784232363,"drug choice, dose, route, frequency, and duration of therapy",QA_ANSWER,True
squad_127,back_translation,"What are the components of drug therapy? The clinical pharmacist's role involves creating a comprehensive drug therapy plan for patient-specific problems, identifying goals of therapy, and reviewing all prescribed medications prior to dispen","What are the components of drug therapy? The role of the clinical pharmacist is to create a comprehensive drug treatment plan for patient-specific problems, to identify treatment targets and to check all prescribed drugs before dispensing.",0.34854771784232363,"drug choice, dose, route, frequency, and duration of therapy",QA_ANSWER,True
squad_127,syntactic_reordering,"What are the components of drug therapy? The clinical pharmacist's role involves creating a comprehensive drug therapy plan for patient-specific problems, identifying goals of therapy, and reviewing all prescribed medications prior to dispen","The clinical pharmacist's role involves creating a comprehensive drug therapy plan for patient-specific problems, identifying goals of therapy, and reviewing all prescribed medications prior to dispen What are the components of drug therapy?",0.34024896265560167,"drug choice, dose, route, frequency, and duration of therapy",QA_ANSWER,True
squad_127,syntactic_reordering,"What are the components of drug therapy? The clinical pharmacist's role involves creating a comprehensive drug therapy plan for patient-specific problems, identifying goals of therapy, and reviewing all prescribed medications prior to dispen","The clinical pharmacist's role involves creating a comprehensive drug therapy plan for patient-specific problems, identifying goals of therapy, and reviewing all prescribed medications prior to dispen What are the components of drug therapy?",0.34024896265560167,"drug choice, dose, route, frequency, and duration of therapy",QA_ANSWER,True
squad_130,back_translation,"While producing oxygen, what gas does a zeolite sieve absorb? The other major method of producing O
2 gas involves passing a stream of clean, dry air through one bed of a pair of identical zeolite molecular sieves, which absorbs the nitrogen and delivers a gas s","In the production of oxygen, which gas absorbs a zeolite sieve? The other important method of producing O 2 gas is to produce a stream of clean, dry air through a bed of a pair of identical zeolite molecule sieves that absorbs the nitrogen and delivers a gas s",0.21374045801526717,nitrogen,QA_ANSWER,True
squad_130,back_translation,"While producing oxygen, what gas does a zeolite sieve absorb? The other major method of producing O
2 gas involves passing a stream of clean, dry air through one bed of a pair of identical zeolite molecular sieves, which absorbs the nitrogen and delivers a gas s","In the production of oxygen, which gas absorbs a zeolite sieve? The other important method of producing O 2 gas is to produce a stream of clean, dry air through a bed of a pair of identical zeolite molecule sieves that absorbs the nitrogen and delivers a gas s",0.21374045801526717,nitrogen,QA_ANSWER,True
squad_130,controlled_paraphrase,"While producing oxygen, what gas does a zeolite sieve absorb? The other major method of producing O
2 gas involves passing a stream of clean, dry air through one bed of a pair of identical zeolite molecular sieves, which absorbs the nitrogen and delivers a gas s","What is the gas that is absorbed by a zeolite sieve during the process of obtaining oxygen? The other significant technique for producing O2 gas is by passing a pure, dry air through one of two identical zeolite molecular sieves, which then absorbs nitrogen and delivers a gas shunt.",0.4664310954063604,nitrogen,QA_ANSWER,True
squad_130,controlled_paraphrase,"While producing oxygen, what gas does a zeolite sieve absorb? The other major method of producing O
2 gas involves passing a stream of clean, dry air through one bed of a pair of identical zeolite molecular sieves, which absorbs the nitrogen and delivers a gas s","What is the gas that is absorbed by a zeolite sieve during the process of obtaining oxygen? The other significant technique for producing O2 gas is by passing a pure, dry air through one of two identical zeolite molecular sieves, which then absorbs nitrogen and delivers a gas shunt.",0.4664310954063604,nitrogen,QA_ANSWER,True
squad_130,synonym_substitution,"While producing oxygen, what gas does a zeolite sieve absorb? The other major method of producing O
2 gas involves passing a stream of clean, dry air through one bed of a pair of identical zeolite molecular sieves, which absorbs the nitrogen and delivers a gas s","piece produce oxygen, what gaseous state does a zeolite sieve absorb? The other major method of producing O 2 gas involves passing a stream of clean, dry air through one bed of a pair of identical zeolite molecular sieves, which absorbs the nitrogen and delivers a gas s",0.06666666666666667,nitrogen,QA_ANSWER,True
squad_130,synonym_substitution,"While producing oxygen, what gas does a zeolite sieve absorb? The other major method of producing O
2 gas involves passing a stream of clean, dry air through one bed of a pair of identical zeolite molecular sieves, which absorbs the nitrogen and delivers a gas s","piece produce oxygen, what gaseous state does a zeolite sieve absorb? The other major method of producing O 2 gas involves passing a stream of clean, dry air through one bed of a pair of identical zeolite molecular sieves, which absorbs the nitrogen and delivers a gas s",0.06666666666666667,nitrogen,QA_ANSWER,True
squad_130,syntactic_reordering,"While producing oxygen, what gas does a zeolite sieve absorb? The other major method of producing O
2 gas involves passing a stream of clean, dry air through one bed of a pair of identical zeolite molecular sieves, which absorbs the nitrogen and delivers a gas s","The other major method of producing O
2 gas involves passing a stream of clean, dry air through one bed of a pair of identical zeolite molecular sieves, which absorbs the nitrogen and delivers a gas s While producing oxygen, what gas does a zeolite sieve absorb?",0.4732824427480916,nitrogen,QA_ANSWER,True
squad_130,syntactic_reordering,"While producing oxygen, what gas does a zeolite sieve absorb? The other major method of producing O
2 gas involves passing a stream of clean, dry air through one bed of a pair of identical zeolite molecular sieves, which absorbs the nitrogen and delivers a gas s","The other major method of producing O
2 gas involves passing a stream of clean, dry air through one bed of a pair of identical zeolite molecular sieves, which absorbs the nitrogen and delivers a gas s While producing oxygen, what gas does a zeolite sieve absorb?",0.4732824427480916,nitrogen,QA_ANSWER,True
squad_136,back_translation,"In what year did the Amazon experience a drought that may have been more extreme than in 2005? In 2010 the Amazon rainforest experienced another severe drought, in some ways more extreme than the 2005 drought. The affected region was approximate 1,160,000 square miles (3,000,000 km2) of rainfor","In what year did the Amazon experienced a drought that was possibly more extreme than in 2005? In 2010, the Amazon rain forest experienced another severe drought, in some ways more extreme than the drought in 2005. The affected region was about 1,160,000 square kilometers (3,000,000 km2) of rain for",0.13666666666666666,2010,QA_ANSWER,True
squad_136,back_translation,"In what year did the Amazon experience a drought that may have been more extreme than in 2005? In 2010 the Amazon rainforest experienced another severe drought, in some ways more extreme than the 2005 drought. The affected region was approximate 1,160,000 square miles (3,000,000 km2) of rainfor","In what year did the Amazon experienced a drought that was possibly more extreme than in 2005? In 2010, the Amazon rain forest experienced another severe drought, in some ways more extreme than the drought in 2005. The affected region was about 1,160,000 square kilometers (3,000,000 km2) of rain for",0.13666666666666666,2010,QA_ANSWER,True
squad_136,controlled_paraphrase,"In what year did the Amazon experience a drought that may have been more extreme than in 2005? In 2010 the Amazon rainforest experienced another severe drought, in some ways more extreme than the 2005 drought. The affected region was approximate 1,160,000 square miles (3,000,000 km2) of rainfor","In 2010, the Amazon rainforest faced another severe drought, which may have been more severe than in 2005. The area affected was roughly 1,160,000 square miles (3,000,000 km2) of rainforested land in 2010.",0.5864406779661017,2010,QA_ANSWER,True
squad_136,controlled_paraphrase,"In what year did the Amazon experience a drought that may have been more extreme than in 2005? In 2010 the Amazon rainforest experienced another severe drought, in some ways more extreme than the 2005 drought. The affected region was approximate 1,160,000 square miles (3,000,000 km2) of rainfor","In 2010, the Amazon rainforest faced another severe drought, which may have been more severe than in 2005. The area affected was roughly 1,160,000 square miles (3,000,000 km2) of rainforested land in 2010.",0.5864406779661017,2010,QA_ANSWER,True
squad_136,synonym_substitution,"In what year did the Amazon experience a drought that may have been more extreme than in 2005? In 2010 the Amazon rainforest experienced another severe drought, in some ways more extreme than the 2005 drought. The affected region was approximate 1,160,000 square miles (3,000,000 km2) of rainfor","inch what twelvemonth make the Amazon experience a drought that may have been more extreme than in 2005? In 2010 the Amazon rainforest experienced another severe drought, in some ways more extreme than the 2005 drought. The affected region was approximate 1,160,000 square miles (3,000,000 km2) of rainfor",0.05573770491803279,2010,QA_ANSWER,True
squad_136,synonym_substitution,"In what year did the Amazon experience a drought that may have been more extreme than in 2005? In 2010 the Amazon rainforest experienced another severe drought, in some ways more extreme than the 2005 drought. The affected region was approximate 1,160,000 square miles (3,000,000 km2) of rainfor","inch what twelvemonth make the Amazon experience a drought that may have been more extreme than in 2005? In 2010 the Amazon rainforest experienced another severe drought, in some ways more extreme than the 2005 drought. The affected region was approximate 1,160,000 square miles (3,000,000 km2) of rainfor",0.05573770491803279,2010,QA_ANSWER,True
squad_136,syntactic_reordering,"In what year did the Amazon experience a drought that may have been more extreme than in 2005? In 2010 the Amazon rainforest experienced another severe drought, in some ways more extreme than the 2005 drought. The affected region was approximate 1,160,000 square miles (3,000,000 km2) of rainfor","The affected region was approximate 1,160,000 square miles (3,000,000 km2) of rainfor In 2010 the Amazon rainforest experienced another severe drought, in some ways more extreme than the 2005 drought. In what year did the Amazon experience a drought that may have been more extreme than in 2005?",0.535593220338983,2010,QA_ANSWER,True
squad_136,syntactic_reordering,"In what year did the Amazon experience a drought that may have been more extreme than in 2005? In 2010 the Amazon rainforest experienced another severe drought, in some ways more extreme than the 2005 drought. The affected region was approximate 1,160,000 square miles (3,000,000 km2) of rainfor","The affected region was approximate 1,160,000 square miles (3,000,000 km2) of rainfor In 2010 the Amazon rainforest experienced another severe drought, in some ways more extreme than the 2005 drought. In what year did the Amazon experience a drought that may have been more extreme than in 2005?",0.535593220338983,2010,QA_ANSWER,True
squad_137,back_translation,"If q=9 and a=3,6 or 9, how many primes would be in the progression? can have infinitely many primes only when a and q are coprime, i.e., their greatest common divisor is one. If this necessary condition is satisfied, Dirichlet's theorem on arithmetic progressions asse","If q=9 and a=3,6 or 9, how many prime numbers would be in progression? can have infinitely many prime numbers only if a and q are coprime, i.e., their greatest common divisor is one. If this necessary condition is met, Dirichlet's theorem on arithmetic progressions ass",0.11524163568773234,at most one prime number,QA_ANSWER,True
squad_137,back_translation,"If q=9 and a=3,6 or 9, how many primes would be in the progression? can have infinitely many primes only when a and q are coprime, i.e., their greatest common divisor is one. If this necessary condition is satisfied, Dirichlet's theorem on arithmetic progressions asse","If q=9 and a=3,6 or 9, how many prime numbers would be in progression? can have infinitely many prime numbers only if a and q are coprime, i.e., their greatest common divisor is one. If this necessary condition is met, Dirichlet's theorem on arithmetic progressions ass",0.11524163568773234,at most one prime number,QA_ANSWER,True
squad_137,syntactic_reordering,"If q=9 and a=3,6 or 9, how many primes would be in the progression? can have infinitely many primes only when a and q are coprime, i.e., their greatest common divisor is one. If this necessary condition is satisfied, Dirichlet's theorem on arithmetic progressions asse","If this necessary condition is satisfied, Dirichlet's theorem on arithmetic progressions asse can have infinitely many primes only when a and q are coprime, i.e., their greatest common divisor is one. If q=9 and a=3,6 or 9, how many primes would be in the progression?",0.44776119402985076,at most one prime number,QA_ANSWER,True
squad_137,syntactic_reordering,"If q=9 and a=3,6 or 9, how many primes would be in the progression? can have infinitely many primes only when a and q are coprime, i.e., their greatest common divisor is one. If this necessary condition is satisfied, Dirichlet's theorem on arithmetic progressions asse","If this necessary condition is satisfied, Dirichlet's theorem on arithmetic progressions asse can have infinitely many primes only when a and q are coprime, i.e., their greatest common divisor is one. If q=9 and a=3,6 or 9, how many primes would be in the progression?",0.44776119402985076,at most one prime number,QA_ANSWER,True
squad_140,back_translation,"On what date did the first railway trip in the world occur? The first full-scale working railway steam locomotive was built by Richard Trevithick in the United Kingdom and, on 21 February 1804, the world's first railway journey took place as Trevithick's unnam",The first full-fledged railway steam locomotive was built by Richard Trevithick in the United Kingdom and on 21 February 1804 the first railway journey in the world took place as the Unnam of Trevithick.,0.4423076923076923,21 February 1804,QA_ANSWER,True
squad_140,back_translation,"On what date did the first railway trip in the world occur? The first full-scale working railway steam locomotive was built by Richard Trevithick in the United Kingdom and, on 21 February 1804, the world's first railway journey took place as Trevithick's unnam",The first full-fledged railway steam locomotive was built by Richard Trevithick in the United Kingdom and on 21 February 1804 the first railway journey in the world took place as the Unnam of Trevithick.,0.4423076923076923,21 February 1804,QA_ANSWER,True
squad_140,controlled_paraphrase,"On what date did the first railway trip in the world occur? The first full-scale working railway steam locomotive was built by Richard Trevithick in the United Kingdom and, on 21 February 1804, the world's first railway journey took place as Trevithick's unnam","When did the world's first railway journey happen? Richard Trevithick built the first full-scale working railway steam locomotive in the United Kingdom, and on 21 February 1804, Trevithick's unnamed steam locomotive was used for the world's first railway journey.",0.5703422053231939,21 February 1804,QA_ANSWER,True
squad_140,controlled_paraphrase,"On what date did the first railway trip in the world occur? The first full-scale working railway steam locomotive was built by Richard Trevithick in the United Kingdom and, on 21 February 1804, the world's first railway journey took place as Trevithick's unnam","When did the world's first railway journey happen? Richard Trevithick built the first full-scale working railway steam locomotive in the United Kingdom, and on 21 February 1804, Trevithick's unnamed steam locomotive was used for the world's first railway journey.",0.5703422053231939,21 February 1804,QA_ANSWER,True
squad_140,synonym_substitution,"On what date did the first railway trip in the world occur? The first full-scale working railway steam locomotive was built by Richard Trevithick in the United Kingdom and, on 21 February 1804, the world's first railway journey took place as Trevithick's unnam","On what day of the month make the number one railway trip in the world occur? The first full-scale working railway steam locomotive was built by Richard Trevithick in the United Kingdom and, on 21 February 1804, the world's first railway journey took place as Trevithick's unnam",0.08992805755395683,21 February 1804,QA_ANSWER,True
squad_140,synonym_substitution,"On what date did the first railway trip in the world occur? The first full-scale working railway steam locomotive was built by Richard Trevithick in the United Kingdom and, on 21 February 1804, the world's first railway journey took place as Trevithick's unnam","On what day of the month make the number one railway trip in the world occur? The first full-scale working railway steam locomotive was built by Richard Trevithick in the United Kingdom and, on 21 February 1804, the world's first railway journey took place as Trevithick's unnam",0.08992805755395683,21 February 1804,QA_ANSWER,True
squad_140,syntactic_reordering,"On what date did the first railway trip in the world occur? The first full-scale working railway steam locomotive was built by Richard Trevithick in the United Kingdom and, on 21 February 1804, the world's first railway journey took place as Trevithick's unnam","The first full-scale working railway steam locomotive was built by Richard Trevithick in the United Kingdom and, on 21 February 1804, the world's first railway journey took place as Trevithick's unnam On what date did the first railway trip in the world occur?",0.46153846153846156,21 February 1804,QA_ANSWER,True
squad_140,syntactic_reordering,"On what date did the first railway trip in the world occur? The first full-scale working railway steam locomotive was built by Richard Trevithick in the United Kingdom and, on 21 February 1804, the world's first railway journey took place as Trevithick's unnam","The first full-scale working railway steam locomotive was built by Richard Trevithick in the United Kingdom and, on 21 February 1804, the world's first railway journey took place as Trevithick's unnam On what date did the first railway trip in the world occur?",0.46153846153846156,21 February 1804,QA_ANSWER,True
squad_141,synonym_substitution,"What is the lower canal regulation of the Rhine? A regulation of the Rhine was called for, with an upper canal near Diepoldsau and a lower canal at Fußach, in order to counteract the constant flooding and strong sedimentation in the western Rhine De","What be the lower berth canal ordinance of the Rhine? A regulation of the Rhine was called for, with an upper canal near Diepoldsau and a lower canal at Fußach, in order to counteract the constant flooding and strong sedimentation in the western Rhine De",0.06692913385826772,Fußach,QA_ANSWER,True
squad_141,synonym_substitution,"What is the lower canal regulation of the Rhine? A regulation of the Rhine was called for, with an upper canal near Diepoldsau and a lower canal at Fußach, in order to counteract the constant flooding and strong sedimentation in the western Rhine De","What be the lower berth canal ordinance of the Rhine? A regulation of the Rhine was called for, with an upper canal near Diepoldsau and a lower canal at Fußach, in order to counteract the constant flooding and strong sedimentation in the western Rhine De",0.06692913385826772,Fußach,QA_ANSWER,True
squad_141,syntactic_reordering,"What is the lower canal regulation of the Rhine? A regulation of the Rhine was called for, with an upper canal near Diepoldsau and a lower canal at Fußach, in order to counteract the constant flooding and strong sedimentation in the western Rhine De","A regulation of the Rhine was called for, with an upper canal near Diepoldsau and a lower canal at Fußach, in order to counteract the constant flooding and strong sedimentation in the western Rhine De What is the lower canal regulation of the Rhine?",0.39357429718875503,Fußach,QA_ANSWER,True
squad_141,syntactic_reordering,"What is the lower canal regulation of the Rhine? A regulation of the Rhine was called for, with an upper canal near Diepoldsau and a lower canal at Fußach, in order to counteract the constant flooding and strong sedimentation in the western Rhine De","A regulation of the Rhine was called for, with an upper canal near Diepoldsau and a lower canal at Fußach, in order to counteract the constant flooding and strong sedimentation in the western Rhine De What is the lower canal regulation of the Rhine?",0.39357429718875503,Fußach,QA_ANSWER,True
squad_142,back_translation,"What causes Pauli repulsion? The normal force is due to repulsive forces of interaction between atoms at close contact. When their electron clouds overlap, Pauli repulsion (due to fermionic nature of electrons) follows resulting ","What causes Pauli rejection? The normal force is on repulsive forces of interaction between atoms in close contact. When their electron clouds overlap, Pauli rejection follows (due to fermonic nature of electrons) resulting",0.14847161572052403,fermionic nature of electrons,QA_ANSWER,True
squad_142,back_translation,"What causes Pauli repulsion? The normal force is due to repulsive forces of interaction between atoms at close contact. When their electron clouds overlap, Pauli repulsion (due to fermionic nature of electrons) follows resulting ","What causes Pauli rejection? The normal force is on repulsive forces of interaction between atoms in close contact. When their electron clouds overlap, Pauli rejection follows (due to fermonic nature of electrons) resulting",0.14847161572052403,fermionic nature of electrons,QA_ANSWER,True
squad_142,controlled_paraphrase,"What causes Pauli repulsion? The normal force is due to repulsive forces of interaction between atoms at close contact. When their electron clouds overlap, Pauli repulsion (due to fermionic nature of electrons) follows resulting ","How does Pauli repulsion arise? The normal force arises from the repulsive forces of interaction between atoms at close proximity. When electron clouds overlap, Pauli repulsion (due to the fermionic nature of electrons) results in Pauli repulsion.",0.24696356275303644,fermionic nature of electrons,QA_ANSWER,True
squad_142,controlled_paraphrase,"What causes Pauli repulsion? The normal force is due to repulsive forces of interaction between atoms at close contact. When their electron clouds overlap, Pauli repulsion (due to fermionic nature of electrons) follows resulting ","How does Pauli repulsion arise? The normal force arises from the repulsive forces of interaction between atoms at close proximity. When electron clouds overlap, Pauli repulsion (due to the fermionic nature of electrons) results in Pauli repulsion.",0.24696356275303644,fermionic nature of electrons,QA_ANSWER,True
squad_142,synonym_substitution,"What causes Pauli repulsion? The normal force is due to repulsive forces of interaction between atoms at close contact. When their electron clouds overlap, Pauli repulsion (due to fermionic nature of electrons) follows resulting ","What cause Wolfgang Pauli repulsion? The convention force is due to repulsive forces of interaction between atoms at close contact. When their electron clouds overlap, Pauli repulsion (due to fermionic nature of electrons) follows resulting",0.07916666666666666,fermionic nature of electrons,QA_ANSWER,True
squad_142,synonym_substitution,"What causes Pauli repulsion? The normal force is due to repulsive forces of interaction between atoms at close contact. When their electron clouds overlap, Pauli repulsion (due to fermionic nature of electrons) follows resulting ","What cause Wolfgang Pauli repulsion? The convention force is due to repulsive forces of interaction between atoms at close contact. When their electron clouds overlap, Pauli repulsion (due to fermionic nature of electrons) follows resulting",0.07916666666666666,fermionic nature of electrons,QA_ANSWER,True
squad_144,synonym_substitution,What are the three construction subsectors? The Standard Industrial Classification and the newer North American Industry Classification System have a classification system for companies that perform or otherwise engage in construction. To recog,What ar the 3 building subsectors? The Standard Industrial Classification and the newer North American Industry Classification System have a classification system for companies that perform or otherwise engage in construction. To recog,0.06967213114754098,"building construction, heavy and civil engineering construction, and specialty trade contractors",QA_ANSWER,True
squad_144,synonym_substitution,What are the three construction subsectors? The Standard Industrial Classification and the newer North American Industry Classification System have a classification system for companies that perform or otherwise engage in construction. To recog,What ar the 3 building subsectors? The Standard Industrial Classification and the newer North American Industry Classification System have a classification system for companies that perform or otherwise engage in construction. To recog,0.06967213114754098,"building construction, heavy and civil engineering construction, and specialty trade contractors",QA_ANSWER,True
squad_145,back_translation,"The price of oil is usually a stable commodity until when? This contributed to the ""Oil Shock"". After 1971, OPEC was slow to readjust prices to reflect this depreciation. From 1947 to 1967, the dollar price of oil had risen by less than two percent per year. ","The oil price is usually a stable raw material until when? This contributed to the ""oil shock"". After 1971, the OPEC was slow to adjust prices to reflect this devaluation. From 1947 to 1967, the dollar price of oil had risen by less than two percent per year.",0.13127413127413126,Until the oil shock,QA_ANSWER,True
squad_145,back_translation,"The price of oil is usually a stable commodity until when? This contributed to the ""Oil Shock"". After 1971, OPEC was slow to readjust prices to reflect this depreciation. From 1947 to 1967, the dollar price of oil had risen by less than two percent per year. ","The oil price is usually a stable raw material until when? This contributed to the ""oil shock"". After 1971, the OPEC was slow to adjust prices to reflect this devaluation. From 1947 to 1967, the dollar price of oil had risen by less than two percent per year.",0.13127413127413126,Until the oil shock,QA_ANSWER,True
squad_145,controlled_paraphrase,"The price of oil is usually a stable commodity until when? This contributed to the ""Oil Shock"". After 1971, OPEC was slow to readjust prices to reflect this depreciation. From 1947 to 1967, the dollar price of oil had risen by less than two percent per year. ","Until what point in history did the price of oil remain relatively stable, leading to the ""Oil Shock""? After 1971, OPEC was sluggish in adapting prices to reflect this depreciation. The dollar price of oil had increased by less than two percent per year from 1947 to 1967.",0.46691176470588236,Until the oil shock,QA_ANSWER,True
squad_145,controlled_paraphrase,"The price of oil is usually a stable commodity until when? This contributed to the ""Oil Shock"". After 1971, OPEC was slow to readjust prices to reflect this depreciation. From 1947 to 1967, the dollar price of oil had risen by less than two percent per year. ","Until what point in history did the price of oil remain relatively stable, leading to the ""Oil Shock""? After 1971, OPEC was sluggish in adapting prices to reflect this depreciation. The dollar price of oil had increased by less than two percent per year from 1947 to 1967.",0.46691176470588236,Until the oil shock,QA_ANSWER,True
squad_145,synonym_substitution,"The price of oil is usually a stable commodity until when? This contributed to the ""Oil Shock"". After 1971, OPEC was slow to readjust prices to reflect this depreciation. From 1947 to 1967, the dollar price of oil had risen by less than two percent per year. ","The monetary value of oil be normally a stable commodity until when? This contributed to the ""Oil Shock"". After 1971, OPEC was slow to readjust prices to reflect this depreciation. From 1947 to 1967, the dollar price of oil had risen by less than two percent per year.",0.0708955223880597,Until the oil shock,QA_ANSWER,True
squad_145,synonym_substitution,"The price of oil is usually a stable commodity until when? This contributed to the ""Oil Shock"". After 1971, OPEC was slow to readjust prices to reflect this depreciation. From 1947 to 1967, the dollar price of oil had risen by less than two percent per year. ","The monetary value of oil be normally a stable commodity until when? This contributed to the ""Oil Shock"". After 1971, OPEC was slow to readjust prices to reflect this depreciation. From 1947 to 1967, the dollar price of oil had risen by less than two percent per year.",0.0708955223880597,Until the oil shock,QA_ANSWER,True
squad_145,syntactic_reordering,"The price of oil is usually a stable commodity until when? This contributed to the ""Oil Shock"". After 1971, OPEC was slow to readjust prices to reflect this depreciation. From 1947 to 1967, the dollar price of oil had risen by less than two percent per year. ","From 1947 to 1967, the dollar price of oil had risen by less than two percent per year. After 1971, OPEC was slow to readjust prices to reflect this depreciation. This contributed to the ""Oil Shock"". The price of oil is usually a stable commodity until when?",0.5675675675675675,Until the oil shock,QA_ANSWER,True
squad_145,syntactic_reordering,"The price of oil is usually a stable commodity until when? This contributed to the ""Oil Shock"". After 1971, OPEC was slow to readjust prices to reflect this depreciation. From 1947 to 1967, the dollar price of oil had risen by less than two percent per year. ","From 1947 to 1967, the dollar price of oil had risen by less than two percent per year. After 1971, OPEC was slow to readjust prices to reflect this depreciation. This contributed to the ""Oil Shock"". The price of oil is usually a stable commodity until when?",0.5675675675675675,Until the oil shock,QA_ANSWER,True
squad_147,back_translation,"Who stated a change of the length of the Rhine? Until 1932 the generally accepted length of the Rhine was 1,230 kilometres (764 miles). In 1932 the German encyclopedia Knaurs Lexikon stated the length as 1,320 kilometres (820 miles), presumably a t","Who declared a change in the length of the Rhine? Until 1932 the generally recognized length of the Rhine was 1,230 kilometers (764 miles). In 1932 the German encyclopedia Knaurs Lexikon stated the length as 1,320 kilometers (820 miles), probably a t",0.088,Knaurs Lexikon,QA_ANSWER,True
squad_147,back_translation,"Who stated a change of the length of the Rhine? Until 1932 the generally accepted length of the Rhine was 1,230 kilometres (764 miles). In 1932 the German encyclopedia Knaurs Lexikon stated the length as 1,320 kilometres (820 miles), presumably a t","Who declared a change in the length of the Rhine? Until 1932 the generally recognized length of the Rhine was 1,230 kilometers (764 miles). In 1932 the German encyclopedia Knaurs Lexikon stated the length as 1,320 kilometers (820 miles), probably a t",0.088,Knaurs Lexikon,QA_ANSWER,True
squad_147,controlled_paraphrase,"Who stated a change of the length of the Rhine? Until 1932 the generally accepted length of the Rhine was 1,230 kilometres (764 miles). In 1932 the German encyclopedia Knaurs Lexikon stated the length as 1,320 kilometres (820 miles), presumably a t","Who declared a change in the length of the Rhine? Until 1932, the length of the Rhine was generally considered to be 1,230 kilometres (764 miles). However, the German encyclopedia Knaurs Lexikon in 1932 stated the length as 1,320 kilometres (820 miles), which is believed to be a revision.",0.32525951557093424,Knaurs Lexikon,QA_ANSWER,True
squad_147,controlled_paraphrase,"Who stated a change of the length of the Rhine? Until 1932 the generally accepted length of the Rhine was 1,230 kilometres (764 miles). In 1932 the German encyclopedia Knaurs Lexikon stated the length as 1,320 kilometres (820 miles), presumably a t","Who declared a change in the length of the Rhine? Until 1932, the length of the Rhine was generally considered to be 1,230 kilometres (764 miles). However, the German encyclopedia Knaurs Lexikon in 1932 stated the length as 1,320 kilometres (820 miles), which is believed to be a revision.",0.32525951557093424,Knaurs Lexikon,QA_ANSWER,True
squad_147,synonym_substitution,"Who stated a change of the length of the Rhine? Until 1932 the generally accepted length of the Rhine was 1,230 kilometres (764 miles). In 1932 the German encyclopedia Knaurs Lexikon stated the length as 1,320 kilometres (820 miles), presumably a t","World Health Organization state angstrom change of the length of the Rhine? Until 1932 the generally accepted length of the Rhine was 1,230 kilometres (764 miles). In 1932 the German encyclopedia Knaurs Lexikon stated the length as 1,320 kilometres (820 miles), presumably a t",0.10869565217391304,Knaurs Lexikon,QA_ANSWER,True
squad_147,synonym_substitution,"Who stated a change of the length of the Rhine? Until 1932 the generally accepted length of the Rhine was 1,230 kilometres (764 miles). In 1932 the German encyclopedia Knaurs Lexikon stated the length as 1,320 kilometres (820 miles), presumably a t","World Health Organization state angstrom change of the length of the Rhine? Until 1932 the generally accepted length of the Rhine was 1,230 kilometres (764 miles). In 1932 the German encyclopedia Knaurs Lexikon stated the length as 1,320 kilometres (820 miles), presumably a t",0.10869565217391304,Knaurs Lexikon,QA_ANSWER,True
squad_150,back_translation,"What is the name of the TV scrambling system BSkyB uses? BSkyB utilises the VideoGuard pay-TV scrambling system owned by NDS, a Cisco Systems company. There are tight controls over use of VideoGuard decoders; they are not available as stand-alone DVB CAMs (","What is the name of the TV Scrambling System BSkyB? BSkyB uses the VideoGuard Pay TV Scrambling System from NDS, a Cisco system company. There are close controls on the use of VideoGuard decoders; they are not available as standalone DVB-CAMs (",0.14396887159533073,VideoGuard,QA_ANSWER,True
squad_150,back_translation,"What is the name of the TV scrambling system BSkyB uses? BSkyB utilises the VideoGuard pay-TV scrambling system owned by NDS, a Cisco Systems company. There are tight controls over use of VideoGuard decoders; they are not available as stand-alone DVB CAMs (","What is the name of the TV Scrambling System BSkyB? BSkyB uses the VideoGuard Pay TV Scrambling System from NDS, a Cisco system company. There are close controls on the use of VideoGuard decoders; they are not available as standalone DVB-CAMs (",0.14396887159533073,VideoGuard,QA_ANSWER,True
squad_150,controlled_paraphrase,"What is the name of the TV scrambling system BSkyB uses? BSkyB utilises the VideoGuard pay-TV scrambling system owned by NDS, a Cisco Systems company. There are tight controls over use of VideoGuard decoders; they are not available as stand-alone DVB CAMs (","What is the TV scrambling system that BSkyB employs, which is the VideoGuard pay-TV scrambling system owned by NDS, a Cisco Systems company? The VideoGuard decoders are not available as standalone DVB CAMs.",0.29571984435797666,VideoGuard,QA_ANSWER,True
squad_150,controlled_paraphrase,"What is the name of the TV scrambling system BSkyB uses? BSkyB utilises the VideoGuard pay-TV scrambling system owned by NDS, a Cisco Systems company. There are tight controls over use of VideoGuard decoders; they are not available as stand-alone DVB CAMs (","What is the TV scrambling system that BSkyB employs, which is the VideoGuard pay-TV scrambling system owned by NDS, a Cisco Systems company? The VideoGuard decoders are not available as standalone DVB CAMs.",0.29571984435797666,VideoGuard,QA_ANSWER,True
squad_150,synonym_substitution,"What is the name of the TV scrambling system BSkyB uses? BSkyB utilises the VideoGuard pay-TV scrambling system owned by NDS, a Cisco Systems company. There are tight controls over use of VideoGuard decoders; they are not available as stand-alone DVB CAMs (","What be the name of the television scramble system BSkyB uses? BSkyB utilises the VideoGuard pay-TV scrambling system owned by NDS, a Cisco Systems company. There are tight controls over use of VideoGuard decoders; they are not available as stand-alone DVB CAMs (",0.057034220532319393,VideoGuard,QA_ANSWER,True
squad_150,synonym_substitution,"What is the name of the TV scrambling system BSkyB uses? BSkyB utilises the VideoGuard pay-TV scrambling system owned by NDS, a Cisco Systems company. There are tight controls over use of VideoGuard decoders; they are not available as stand-alone DVB CAMs (","What be the name of the television scramble system BSkyB uses? BSkyB utilises the VideoGuard pay-TV scrambling system owned by NDS, a Cisco Systems company. There are tight controls over use of VideoGuard decoders; they are not available as stand-alone DVB CAMs (",0.057034220532319393,VideoGuard,QA_ANSWER,True
squad_154,back_translation,"On what theorem is the formula that frequently generates the number 2 and all other primes precisely once based on? are prime for any natural number n. Here  represents the floor function, i.e., largest integer not greater than the number in question. The latter formula can be shown using Bertrand's postulate (prov","On which theorem is the formula that often generates the number 2 and all other prime numbers based exactly once? are prime numbers for each natural number n. Here the soil function, i.e. the largest integer does not question greater than the number. The latter formula can be shown with Bertrand's postulate (prov",0.29430379746835444,Wilson's theorem,QA_ANSWER,True
squad_154,back_translation,"On what theorem is the formula that frequently generates the number 2 and all other primes precisely once based on? are prime for any natural number n. Here  represents the floor function, i.e., largest integer not greater than the number in question. The latter formula can be shown using Bertrand's postulate (prov","On which theorem is the formula that often generates the number 2 and all other prime numbers based exactly once? are prime numbers for each natural number n. Here the soil function, i.e. the largest integer does not question greater than the number. The latter formula can be shown with Bertrand's postulate (prov",0.29430379746835444,Wilson's theorem,QA_ANSWER,True
squad_154,synonym_substitution,"On what theorem is the formula that frequently generates the number 2 and all other primes precisely once based on? are prime for any natural number n. Here  represents the floor function, i.e., largest integer not greater than the number in question. The latter formula can be shown using Bertrand's postulate (prov","On what theorem be the expression that often generates the number 2 and all other primes precisely once based on? are prime for any natural number n. Here represents the floor function, i.e., largest integer not greater than the number in question. The latter formula can be shown using Bertrand's postulate (prov",0.06329113924050633,Wilson's theorem,QA_ANSWER,True
squad_154,synonym_substitution,"On what theorem is the formula that frequently generates the number 2 and all other primes precisely once based on? are prime for any natural number n. Here  represents the floor function, i.e., largest integer not greater than the number in question. The latter formula can be shown using Bertrand's postulate (prov","On what theorem be the expression that often generates the number 2 and all other primes precisely once based on? are prime for any natural number n. Here represents the floor function, i.e., largest integer not greater than the number in question. The latter formula can be shown using Bertrand's postulate (prov",0.06329113924050633,Wilson's theorem,QA_ANSWER,True
squad_154,syntactic_reordering,"On what theorem is the formula that frequently generates the number 2 and all other primes precisely once based on? are prime for any natural number n. Here  represents the floor function, i.e., largest integer not greater than the number in question. The latter formula can be shown using Bertrand's postulate (prov","The latter formula can be shown using Bertrand's postulate (prov are prime for any natural number n. Here  represents the floor function, i.e., largest integer not greater than the number in question. On what theorem is the formula that frequently generates the number 2 and all other primes precisely once based on?",0.5189873417721519,Wilson's theorem,QA_ANSWER,True
squad_154,syntactic_reordering,"On what theorem is the formula that frequently generates the number 2 and all other primes precisely once based on? are prime for any natural number n. Here  represents the floor function, i.e., largest integer not greater than the number in question. The latter formula can be shown using Bertrand's postulate (prov","The latter formula can be shown using Bertrand's postulate (prov are prime for any natural number n. Here  represents the floor function, i.e., largest integer not greater than the number in question. On what theorem is the formula that frequently generates the number 2 and all other primes precisely once based on?",0.5189873417721519,Wilson's theorem,QA_ANSWER,True
squad_157,back_translation,"What is preserved in a closed system of forces when acted upon? A conservative force that acts on a closed system has an associated mechanical work that allows energy to convert only between kinetic or potential forms. This means that for a closed system, the net ","What remains in a closed system of forces when on? A conservative force acting on a closed system has a related mechanical work that can convert energy only between kinetic or potential forms. This means that for a closed system, the grid",0.20833333333333334,net mechanical energy,QA_ANSWER,True
squad_157,back_translation,"What is preserved in a closed system of forces when acted upon? A conservative force that acts on a closed system has an associated mechanical work that allows energy to convert only between kinetic or potential forms. This means that for a closed system, the net ","What remains in a closed system of forces when on? A conservative force acting on a closed system has a related mechanical work that can convert energy only between kinetic or potential forms. This means that for a closed system, the grid",0.20833333333333334,net mechanical energy,QA_ANSWER,True
squad_157,syntactic_reordering,"What is preserved in a closed system of forces when acted upon? A conservative force that acts on a closed system has an associated mechanical work that allows energy to convert only between kinetic or potential forms. This means that for a closed system, the net ","This means that for a closed system, the net A conservative force that acts on a closed system has an associated mechanical work that allows energy to convert only between kinetic or potential forms. What is preserved in a closed system of forces when acted upon?",0.2840909090909091,net mechanical energy,QA_ANSWER,True
squad_157,syntactic_reordering,"What is preserved in a closed system of forces when acted upon? A conservative force that acts on a closed system has an associated mechanical work that allows energy to convert only between kinetic or potential forms. This means that for a closed system, the net ","This means that for a closed system, the net A conservative force that acts on a closed system has an associated mechanical work that allows energy to convert only between kinetic or potential forms. What is preserved in a closed system of forces when acted upon?",0.2840909090909091,net mechanical energy,QA_ANSWER,True
squad_158,controlled_paraphrase,"How many members can voters choose to represent the constituency?  Of the 129 MSPs, 73 are elected to represent first past the post constituencies and are known as ""Constituency MSPs"". Voters choose one member to represent the constituency, and the member with most v","What is the maximum number of members that voters can choose to represent the constituency? Of the 129 MSPs, 73 are elected to represent first past the post constituencies. Voters choose one member to represent the constituency, and the member with the highest number of votes can represent that constituency.",0.4045307443365696,one,QA_ANSWER,True
squad_158,controlled_paraphrase,"How many members can voters choose to represent the constituency?  Of the 129 MSPs, 73 are elected to represent first past the post constituencies and are known as ""Constituency MSPs"". Voters choose one member to represent the constituency, and the member with most v","What is the maximum number of members that voters can choose to represent the constituency? Of the 129 MSPs, 73 are elected to represent first past the post constituencies. Voters choose one member to represent the constituency, and the member with the highest number of votes can represent that constituency.",0.4045307443365696,one,QA_ANSWER,True
squad_158,syntactic_reordering,"How many members can voters choose to represent the constituency?  Of the 129 MSPs, 73 are elected to represent first past the post constituencies and are known as ""Constituency MSPs"". Voters choose one member to represent the constituency, and the member with most v","Voters choose one member to represent the constituency, and the member with most v Of the 129 MSPs, 73 are elected to represent first past the post constituencies and are known as ""Constituency MSPs"". How many members can voters choose to represent the constituency?  ",0.39925373134328357,one,QA_ANSWER,True
squad_158,syntactic_reordering,"How many members can voters choose to represent the constituency?  Of the 129 MSPs, 73 are elected to represent first past the post constituencies and are known as ""Constituency MSPs"". Voters choose one member to represent the constituency, and the member with most v","Voters choose one member to represent the constituency, and the member with most v Of the 129 MSPs, 73 are elected to represent first past the post constituencies and are known as ""Constituency MSPs"". How many members can voters choose to represent the constituency?  ",0.39925373134328357,one,QA_ANSWER,True
squad_160,syntactic_reordering,What happened with the rate of flow in the Rhine with the straightening program? The Upper Rhine region was changed significantly by a Rhine straightening program in the 19th Century. The rate of flow was increased and the ground water level fell significantly. Dead branches dried,Dead branches dried The rate of flow was increased and the ground water level fell significantly. The Upper Rhine region was changed significantly by a Rhine straightening program in the 19th Century. What happened with the rate of flow in the Rhine with the straightening program?,0.4875444839857651,increased,QA_ANSWER,True
squad_160,syntactic_reordering,What happened with the rate of flow in the Rhine with the straightening program? The Upper Rhine region was changed significantly by a Rhine straightening program in the 19th Century. The rate of flow was increased and the ground water level fell significantly. Dead branches dried,Dead branches dried The rate of flow was increased and the ground water level fell significantly. The Upper Rhine region was changed significantly by a Rhine straightening program in the 19th Century. What happened with the rate of flow in the Rhine with the straightening program?,0.4875444839857651,increased,QA_ANSWER,True
squad_162,back_translation,"Other than the Ijssel, where does the water from the Pannerdens Kanaal redsitrubute? The other third of the water flows through the Pannerdens Kanaal and redistributes in the IJssel and Nederrijn. The IJssel branch carries one ninth of the water flow of the Rhine north into the IJssel",The other third of the water flows through the Pannerdens Kanaal and is distributed in the IJssel and Nederrijn. The IJssel branch carries a ninth of the rivers of the Rhine to the north into the IJssel.,0.37894736842105264,Nederrijn,QA_ANSWER,True
squad_162,back_translation,"Other than the Ijssel, where does the water from the Pannerdens Kanaal redsitrubute? The other third of the water flows through the Pannerdens Kanaal and redistributes in the IJssel and Nederrijn. The IJssel branch carries one ninth of the water flow of the Rhine north into the IJssel",The other third of the water flows through the Pannerdens Kanaal and is distributed in the IJssel and Nederrijn. The IJssel branch carries a ninth of the rivers of the Rhine to the north into the IJssel.,0.37894736842105264,Nederrijn,QA_ANSWER,True
squad_162,controlled_paraphrase,"Other than the Ijssel, where does the water from the Pannerdens Kanaal redsitrubute? The other third of the water flows through the Pannerdens Kanaal and redistributes in the IJssel and Nederrijn. The IJssel branch carries one ninth of the water flow of the Rhine north into the IJssel","Besides the Ijssel, where does the water from the Pannerdens Kanaal redistribute? The remaining third of the water flows through the Pannerdens Kanaal and redistributes in the IJssel and Nederrijn. The IJssel branch carries one ninth of the Rhine's water flow north into the IJssel.",0.14736842105263157,Nederrijn,QA_ANSWER,True
squad_162,controlled_paraphrase,"Other than the Ijssel, where does the water from the Pannerdens Kanaal redsitrubute? The other third of the water flows through the Pannerdens Kanaal and redistributes in the IJssel and Nederrijn. The IJssel branch carries one ninth of the water flow of the Rhine north into the IJssel","Besides the Ijssel, where does the water from the Pannerdens Kanaal redistribute? The remaining third of the water flows through the Pannerdens Kanaal and redistributes in the IJssel and Nederrijn. The IJssel branch carries one ninth of the Rhine's water flow north into the IJssel.",0.14736842105263157,Nederrijn,QA_ANSWER,True
squad_162,synonym_substitution,"Other than the Ijssel, where does the water from the Pannerdens Kanaal redsitrubute? The other third of the water flows through the Pannerdens Kanaal and redistributes in the IJssel and Nederrijn. The IJssel branch carries one ninth of the water flow of the Rhine north into the IJssel","Other than the Ijssel, where Department of Energy the H2O from the Pannerdens Kanaal redsitrubute? The other one-third of the water flows through the Pannerdens Kanaal and redistributes in the IJssel and Nederrijn. The IJssel branch carries one ninth of the water flow of the Rhine north into the IJssel",0.0891089108910891,Nederrijn,QA_ANSWER,True
squad_162,synonym_substitution,"Other than the Ijssel, where does the water from the Pannerdens Kanaal redsitrubute? The other third of the water flows through the Pannerdens Kanaal and redistributes in the IJssel and Nederrijn. The IJssel branch carries one ninth of the water flow of the Rhine north into the IJssel","Other than the Ijssel, where Department of Energy the H2O from the Pannerdens Kanaal redsitrubute? The other one-third of the water flows through the Pannerdens Kanaal and redistributes in the IJssel and Nederrijn. The IJssel branch carries one ninth of the water flow of the Rhine north into the IJssel",0.0891089108910891,Nederrijn,QA_ANSWER,True
squad_162,syntactic_reordering,"Other than the Ijssel, where does the water from the Pannerdens Kanaal redsitrubute? The other third of the water flows through the Pannerdens Kanaal and redistributes in the IJssel and Nederrijn. The IJssel branch carries one ninth of the water flow of the Rhine north into the IJssel","The IJssel branch carries one ninth of the water flow of the Rhine north into the IJssel The other third of the water flows through the Pannerdens Kanaal and redistributes in the IJssel and Nederrijn. Other than the Ijssel, where does the water from the Pannerdens Kanaal redsitrubute?",0.43508771929824563,Nederrijn,QA_ANSWER,True
squad_162,syntactic_reordering,"Other than the Ijssel, where does the water from the Pannerdens Kanaal redsitrubute? The other third of the water flows through the Pannerdens Kanaal and redistributes in the IJssel and Nederrijn. The IJssel branch carries one ninth of the water flow of the Rhine north into the IJssel","The IJssel branch carries one ninth of the water flow of the Rhine north into the IJssel The other third of the water flows through the Pannerdens Kanaal and redistributes in the IJssel and Nederrijn. Other than the Ijssel, where does the water from the Pannerdens Kanaal redsitrubute?",0.43508771929824563,Nederrijn,QA_ANSWER,True
squad_163,controlled_paraphrase,What type of civil disobedience is commonly accepted? There have been debates as to whether civil disobedience must necessarily be non-violent. Black's Law Dictionary includes non-violence in its definition of civil disobedience. Christian Bay's encyclop,Which forms of civil disobedience are commonly accepted? There have been discussions about whether civil disobedience must be non-violent. Black's Law Dictionary includes non-violence in its definition of civil disobedience. Christian Bay's encyclopedia provides a comprehensive list of civil disobedience definitions.,0.3270440251572327,non-violent,QA_ANSWER,True
squad_163,controlled_paraphrase,What type of civil disobedience is commonly accepted? There have been debates as to whether civil disobedience must necessarily be non-violent. Black's Law Dictionary includes non-violence in its definition of civil disobedience. Christian Bay's encyclop,Which forms of civil disobedience are commonly accepted? There have been discussions about whether civil disobedience must be non-violent. Black's Law Dictionary includes non-violence in its definition of civil disobedience. Christian Bay's encyclopedia provides a comprehensive list of civil disobedience definitions.,0.3270440251572327,non-violent,QA_ANSWER,True
squad_163,synonym_substitution,What type of civil disobedience is commonly accepted? There have been debates as to whether civil disobedience must necessarily be non-violent. Black's Law Dictionary includes non-violence in its definition of civil disobedience. Christian Bay's encyclop,What type of civil noncompliance be normally accepted? There have been debates as to whether civil disobedience must necessarily be non-violent. Black's Law Dictionary includes non-violence in its definition of civil disobedience. Christian Bay's encyclop,0.054901960784313725,non-violent,QA_ANSWER,True
squad_163,synonym_substitution,What type of civil disobedience is commonly accepted? There have been debates as to whether civil disobedience must necessarily be non-violent. Black's Law Dictionary includes non-violence in its definition of civil disobedience. Christian Bay's encyclop,What type of civil noncompliance be normally accepted? There have been debates as to whether civil disobedience must necessarily be non-violent. Black's Law Dictionary includes non-violence in its definition of civil disobedience. Christian Bay's encyclop,0.054901960784313725,non-violent,QA_ANSWER,True
squad_164,back_translation,"When was he elected by Nixon? In 1973, Nixon named William E. Simon as the first Administrator of the Federal Energy Office, a short-term organization created to coordinate the response to the embargo. Simon allocated states the s","When was he elected by Nixon? In 1973, Nixon named William E. Simon as the first administrator of the Federal Office of Energy, a short-term organization to coordinate the response to the embargo.",0.2217391304347826,In 1973,QA_ANSWER,True
squad_164,back_translation,"When was he elected by Nixon? In 1973, Nixon named William E. Simon as the first Administrator of the Federal Energy Office, a short-term organization created to coordinate the response to the embargo. Simon allocated states the s","When was he elected by Nixon? In 1973, Nixon named William E. Simon as the first administrator of the Federal Office of Energy, a short-term organization to coordinate the response to the embargo.",0.2217391304347826,In 1973,QA_ANSWER,True
squad_164,controlled_paraphrase,"When was he elected by Nixon? In 1973, Nixon named William E. Simon as the first Administrator of the Federal Energy Office, a short-term organization created to coordinate the response to the embargo. Simon allocated states the s","At what time did Nixon choose William E. Simon as the first Administrator of the Federal Energy Office? In 1973, he was appointed by Nixon to manage the embargo response. Simon entrusted states with the responsibility of administering the agency.",0.5650406504065041,In 1973,QA_ANSWER,True
squad_164,controlled_paraphrase,"When was he elected by Nixon? In 1973, Nixon named William E. Simon as the first Administrator of the Federal Energy Office, a short-term organization created to coordinate the response to the embargo. Simon allocated states the s","At what time did Nixon choose William E. Simon as the first Administrator of the Federal Energy Office? In 1973, he was appointed by Nixon to manage the embargo response. Simon entrusted states with the responsibility of administering the agency.",0.5650406504065041,In 1973,QA_ANSWER,True
squad_164,synonym_substitution,"When was he elected by Nixon? In 1973, Nixon named William E. Simon as the first Administrator of the Federal Energy Office, a short-term organization created to coordinate the response to the embargo. Simon allocated states the s","When Washington helium elect by Nixon? In 1973, Nixon named William E. Simon as the first Administrator of the Federal Energy Office, a short-term organization created to coordinate the response to the embargo. Simon allocated states the s",0.058577405857740586,In 1973,QA_ANSWER,True
squad_164,synonym_substitution,"When was he elected by Nixon? In 1973, Nixon named William E. Simon as the first Administrator of the Federal Energy Office, a short-term organization created to coordinate the response to the embargo. Simon allocated states the s","When Washington helium elect by Nixon? In 1973, Nixon named William E. Simon as the first Administrator of the Federal Energy Office, a short-term organization created to coordinate the response to the embargo. Simon allocated states the s",0.058577405857740586,In 1973,QA_ANSWER,True
squad_164,syntactic_reordering,"When was he elected by Nixon? In 1973, Nixon named William E. Simon as the first Administrator of the Federal Energy Office, a short-term organization created to coordinate the response to the embargo. Simon allocated states the s","Simon allocated states the s In 1973, Nixon named William E. Simon as the first Administrator of the Federal Energy Office, a short-term organization created to coordinate the response to the embargo. When was he elected by Nixon?",0.21739130434782608,In 1973,QA_ANSWER,True
squad_164,syntactic_reordering,"When was he elected by Nixon? In 1973, Nixon named William E. Simon as the first Administrator of the Federal Energy Office, a short-term organization created to coordinate the response to the embargo. Simon allocated states the s","Simon allocated states the s In 1973, Nixon named William E. Simon as the first Administrator of the Federal Energy Office, a short-term organization created to coordinate the response to the embargo. When was he elected by Nixon?",0.21739130434782608,In 1973,QA_ANSWER,True
squad_166,back_translation,"What was the name of the stadium that the teams played in? From 2005 to 2014, there were two Major League Soccer teams in Los Angeles — the LA Galaxy and Chivas USA — that both played at the StubHub Center and were local rivals. However, Chivas were suspended","What was the name of the stadium where the teams played? From 2005 to 2014, there were two Major League Soccer teams in Los Angeles – the LA Galaxy and Chivas USA – both playing at the StubHub Center and were local rivals. Chivas were suspended, however.",0.138996138996139,StubHub Center,QA_ANSWER,True
squad_166,back_translation,"What was the name of the stadium that the teams played in? From 2005 to 2014, there were two Major League Soccer teams in Los Angeles — the LA Galaxy and Chivas USA — that both played at the StubHub Center and were local rivals. However, Chivas were suspended","What was the name of the stadium where the teams played? From 2005 to 2014, there were two Major League Soccer teams in Los Angeles – the LA Galaxy and Chivas USA – both playing at the StubHub Center and were local rivals. Chivas were suspended, however.",0.138996138996139,StubHub Center,QA_ANSWER,True
squad_166,controlled_paraphrase,"What was the name of the stadium that the teams played in? From 2005 to 2014, there were two Major League Soccer teams in Los Angeles — the LA Galaxy and Chivas USA — that both played at the StubHub Center and were local rivals. However, Chivas were suspended","What was the name of the stadium where the Major League Soccer teams played between 2005 and 2014 in Los Angeles? Local rivals were LA Galaxy and Chivas USA played at the StubHub Center, but Chivas were suspended for a time.",0.5135135135135135,StubHub Center,QA_ANSWER,True
squad_166,controlled_paraphrase,"What was the name of the stadium that the teams played in? From 2005 to 2014, there were two Major League Soccer teams in Los Angeles — the LA Galaxy and Chivas USA — that both played at the StubHub Center and were local rivals. However, Chivas were suspended","What was the name of the stadium where the Major League Soccer teams played between 2005 and 2014 in Los Angeles? Local rivals were LA Galaxy and Chivas USA played at the StubHub Center, but Chivas were suspended for a time.",0.5135135135135135,StubHub Center,QA_ANSWER,True
squad_166,syntactic_reordering,"What was the name of the stadium that the teams played in? From 2005 to 2014, there were two Major League Soccer teams in Los Angeles — the LA Galaxy and Chivas USA — that both played at the StubHub Center and were local rivals. However, Chivas were suspended","However, Chivas were suspended From 2005 to 2014, there were two Major League Soccer teams in Los Angeles — the LA Galaxy and Chivas USA — that both played at the StubHub Center and were local rivals. What was the name of the stadium that the teams played in?",0.3474903474903475,StubHub Center,QA_ANSWER,True
squad_166,syntactic_reordering,"What was the name of the stadium that the teams played in? From 2005 to 2014, there were two Major League Soccer teams in Los Angeles — the LA Galaxy and Chivas USA — that both played at the StubHub Center and were local rivals. However, Chivas were suspended","However, Chivas were suspended From 2005 to 2014, there were two Major League Soccer teams in Los Angeles — the LA Galaxy and Chivas USA — that both played at the StubHub Center and were local rivals. What was the name of the stadium that the teams played in?",0.3474903474903475,StubHub Center,QA_ANSWER,True
squad_168,back_translation,"Who formed the universal theory of gravitation? The development of fundamental theories for forces proceeded along the lines of unification of disparate ideas. For example, Isaac Newton unified the force responsible for objects falling at the surfa","Who formed the universal theory of gravity? The development of basic theories for forces went along the lines of the unification of different ideas. For example, Isaac Newton unites the force responsible for objects falling on the surfa",0.1532258064516129,Isaac Newton,QA_ANSWER,True
squad_168,back_translation,"Who formed the universal theory of gravitation? The development of fundamental theories for forces proceeded along the lines of unification of disparate ideas. For example, Isaac Newton unified the force responsible for objects falling at the surfa","Who formed the universal theory of gravity? The development of basic theories for forces went along the lines of the unification of different ideas. For example, Isaac Newton unites the force responsible for objects falling on the surfa",0.1532258064516129,Isaac Newton,QA_ANSWER,True
squad_168,controlled_paraphrase,"Who formed the universal theory of gravitation? The development of fundamental theories for forces proceeded along the lines of unification of disparate ideas. For example, Isaac Newton unified the force responsible for objects falling at the surfa","Who came up with the universal theory of gravitation? The development of basic theories for forces proceeded in a manner that involved the unification of diverse concepts. Isaac Newton, for instance, unified the force behind objects falling at the surfaval.",0.36186770428015563,Isaac Newton,QA_ANSWER,True
squad_168,controlled_paraphrase,"Who formed the universal theory of gravitation? The development of fundamental theories for forces proceeded along the lines of unification of disparate ideas. For example, Isaac Newton unified the force responsible for objects falling at the surfa","Who came up with the universal theory of gravitation? The development of basic theories for forces proceeded in a manner that involved the unification of diverse concepts. Isaac Newton, for instance, unified the force behind objects falling at the surfaval.",0.36186770428015563,Isaac Newton,QA_ANSWER,True
squad_168,syntactic_reordering,"Who formed the universal theory of gravitation? The development of fundamental theories for forces proceeded along the lines of unification of disparate ideas. For example, Isaac Newton unified the force responsible for objects falling at the surfa","For example, Isaac Newton unified the force responsible for objects falling at the surfa The development of fundamental theories for forces proceeded along the lines of unification of disparate ideas. Who formed the universal theory of gravitation?",0.5403225806451613,Isaac Newton,QA_ANSWER,True
squad_168,syntactic_reordering,"Who formed the universal theory of gravitation? The development of fundamental theories for forces proceeded along the lines of unification of disparate ideas. For example, Isaac Newton unified the force responsible for objects falling at the surfa","For example, Isaac Newton unified the force responsible for objects falling at the surfa The development of fundamental theories for forces proceeded along the lines of unification of disparate ideas. Who formed the universal theory of gravitation?",0.5403225806451613,Isaac Newton,QA_ANSWER,True
squad_170,back_translation,"What entities are included in the federal health care system? In the U.S. federal health care system (including the VA, the Indian Health Service, and NIH) ambulatory care pharmacists are given full independent prescribing authority. In some states such North Ca","What institutions are included in the federal health system? In the federal health system of the USA (including the VA, the Indian Health Service and NIH), outpatient pharmacists receive full independent prescriptions.",0.33587786259541985,"the VA, the Indian Health Service, and NIH",QA_ANSWER,True
squad_170,back_translation,"What entities are included in the federal health care system? In the U.S. federal health care system (including the VA, the Indian Health Service, and NIH) ambulatory care pharmacists are given full independent prescribing authority. In some states such North Ca","What institutions are included in the federal health system? In the federal health system of the USA (including the VA, the Indian Health Service and NIH), outpatient pharmacists receive full independent prescriptions.",0.33587786259541985,"the VA, the Indian Health Service, and NIH",QA_ANSWER,True
squad_170,controlled_paraphrase,"What entities are included in the federal health care system? In the U.S. federal health care system (including the VA, the Indian Health Service, and NIH) ambulatory care pharmacists are given full independent prescribing authority. In some states such North Ca","What are the components of the federal health care system? Ambulatory care pharmacists in the U.S. federal health care system, which includes the VA, the Indian Health Service, and NIH, have complete independent prescribing authority. In some states, like North Canton, VA, and Medicaid, pharmacists have more independent prescribing options.",0.52046783625731,"the VA, the Indian Health Service, and NIH",QA_ANSWER,True
squad_170,controlled_paraphrase,"What entities are included in the federal health care system? In the U.S. federal health care system (including the VA, the Indian Health Service, and NIH) ambulatory care pharmacists are given full independent prescribing authority. In some states such North Ca","What are the components of the federal health care system? Ambulatory care pharmacists in the U.S. federal health care system, which includes the VA, the Indian Health Service, and NIH, have complete independent prescribing authority. In some states, like North Canton, VA, and Medicaid, pharmacists have more independent prescribing options.",0.52046783625731,"the VA, the Indian Health Service, and NIH",QA_ANSWER,True
squad_170,syntactic_reordering,"What entities are included in the federal health care system? In the U.S. federal health care system (including the VA, the Indian Health Service, and NIH) ambulatory care pharmacists are given full independent prescribing authority. In some states such North Ca","In some states such North Ca In the U.S. federal health care system (including the VA, the Indian Health Service, and NIH) ambulatory care pharmacists are given full independent prescribing authority. What entities are included in the federal health care system?",0.366412213740458,"the VA, the Indian Health Service, and NIH",QA_ANSWER,True
squad_170,syntactic_reordering,"What entities are included in the federal health care system? In the U.S. federal health care system (including the VA, the Indian Health Service, and NIH) ambulatory care pharmacists are given full independent prescribing authority. In some states such North Ca","In some states such North Ca In the U.S. federal health care system (including the VA, the Indian Health Service, and NIH) ambulatory care pharmacists are given full independent prescribing authority. What entities are included in the federal health care system?",0.366412213740458,"the VA, the Indian Health Service, and NIH",QA_ANSWER,True
squad_174,back_translation,"What issue has been plaguing the civil disobedience movement. It has been argued that the term ""civil disobedience"" has always suffered from ambiguity and in modern times, become utterly debased. Marshall Cohen notes, ""It has been used to describe everything fro","It has been argued that the term ""civil disobedience"" has always suffered from ambiguity and has been completely degraded in modern times. Marshall Cohen states: ""It has been used to describe everything,",0.40076335877862596,ambiguity,QA_ANSWER,True
squad_174,back_translation,"What issue has been plaguing the civil disobedience movement. It has been argued that the term ""civil disobedience"" has always suffered from ambiguity and in modern times, become utterly debased. Marshall Cohen notes, ""It has been used to describe everything fro","It has been argued that the term ""civil disobedience"" has always suffered from ambiguity and has been completely degraded in modern times. Marshall Cohen states: ""It has been used to describe everything,",0.40076335877862596,ambiguity,QA_ANSWER,True
squad_174,syntactic_reordering,"What issue has been plaguing the civil disobedience movement. It has been argued that the term ""civil disobedience"" has always suffered from ambiguity and in modern times, become utterly debased. Marshall Cohen notes, ""It has been used to describe everything fro","Marshall Cohen notes, ""It has been used to describe everything fro It has been argued that the term ""civil disobedience"" has always suffered from ambiguity and in modern times, become utterly debased. What issue has been plaguing the civil disobedience movement.",0.4122137404580153,ambiguity,QA_ANSWER,True
squad_174,syntactic_reordering,"What issue has been plaguing the civil disobedience movement. It has been argued that the term ""civil disobedience"" has always suffered from ambiguity and in modern times, become utterly debased. Marshall Cohen notes, ""It has been used to describe everything fro","Marshall Cohen notes, ""It has been used to describe everything fro It has been argued that the term ""civil disobedience"" has always suffered from ambiguity and in modern times, become utterly debased. What issue has been plaguing the civil disobedience movement.",0.4122137404580153,ambiguity,QA_ANSWER,True
squad_177,back_translation,"What impact does higher worker productivity and leveled pay have on higher earners? In Marxian analysis, capitalist firms increasingly substitute capital equipment for labor inputs (workers) under competitive pressure to reduce costs and maximize profits. Over the long-term, this tre","How do higher labour productivity and wage levels affect higher wage earners? In Marxist analysis, capitalist companies are increasingly replacing capital equipment for labour inputs (workers) under competitive pressure to reduce costs and maximize profits.",0.323943661971831,rising levels of property income,QA_ANSWER,True
squad_177,back_translation,"What impact does higher worker productivity and leveled pay have on higher earners? In Marxian analysis, capitalist firms increasingly substitute capital equipment for labor inputs (workers) under competitive pressure to reduce costs and maximize profits. Over the long-term, this tre","How do higher labour productivity and wage levels affect higher wage earners? In Marxist analysis, capitalist companies are increasingly replacing capital equipment for labour inputs (workers) under competitive pressure to reduce costs and maximize profits.",0.323943661971831,rising levels of property income,QA_ANSWER,True
squad_180,back_translation,"Which areas were least vulnerable to disease? The most widely accepted estimate for the Middle East, including Iraq, Iran and Syria, during this time, is for a death rate of about a third. The Black Death killed about 40% of Egypt's population. H","Which areas were least susceptible to disease? The most accepted estimate for the Middle East, including Iraq, Iran and Syria, during this period, is for a death rate of about a third. The Black Death killed about 40% of the Egyptian population. H",0.10121457489878542,most isolated areas,QA_ANSWER,True
squad_180,back_translation,"Which areas were least vulnerable to disease? The most widely accepted estimate for the Middle East, including Iraq, Iran and Syria, during this time, is for a death rate of about a third. The Black Death killed about 40% of Egypt's population. H","Which areas were least susceptible to disease? The most accepted estimate for the Middle East, including Iraq, Iran and Syria, during this period, is for a death rate of about a third. The Black Death killed about 40% of the Egyptian population. H",0.10121457489878542,most isolated areas,QA_ANSWER,True
squad_180,controlled_paraphrase,"Which areas were least vulnerable to disease? The most widely accepted estimate for the Middle East, including Iraq, Iran and Syria, during this time, is for a death rate of about a third. The Black Death killed about 40% of Egypt's population. H","What were the areas with the lowest disease rates in the Middle East? Iraq, Iran, and Syria had a death rate of approximately one-third during this era, while the Black Death claimed approximately 40% of Egypt's population.",0.5487804878048781,most isolated areas,QA_ANSWER,True
squad_180,controlled_paraphrase,"Which areas were least vulnerable to disease? The most widely accepted estimate for the Middle East, including Iraq, Iran and Syria, during this time, is for a death rate of about a third. The Black Death killed about 40% of Egypt's population. H","What were the areas with the lowest disease rates in the Middle East? Iraq, Iran, and Syria had a death rate of approximately one-third during this era, while the Black Death claimed approximately 40% of Egypt's population.",0.5487804878048781,most isolated areas,QA_ANSWER,True
squad_180,syntactic_reordering,"Which areas were least vulnerable to disease? The most widely accepted estimate for the Middle East, including Iraq, Iran and Syria, during this time, is for a death rate of about a third. The Black Death killed about 40% of Egypt's population. H","H The Black Death killed about 40% of Egypt's population. The most widely accepted estimate for the Middle East, including Iraq, Iran and Syria, during this time, is for a death rate of about a third. Which areas were least vulnerable to disease?",0.36585365853658536,most isolated areas,QA_ANSWER,True
squad_180,syntactic_reordering,"Which areas were least vulnerable to disease? The most widely accepted estimate for the Middle East, including Iraq, Iran and Syria, during this time, is for a death rate of about a third. The Black Death killed about 40% of Egypt's population. H","H The Black Death killed about 40% of Egypt's population. The most widely accepted estimate for the Middle East, including Iraq, Iran and Syria, during this time, is for a death rate of about a third. Which areas were least vulnerable to disease?",0.36585365853658536,most isolated areas,QA_ANSWER,True
squad_181,back_translation,What type of treatment are pharmacists important for? Pharmacists are healthcare professionals with specialised education and training who perform various roles to ensure optimal health outcomes for their patients through the quality use of medicines. Ph,For what type of treatment are pharmacists important? Pharmaceuticals are medical professionals with specialized education and training that perform various tasks to ensure optimal health outcomes for their patients through the use of medications. Ph,0.16535433070866143,optimisation of a drug treatment for an individual,QA_ANSWER,True
squad_181,back_translation,What type of treatment are pharmacists important for? Pharmacists are healthcare professionals with specialised education and training who perform various roles to ensure optimal health outcomes for their patients through the quality use of medicines. Ph,For what type of treatment are pharmacists important? Pharmaceuticals are medical professionals with specialized education and training that perform various tasks to ensure optimal health outcomes for their patients through the use of medications. Ph,0.16535433070866143,optimisation of a drug treatment for an individual,QA_ANSWER,True
squad_181,syntactic_reordering,What type of treatment are pharmacists important for? Pharmacists are healthcare professionals with specialised education and training who perform various roles to ensure optimal health outcomes for their patients through the quality use of medicines. Ph,Ph Pharmacists are healthcare professionals with specialised education and training who perform various roles to ensure optimal health outcomes for their patients through the quality use of medicines. What type of treatment are pharmacists important for?,0.4094488188976378,optimisation of a drug treatment for an individual,QA_ANSWER,True
squad_181,syntactic_reordering,What type of treatment are pharmacists important for? Pharmacists are healthcare professionals with specialised education and training who perform various roles to ensure optimal health outcomes for their patients through the quality use of medicines. Ph,Ph Pharmacists are healthcare professionals with specialised education and training who perform various roles to ensure optimal health outcomes for their patients through the quality use of medicines. What type of treatment are pharmacists important for?,0.4094488188976378,optimisation of a drug treatment for an individual,QA_ANSWER,True
squad_182,back_translation,"Where in South Carolina did Huguenot nobility settle? In the early years, many Huguenots also settled in the area of present-day Charleston, South Carolina. In 1685, Rev. Elie Prioleau from the town of Pons in France, was among the first to settle there.","Where in South Carolina did Huguenot noble settle? In the early years, many Huguenots settled in the area of today's Charleston, South Carolina. In 1685, Father Elie Prioleau from the city of Pons in France was among the first to settle there.",0.1141732283464567,the Charleston Orange district,QA_ANSWER,True
squad_182,back_translation,"Where in South Carolina did Huguenot nobility settle? In the early years, many Huguenots also settled in the area of present-day Charleston, South Carolina. In 1685, Rev. Elie Prioleau from the town of Pons in France, was among the first to settle there.","Where in South Carolina did Huguenot noble settle? In the early years, many Huguenots settled in the area of today's Charleston, South Carolina. In 1685, Father Elie Prioleau from the city of Pons in France was among the first to settle there.",0.1141732283464567,the Charleston Orange district,QA_ANSWER,True
squad_182,controlled_paraphrase,"Where in South Carolina did Huguenot nobility settle? In the early years, many Huguenots also settled in the area of present-day Charleston, South Carolina. In 1685, Rev. Elie Prioleau from the town of Pons in France, was among the first to settle there.","Where did the Huguenot nobility relocate to in South Carolina? In the early years, a significant number of Huguenots settled in the area that is now known as Charleston, South Carolina, including Rev. Elie Prioleau from Pons, France, in 1685.",0.5590551181102362,the Charleston Orange district,QA_ANSWER,True
squad_182,controlled_paraphrase,"Where in South Carolina did Huguenot nobility settle? In the early years, many Huguenots also settled in the area of present-day Charleston, South Carolina. In 1685, Rev. Elie Prioleau from the town of Pons in France, was among the first to settle there.","Where did the Huguenot nobility relocate to in South Carolina? In the early years, a significant number of Huguenots settled in the area that is now known as Charleston, South Carolina, including Rev. Elie Prioleau from Pons, France, in 1685.",0.5590551181102362,the Charleston Orange district,QA_ANSWER,True
squad_182,syntactic_reordering,"Where in South Carolina did Huguenot nobility settle? In the early years, many Huguenots also settled in the area of present-day Charleston, South Carolina. In 1685, Rev. Elie Prioleau from the town of Pons in France, was among the first to settle there.","In 1685, Rev. Elie Prioleau from the town of Pons in France, was among the first to settle there. In the early years, many Huguenots also settled in the area of present-day Charleston, South Carolina. Where in South Carolina did Huguenot nobility settle?",0.5669291338582677,the Charleston Orange district,QA_ANSWER,True
squad_182,syntactic_reordering,"Where in South Carolina did Huguenot nobility settle? In the early years, many Huguenots also settled in the area of present-day Charleston, South Carolina. In 1685, Rev. Elie Prioleau from the town of Pons in France, was among the first to settle there.","In 1685, Rev. Elie Prioleau from the town of Pons in France, was among the first to settle there. In the early years, many Huguenots also settled in the area of present-day Charleston, South Carolina. Where in South Carolina did Huguenot nobility settle?",0.5669291338582677,the Charleston Orange district,QA_ANSWER,True
squad_184,back_translation,"What anthropologists are also university alumni members? Other prominent alumni include anthropologists David Graeber and Donald Johanson, who is best known for discovering the fossil of a female hominid australopithecine known as ""Lucy"" in the Afar Triangl","Which anthropologists are also university alumni members? Other prominent alumni are anthropologists David Graeber and Donald Johanson, who are best known for discovering the fossil of a female hominid Australopithecin known as ""Lucy"" in the Afar Triangl.",0.058365758754863814,David Graeber and Donald Johanson,QA_ANSWER,True
squad_184,back_translation,"What anthropologists are also university alumni members? Other prominent alumni include anthropologists David Graeber and Donald Johanson, who is best known for discovering the fossil of a female hominid australopithecine known as ""Lucy"" in the Afar Triangl","Which anthropologists are also university alumni members? Other prominent alumni are anthropologists David Graeber and Donald Johanson, who are best known for discovering the fossil of a female hominid Australopithecin known as ""Lucy"" in the Afar Triangl.",0.058365758754863814,David Graeber and Donald Johanson,QA_ANSWER,True
squad_184,controlled_paraphrase,"What anthropologists are also university alumni members? Other prominent alumni include anthropologists David Graeber and Donald Johanson, who is best known for discovering the fossil of a female hominid australopithecine known as ""Lucy"" in the Afar Triangl","Which anthropologists are alumni of universities? Notable alumni include David Graeber and Donald Johanson, who is most famous for discovering the Afar Trianglin fossil of a female hominid australopithecine known as ""Lucy.""",0.36964980544747084,David Graeber and Donald Johanson,QA_ANSWER,True
squad_184,controlled_paraphrase,"What anthropologists are also university alumni members? Other prominent alumni include anthropologists David Graeber and Donald Johanson, who is best known for discovering the fossil of a female hominid australopithecine known as ""Lucy"" in the Afar Triangl","Which anthropologists are alumni of universities? Notable alumni include David Graeber and Donald Johanson, who is most famous for discovering the Afar Trianglin fossil of a female hominid australopithecine known as ""Lucy.""",0.36964980544747084,David Graeber and Donald Johanson,QA_ANSWER,True
squad_184,syntactic_reordering,"What anthropologists are also university alumni members? Other prominent alumni include anthropologists David Graeber and Donald Johanson, who is best known for discovering the fossil of a female hominid australopithecine known as ""Lucy"" in the Afar Triangl","Other prominent alumni include anthropologists David Graeber and Donald Johanson, who is best known for discovering the fossil of a female hominid australopithecine known as ""Lucy"" in the Afar Triangl What anthropologists are also university alumni members?",0.44357976653696496,David Graeber and Donald Johanson,QA_ANSWER,True
squad_184,syntactic_reordering,"What anthropologists are also university alumni members? Other prominent alumni include anthropologists David Graeber and Donald Johanson, who is best known for discovering the fossil of a female hominid australopithecine known as ""Lucy"" in the Afar Triangl","Other prominent alumni include anthropologists David Graeber and Donald Johanson, who is best known for discovering the fossil of a female hominid australopithecine known as ""Lucy"" in the Afar Triangl What anthropologists are also university alumni members?",0.44357976653696496,David Graeber and Donald Johanson,QA_ANSWER,True
squad_186,back_translation,How many research centers does the university run on campus? The university operates 12 research institutes and 113 research centers on campus. Among these are the Oriental Institute—a museum and research center for Near Eastern studies owned and operated by th,How many research centres does the university operate on campus? The university operates 12 research institutes and 113 research centres on campus. These include the Oriental Institute – a museum and a research centre for studies in the Middle East owned and operated by th,0.18681318681318682,113,QA_ANSWER,True
squad_186,back_translation,How many research centers does the university run on campus? The university operates 12 research institutes and 113 research centers on campus. Among these are the Oriental Institute—a museum and research center for Near Eastern studies owned and operated by th,How many research centres does the university operate on campus? The university operates 12 research institutes and 113 research centres on campus. These include the Oriental Institute – a museum and a research centre for studies in the Middle East owned and operated by th,0.18681318681318682,113,QA_ANSWER,True
squad_186,synonym_substitution,How many research centers does the university run on campus? The university operates 12 research institutes and 113 research centers on campus. Among these are the Oriental Institute—a museum and research center for Near Eastern studies owned and operated by th,How many research center Department of Energy the university tally on campus? The university operates 12 research institutes and 113 research centers on campus. Among these are the Oriental Institute—a museum and research center for Near Eastern studies owned and operated by th,0.08633093525179857,113,QA_ANSWER,True
squad_186,synonym_substitution,How many research centers does the university run on campus? The university operates 12 research institutes and 113 research centers on campus. Among these are the Oriental Institute—a museum and research center for Near Eastern studies owned and operated by th,How many research center Department of Energy the university tally on campus? The university operates 12 research institutes and 113 research centers on campus. Among these are the Oriental Institute—a museum and research center for Near Eastern studies owned and operated by th,0.08633093525179857,113,QA_ANSWER,True
squad_187,controlled_paraphrase,"MHC antigens on normal body cells are recognized by what receptor on NK cells? Natural killer cells, or NK cells, are a component of the innate immune system which does not directly attack invading microbes. Rather, NK cells destroy compromised host cells, such as tumor cells or","What is the specific receptor on NK cells that recognizes MHC antigens on normal body cells? NK cells are a part of the innate immune system that does not attack invading microbes directly, but rather targets damaged host cells such as tumor cells or other similar cells.",0.5340501792114696,killer cell immunoglobulin receptors (KIR,QA_ANSWER,True
squad_187,controlled_paraphrase,"MHC antigens on normal body cells are recognized by what receptor on NK cells? Natural killer cells, or NK cells, are a component of the innate immune system which does not directly attack invading microbes. Rather, NK cells destroy compromised host cells, such as tumor cells or","What is the specific receptor on NK cells that recognizes MHC antigens on normal body cells? NK cells are a part of the innate immune system that does not attack invading microbes directly, but rather targets damaged host cells such as tumor cells or other similar cells.",0.5340501792114696,killer cell immunoglobulin receptors (KIR,QA_ANSWER,True
squad_187,synonym_substitution,"MHC antigens on normal body cells are recognized by what receptor on NK cells? Natural killer cells, or NK cells, are a component of the innate immune system which does not directly attack invading microbes. Rather, NK cells destroy compromised host cells, such as tumor cells or","MHC antigen on convention organic structure cells are recognized by what receptor on NK cells? Natural killer cells, or NK cells, are a component of the innate immune system which does not directly attack invading microbes. Rather, NK cells destroy compromised host cells, such as tumor cells or",0.08135593220338982,killer cell immunoglobulin receptors (KIR,QA_ANSWER,True
squad_187,synonym_substitution,"MHC antigens on normal body cells are recognized by what receptor on NK cells? Natural killer cells, or NK cells, are a component of the innate immune system which does not directly attack invading microbes. Rather, NK cells destroy compromised host cells, such as tumor cells or","MHC antigen on convention organic structure cells are recognized by what receptor on NK cells? Natural killer cells, or NK cells, are a component of the innate immune system which does not directly attack invading microbes. Rather, NK cells destroy compromised host cells, such as tumor cells or",0.08135593220338982,killer cell immunoglobulin receptors (KIR,QA_ANSWER,True
squad_187,syntactic_reordering,"MHC antigens on normal body cells are recognized by what receptor on NK cells? Natural killer cells, or NK cells, are a component of the innate immune system which does not directly attack invading microbes. Rather, NK cells destroy compromised host cells, such as tumor cells or","Rather, NK cells destroy compromised host cells, such as tumor cells or Natural killer cells, or NK cells, are a component of the innate immune system which does not directly attack invading microbes. MHC antigens on normal body cells are recognized by what receptor on NK cells?",0.43010752688172044,killer cell immunoglobulin receptors (KIR,QA_ANSWER,True
squad_187,syntactic_reordering,"MHC antigens on normal body cells are recognized by what receptor on NK cells? Natural killer cells, or NK cells, are a component of the innate immune system which does not directly attack invading microbes. Rather, NK cells destroy compromised host cells, such as tumor cells or","Rather, NK cells destroy compromised host cells, such as tumor cells or Natural killer cells, or NK cells, are a component of the innate immune system which does not directly attack invading microbes. MHC antigens on normal body cells are recognized by what receptor on NK cells?",0.43010752688172044,killer cell immunoglobulin receptors (KIR,QA_ANSWER,True
squad_188,back_translation,"How much Saharan dust remains in the air over the Amazon each year? NASA's CALIPSO satellite has measured the amount of dust transported by wind from the Sahara to the Amazon: an average 182 million tons of dust are windblown out of the Sahara each year, at 15 degrees",How much Sahara dust remains in the air each year over the Amazon? NASA's CALIPSO satellite has measured the amount of dust transported from the Sahara to the Amazon with wind: an average of 182 million tons of dust is blown from the Sahara at 15 degrees every year.,0.27611940298507465,132 million tons,QA_ANSWER,True
squad_188,back_translation,"How much Saharan dust remains in the air over the Amazon each year? NASA's CALIPSO satellite has measured the amount of dust transported by wind from the Sahara to the Amazon: an average 182 million tons of dust are windblown out of the Sahara each year, at 15 degrees",How much Sahara dust remains in the air each year over the Amazon? NASA's CALIPSO satellite has measured the amount of dust transported from the Sahara to the Amazon with wind: an average of 182 million tons of dust is blown from the Sahara at 15 degrees every year.,0.27611940298507465,132 million tons,QA_ANSWER,True
squad_188,controlled_paraphrase,"How much Saharan dust remains in the air over the Amazon each year? NASA's CALIPSO satellite has measured the amount of dust transported by wind from the Sahara to the Amazon: an average 182 million tons of dust are windblown out of the Sahara each year, at 15 degrees","NASA's CALIPSO satellite has measured the amount of dust transported by wind from the Sahara to the Amazon each year, with an average of 182 million tons being blown out of the Sahara at 15 degrees and 15 degrees respectively.",0.47388059701492535,132 million tons,QA_ANSWER,True
squad_188,controlled_paraphrase,"How much Saharan dust remains in the air over the Amazon each year? NASA's CALIPSO satellite has measured the amount of dust transported by wind from the Sahara to the Amazon: an average 182 million tons of dust are windblown out of the Sahara each year, at 15 degrees","NASA's CALIPSO satellite has measured the amount of dust transported by wind from the Sahara to the Amazon each year, with an average of 182 million tons being blown out of the Sahara at 15 degrees and 15 degrees respectively.",0.47388059701492535,132 million tons,QA_ANSWER,True
squad_188,synonym_substitution,"How much Saharan dust remains in the air over the Amazon each year? NASA's CALIPSO satellite has measured the amount of dust transported by wind from the Sahara to the Amazon: an average 182 million tons of dust are windblown out of the Sahara each year, at 15 degrees","How much Saharan dust remains inch the air over the virago each year? NASA's CALIPSO artificial satellite has measured the amount of dust transported by wind from the Sahara to the Amazon: an average 182 million tons of dust are windblown out of the Sahara each year, at 15 degrees",0.06405693950177936,132 million tons,QA_ANSWER,True
squad_188,synonym_substitution,"How much Saharan dust remains in the air over the Amazon each year? NASA's CALIPSO satellite has measured the amount of dust transported by wind from the Sahara to the Amazon: an average 182 million tons of dust are windblown out of the Sahara each year, at 15 degrees","How much Saharan dust remains inch the air over the virago each year? NASA's CALIPSO artificial satellite has measured the amount of dust transported by wind from the Sahara to the Amazon: an average 182 million tons of dust are windblown out of the Sahara each year, at 15 degrees",0.06405693950177936,132 million tons,QA_ANSWER,True
squad_188,syntactic_reordering,"How much Saharan dust remains in the air over the Amazon each year? NASA's CALIPSO satellite has measured the amount of dust transported by wind from the Sahara to the Amazon: an average 182 million tons of dust are windblown out of the Sahara each year, at 15 degrees","NASA's CALIPSO satellite has measured the amount of dust transported by wind from the Sahara to the Amazon: an average 182 million tons of dust are windblown out of the Sahara each year, at 15 degrees How much Saharan dust remains in the air over the Amazon each year?",0.5074626865671642,132 million tons,QA_ANSWER,True
squad_188,syntactic_reordering,"How much Saharan dust remains in the air over the Amazon each year? NASA's CALIPSO satellite has measured the amount of dust transported by wind from the Sahara to the Amazon: an average 182 million tons of dust are windblown out of the Sahara each year, at 15 degrees","NASA's CALIPSO satellite has measured the amount of dust transported by wind from the Sahara to the Amazon: an average 182 million tons of dust are windblown out of the Sahara each year, at 15 degrees How much Saharan dust remains in the air over the Amazon each year?",0.5074626865671642,132 million tons,QA_ANSWER,True
squad_189,back_translation,"Besides constant flooding, why else was there regulation of the Rhine? A regulation of the Rhine was called for, with an upper canal near Diepoldsau and a lower canal at Fußach, in order to counteract the constant flooding and strong sedimentation in the western Rhine De","In addition to permanent floods, why else was there regulation of the Rhine? A regulation of the Rhine was demanded, with an upper channel near Diepoldsau and a lower channel near Fußach, in order to counteract the constant floods and strong sedimentation in the western Rhine.",0.1588447653429603,strong sedimentation,QA_ANSWER,True
squad_189,back_translation,"Besides constant flooding, why else was there regulation of the Rhine? A regulation of the Rhine was called for, with an upper canal near Diepoldsau and a lower canal at Fußach, in order to counteract the constant flooding and strong sedimentation in the western Rhine De","In addition to permanent floods, why else was there regulation of the Rhine? A regulation of the Rhine was demanded, with an upper channel near Diepoldsau and a lower channel near Fußach, in order to counteract the constant floods and strong sedimentation in the western Rhine.",0.1588447653429603,strong sedimentation,QA_ANSWER,True
squad_189,controlled_paraphrase,"Besides constant flooding, why else was there regulation of the Rhine? A regulation of the Rhine was called for, with an upper canal near Diepoldsau and a lower canal at Fußach, in order to counteract the constant flooding and strong sedimentation in the western Rhine De",Why was the Rhine subjected to regulation other than its constant flooding? This led to the establishment of an upper canal in Diepoldsau and a lower canal in Fußach to address the issue of constant flooding and strong sedimentation in the western Rhine Deuteret.,0.43911439114391143,strong sedimentation,QA_ANSWER,True
squad_189,controlled_paraphrase,"Besides constant flooding, why else was there regulation of the Rhine? A regulation of the Rhine was called for, with an upper canal near Diepoldsau and a lower canal at Fußach, in order to counteract the constant flooding and strong sedimentation in the western Rhine De",Why was the Rhine subjected to regulation other than its constant flooding? This led to the establishment of an upper canal in Diepoldsau and a lower canal in Fußach to address the issue of constant flooding and strong sedimentation in the western Rhine Deuteret.,0.43911439114391143,strong sedimentation,QA_ANSWER,True
squad_189,synonym_substitution,"Besides constant flooding, why else was there regulation of the Rhine? A regulation of the Rhine was called for, with an upper canal near Diepoldsau and a lower canal at Fußach, in order to counteract the constant flooding and strong sedimentation in the western Rhine De","in any case constant quantity flooding, wherefore else was there regulation of the Rhine? A regulation of the Rhine was called for, with an upper canal near Diepoldsau and a lower canal at Fußach, in order to counteract the constant flooding and strong sedimentation in the western Rhine De",0.0896551724137931,strong sedimentation,QA_ANSWER,True
squad_189,synonym_substitution,"Besides constant flooding, why else was there regulation of the Rhine? A regulation of the Rhine was called for, with an upper canal near Diepoldsau and a lower canal at Fußach, in order to counteract the constant flooding and strong sedimentation in the western Rhine De","in any case constant quantity flooding, wherefore else was there regulation of the Rhine? A regulation of the Rhine was called for, with an upper canal near Diepoldsau and a lower canal at Fußach, in order to counteract the constant flooding and strong sedimentation in the western Rhine De",0.0896551724137931,strong sedimentation,QA_ANSWER,True
squad_189,syntactic_reordering,"Besides constant flooding, why else was there regulation of the Rhine? A regulation of the Rhine was called for, with an upper canal near Diepoldsau and a lower canal at Fußach, in order to counteract the constant flooding and strong sedimentation in the western Rhine De","A regulation of the Rhine was called for, with an upper canal near Diepoldsau and a lower canal at Fußach, in order to counteract the constant flooding and strong sedimentation in the western Rhine De Besides constant flooding, why else was there regulation of the Rhine?",0.5239852398523985,strong sedimentation,QA_ANSWER,True
squad_189,syntactic_reordering,"Besides constant flooding, why else was there regulation of the Rhine? A regulation of the Rhine was called for, with an upper canal near Diepoldsau and a lower canal at Fußach, in order to counteract the constant flooding and strong sedimentation in the western Rhine De","A regulation of the Rhine was called for, with an upper canal near Diepoldsau and a lower canal at Fußach, in order to counteract the constant flooding and strong sedimentation in the western Rhine De Besides constant flooding, why else was there regulation of the Rhine?",0.5239852398523985,strong sedimentation,QA_ANSWER,True
squad_190,back_translation,"What kinds of trees is Kearney Boulevard lined with? The neighborhood includes Kearney Boulevard, named after early 20th century entrepreneur and millionaire M. Theo Kearney, which extends from Fresno Street in Southwest Fresno about 20 mi (32 km) west ","What types of trees is Kearney Boulevard lined with? The district includes Kearney Boulevard, named after the beginning of the 20th century entrepreneur and millionaire M. Theo Kearney, which stretches from Fresno Street in southwest Frisno about 20 mi (32 km) west",0.16226415094339622,tall palm trees,QA_ANSWER,True
squad_190,back_translation,"What kinds of trees is Kearney Boulevard lined with? The neighborhood includes Kearney Boulevard, named after early 20th century entrepreneur and millionaire M. Theo Kearney, which extends from Fresno Street in Southwest Fresno about 20 mi (32 km) west ","What types of trees is Kearney Boulevard lined with? The district includes Kearney Boulevard, named after the beginning of the 20th century entrepreneur and millionaire M. Theo Kearney, which stretches from Fresno Street in southwest Frisno about 20 mi (32 km) west",0.16226415094339622,tall palm trees,QA_ANSWER,True
squad_190,controlled_paraphrase,"What kinds of trees is Kearney Boulevard lined with? The neighborhood includes Kearney Boulevard, named after early 20th century entrepreneur and millionaire M. Theo Kearney, which extends from Fresno Street in Southwest Fresno about 20 mi (32 km) west ","What species of trees can be found along Kearney Boulevard, which is named after M. Theo Kearney, an early 20th-century entrepreneur and millionaire, and it runs from Fresno Street in Southwest Fresno about 20 miles (32 km) west.",0.4031620553359684,tall palm trees,QA_ANSWER,True
squad_190,controlled_paraphrase,"What kinds of trees is Kearney Boulevard lined with? The neighborhood includes Kearney Boulevard, named after early 20th century entrepreneur and millionaire M. Theo Kearney, which extends from Fresno Street in Southwest Fresno about 20 mi (32 km) west ","What species of trees can be found along Kearney Boulevard, which is named after M. Theo Kearney, an early 20th-century entrepreneur and millionaire, and it runs from Fresno Street in Southwest Fresno about 20 miles (32 km) west.",0.4031620553359684,tall palm trees,QA_ANSWER,True
squad_190,syntactic_reordering,"What kinds of trees is Kearney Boulevard lined with? The neighborhood includes Kearney Boulevard, named after early 20th century entrepreneur and millionaire M. Theo Kearney, which extends from Fresno Street in Southwest Fresno about 20 mi (32 km) west ","The neighborhood includes Kearney Boulevard, named after early 20th century entrepreneur and millionaire M. Theo Kearney, which extends from Fresno Street in Southwest Fresno about 20 mi (32 km) west What kinds of trees is Kearney Boulevard lined with?",0.4150197628458498,tall palm trees,QA_ANSWER,True
squad_190,syntactic_reordering,"What kinds of trees is Kearney Boulevard lined with? The neighborhood includes Kearney Boulevard, named after early 20th century entrepreneur and millionaire M. Theo Kearney, which extends from Fresno Street in Southwest Fresno about 20 mi (32 km) west ","The neighborhood includes Kearney Boulevard, named after early 20th century entrepreneur and millionaire M. Theo Kearney, which extends from Fresno Street in Southwest Fresno about 20 mi (32 km) west What kinds of trees is Kearney Boulevard lined with?",0.4150197628458498,tall palm trees,QA_ANSWER,True
squad_191,controlled_paraphrase,"What conjecture holds that there is an infinite amount of twin primes? A third type of conjectures concerns aspects of the distribution of primes. It is conjectured that there are infinitely many twin primes, pairs of primes with difference 2 (twin prime conjecture). Pol","What is the conjecture that asserts the existence of an infinite number of twin primes? The third type of conjectures pertains to specific aspects of the distribution of primes, such as the possibility of infinite twin primes or pairs of primes with difference 2.",0.44280442804428044,twin prime conjecture,QA_ANSWER,True
squad_191,controlled_paraphrase,"What conjecture holds that there is an infinite amount of twin primes? A third type of conjectures concerns aspects of the distribution of primes. It is conjectured that there are infinitely many twin primes, pairs of primes with difference 2 (twin prime conjecture). Pol","What is the conjecture that asserts the existence of an infinite number of twin primes? The third type of conjectures pertains to specific aspects of the distribution of primes, such as the possibility of infinite twin primes or pairs of primes with difference 2.",0.44280442804428044,twin prime conjecture,QA_ANSWER,True
squad_191,synonym_substitution,"What conjecture holds that there is an infinite amount of twin primes? A third type of conjectures concerns aspects of the distribution of primes. It is conjectured that there are infinitely many twin primes, pairs of primes with difference 2 (twin prime conjecture). Pol","What speculation clasp that there be an infinite amount of twin primes? A third type of conjectures concerns aspects of the distribution of primes. It is conjectured that there are infinitely many twin primes, pairs of primes with difference 2 (twin prime conjecture). Pol",0.058823529411764705,twin prime conjecture,QA_ANSWER,True
squad_191,synonym_substitution,"What conjecture holds that there is an infinite amount of twin primes? A third type of conjectures concerns aspects of the distribution of primes. It is conjectured that there are infinitely many twin primes, pairs of primes with difference 2 (twin prime conjecture). Pol","What speculation clasp that there be an infinite amount of twin primes? A third type of conjectures concerns aspects of the distribution of primes. It is conjectured that there are infinitely many twin primes, pairs of primes with difference 2 (twin prime conjecture). Pol",0.058823529411764705,twin prime conjecture,QA_ANSWER,True
squad_191,syntactic_reordering,"What conjecture holds that there is an infinite amount of twin primes? A third type of conjectures concerns aspects of the distribution of primes. It is conjectured that there are infinitely many twin primes, pairs of primes with difference 2 (twin prime conjecture). Pol","Pol It is conjectured that there are infinitely many twin primes, pairs of primes with difference 2 (twin prime conjecture). A third type of conjectures concerns aspects of the distribution of primes. What conjecture holds that there is an infinite amount of twin primes?",0.5793357933579336,twin prime conjecture,QA_ANSWER,True
squad_191,syntactic_reordering,"What conjecture holds that there is an infinite amount of twin primes? A third type of conjectures concerns aspects of the distribution of primes. It is conjectured that there are infinitely many twin primes, pairs of primes with difference 2 (twin prime conjecture). Pol","Pol It is conjectured that there are infinitely many twin primes, pairs of primes with difference 2 (twin prime conjecture). A third type of conjectures concerns aspects of the distribution of primes. What conjecture holds that there is an infinite amount of twin primes?",0.5793357933579336,twin prime conjecture,QA_ANSWER,True
squad_193,back_translation,"What are committees in the Scottish Parliament compared to other systems? Much of the work of the Scottish Parliament is done in committee. The role of committees is stronger in the Scottish Parliament than in other parliamentary systems, partly as a means of strengthening ","What are committees in the Scottish Parliament compared to other systems? Much of the work of the Scottish Parliament takes place in the committee. The role of the committees is stronger in the Scottish Parliament than in other parliamentary systems, partly as a means of strengthening",0.05964912280701754,stronger,QA_ANSWER,True
squad_193,back_translation,"What are committees in the Scottish Parliament compared to other systems? Much of the work of the Scottish Parliament is done in committee. The role of committees is stronger in the Scottish Parliament than in other parliamentary systems, partly as a means of strengthening ","What are committees in the Scottish Parliament compared to other systems? Much of the work of the Scottish Parliament takes place in the committee. The role of the committees is stronger in the Scottish Parliament than in other parliamentary systems, partly as a means of strengthening",0.05964912280701754,stronger,QA_ANSWER,True
squad_193,syntactic_reordering,"What are committees in the Scottish Parliament compared to other systems? Much of the work of the Scottish Parliament is done in committee. The role of committees is stronger in the Scottish Parliament than in other parliamentary systems, partly as a means of strengthening ","The role of committees is stronger in the Scottish Parliament than in other parliamentary systems, partly as a means of strengthening Much of the work of the Scottish Parliament is done in committee. What are committees in the Scottish Parliament compared to other systems?",0.572992700729927,stronger,QA_ANSWER,True
squad_193,syntactic_reordering,"What are committees in the Scottish Parliament compared to other systems? Much of the work of the Scottish Parliament is done in committee. The role of committees is stronger in the Scottish Parliament than in other parliamentary systems, partly as a means of strengthening ","The role of committees is stronger in the Scottish Parliament than in other parliamentary systems, partly as a means of strengthening Much of the work of the Scottish Parliament is done in committee. What are committees in the Scottish Parliament compared to other systems?",0.572992700729927,stronger,QA_ANSWER,True
squad_199,back_translation,What was a non-religious reason for the massacre? The Catholic Church in France and many of its members opposed the Huguenots. Some Huguenot preachers and congregants were attacked as they attempted to meet for worship. The height of this persecution,What was a non-religious reason for the massacre? The Catholic Church in France and many of its members opposed the Huguenots. Some Huguenot preachers and congregators were attacked when they tried to meet for worship.,0.176,some of the Huguenots were nobles trying to establish separate centers of power in southern France,QA_ANSWER,True
squad_199,back_translation,What was a non-religious reason for the massacre? The Catholic Church in France and many of its members opposed the Huguenots. Some Huguenot preachers and congregants were attacked as they attempted to meet for worship. The height of this persecution,What was a non-religious reason for the massacre? The Catholic Church in France and many of its members opposed the Huguenots. Some Huguenot preachers and congregators were attacked when they tried to meet for worship.,0.176,some of the Huguenots were nobles trying to establish separate centers of power in southern France,QA_ANSWER,True
squad_199,controlled_paraphrase,What was a non-religious reason for the massacre? The Catholic Church in France and many of its members opposed the Huguenots. Some Huguenot preachers and congregants were attacked as they attempted to meet for worship. The height of this persecution,What was the non-religious explanation for the Huguenot massacre? The Catholic Church in France and many of its members were against the Huguenots. Some Huguenot preachers and congregants were attacked as they tried to meet for worship. The highest level of this persecution was witnessed in Paris.,0.23825503355704697,some of the Huguenots were nobles trying to establish separate centers of power in southern France,QA_ANSWER,True
squad_199,controlled_paraphrase,What was a non-religious reason for the massacre? The Catholic Church in France and many of its members opposed the Huguenots. Some Huguenot preachers and congregants were attacked as they attempted to meet for worship. The height of this persecution,What was the non-religious explanation for the Huguenot massacre? The Catholic Church in France and many of its members were against the Huguenots. Some Huguenot preachers and congregants were attacked as they tried to meet for worship. The highest level of this persecution was witnessed in Paris.,0.23825503355704697,some of the Huguenots were nobles trying to establish separate centers of power in southern France,QA_ANSWER,True
